seq,host_time,device,point,quality,value,reason
1,2026-09-15 23:44:29.052,GW-LINE-B,mtc01.ready,Good,True,
3,2026-09-15 23:44:29.052,EM-01,em01.totalEnergy,Good,850.41,
2,2026-09-15 23:44:29.052,ENV-01,env01.roomTemp,Good,23.9,
4,2026-09-15 23:44:29.053,IM-01,im01.statusWord,Good,1,
5,2026-09-15 23:44:29.054,GW-LINE-B,mtc01.heating,Good,False,
6,2026-09-15 23:44:29.054,EM-01,em01.forwardEnergy,Good,850.41,
7,2026-09-15 23:44:29.054,EM-01,em01.voltageA,Good,375,
8,2026-09-15 23:44:29.054,IM-01,im01.alarmCode,Good,0,
9,2026-09-15 23:44:29.055,GW-LINE-B,mtc01.actualTemp,Good,99.7,
10,2026-09-15 23:44:29.055,PROT-02,prot02.stateWord,Good,17,
11,2026-09-15 23:44:29.055,IM-01,im01.totalMolds,Good,4,
12,2026-09-15 23:44:29.055,IM-01,im01.goodParts,Good,4,
13,2026-09-15 23:44:29.055,IM-01,im01.rejectParts,Good,0,
14,2026-09-15 23:44:29.055,GW-LINE-B,mtc01.returnTemp,Good,95.1,
15,2026-09-15 23:44:29.055,IM-01,im01.cycleTime,Good,42.4,
16,2026-09-15 23:44:29.055,IM-01,im01.avgCycleTime,Good,40.5,
17,2026-09-15 23:44:29.055,IM-01,im01.oee,Good,10,
18,2026-09-15 23:44:29.055,IM-01,im01.stage,Good,0,
19,2026-09-15 23:44:29.055,GW-LINE-B,mtc01.pumpPressure,Good,4,
20,2026-09-15 23:44:29.055,GW-LINE-B,mtc01.pumpFlow,Good,32,
21,2026-09-15 23:44:29.055,GW-LINE-B,mtc01.pumpCurrent,Good,4.3,
22,2026-09-15 23:44:29.055,GW-LINE-B,mtc01.heatPower,Good,5,
23,2026-09-15 23:44:29.055,GW-LINE-B,mtc01.outletTemp,Good,100.2,
24,2026-09-15 23:44:29.056,GW-LINE-B,mtc01.tempAvg,Good,996.8469,
25,2026-09-15 23:44:29.056,IM-01,im01.batchNo,Good,2004,
26,2026-09-15 23:44:29.056,ENV-01,env01.humidity,Good,53,
27,2026-09-15 23:44:29.056,ENV-01,env01.dewPoint,Good,14.6,
28,2026-09-15 23:44:29.056,ENV-01,env01.noise,Good,75,
29,2026-09-15 23:44:29.056,ENV-01,env01.co2,Good,450,
30,2026-09-15 23:44:29.056,ENV-01,env01.pm25,Good,27,
31,2026-09-15 23:44:29.056,ENV-01,env01.pressureDiff,Good,6,
32,2026-09-15 23:44:29.056,ENV-01,env01.illuminance,Good,450,
33,2026-09-15 23:44:29.056,ENV-01,env01.roomTempDual,Good,0,
34,2026-09-15 23:44:29.056,ENV-01,env01.tempFluctuation,Good,12.32316,
35,2026-09-15 23:44:29.057,EM-01,em01.voltageB,Good,381,
36,2026-09-15 23:44:29.057,EM-01,em01.voltageC,Good,381,
37,2026-09-15 23:44:29.057,EM-01,em01.currentA,Good,206.3,
38,2026-09-15 23:44:29.057,EM-01,em01.activePower,Good,111,
39,2026-09-15 23:44:29.057,EM-01,em01.reactivePower,Good,31,
40,2026-09-15 23:44:29.057,EM-01,em01.powerFactor,Good,0.873,
41,2026-09-15 23:44:29.057,EM-01,em01.frequency,Good,50,
42,2026-09-15 23:44:29.057,EM-01,em01.alarmCode,Good,0,
43,2026-09-15 23:44:29.057,EM-01,em01.demand,Good,111,
44,2026-09-15 23:44:29.057,EM-01,em01.energyF64,Good,8.63413888888888,
45,2026-09-15 23:44:29.057,EM-01,em01.unbalance,Good,1.578947,
46,2026-09-15 23:44:29.057,EM-01,em01.energyDual,Good,0,
47,2026-09-15 23:44:29.057,IM-01,im01.prodTime,Good,09/15/2026 23:44:28,
48,2026-09-15 23:44:29.058,PROT-02,prot02.singleWord,Good,1234,
49,2026-09-15 23:44:29.058,PROT-02,prot02.twoWordValue,Good,305419896,
50,2026-09-15 23:44:29.059,GW-LINE-B,mtc01.tempDual,Good,0,
51,2026-09-15 23:44:29.060,IM-01,im01.ready,Good,True,
52,2026-09-15 23:44:29.060,IM-01,im01.producing,Good,False,
53,2026-09-15 23:44:29.060,IM-01,im01.faultAlarm,Good,False,
54,2026-09-15 23:44:29.060,ENV-01,env01.highTempAlarm,Good,False,
55,2026-09-15 23:44:29.060,GW-LINE-B,mtc01.setTemp,Good,100,
56,2026-09-15 23:44:29.062,ENV-01,env01.acSetTemp,Good,24,
57,2026-09-15 23:44:29.062,GW-LINE-B,dry01.drying,Good,True,
58,2026-09-15 23:44:29.062,GW-LINE-B,dry01.levelLow,Good,False,
59,2026-09-15 23:44:29.062,IM-01,im01.barrel1Temp,Good,192.6,
60,2026-09-15 23:44:29.062,IM-01,im01.barrel5Temp,Good,147.6,
61,2026-09-15 23:44:29.062,IM-01,im01.moldTemp,Good,84.5,
62,2026-09-15 23:44:29.062,IM-01,im01.oilTemp,Good,44.7,
63,2026-09-15 23:44:29.062,IM-01,im01.injectPressure,Good,0,
64,2026-09-15 23:44:29.062,IM-01,im01.injectSpeed,Good,0,
65,2026-09-15 23:44:29.062,IM-01,im01.screwSpeed,Good,0,
66,2026-09-15 23:44:29.062,IM-01,im01.clampPressure,Good,0,
67,2026-09-15 23:44:29.062,IM-01,im01.pumpCurrent,Good,0,
68,2026-09-15 23:44:29.062,IM-01,im01.hydraulicPressure,Good,0,
69,2026-09-15 23:44:29.062,IM-01,im01.power,Good,3,
70,2026-09-15 23:44:29.062,IM-01,im01.meltEnergy,Good,0,
71,2026-09-15 23:44:29.062,IM-01,im01.energyTotal,Good,0.913472222222213,
72,2026-09-15 23:44:29.062,IM-01,im01.moldTempDual,Good,0,
73,2026-09-15 23:44:29.063,IM-01,im01.moldCloseJog,Good,False,
74,2026-09-15 23:44:29.063,GW-LINE-B,dry01.dryTemp,Good,79.4,
75,2026-09-15 23:44:29.063,IM-01,im01.start,Good,False,
76,2026-09-15 23:44:29.063,GW-LINE-B,dry01.dewPoint,Good,-33.9,
77,2026-09-15 23:44:29.063,IM-01,im01.stop,Good,False,
78,2026-09-15 23:44:29.063,GW-LINE-B,dry01.materialLevel,Good,79,
79,2026-09-15 23:44:29.063,IM-01,im01.estop,Good,False,
80,2026-09-15 23:44:29.063,GW-LINE-B,dry01.heatPower,Good,6,
81,2026-09-15 23:44:29.063,GW-LINE-B,dry01.fanCurrent,Good,1,
82,2026-09-15 23:44:29.063,GW-LINE-B,dry01.inTemp,Good,444,
83,2026-09-15 23:44:29.063,GW-LINE-B,dry01.outTemp,Good,594,
84,2026-09-15 23:44:29.063,ENV-01,env01.runSeconds,Good,2741,
85,2026-09-15 23:44:29.063,ENV-01,env01.sampleTime,Good,09/15/2026 23:44:29,
86,2026-09-15 23:44:29.065,GW-LINE-B,dry01.levelDual,Good,0,
87,2026-09-15 23:44:29.065,IM-01,im01.workMode,Good,3,
88,2026-09-15 23:44:29.065,GW-LINE-B,dry01.levelTrend,Good,-0.5116132,
89,2026-09-15 23:44:29.065,IM-01,im01.targetOutput,Good,50000,
90,2026-09-15 23:44:29.065,IM-01,im01.cavitySetTemp,Good,235,
91,2026-09-15 23:44:29.065,IM-01,im01.moldSetTemp,Good,85,
92,2026-09-15 23:44:29.065,IM-01,im01.holdTime,Good,2.5,
93,2026-09-15 23:44:29.065,IM-01,im01.coolTime,Good,15,
94,2026-09-15 23:44:29.065,IM-01,im01.overTempLimit,Good,260,
95,2026-09-15 23:44:29.065,IM-01,im01.moldTempDualSet,Good,25,
96,2026-09-15 23:44:29.065,IM-01,im01.energyBudget,Good,1500,
97,2026-09-15 23:44:29.065,IM-01,im01.planHours,Good,28800,
98,2026-09-15 23:44:29.065,IM-01,im01.ratedPower,Good,45.5,
99,2026-09-15 23:44:29.065,ENV-01,env01.areaName,Good,注塑车间A区,
100,2026-09-15 23:44:29.065,ENV-01,env01.alarmCode,Good,0,
101,2026-09-15 23:44:29.066,EM-01,em01.overDemand,Good,False,
103,2026-09-15 23:44:29.066,IM-01,im01.clampForceDev,Good,-56,
102,2026-09-15 23:44:29.066,GW-LINE-B,dry01.setTemp,Good,80,
104,2026-09-15 23:44:29.068,GW-LINE-B,rob01.inPlace,Good,True,
105,2026-09-15 23:44:29.068,IM-01,im01.recipeName,Good,PC-ABS-757 ??????,
106,2026-09-15 23:44:29.068,EM-01,em01.meterModel,Good,EM-2026-0001,
107,2026-09-15 23:44:29.068,IM-01,im01.bootTime,Good,09/15/2026 23:39:53,
108,2026-09-15 23:44:29.068,EM-01,em01.readTime,Good,09/15/2026 23:44:29,
109,2026-09-15 23:44:29.069,EM-01,em01.ctRatio,Good,20,
110,2026-09-15 23:44:29.069,EM-01,em01.demandThreshold,Good,320,
111,2026-09-15 23:44:29.069,GW-LINE-B,rob01.cycleTime,Good,2.8,
112,2026-09-15 23:44:29.069,GW-LINE-B,rob01.totalPicks,Good,9,
113,2026-09-15 23:44:29.069,GW-LINE-B,rob01.successPicks,Good,9,
114,2026-09-15 23:44:29.069,GW-LINE-B,rob01.failPicks,Good,0,
115,2026-09-15 23:44:29.069,GW-LINE-B,rob01.posX,Good,8,
116,2026-09-15 23:44:29.069,GW-LINE-B,rob01.posY,Good,8,
117,2026-09-15 23:44:29.069,GW-LINE-B,rob01.posZ,Good,8,
118,2026-09-15 23:44:29.069,GW-LINE-B,rob01.gripState,Good,0,
119,2026-09-15 23:44:29.069,GW-LINE-B,rob01.beat,Good,1161,
120,2026-09-15 23:44:29.069,GW-LINE-B,rob01.posDual,Good,0,
121,2026-09-15 23:44:29.069,GW-LINE-B,rob01.trajectory,Good,8.049663,
122,2026-09-15 23:44:29.071,GW-LINE-B,mtc01.runSeconds,Good,2741,
123,2026-09-15 23:44:29.071,EM-01,em01.meterNo,Good,EM-2026-0001,
124,2026-09-15 23:44:29.071,GW-LINE-B,mtc01.energyTotal,Good,0.415361111111114,
125,2026-09-15 23:44:29.073,GW-LINE-B,mtc01.tempDeviation,Good,-0.4,
126,2026-09-15 23:44:29.073,ENV-01,env01.acRunning,Good,True,
127,2026-09-15 23:44:29.074,GW-LINE-B,mtc01.heatingMode,Good,1,
128,2026-09-15 23:44:29.075,ENV-01,env01.tempDeviation,Good,-0.1,
129,2026-09-15 23:44:29.076,GW-LINE-B,mtc01.serialNo,Good,MTC-2026-0001,
130,2026-09-15 23:44:29.076,GW-LINE-B,mtc01.calibTime,Good,09/15/2026 23:39:53,
131,2026-09-15 23:44:29.076,ENV-01,env01.tempAlarmLimit,Good,32,
132,2026-09-15 23:44:29.076,ENV-01,env01.co2Threshold,Good,1000,
133,2026-09-15 23:44:29.077,GW-LINE-B,dry01.drySeconds,Good,2529,
134,2026-09-15 23:44:29.077,GW-LINE-B,dry01.energyTotal,Good,0.418888888888891,
135,2026-09-15 23:44:29.078,ENV-01,env01.areaNameW,Good,注塑车间A区,
136,2026-09-15 23:44:29.079,GW-LINE-B,dry01.dewDeviation,Good,1.1,
137,2026-09-15 23:44:29.080,GW-LINE-B,dry01.materialBatch,Good,BATCH-2026W38,
138,2026-09-15 23:44:29.082,GW-LINE-B,dry01.batchBcd,Good,910,
139,2026-09-15 23:44:29.083,GW-LINE-B,rob01.runSeconds,Good,2741,
140,2026-09-15 23:44:29.085,GW-LINE-B,rob01.energyTotal,Good,0.384277777777778,
141,2026-09-15 23:44:29.086,GW-LINE-B,rob01.posDeviation,Good,-92,
142,2026-09-15 23:44:29.088,GW-LINE-B,rob01.pickDelay,Good,2,
143,2026-09-15 23:44:29.090,GW-LINE-B,rob01.programName,Good,PICK-STD-01,
144,2026-09-15 23:44:29.520,IM-01,im01.prodTime,Good,09/15/2026 23:44:29,
145,2026-09-15 23:44:30.020,IM-01,im01.energyTotal,Good,0.914222222222212,
146,2026-09-15 23:44:30.022,ENV-01,env01.humidity,Good,54,
147,2026-09-15 23:44:30.022,ENV-01,env01.dewPoint,Good,14.7,
148,2026-09-15 23:44:30.022,ENV-01,env01.noise,Good,76,
149,2026-09-15 23:44:30.022,ENV-01,env01.pm25,Good,45,
150,2026-09-15 23:44:30.022,ENV-01,env01.pressureDiff,Good,12,
151,2026-09-15 23:44:30.022,ENV-01,env01.illuminance,Good,362,
152,2026-09-15 23:44:30.022,ENV-01,env01.tempFluctuation,Good,12.23449,
153,2026-09-15 23:44:30.023,GW-LINE-B,mtc01.actualTemp,Good,99.5,
154,2026-09-15 23:44:30.023,GW-LINE-B,mtc01.pumpFlow,Good,39,
155,2026-09-15 23:44:30.023,GW-LINE-B,mtc01.pumpCurrent,Good,3.1,
156,2026-09-15 23:44:30.023,GW-LINE-B,mtc01.heatPower,Good,3,
157,2026-09-15 23:44:30.023,GW-LINE-B,mtc01.outletTemp,Good,100,
158,2026-09-15 23:44:30.023,GW-LINE-B,mtc01.tempAvg,Good,994.6187,
159,2026-09-15 23:44:30.026,EM-01,em01.totalEnergy,Good,853.34,
160,2026-09-15 23:44:30.026,EM-01,em01.forwardEnergy,Good,853.34,
161,2026-09-15 23:44:30.026,EM-01,em01.voltageA,Good,379,
162,2026-09-15 23:44:30.026,EM-01,em01.voltageB,Good,383,
163,2026-09-15 23:44:30.026,EM-01,em01.currentA,Good,124.8,
164,2026-09-15 23:44:30.026,EM-01,em01.activePower,Good,103,
165,2026-09-15 23:44:30.026,EM-01,em01.reactivePower,Good,30,
166,2026-09-15 23:44:30.026,EM-01,em01.powerFactor,Good,0.901,
167,2026-09-15 23:44:30.026,EM-01,em01.frequency,Good,49.98,
168,2026-09-15 23:44:30.026,EM-01,em01.demand,Good,103,
169,2026-09-15 23:44:30.026,EM-01,em01.energyF64,Good,8.66383333333332,
170,2026-09-15 23:44:30.026,EM-01,em01.unbalance,Good,1.052632,
171,2026-09-15 23:44:30.029,GW-LINE-B,dry01.dewPoint,Good,-34.2,
172,2026-09-15 23:44:30.029,GW-LINE-B,dry01.fanCurrent,Good,1.5,
173,2026-09-15 23:44:30.031,GW-LINE-B,dry01.levelTrend,Good,-0.5386491,
174,2026-09-15 23:44:30.035,GW-LINE-B,rob01.cycleTime,Good,3.2,
175,2026-09-15 23:44:30.035,GW-LINE-B,rob01.posY,Good,6,
176,2026-09-15 23:44:30.035,GW-LINE-B,rob01.trajectory,Good,7.809076,
177,2026-09-15 23:44:30.524,IM-01,im01.prodTime,Good,09/15/2026 23:44:30,
178,2026-09-15 23:44:31.021,IM-01,im01.energyTotal,Good,0.915055555555546,
179,2026-09-15 23:44:31.022,EM-01,em01.totalEnergy,Good,856.1,
180,2026-09-15 23:44:31.022,EM-01,em01.forwardEnergy,Good,856.1,
181,2026-09-15 23:44:31.022,EM-01,em01.voltageA,Good,378,
182,2026-09-15 23:44:31.022,EM-01,em01.voltageB,Good,380,
183,2026-09-15 23:44:31.022,EM-01,em01.voltageC,Good,374,
184,2026-09-15 23:44:31.022,EM-01,em01.currentA,Good,201.4,
185,2026-09-15 23:44:31.022,EM-01,em01.activePower,Good,115,
186,2026-09-15 23:44:31.022,EM-01,em01.reactivePower,Good,29,
187,2026-09-15 23:44:31.022,EM-01,em01.powerFactor,Good,0.936,
188,2026-09-15 23:44:31.022,EM-01,em01.frequency,Good,50.01,
189,2026-09-15 23:44:31.022,EM-01,em01.demand,Good,115,
190,2026-09-15 23:44:31.022,EM-01,em01.energyF64,Good,8.69202777777777,
191,2026-09-15 23:44:31.022,EM-01,em01.unbalance,Good,1.578947,
192,2026-09-15 23:44:31.024,GW-LINE-B,mtc01.actualTemp,Good,99.4,
193,2026-09-15 23:44:31.024,GW-LINE-B,mtc01.pumpFlow,Good,25,
194,2026-09-15 23:44:31.024,GW-LINE-B,mtc01.pumpCurrent,Good,3.9,
195,2026-09-15 23:44:31.024,GW-LINE-B,mtc01.heatPower,Good,4,
196,2026-09-15 23:44:31.024,GW-LINE-B,mtc01.outletTemp,Good,99.9,
197,2026-09-15 23:44:31.024,GW-LINE-B,mtc01.tempAvg,Good,993.5692,
198,2026-09-15 23:44:31.025,ENV-01,env01.humidity,Good,55,
199,2026-09-15 23:44:31.025,ENV-01,env01.dewPoint,Good,15,
200,2026-09-15 23:44:31.025,ENV-01,env01.noise,Good,74,
201,2026-09-15 23:44:31.025,ENV-01,env01.pm25,Good,48,
202,2026-09-15 23:44:31.025,ENV-01,env01.pressureDiff,Good,0,
203,2026-09-15 23:44:31.025,ENV-01,env01.illuminance,Good,496,
204,2026-09-15 23:44:31.025,ENV-01,env01.tempFluctuation,Good,12.57301,
205,2026-09-15 23:44:31.030,GW-LINE-B,dry01.dewPoint,Good,-34.3,
206,2026-09-15 23:44:31.030,GW-LINE-B,dry01.heatPower,Good,4,
207,2026-09-15 23:44:31.030,GW-LINE-B,dry01.fanCurrent,Good,1.4,
208,2026-09-15 23:44:31.032,GW-LINE-B,dry01.levelTrend,Good,-0.5667131,
209,2026-09-15 23:44:31.036,GW-LINE-B,rob01.cycleTime,Good,2.8,
210,2026-09-15 23:44:31.036,GW-LINE-B,rob01.trajectory,Good,7.877605,
211,2026-09-15 23:44:31.524,IM-01,im01.prodTime,Good,09/15/2026 23:44:31,
212,2026-09-15 23:44:32.021,IM-01,im01.oilTemp,Good,44.6,
213,2026-09-15 23:44:32.021,IM-01,im01.energyTotal,Good,0.915888888888879,
214,2026-09-15 23:44:32.022,ENV-01,env01.roomTemp,Good,23.8,
215,2026-09-15 23:44:32.022,ENV-01,env01.humidity,Good,56,
216,2026-09-15 23:44:32.022,ENV-01,env01.dewPoint,Good,15.2,
217,2026-09-15 23:44:32.022,ENV-01,env01.noise,Good,70,
218,2026-09-15 23:44:32.022,ENV-01,env01.pm25,Good,31,
219,2026-09-15 23:44:32.022,ENV-01,env01.pressureDiff,Good,9,
220,2026-09-15 23:44:32.022,ENV-01,env01.illuminance,Good,350,
221,2026-09-15 23:44:32.022,ENV-01,env01.tempFluctuation,Good,11.47048,
222,2026-09-15 23:44:32.024,GW-LINE-B,mtc01.actualTemp,Good,99.3,
223,2026-09-15 23:44:32.024,GW-LINE-B,mtc01.pumpPressure,Good,5,
224,2026-09-15 23:44:32.024,GW-LINE-B,mtc01.pumpFlow,Good,27,
225,2026-09-15 23:44:32.024,GW-LINE-B,mtc01.pumpCurrent,Good,4.8,
226,2026-09-15 23:44:32.024,GW-LINE-B,mtc01.heatPower,Good,8,
227,2026-09-15 23:44:32.024,GW-LINE-B,mtc01.outletTemp,Good,99.8,
228,2026-09-15 23:44:32.024,GW-LINE-B,mtc01.tempAvg,Good,993.0847,
229,2026-09-15 23:44:32.025,EM-01,em01.totalEnergy,Good,859.2,
230,2026-09-15 23:44:32.025,EM-01,em01.forwardEnergy,Good,859.2,
231,2026-09-15 23:44:32.025,EM-01,em01.voltageA,Good,380,
232,2026-09-15 23:44:32.025,EM-01,em01.voltageB,Good,383,
233,2026-09-15 23:44:32.025,EM-01,em01.voltageC,Good,384,
234,2026-09-15 23:44:32.025,EM-01,em01.currentA,Good,181.5,
235,2026-09-15 23:44:32.025,EM-01,em01.activePower,Good,103,
236,2026-09-15 23:44:32.025,EM-01,em01.reactivePower,Good,32,
237,2026-09-15 23:44:32.025,EM-01,em01.powerFactor,Good,0.878,
238,2026-09-15 23:44:32.025,EM-01,em01.frequency,Good,50.02,
239,2026-09-15 23:44:32.025,EM-01,em01.demand,Good,103,
240,2026-09-15 23:44:32.025,EM-01,em01.energyF64,Good,8.72369444444444,
241,2026-09-15 23:44:32.025,EM-01,em01.unbalance,Good,1.052632,
242,2026-09-15 23:44:32.030,GW-LINE-B,dry01.dewPoint,Good,-34.5,
243,2026-09-15 23:44:32.030,GW-LINE-B,dry01.heatPower,Good,6,
244,2026-09-15 23:44:32.030,GW-LINE-B,dry01.fanCurrent,Good,1.9,
245,2026-09-15 23:44:32.032,GW-LINE-B,dry01.levelTrend,Good,-0.5927608,
246,2026-09-15 23:44:32.038,GW-LINE-B,rob01.cycleTime,Good,3.1,
247,2026-09-15 23:44:32.038,GW-LINE-B,rob01.trajectory,Good,7.922563,
248,2026-09-15 23:44:32.524,IM-01,im01.prodTime,Good,09/15/2026 23:44:32,
249,2026-09-15 23:44:33.022,IM-01,im01.oilTemp,Good,44.5,
250,2026-09-15 23:44:33.022,IM-01,im01.energyTotal,Good,0.916722222222212,
251,2026-09-15 23:44:33.022,EM-01,em01.totalEnergy,Good,862.2,
252,2026-09-15 23:44:33.022,EM-01,em01.forwardEnergy,Good,862.2,
253,2026-09-15 23:44:33.022,EM-01,em01.voltageA,Good,375,
254,2026-09-15 23:44:33.022,EM-01,em01.voltageB,Good,381,
255,2026-09-15 23:44:33.022,EM-01,em01.voltageC,Good,376,
256,2026-09-15 23:44:33.022,EM-01,em01.currentA,Good,197.4,
257,2026-09-15 23:44:33.022,EM-01,em01.activePower,Good,111,
258,2026-09-15 23:44:33.022,EM-01,em01.reactivePower,Good,23,
259,2026-09-15 23:44:33.022,EM-01,em01.powerFactor,Good,0.893,
260,2026-09-15 23:44:33.022,EM-01,em01.frequency,Good,50.1,
261,2026-09-15 23:44:33.022,EM-01,em01.demand,Good,111,
262,2026-09-15 23:44:33.022,EM-01,em01.energyF64,Good,8.75427777777777,
263,2026-09-15 23:44:33.022,EM-01,em01.unbalance,Good,1.578947,
264,2026-09-15 23:44:33.024,ENV-01,env01.roomTemp,Good,23.9,
265,2026-09-15 23:44:33.024,ENV-01,env01.humidity,Good,55,
266,2026-09-15 23:44:33.024,ENV-01,env01.dewPoint,Good,15.1,
267,2026-09-15 23:44:33.024,ENV-01,env01.noise,Good,74,
268,2026-09-15 23:44:33.024,ENV-01,env01.pm25,Good,22,
269,2026-09-15 23:44:33.024,ENV-01,env01.pressureDiff,Good,4,
270,2026-09-15 23:44:33.024,ENV-01,env01.illuminance,Good,473,
271,2026-09-15 23:44:33.024,ENV-01,env01.tempFluctuation,Good,12.12498,
272,2026-09-15 23:44:33.025,GW-LINE-B,mtc01.actualTemp,Good,99.4,
273,2026-09-15 23:44:33.025,GW-LINE-B,mtc01.pumpPressure,Good,2,
274,2026-09-15 23:44:33.025,GW-LINE-B,mtc01.pumpFlow,Good,22,
275,2026-09-15 23:44:33.025,GW-LINE-B,mtc01.pumpCurrent,Good,3.5,
276,2026-09-15 23:44:33.025,GW-LINE-B,mtc01.heatPower,Good,5,
277,2026-09-15 23:44:33.025,GW-LINE-B,mtc01.outletTemp,Good,99.9,
278,2026-09-15 23:44:33.025,GW-LINE-B,mtc01.tempAvg,Good,993.6325,
279,2026-09-15 23:44:33.031,GW-LINE-B,dry01.dewPoint,Good,-34.4,
280,2026-09-15 23:44:33.031,GW-LINE-B,dry01.materialLevel,Good,78,
281,2026-09-15 23:44:33.031,GW-LINE-B,dry01.heatPower,Good,5,
282,2026-09-15 23:44:33.031,GW-LINE-B,dry01.fanCurrent,Good,1.4,
283,2026-09-15 23:44:33.032,GW-LINE-B,dry01.levelTrend,Good,-0.6252076,
284,2026-09-15 23:44:33.037,GW-LINE-B,rob01.cycleTime,Good,3,
285,2026-09-15 23:44:33.037,GW-LINE-B,rob01.posY,Good,5,
286,2026-09-15 23:44:33.037,GW-LINE-B,rob01.trajectory,Good,7.80219,
287,2026-09-15 23:44:33.525,IM-01,im01.prodTime,Good,09/15/2026 23:44:33,
288,2026-09-15 23:44:34.023,GW-LINE-B,mtc01.runSeconds,Good,2790,
289,2026-09-15 23:44:34.023,GW-LINE-B,mtc01.energyTotal,Good,0.422555555555558,
290,2026-09-15 23:44:34.025,GW-LINE-B,mtc01.tempDeviation,Good,-0.7,
291,2026-09-15 23:44:34.026,IM-01,im01.clampForceDev,Good,-40,
292,2026-09-15 23:44:34.029,GW-LINE-B,dry01.drySeconds,Good,2578,
293,2026-09-15 23:44:34.029,GW-LINE-B,dry01.energyTotal,Good,0.426694444444447,
294,2026-09-15 23:44:34.029,ENV-01,env01.runSeconds,Good,2790,
295,2026-09-15 23:44:34.029,ENV-01,env01.sampleTime,Good,09/15/2026 23:44:33,
296,2026-09-15 23:44:34.031,GW-LINE-B,dry01.dewDeviation,Good,0.8,
297,2026-09-15 23:44:34.032,IM-01,im01.moldTemp,Good,84.6,
298,2026-09-15 23:44:34.032,EM-01,em01.readTime,Good,09/15/2026 23:44:33,
299,2026-09-15 23:44:34.032,IM-01,im01.energyTotal,Good,0.917555555555545,
300,2026-09-15 23:44:34.035,GW-LINE-B,rob01.runSeconds,Good,2790,
301,2026-09-15 23:44:34.037,GW-LINE-B,rob01.energyTotal,Good,0.391305555555556,
302,2026-09-15 23:44:34.037,EM-01,em01.totalEnergy,Good,865.31,
303,2026-09-15 23:44:34.037,EM-01,em01.forwardEnergy,Good,865.31,
304,2026-09-15 23:44:34.037,EM-01,em01.voltageA,Good,384,
305,2026-09-15 23:44:34.037,EM-01,em01.voltageB,Good,384,
306,2026-09-15 23:44:34.037,EM-01,em01.voltageC,Good,375,
307,2026-09-15 23:44:34.037,EM-01,em01.currentA,Good,145.1,
308,2026-09-15 23:44:34.037,EM-01,em01.reactivePower,Good,27,
309,2026-09-15 23:44:34.037,EM-01,em01.powerFactor,Good,0.865,
310,2026-09-15 23:44:34.037,EM-01,em01.frequency,Good,49.97,
311,2026-09-15 23:44:34.037,EM-01,em01.energyF64,Good,8.78588888888888,
312,2026-09-15 23:44:34.037,EM-01,em01.unbalance,Good,2.368421,
313,2026-09-15 23:44:34.040,ENV-01,env01.tempDeviation,Good,0,
315,2026-09-15 23:44:34.045,GW-LINE-B,mtc01.actualTemp,Good,99.3,
314,2026-09-15 23:44:34.045,ENV-01,env01.roomTemp,Good,24,
316,2026-09-15 23:44:34.045,GW-LINE-B,mtc01.pumpPressure,Good,4,
317,2026-09-15 23:44:34.045,GW-LINE-B,mtc01.pumpFlow,Good,36,
318,2026-09-15 23:44:34.045,GW-LINE-B,mtc01.pumpCurrent,Good,3.3,
319,2026-09-15 23:44:34.045,GW-LINE-B,mtc01.heatPower,Good,8,
320,2026-09-15 23:44:34.045,GW-LINE-B,mtc01.outletTemp,Good,99.8,
321,2026-09-15 23:44:34.045,ENV-01,env01.noise,Good,76,
322,2026-09-15 23:44:34.045,GW-LINE-B,mtc01.tempAvg,Good,993.2592,
323,2026-09-15 23:44:34.045,ENV-01,env01.pm25,Good,31,
324,2026-09-15 23:44:34.045,ENV-01,env01.pressureDiff,Good,3,
325,2026-09-15 23:44:34.045,ENV-01,env01.illuminance,Good,333,
326,2026-09-15 23:44:34.045,ENV-01,env01.tempFluctuation,Good,12.11883,
327,2026-09-15 23:44:34.051,GW-LINE-B,dry01.dewPoint,Good,-34.2,
328,2026-09-15 23:44:34.051,GW-LINE-B,dry01.heatPower,Good,8,
329,2026-09-15 23:44:34.051,GW-LINE-B,dry01.fanCurrent,Good,1.1,
330,2026-09-15 23:44:34.052,GW-LINE-B,dry01.levelTrend,Good,-0.6593772,
331,2026-09-15 23:44:34.058,GW-LINE-B,rob01.cycleTime,Good,2.7,
332,2026-09-15 23:44:34.058,GW-LINE-B,rob01.trajectory,Good,7.880992,
333,2026-09-15 23:44:34.530,IM-01,im01.prodTime,Good,09/15/2026 23:44:34,
334,2026-09-15 23:44:35.029,IM-01,im01.moldTemp,Good,84.5,
335,2026-09-15 23:44:35.029,IM-01,im01.oilTemp,Good,44.6,
336,2026-09-15 23:44:35.029,IM-01,im01.energyTotal,Good,0.918388888888879,
337,2026-09-15 23:44:35.037,EM-01,em01.totalEnergy,Good,868.54,
338,2026-09-15 23:44:35.037,EM-01,em01.forwardEnergy,Good,868.54,
339,2026-09-15 23:44:35.037,EM-01,em01.voltageA,Good,385,
340,2026-09-15 23:44:35.037,EM-01,em01.voltageB,Good,385,
341,2026-09-15 23:44:35.037,EM-01,em01.voltageC,Good,384,
342,2026-09-15 23:44:35.037,EM-01,em01.currentA,Good,181.1,
343,2026-09-15 23:44:35.037,EM-01,em01.activePower,Good,129,
344,2026-09-15 23:44:35.037,EM-01,em01.reactivePower,Good,24,
345,2026-09-15 23:44:35.037,EM-01,em01.powerFactor,Good,0.863,
346,2026-09-15 23:44:35.037,EM-01,em01.frequency,Good,49.93,
347,2026-09-15 23:44:35.037,EM-01,em01.demand,Good,129,
348,2026-09-15 23:44:35.037,EM-01,em01.energyF64,Good,8.81883333333332,
349,2026-09-15 23:44:35.037,EM-01,em01.unbalance,Good,0.2631579,
350,2026-09-15 23:44:35.045,ENV-01,env01.roomTemp,Good,24.1,
351,2026-09-15 23:44:35.045,GW-LINE-B,mtc01.actualTemp,Good,99.5,
352,2026-09-15 23:44:35.045,GW-LINE-B,mtc01.pumpPressure,Good,3,
353,2026-09-15 23:44:35.045,ENV-01,env01.dewPoint,Good,15.2,
354,2026-09-15 23:44:35.045,GW-LINE-B,mtc01.pumpFlow,Good,20,
355,2026-09-15 23:44:35.045,GW-LINE-B,mtc01.pumpCurrent,Good,4.2,
356,2026-09-15 23:44:35.045,GW-LINE-B,mtc01.heatPower,Good,5,
357,2026-09-15 23:44:35.045,GW-LINE-B,mtc01.outletTemp,Good,100,
358,2026-09-15 23:44:35.045,GW-LINE-B,mtc01.tempAvg,Good,995.0444,
359,2026-09-15 23:44:35.045,ENV-01,env01.noise,Good,72,
360,2026-09-15 23:44:35.045,ENV-01,env01.pm25,Good,43,
361,2026-09-15 23:44:35.045,ENV-01,env01.pressureDiff,Good,2,
362,2026-09-15 23:44:35.045,ENV-01,env01.illuminance,Good,492,
363,2026-09-15 23:44:35.045,ENV-01,env01.tempFluctuation,Good,12.7946,
364,2026-09-15 23:44:35.051,GW-LINE-B,dry01.dewPoint,Good,-34.6,
365,2026-09-15 23:44:35.051,GW-LINE-B,dry01.fanCurrent,Good,1.6,
366,2026-09-15 23:44:35.052,GW-LINE-B,dry01.levelTrend,Good,-0.6919307,
367,2026-09-15 23:44:35.058,GW-LINE-B,rob01.posY,Good,4,
368,2026-09-15 23:44:35.058,GW-LINE-B,rob01.trajectory,Good,7.701975,
369,2026-09-15 23:44:35.532,IM-01,im01.prodTime,Good,09/15/2026 23:44:35,
370,2026-09-15 23:44:36.029,IM-01,im01.moldTemp,Good,84.6,
371,2026-09-15 23:44:36.029,IM-01,im01.oilTemp,Good,44.5,
372,2026-09-15 23:44:36.029,IM-01,im01.energyTotal,Good,0.919222222222212,
373,2026-09-15 23:44:36.037,EM-01,em01.totalEnergy,Good,871.91,
374,2026-09-15 23:44:36.037,EM-01,em01.forwardEnergy,Good,871.91,
375,2026-09-15 23:44:36.037,EM-01,em01.voltageA,Good,384,
376,2026-09-15 23:44:36.037,EM-01,em01.voltageB,Good,382,
377,2026-09-15 23:44:36.037,EM-01,em01.voltageC,Good,380,
378,2026-09-15 23:44:36.037,EM-01,em01.currentA,Good,197.7,
379,2026-09-15 23:44:36.037,EM-01,em01.activePower,Good,115,
380,2026-09-15 23:44:36.037,EM-01,em01.reactivePower,Good,39,
381,2026-09-15 23:44:36.037,EM-01,em01.powerFactor,Good,0.864,
382,2026-09-15 23:44:36.037,EM-01,em01.frequency,Good,50.01,
383,2026-09-15 23:44:36.037,EM-01,em01.demand,Good,115,
384,2026-09-15 23:44:36.037,EM-01,em01.energyF64,Good,8.85305555555555,
385,2026-09-15 23:44:36.037,EM-01,em01.unbalance,Good,1.052632,
386,2026-09-15 23:44:36.045,GW-LINE-B,mtc01.actualTemp,Good,99.6,
387,2026-09-15 23:44:36.045,ENV-01,env01.humidity,Good,54,
388,2026-09-15 23:44:36.045,GW-LINE-B,mtc01.pumpFlow,Good,40,
389,2026-09-15 23:44:36.045,GW-LINE-B,mtc01.pumpCurrent,Good,3.1,
390,2026-09-15 23:44:36.045,ENV-01,env01.dewPoint,Good,15,
391,2026-09-15 23:44:36.045,ENV-01,env01.noise,Good,75,
392,2026-09-15 23:44:36.045,ENV-01,env01.pm25,Good,24,
393,2026-09-15 23:44:36.045,ENV-01,env01.pressureDiff,Good,11,
394,2026-09-15 23:44:36.045,ENV-01,env01.illuminance,Good,394,
395,2026-09-15 23:44:36.045,ENV-01,env01.tempFluctuation,Good,12.41176,
396,2026-09-15 23:44:36.045,GW-LINE-B,mtc01.outletTemp,Good,100.1,
397,2026-09-15 23:44:36.045,GW-LINE-B,mtc01.tempAvg,Good,995.705,
398,2026-09-15 23:44:36.051,GW-LINE-B,dry01.dewPoint,Good,-34.3,
399,2026-09-15 23:44:36.051,GW-LINE-B,dry01.materialLevel,Good,77,
400,2026-09-15 23:44:36.051,GW-LINE-B,dry01.heatPower,Good,4,
401,2026-09-15 23:44:36.051,GW-LINE-B,dry01.fanCurrent,Good,1.3,
402,2026-09-15 23:44:36.053,GW-LINE-B,dry01.levelTrend,Good,-0.7267429,
403,2026-09-15 23:44:36.058,GW-LINE-B,rob01.posX,Good,7,
404,2026-09-15 23:44:36.058,GW-LINE-B,rob01.trajectory,Good,7.211748,
405,2026-09-15 23:44:36.533,IM-01,im01.prodTime,Good,09/15/2026 23:44:36,
406,2026-09-15 23:44:37.033,IM-01,im01.oilTemp,Good,44.8,
407,2026-09-15 23:44:37.033,IM-01,im01.energyTotal,Good,0.920055555555545,
408,2026-09-15 23:44:37.037,EM-01,em01.totalEnergy,Good,874.85,
409,2026-09-15 23:44:37.037,EM-01,em01.forwardEnergy,Good,874.85,
410,2026-09-15 23:44:37.037,EM-01,em01.voltageA,Good,378,
411,2026-09-15 23:44:37.037,EM-01,em01.voltageB,Good,377,
412,2026-09-15 23:44:37.037,EM-01,em01.voltageC,Good,379,
413,2026-09-15 23:44:37.037,EM-01,em01.currentA,Good,186.3,
414,2026-09-15 23:44:37.037,EM-01,em01.activePower,Good,116,
415,2026-09-15 23:44:37.037,EM-01,em01.reactivePower,Good,28,
416,2026-09-15 23:44:37.037,EM-01,em01.powerFactor,Good,0.916,
417,2026-09-15 23:44:37.037,EM-01,em01.frequency,Good,49.94,
418,2026-09-15 23:44:37.037,EM-01,em01.demand,Good,116,
419,2026-09-15 23:44:37.037,EM-01,em01.energyF64,Good,8.88280555555554,
420,2026-09-15 23:44:37.037,EM-01,em01.unbalance,Good,0.5263158,
422,2026-09-15 23:44:37.045,ENV-01,env01.roomTemp,Good,24,
421,2026-09-15 23:44:37.045,GW-LINE-B,mtc01.actualTemp,Good,99.4,
423,2026-09-15 23:44:37.045,GW-LINE-B,mtc01.pumpPressure,Good,2,
424,2026-09-15 23:44:37.045,GW-LINE-B,mtc01.pumpFlow,Good,16,
425,2026-09-15 23:44:37.045,GW-LINE-B,mtc01.pumpCurrent,Good,4.3,
426,2026-09-15 23:44:37.045,GW-LINE-B,mtc01.heatPower,Good,8,
427,2026-09-15 23:44:37.045,GW-LINE-B,mtc01.outletTemp,Good,99.9,
428,2026-09-15 23:44:37.045,GW-LINE-B,mtc01.tempAvg,Good,993.5594,
429,2026-09-15 23:44:37.045,ENV-01,env01.humidity,Good,55,
430,2026-09-15 23:44:37.045,ENV-01,env01.dewPoint,Good,15.2,
431,2026-09-15 23:44:37.045,ENV-01,env01.noise,Good,73,
432,2026-09-15 23:44:37.045,ENV-01,env01.pm25,Good,56,
433,2026-09-15 23:44:37.045,ENV-01,env01.pressureDiff,Good,4,
434,2026-09-15 23:44:37.045,ENV-01,env01.illuminance,Good,426,
435,2026-09-15 23:44:37.045,ENV-01,env01.tempFluctuation,Good,12.50111,
436,2026-09-15 23:44:37.052,GW-LINE-B,dry01.dewPoint,Good,-33.9,
437,2026-09-15 23:44:37.052,GW-LINE-B,dry01.heatPower,Good,5,
438,2026-09-15 23:44:37.052,GW-LINE-B,dry01.fanCurrent,Good,1.6,
439,2026-09-15 23:44:37.053,GW-LINE-B,dry01.levelTrend,Good,-0.7553768,
440,2026-09-15 23:44:37.059,GW-LINE-B,rob01.cycleTime,Good,2.8,
441,2026-09-15 23:44:37.059,GW-LINE-B,rob01.trajectory,Good,6.837397,
442,2026-09-15 23:44:37.536,IM-01,im01.prodTime,Good,09/15/2026 23:44:37,
443,2026-09-15 23:44:38.030,IM-01,im01.energyTotal,Good,0.920888888888878,
444,2026-09-15 23:44:38.038,EM-01,em01.totalEnergy,Good,877.88,
445,2026-09-15 23:44:38.038,EM-01,em01.forwardEnergy,Good,877.88,
446,2026-09-15 23:44:38.038,EM-01,em01.voltageA,Good,383,
447,2026-09-15 23:44:38.038,EM-01,em01.voltageB,Good,376,
448,2026-09-15 23:44:38.038,EM-01,em01.voltageC,Good,384,
449,2026-09-15 23:44:38.038,EM-01,em01.currentA,Good,168.1,
450,2026-09-15 23:44:38.038,EM-01,em01.reactivePower,Good,24,
451,2026-09-15 23:44:38.038,EM-01,em01.powerFactor,Good,0.882,
452,2026-09-15 23:44:38.038,EM-01,em01.frequency,Good,50.03,
453,2026-09-15 23:44:38.038,EM-01,em01.energyF64,Good,8.91344444444443,
454,2026-09-15 23:44:38.038,EM-01,em01.unbalance,Good,2.105263,
455,2026-09-15 23:44:38.046,GW-LINE-B,mtc01.actualTemp,Good,99.3,
456,2026-09-15 23:44:38.046,ENV-01,env01.humidity,Good,56,
457,2026-09-15 23:44:38.046,GW-LINE-B,mtc01.pumpFlow,Good,28,
458,2026-09-15 23:44:38.046,ENV-01,env01.dewPoint,Good,15.3,
459,2026-09-15 23:44:38.046,GW-LINE-B,mtc01.pumpCurrent,Good,4.6,
460,2026-09-15 23:44:38.046,GW-LINE-B,mtc01.heatPower,Good,5,
461,2026-09-15 23:44:38.046,GW-LINE-B,mtc01.outletTemp,Good,99.8,
462,2026-09-15 23:44:38.046,ENV-01,env01.pm25,Good,21,
463,2026-09-15 23:44:38.046,GW-LINE-B,mtc01.tempAvg,Good,992.5632,
464,2026-09-15 23:44:38.046,ENV-01,env01.pressureDiff,Good,3,
465,2026-09-15 23:44:38.046,ENV-01,env01.illuminance,Good,396,
466,2026-09-15 23:44:38.046,ENV-01,env01.tempFluctuation,Good,12.74436,
467,2026-09-15 23:44:38.052,GW-LINE-B,dry01.dewPoint,Good,-34.4,
468,2026-09-15 23:44:38.052,GW-LINE-B,dry01.heatPower,Good,8,
469,2026-09-15 23:44:38.052,GW-LINE-B,dry01.fanCurrent,Good,1.3,
470,2026-09-15 23:44:38.054,GW-LINE-B,dry01.levelTrend,Good,-0.7853881,
471,2026-09-15 23:44:38.060,GW-LINE-B,rob01.cycleTime,Good,3.1,
472,2026-09-15 23:44:38.060,GW-LINE-B,rob01.posY,Good,3,
473,2026-09-15 23:44:38.060,GW-LINE-B,rob01.trajectory,Good,7.180047,
474,2026-09-15 23:44:38.537,IM-01,im01.prodTime,Good,09/15/2026 23:44:38,
475,2026-09-15 23:44:39.022,GW-LINE-B,mtc01.runSeconds,Good,2840,
476,2026-09-15 23:44:39.022,GW-LINE-B,mtc01.energyTotal,Good,0.430388888888892,
477,2026-09-15 23:44:39.024,GW-LINE-B,mtc01.tempDeviation,Good,-0.6,
478,2026-09-15 23:44:39.024,ENV-01,env01.runSeconds,Good,2840,
479,2026-09-15 23:44:39.024,ENV-01,env01.sampleTime,Good,09/15/2026 23:44:38,
480,2026-09-15 23:44:39.029,GW-LINE-B,dry01.drySeconds,Good,2628,
481,2026-09-15 23:44:39.029,GW-LINE-B,dry01.energyTotal,Good,0.434611111111114,
482,2026-09-15 23:44:39.030,GW-LINE-B,dry01.dewDeviation,Good,0.7,
483,2026-09-15 23:44:39.030,IM-01,im01.oilTemp,Good,44.6,
484,2026-09-15 23:44:39.030,IM-01,im01.energyTotal,Good,0.921722222222212,
485,2026-09-15 23:44:39.032,EM-01,em01.readTime,Good,09/15/2026 23:44:38,
486,2026-09-15 23:44:39.035,GW-LINE-B,rob01.runSeconds,Good,2840,
488,2026-09-15 23:44:39.036,GW-LINE-B,rob01.energyTotal,Good,0.398194444444444,
489,2026-09-15 23:44:39.038,EM-01,em01.totalEnergy,Good,881.12,
490,2026-09-15 23:44:39.038,EM-01,em01.forwardEnergy,Good,881.12,
491,2026-09-15 23:44:39.038,EM-01,em01.voltageA,Good,377,
492,2026-09-15 23:44:39.038,EM-01,em01.voltageB,Good,383,
493,2026-09-15 23:44:39.038,EM-01,em01.voltageC,Good,383,
494,2026-09-15 23:44:39.038,EM-01,em01.currentA,Good,191.5,
495,2026-09-15 23:44:39.038,EM-01,em01.activePower,Good,115,
496,2026-09-15 23:44:39.038,EM-01,em01.reactivePower,Good,25,
497,2026-09-15 23:44:39.038,EM-01,em01.powerFactor,Good,0.915,
498,2026-09-15 23:44:39.038,EM-01,em01.frequency,Good,49.99,
499,2026-09-15 23:44:39.038,EM-01,em01.demand,Good,115,
500,2026-09-15 23:44:39.038,EM-01,em01.energyF64,Good,8.94638888888888,
501,2026-09-15 23:44:39.038,EM-01,em01.unbalance,Good,1.578947,
502,2026-09-15 23:44:39.046,GW-LINE-B,mtc01.actualTemp,Good,99.4,
503,2026-09-15 23:44:39.046,ENV-01,env01.noise,Good,75,
504,2026-09-15 23:44:39.046,ENV-01,env01.pm25,Good,32,
505,2026-09-15 23:44:39.046,GW-LINE-B,mtc01.pumpPressure,Good,4,
506,2026-09-15 23:44:39.046,ENV-01,env01.pressureDiff,Good,2,
507,2026-09-15 23:44:39.046,ENV-01,env01.illuminance,Good,436,
508,2026-09-15 23:44:39.046,ENV-01,env01.tempFluctuation,Good,12.89324,
509,2026-09-15 23:44:39.046,GW-LINE-B,mtc01.pumpFlow,Good,38,
510,2026-09-15 23:44:39.046,GW-LINE-B,mtc01.pumpCurrent,Good,3.3,
511,2026-09-15 23:44:39.046,GW-LINE-B,mtc01.outletTemp,Good,99.9,
512,2026-09-15 23:44:39.046,GW-LINE-B,mtc01.tempAvg,Good,993.9788,
513,2026-09-15 23:44:39.052,GW-LINE-B,dry01.dewPoint,Good,-34.3,
514,2026-09-15 23:44:39.052,GW-LINE-B,dry01.materialLevel,Good,76,
515,2026-09-15 23:44:39.052,GW-LINE-B,dry01.fanCurrent,Good,0.9,
516,2026-09-15 23:44:39.053,GW-LINE-B,dry01.levelTrend,Good,-0.8208541,
517,2026-09-15 23:44:39.058,GW-LINE-B,rob01.cycleTime,Good,3,
518,2026-09-15 23:44:39.058,GW-LINE-B,rob01.posX,Good,8,
519,2026-09-15 23:44:39.058,GW-LINE-B,rob01.trajectory,Good,7.966393,
520,2026-09-15 23:44:39.537,IM-01,im01.prodTime,Good,09/15/2026 23:44:39,
521,2026-09-15 23:44:40.031,IM-01,im01.oilTemp,Good,44.3,
522,2026-09-15 23:44:40.031,IM-01,im01.energyTotal,Good,0.922555555555545,
523,2026-09-15 23:44:40.038,EM-01,em01.totalEnergy,Good,884.32,
524,2026-09-15 23:44:40.038,EM-01,em01.forwardEnergy,Good,884.32,
525,2026-09-15 23:44:40.038,EM-01,em01.voltageA,Good,375,
526,2026-09-15 23:44:40.038,EM-01,em01.voltageC,Good,384,
527,2026-09-15 23:44:40.038,EM-01,em01.currentA,Good,154.8,
528,2026-09-15 23:44:40.038,EM-01,em01.activePower,Good,125,
529,2026-09-15 23:44:40.038,EM-01,em01.reactivePower,Good,33,
530,2026-09-15 23:44:40.038,EM-01,em01.powerFactor,Good,0.928,
531,2026-09-15 23:44:40.038,EM-01,em01.frequency,Good,49.95,
532,2026-09-15 23:44:40.038,EM-01,em01.demand,Good,125,
533,2026-09-15 23:44:40.038,EM-01,em01.energyF64,Good,8.97891666666665,
534,2026-09-15 23:44:40.038,EM-01,em01.unbalance,Good,2.368421,
535,2026-09-15 23:44:40.046,GW-LINE-B,mtc01.actualTemp,Good,99.6,
536,2026-09-15 23:44:40.046,ENV-01,env01.dewPoint,Good,15.2,
537,2026-09-15 23:44:40.046,ENV-01,env01.noise,Good,74,
538,2026-09-15 23:44:40.046,GW-LINE-B,mtc01.pumpPressure,Good,5,
539,2026-09-15 23:44:40.046,GW-LINE-B,mtc01.pumpFlow,Good,35,
540,2026-09-15 23:44:40.046,ENV-01,env01.pm25,Good,45,
541,2026-09-15 23:44:40.046,ENV-01,env01.pressureDiff,Good,9,
542,2026-09-15 23:44:40.046,GW-LINE-B,mtc01.pumpCurrent,Good,4.5,
543,2026-09-15 23:44:40.046,ENV-01,env01.illuminance,Good,328,
544,2026-09-15 23:44:40.046,GW-LINE-B,mtc01.heatPower,Good,3,
545,2026-09-15 23:44:40.046,GW-LINE-B,mtc01.outletTemp,Good,100.1,
546,2026-09-15 23:44:40.046,ENV-01,env01.tempFluctuation,Good,12.4219,
547,2026-09-15 23:44:40.046,GW-LINE-B,mtc01.tempAvg,Good,995.7087,
548,2026-09-15 23:44:40.052,GW-LINE-B,dry01.dewPoint,Good,-34.7,
549,2026-09-15 23:44:40.052,GW-LINE-B,dry01.heatPower,Good,6,
550,2026-09-15 23:44:40.052,GW-LINE-B,dry01.fanCurrent,Good,1.2,
551,2026-09-15 23:44:40.054,GW-LINE-B,dry01.levelTrend,Good,-0.8466316,
552,2026-09-15 23:44:40.060,GW-LINE-B,rob01.posX,Good,7,
553,2026-09-15 23:44:40.060,GW-LINE-B,rob01.posY,Good,2,
554,2026-09-15 23:44:40.060,GW-LINE-B,rob01.trajectory,Good,7.054226,
555,2026-09-15 23:44:40.539,IM-01,im01.prodTime,Good,09/15/2026 23:44:40,
556,2026-09-15 23:44:41.031,IM-01,im01.oilTemp,Good,44.6,
557,2026-09-15 23:44:41.031,IM-01,im01.energyTotal,Good,0.923388888888878,
558,2026-09-15 23:44:41.038,EM-01,em01.totalEnergy,Good,887.16,
559,2026-09-15 23:44:41.038,EM-01,em01.forwardEnergy,Good,887.16,
560,2026-09-15 23:44:41.038,EM-01,em01.voltageA,Good,385,
561,2026-09-15 23:44:41.038,EM-01,em01.voltageB,Good,384,
562,2026-09-15 23:44:41.038,EM-01,em01.voltageC,Good,380,
563,2026-09-15 23:44:41.038,EM-01,em01.currentA,Good,194.5,
564,2026-09-15 23:44:41.038,EM-01,em01.activePower,Good,102,
565,2026-09-15 23:44:41.038,EM-01,em01.reactivePower,Good,34,
566,2026-09-15 23:44:41.038,EM-01,em01.powerFactor,Good,0.893,
567,2026-09-15 23:44:41.038,EM-01,em01.frequency,Good,50.03,
568,2026-09-15 23:44:41.038,EM-01,em01.demand,Good,102,
569,2026-09-15 23:44:41.038,EM-01,em01.energyF64,Good,9.00791666666665,
570,2026-09-15 23:44:41.038,EM-01,em01.unbalance,Good,1.315789,
571,2026-09-15 23:44:41.046,GW-LINE-B,mtc01.actualTemp,Good,99.4,
572,2026-09-15 23:44:41.046,ENV-01,env01.humidity,Good,55,
573,2026-09-15 23:44:41.046,ENV-01,env01.dewPoint,Good,15.1,
574,2026-09-15 23:44:41.046,ENV-01,env01.noise,Good,75,
575,2026-09-15 23:44:41.046,GW-LINE-B,mtc01.pumpFlow,Good,28,
576,2026-09-15 23:44:41.046,ENV-01,env01.pm25,Good,40,
577,2026-09-15 23:44:41.046,GW-LINE-B,mtc01.pumpCurrent,Good,3.4,
578,2026-09-15 23:44:41.046,ENV-01,env01.pressureDiff,Good,7,
579,2026-09-15 23:44:41.046,GW-LINE-B,mtc01.heatPower,Good,8,
580,2026-09-15 23:44:41.046,ENV-01,env01.illuminance,Good,429,
581,2026-09-15 23:44:41.046,GW-LINE-B,mtc01.outletTemp,Good,99.9,
582,2026-09-15 23:44:41.046,GW-LINE-B,mtc01.tempAvg,Good,994.0286,
583,2026-09-15 23:44:41.046,ENV-01,env01.tempFluctuation,Good,12.43199,
584,2026-09-15 23:44:41.052,GW-LINE-B,dry01.dewPoint,Good,-35,
585,2026-09-15 23:44:41.052,GW-LINE-B,dry01.heatPower,Good,8,
586,2026-09-15 23:44:41.052,GW-LINE-B,dry01.fanCurrent,Good,2,
587,2026-09-15 23:44:41.054,GW-LINE-B,dry01.levelTrend,Good,-0.8755367,
588,2026-09-15 23:44:41.060,GW-LINE-B,rob01.cycleTime,Good,3.1,
589,2026-09-15 23:44:41.060,GW-LINE-B,rob01.posY,Good,1,
590,2026-09-15 23:44:41.060,GW-LINE-B,rob01.trajectory,Good,7.261362,
591,2026-09-15 23:44:41.539,IM-01,im01.prodTime,Good,09/15/2026 23:44:41,
592,2026-09-15 23:44:42.032,IM-01,im01.energyTotal,Good,0.924222222222211,
593,2026-09-15 23:44:42.039,EM-01,em01.totalEnergy,Good,890.09,
594,2026-09-15 23:44:42.039,EM-01,em01.forwardEnergy,Good,890.09,
595,2026-09-15 23:44:42.039,EM-01,em01.voltageA,Good,381,
596,2026-09-15 23:44:42.039,EM-01,em01.voltageB,Good,378,
597,2026-09-15 23:44:42.039,EM-01,em01.voltageC,Good,382,
598,2026-09-15 23:44:42.039,EM-01,em01.currentA,Good,132.3,
599,2026-09-15 23:44:42.039,EM-01,em01.activePower,Good,104,
600,2026-09-15 23:44:42.039,EM-01,em01.reactivePower,Good,33,
601,2026-09-15 23:44:42.039,EM-01,em01.powerFactor,Good,0.86,
602,2026-09-15 23:44:42.039,EM-01,em01.frequency,Good,49.91,
603,2026-09-15 23:44:42.039,EM-01,em01.demand,Good,104,
604,2026-09-15 23:44:42.039,EM-01,em01.energyF64,Good,9.03772222222221,
605,2026-09-15 23:44:42.039,EM-01,em01.unbalance,Good,1.052632,
607,2026-09-15 23:44:42.047,GW-LINE-B,mtc01.pumpPressure,Good,2,
606,2026-09-15 23:44:42.047,ENV-01,env01.roomTemp,Good,23.9,
608,2026-09-15 23:44:42.047,GW-LINE-B,mtc01.pumpCurrent,Good,3.1,
609,2026-09-15 23:44:42.047,GW-LINE-B,mtc01.heatPower,Good,5,
610,2026-09-15 23:44:42.047,GW-LINE-B,mtc01.tempAvg,Good,993.8641,
611,2026-09-15 23:44:42.047,ENV-01,env01.humidity,Good,54,
612,2026-09-15 23:44:42.047,ENV-01,env01.dewPoint,Good,14.9,
613,2026-09-15 23:44:42.047,ENV-01,env01.noise,Good,74,
614,2026-09-15 23:44:42.047,ENV-01,env01.pm25,Good,57,
615,2026-09-15 23:44:42.047,ENV-01,env01.pressureDiff,Good,11,
616,2026-09-15 23:44:42.047,ENV-01,env01.illuminance,Good,492,
617,2026-09-15 23:44:42.047,ENV-01,env01.tempFluctuation,Good,11.59301,
618,2026-09-15 23:44:42.053,GW-LINE-B,dry01.dewPoint,Good,-35.1,
619,2026-09-15 23:44:42.053,GW-LINE-B,dry01.materialLevel,Good,75,
620,2026-09-15 23:44:42.053,GW-LINE-B,dry01.heatPower,Good,5,
621,2026-09-15 23:44:42.053,GW-LINE-B,dry01.fanCurrent,Good,0.8,
622,2026-09-15 23:44:42.055,GW-LINE-B,dry01.levelTrend,Good,-0.903448,
623,2026-09-15 23:44:42.059,GW-LINE-B,rob01.cycleTime,Good,2.7,
624,2026-09-15 23:44:42.059,GW-LINE-B,rob01.posX,Good,8,
625,2026-09-15 23:44:42.059,GW-LINE-B,rob01.posY,Good,2,
626,2026-09-15 23:44:42.059,GW-LINE-B,rob01.trajectory,Good,8.2039,
627,2026-09-15 23:44:42.540,IM-01,im01.prodTime,Good,09/15/2026 23:44:42,
628,2026-09-15 23:44:43.032,IM-01,im01.oilTemp,Good,44.4,
629,2026-09-15 23:44:43.032,IM-01,im01.energyTotal,Good,0.925055555555545,
630,2026-09-15 23:44:43.039,EM-01,em01.totalEnergy,Good,893.26,
631,2026-09-15 23:44:43.039,EM-01,em01.forwardEnergy,Good,893.26,
632,2026-09-15 23:44:43.039,EM-01,em01.voltageA,Good,385,
633,2026-09-15 23:44:43.039,EM-01,em01.voltageB,Good,382,
634,2026-09-15 23:44:43.039,EM-01,em01.voltageC,Good,375,
635,2026-09-15 23:44:43.039,EM-01,em01.currentA,Good,179.6,
636,2026-09-15 23:44:43.039,EM-01,em01.activePower,Good,126,
637,2026-09-15 23:44:43.039,EM-01,em01.reactivePower,Good,30,
638,2026-09-15 23:44:43.039,EM-01,em01.powerFactor,Good,0.933,
639,2026-09-15 23:44:43.039,EM-01,em01.frequency,Good,49.97,
640,2026-09-15 23:44:43.039,EM-01,em01.demand,Good,126,
641,2026-09-15 23:44:43.039,EM-01,em01.energyF64,Good,9.06966666666665,
642,2026-09-15 23:44:43.039,EM-01,em01.unbalance,Good,2.631579,
644,2026-09-15 23:44:43.047,ENV-01,env01.roomTemp,Good,23.8,
643,2026-09-15 23:44:43.047,GW-LINE-B,mtc01.actualTemp,Good,99.5,
645,2026-09-15 23:44:43.047,GW-LINE-B,mtc01.pumpPressure,Good,3,
646,2026-09-15 23:44:43.047,ENV-01,env01.humidity,Good,55,
647,2026-09-15 23:44:43.047,GW-LINE-B,mtc01.pumpFlow,Good,18,
648,2026-09-15 23:44:43.047,GW-LINE-B,mtc01.pumpCurrent,Good,5.2,
649,2026-09-15 23:44:43.047,ENV-01,env01.noise,Good,71,
650,2026-09-15 23:44:43.047,ENV-01,env01.pm25,Good,59,
651,2026-09-15 23:44:43.047,ENV-01,env01.pressureDiff,Good,3,
652,2026-09-15 23:44:43.047,ENV-01,env01.illuminance,Good,415,
653,2026-09-15 23:44:43.047,ENV-01,env01.tempFluctuation,Good,12.18868,
654,2026-09-15 23:44:43.047,GW-LINE-B,mtc01.outletTemp,Good,100,
655,2026-09-15 23:44:43.047,GW-LINE-B,mtc01.tempAvg,Good,995.3512,
656,2026-09-15 23:44:43.053,GW-LINE-B,dry01.dewPoint,Good,-34.4,
657,2026-09-15 23:44:43.053,GW-LINE-B,dry01.heatPower,Good,7,
658,2026-09-15 23:44:43.053,GW-LINE-B,dry01.fanCurrent,Good,1.1,
659,2026-09-15 23:44:43.056,GW-LINE-B,dry01.levelTrend,Good,-0.9405722,
660,2026-09-15 23:44:43.061,GW-LINE-B,rob01.cycleTime,Good,2.8,
661,2026-09-15 23:44:43.061,GW-LINE-B,rob01.posY,Good,1,
662,2026-09-15 23:44:43.061,GW-LINE-B,rob01.trajectory,Good,8.090939,
663,2026-09-15 23:44:43.541,IM-01,im01.prodTime,Good,09/15/2026 23:44:43,
664,2026-09-15 23:44:44.023,GW-LINE-B,mtc01.runSeconds,Good,2890,
665,2026-09-15 23:44:44.023,GW-LINE-B,mtc01.energyTotal,Good,0.437555555555559,
666,2026-09-15 23:44:44.025,GW-LINE-B,mtc01.tempDeviation,Good,-0.9,
667,2026-09-15 23:44:44.026,EM-01,em01.readTime,Good,09/15/2026 23:44:43,
668,2026-09-15 23:44:44.029,GW-LINE-B,dry01.drySeconds,Good,2678,
669,2026-09-15 23:44:44.029,GW-LINE-B,dry01.energyTotal,Good,0.441833333333336,
670,2026-09-15 23:44:44.030,ENV-01,env01.runSeconds,Good,2890,
671,2026-09-15 23:44:44.030,ENV-01,env01.sampleTime,Good,09/15/2026 23:44:43,
672,2026-09-15 23:44:44.031,GW-LINE-B,dry01.dewDeviation,Good,0.5,
673,2026-09-15 23:44:44.032,IM-01,im01.oilTemp,Good,44.7,
674,2026-09-15 23:44:44.032,IM-01,im01.energyTotal,Good,0.925888888888878,
675,2026-09-15 23:44:44.033,IM-01,im01.moldCloseJog,Good,True,
676,2026-09-15 23:44:44.033,ENV-01,env01.tempDeviation,Good,-0.1,
677,2026-09-15 23:44:44.035,GW-LINE-B,rob01.runSeconds,Good,2890,
678,2026-09-15 23:44:44.037,GW-LINE-B,rob01.energyTotal,Good,0.405638888888888,
679,2026-09-15 23:44:44.040,EM-01,em01.totalEnergy,Good,896.51,
680,2026-09-15 23:44:44.040,EM-01,em01.forwardEnergy,Good,896.51,
681,2026-09-15 23:44:44.040,EM-01,em01.voltageA,Good,376,
682,2026-09-15 23:44:44.040,EM-01,em01.voltageB,Good,380,
683,2026-09-15 23:44:44.040,EM-01,em01.voltageC,Good,379,
684,2026-09-15 23:44:44.040,EM-01,em01.currentA,Good,191,
685,2026-09-15 23:44:44.040,EM-01,em01.activePower,Good,110,
686,2026-09-15 23:44:44.040,EM-01,em01.reactivePower,Good,23,
687,2026-09-15 23:44:44.040,EM-01,em01.powerFactor,Good,0.901,
688,2026-09-15 23:44:44.040,EM-01,em01.frequency,Good,50,
689,2026-09-15 23:44:44.040,EM-01,em01.demand,Good,110,
690,2026-09-15 23:44:44.040,EM-01,em01.energyF64,Good,9.10255555555554,
691,2026-09-15 23:44:44.040,EM-01,em01.unbalance,Good,1.052632,
692,2026-09-15 23:44:44.047,ENV-01,env01.roomTemp,Good,23.9,
693,2026-09-15 23:44:44.047,GW-LINE-B,mtc01.actualTemp,Good,99.1,
694,2026-09-15 23:44:44.047,GW-LINE-B,mtc01.pumpPressure,Good,4,
695,2026-09-15 23:44:44.047,ENV-01,env01.humidity,Good,54,
696,2026-09-15 23:44:44.047,GW-LINE-B,mtc01.pumpFlow,Good,23,
697,2026-09-15 23:44:44.047,ENV-01,env01.dewPoint,Good,14.8,
698,2026-09-15 23:44:44.047,GW-LINE-B,mtc01.pumpCurrent,Good,4.5,
699,2026-09-15 23:44:44.047,ENV-01,env01.noise,Good,78,
700,2026-09-15 23:44:44.047,ENV-01,env01.pm25,Good,20,
701,2026-09-15 23:44:44.047,GW-LINE-B,mtc01.outletTemp,Good,99.6,
702,2026-09-15 23:44:44.047,ENV-01,env01.pressureDiff,Good,10,
703,2026-09-15 23:44:44.047,ENV-01,env01.illuminance,Good,318,
704,2026-09-15 23:44:44.047,GW-LINE-B,mtc01.tempAvg,Good,990.5192,
705,2026-09-15 23:44:44.047,ENV-01,env01.tempFluctuation,Good,12.18025,
706,2026-09-15 23:44:44.053,GW-LINE-B,dry01.dewPoint,Good,-34.5,
707,2026-09-15 23:44:44.053,GW-LINE-B,dry01.heatPower,Good,4,
708,2026-09-15 23:44:44.053,GW-LINE-B,dry01.fanCurrent,Good,1.2,
709,2026-09-15 23:44:44.055,GW-LINE-B,dry01.levelTrend,Good,-0.9728666,
710,2026-09-15 23:44:44.060,GW-LINE-B,rob01.cycleTime,Good,2.7,
711,2026-09-15 23:44:44.060,GW-LINE-B,rob01.posY,Good,2,
712,2026-09-15 23:44:44.060,GW-LINE-B,rob01.trajectory,Good,7.770937,
713,2026-09-15 23:44:44.542,IM-01,im01.prodTime,Good,09/15/2026 23:44:44,
715,2026-09-15 23:44:45.032,IM-01,im01.moldTemp,Good,84.5,
716,2026-09-15 23:44:45.032,IM-01,im01.oilTemp,Good,44.3,
717,2026-09-15 23:44:45.032,IM-01,im01.energyTotal,Good,0.926722222222211,
718,2026-09-15 23:44:45.033,IM-01,im01.moldCloseJog,Good,False,
719,2026-09-15 23:44:45.040,EM-01,em01.totalEnergy,Good,899.81,
720,2026-09-15 23:44:45.040,EM-01,em01.forwardEnergy,Good,899.81,
721,2026-09-15 23:44:45.040,EM-01,em01.voltageB,Good,376,
722,2026-09-15 23:44:45.040,EM-01,em01.currentA,Good,207.3,
723,2026-09-15 23:44:45.040,EM-01,em01.activePower,Good,129,
724,2026-09-15 23:44:45.040,EM-01,em01.reactivePower,Good,26,
725,2026-09-15 23:44:45.040,EM-01,em01.powerFactor,Good,0.86,
726,2026-09-15 23:44:45.040,EM-01,em01.frequency,Good,49.98,
727,2026-09-15 23:44:45.040,EM-01,em01.demand,Good,129,
728,2026-09-15 23:44:45.040,EM-01,em01.energyF64,Good,9.13602777777777,
729,2026-09-15 23:44:45.040,EM-01,em01.unbalance,Good,0.7894737,
730,2026-09-15 23:44:45.047,ENV-01,env01.roomTemp,Good,24,
731,2026-09-15 23:44:45.047,GW-LINE-B,mtc01.actualTemp,Good,99.2,
732,2026-09-15 23:44:45.047,GW-LINE-B,mtc01.pumpPressure,Good,5,
733,2026-09-15 23:44:45.047,ENV-01,env01.noise,Good,73,
734,2026-09-15 23:44:45.047,GW-LINE-B,mtc01.pumpFlow,Good,17,
736,2026-09-15 23:44:45.047,ENV-01,env01.pressureDiff,Good,4,
735,2026-09-15 23:44:45.047,GW-LINE-B,mtc01.pumpCurrent,Good,3.7,
737,2026-09-15 23:44:45.047,ENV-01,env01.illuminance,Good,373,
738,2026-09-15 23:44:45.047,GW-LINE-B,mtc01.heatPower,Good,4,
739,2026-09-15 23:44:45.047,ENV-01,env01.tempFluctuation,Good,12.46428,
740,2026-09-15 23:44:45.047,GW-LINE-B,mtc01.outletTemp,Good,99.7,
741,2026-09-15 23:44:45.047,GW-LINE-B,mtc01.tempAvg,Good,992.4741,
742,2026-09-15 23:44:45.053,GW-LINE-B,dry01.dewPoint,Good,-34.6,
743,2026-09-15 23:44:45.053,GW-LINE-B,dry01.materialLevel,Good,74,
744,2026-09-15 23:44:45.053,GW-LINE-B,dry01.heatPower,Good,7,
745,2026-09-15 23:44:45.053,GW-LINE-B,dry01.fanCurrent,Good,2,
746,2026-09-15 23:44:45.056,GW-LINE-B,dry01.levelTrend,Good,-1.00992,
747,2026-09-15 23:44:45.061,GW-LINE-B,rob01.cycleTime,Good,2.9,
748,2026-09-15 23:44:45.061,GW-LINE-B,rob01.posX,Good,7,
749,2026-09-15 23:44:45.061,GW-LINE-B,rob01.posY,Good,3,
750,2026-09-15 23:44:45.061,GW-LINE-B,rob01.trajectory,Good,7.083382,
751,2026-09-15 23:44:45.541,IM-01,im01.prodTime,Good,09/15/2026 23:44:45,
752,2026-09-15 23:44:46.032,IM-01,im01.oilTemp,Good,44.4,
753,2026-09-15 23:44:46.032,IM-01,im01.energyTotal,Good,0.927555555555544,
754,2026-09-15 23:44:46.040,EM-01,em01.totalEnergy,Good,903.12,
755,2026-09-15 23:44:46.040,EM-01,em01.forwardEnergy,Good,903.12,
756,2026-09-15 23:44:46.040,EM-01,em01.voltageA,Good,381,
757,2026-09-15 23:44:46.040,EM-01,em01.voltageB,Good,380,
758,2026-09-15 23:44:46.040,EM-01,em01.voltageC,Good,376,
759,2026-09-15 23:44:46.040,EM-01,em01.currentA,Good,167.9,
760,2026-09-15 23:44:46.040,EM-01,em01.activePower,Good,114,
761,2026-09-15 23:44:46.040,EM-01,em01.reactivePower,Good,25,
762,2026-09-15 23:44:46.040,EM-01,em01.powerFactor,Good,0.94,
763,2026-09-15 23:44:46.040,EM-01,em01.frequency,Good,49.93,
764,2026-09-15 23:44:46.040,EM-01,em01.demand,Good,114,
765,2026-09-15 23:44:46.040,EM-01,em01.energyF64,Good,9.16969444444443,
766,2026-09-15 23:44:46.040,EM-01,em01.unbalance,Good,1.315789,
767,2026-09-15 23:44:46.048,GW-LINE-B,mtc01.actualTemp,Good,99.5,
768,2026-09-15 23:44:46.048,ENV-01,env01.dewPoint,Good,14.9,
769,2026-09-15 23:44:46.048,GW-LINE-B,mtc01.pumpPressure,Good,3,
770,2026-09-15 23:44:46.048,ENV-01,env01.pm25,Good,24,
771,2026-09-15 23:44:46.048,GW-LINE-B,mtc01.pumpFlow,Good,34,
772,2026-09-15 23:44:46.048,ENV-01,env01.pressureDiff,Good,2,
773,2026-09-15 23:44:46.048,GW-LINE-B,mtc01.pumpCurrent,Good,4.2,
774,2026-09-15 23:44:46.048,GW-LINE-B,mtc01.heatPower,Good,3,
775,2026-09-15 23:44:46.048,ENV-01,env01.illuminance,Good,338,
776,2026-09-15 23:44:46.048,GW-LINE-B,mtc01.outletTemp,Good,100,
777,2026-09-15 23:44:46.048,GW-LINE-B,mtc01.tempAvg,Good,995.3633,
778,2026-09-15 23:44:46.048,ENV-01,env01.tempFluctuation,Good,12.20639,
779,2026-09-15 23:44:46.054,GW-LINE-B,dry01.dewPoint,Good,-35.2,
780,2026-09-15 23:44:46.054,GW-LINE-B,dry01.heatPower,Good,3,
781,2026-09-15 23:44:46.054,GW-LINE-B,dry01.fanCurrent,Good,1.8,
782,2026-09-15 23:44:46.055,GW-LINE-B,dry01.levelTrend,Good,-1.033753,
783,2026-09-15 23:44:46.058,GW-LINE-B,rob01.inPlace,Good,False,
784,2026-09-15 23:44:46.060,GW-LINE-B,rob01.cycleTime,Good,2.8,
785,2026-09-15 23:44:46.060,GW-LINE-B,rob01.posX,Good,95,
786,2026-09-15 23:44:46.060,GW-LINE-B,rob01.posY,Good,297,
787,2026-09-15 23:44:46.060,GW-LINE-B,rob01.posZ,Good,83,
788,2026-09-15 23:44:46.060,GW-LINE-B,rob01.gripState,Good,1,
789,2026-09-15 23:44:46.060,GW-LINE-B,rob01.trajectory,Good,94.99429,
790,2026-09-15 23:44:46.542,IM-01,im01.prodTime,Good,09/15/2026 23:44:46,
791,2026-09-15 23:44:47.033,IM-01,im01.oilTemp,Good,44.6,
792,2026-09-15 23:44:47.033,IM-01,im01.energyTotal,Good,0.928388888888878,
793,2026-09-15 23:44:47.041,EM-01,em01.totalEnergy,Good,905.94,
794,2026-09-15 23:44:47.041,EM-01,em01.forwardEnergy,Good,905.94,
795,2026-09-15 23:44:47.041,EM-01,em01.voltageA,Good,375,
796,2026-09-15 23:44:47.041,EM-01,em01.voltageB,Good,382,
797,2026-09-15 23:44:47.041,EM-01,em01.voltageC,Good,379,
798,2026-09-15 23:44:47.041,EM-01,em01.currentA,Good,163.1,
799,2026-09-15 23:44:47.041,EM-01,em01.activePower,Good,102,
800,2026-09-15 23:44:47.041,EM-01,em01.reactivePower,Good,22,
801,2026-09-15 23:44:47.041,EM-01,em01.powerFactor,Good,0.905,
802,2026-09-15 23:44:47.041,EM-01,em01.frequency,Good,49.95,
803,2026-09-15 23:44:47.041,EM-01,em01.demand,Good,102,
804,2026-09-15 23:44:47.041,EM-01,em01.energyF64,Good,9.19855555555554,
805,2026-09-15 23:44:47.041,EM-01,em01.unbalance,Good,1.842105,
806,2026-09-15 23:44:47.048,GW-LINE-B,mtc01.actualTemp,Good,99.6,
807,2026-09-15 23:44:47.048,GW-LINE-B,mtc01.pumpFlow,Good,36,
808,2026-09-15 23:44:47.048,GW-LINE-B,mtc01.pumpCurrent,Good,3,
809,2026-09-15 23:44:47.048,GW-LINE-B,mtc01.heatPower,Good,6,
810,2026-09-15 23:44:47.048,GW-LINE-B,mtc01.outletTemp,Good,100.1,
811,2026-09-15 23:44:47.048,GW-LINE-B,mtc01.tempAvg,Good,995.5153,
812,2026-09-15 23:44:47.048,ENV-01,env01.roomTemp,Good,23.9,
813,2026-09-15 23:44:47.048,ENV-01,env01.humidity,Good,53,
814,2026-09-15 23:44:47.048,ENV-01,env01.dewPoint,Good,14.6,
815,2026-09-15 23:44:47.048,ENV-01,env01.noise,Good,71,
816,2026-09-15 23:44:47.048,ENV-01,env01.pm25,Good,56,
817,2026-09-15 23:44:47.048,ENV-01,env01.pressureDiff,Good,1,
818,2026-09-15 23:44:47.048,ENV-01,env01.illuminance,Good,427,
819,2026-09-15 23:44:47.048,ENV-01,env01.tempFluctuation,Good,11.88951,
820,2026-09-15 23:44:47.055,GW-LINE-B,dry01.dewPoint,Good,-34.8,
821,2026-09-15 23:44:47.055,GW-LINE-B,dry01.fanCurrent,Good,1.9,
822,2026-09-15 23:44:47.056,GW-LINE-B,dry01.levelTrend,Good,-1.067832,
823,2026-09-15 23:44:47.062,GW-LINE-B,rob01.cycleTime,Good,3,
824,2026-09-15 23:44:47.062,GW-LINE-B,rob01.posX,Good,97,
825,2026-09-15 23:44:47.062,GW-LINE-B,rob01.posY,Good,304,
826,2026-09-15 23:44:47.062,GW-LINE-B,rob01.posZ,Good,84,
827,2026-09-15 23:44:47.062,GW-LINE-B,rob01.trajectory,Good,96.75615,
828,2026-09-15 23:44:47.543,IM-01,im01.prodTime,Good,09/15/2026 23:44:47,
829,2026-09-15 23:44:48.033,IM-01,im01.moldTemp,Good,84.6,
830,2026-09-15 23:44:48.033,IM-01,im01.oilTemp,Good,44.4,
831,2026-09-15 23:44:48.033,IM-01,im01.energyTotal,Good,0.929222222222211,
832,2026-09-15 23:44:48.041,EM-01,em01.totalEnergy,Good,908.97,
833,2026-09-15 23:44:48.041,EM-01,em01.forwardEnergy,Good,908.97,
834,2026-09-15 23:44:48.041,EM-01,em01.voltageA,Good,384,
835,2026-09-15 23:44:48.041,EM-01,em01.voltageB,Good,377,
836,2026-09-15 23:44:48.041,EM-01,em01.voltageC,Good,381,
837,2026-09-15 23:44:48.041,EM-01,em01.currentA,Good,179.4,
838,2026-09-15 23:44:48.041,EM-01,em01.activePower,Good,108,
839,2026-09-15 23:44:48.041,EM-01,em01.reactivePower,Good,37,
840,2026-09-15 23:44:48.041,EM-01,em01.powerFactor,Good,0.919,
841,2026-09-15 23:44:48.041,EM-01,em01.frequency,Good,50.04,
842,2026-09-15 23:44:48.041,EM-01,em01.demand,Good,108,
843,2026-09-15 23:44:48.041,EM-01,em01.energyF64,Good,9.22913888888888,
844,2026-09-15 23:44:48.048,ENV-01,env01.dewPoint,Good,14.5,
845,2026-09-15 23:44:48.048,GW-LINE-B,mtc01.actualTemp,Good,99.5,
846,2026-09-15 23:44:48.048,GW-LINE-B,mtc01.pumpPressure,Good,5,
847,2026-09-15 23:44:48.048,GW-LINE-B,mtc01.pumpFlow,Good,18,
848,2026-09-15 23:44:48.048,ENV-01,env01.noise,Good,76,
849,2026-09-15 23:44:48.048,GW-LINE-B,mtc01.pumpCurrent,Good,3.2,
850,2026-09-15 23:44:48.048,GW-LINE-B,mtc01.outletTemp,Good,100,
851,2026-09-15 23:44:48.048,GW-LINE-B,mtc01.tempAvg,Good,995.2943,
852,2026-09-15 23:44:48.048,ENV-01,env01.pm25,Good,55,
853,2026-09-15 23:44:48.048,ENV-01,env01.pressureDiff,Good,6,
854,2026-09-15 23:44:48.048,ENV-01,env01.illuminance,Good,402,
855,2026-09-15 23:44:48.048,ENV-01,env01.tempFluctuation,Good,11.8881,
856,2026-09-15 23:44:48.054,GW-LINE-B,dry01.dewPoint,Good,-34.2,
857,2026-09-15 23:44:48.054,GW-LINE-B,dry01.heatPower,Good,8,
858,2026-09-15 23:44:48.054,GW-LINE-B,dry01.fanCurrent,Good,0.9,
859,2026-09-15 23:44:48.057,GW-LINE-B,dry01.levelTrend,Good,-1.098875,
860,2026-09-15 23:44:48.062,GW-LINE-B,rob01.cycleTime,Good,3.2,
861,2026-09-15 23:44:48.062,GW-LINE-B,rob01.posX,Good,0,
862,2026-09-15 23:44:48.062,GW-LINE-B,rob01.posY,Good,395,
863,2026-09-15 23:44:48.062,GW-LINE-B,rob01.posZ,Good,200,
864,2026-09-15 23:44:48.062,GW-LINE-B,rob01.trajectory,Good,0.1009515,
865,2026-09-15 23:44:48.544,IM-01,im01.prodTime,Good,09/15/2026 23:44:48,
867,2026-09-15 23:44:49.023,IM-01,im01.clampForceDev,Good,-44,
868,2026-09-15 23:44:49.024,GW-LINE-B,mtc01.runSeconds,Good,2940,
869,2026-09-15 23:44:49.024,GW-LINE-B,mtc01.energyTotal,Good,0.445333333333337,
870,2026-09-15 23:44:49.025,EM-01,em01.readTime,Good,09/15/2026 23:44:48,
871,2026-09-15 23:44:49.025,GW-LINE-B,mtc01.tempDeviation,Good,-0.5,
872,2026-09-15 23:44:49.028,ENV-01,env01.runSeconds,Good,2940,
873,2026-09-15 23:44:49.028,ENV-01,env01.sampleTime,Good,09/15/2026 23:44:48,
874,2026-09-15 23:44:49.030,GW-LINE-B,dry01.drySeconds,Good,2728,
875,2026-09-15 23:44:49.030,GW-LINE-B,dry01.energyTotal,Good,0.449250000000003,
876,2026-09-15 23:44:49.032,GW-LINE-B,dry01.dewDeviation,Good,1,
877,2026-09-15 23:44:49.034,IM-01,im01.moldTemp,Good,84.5,
878,2026-09-15 23:44:49.034,IM-01,im01.oilTemp,Good,44.6,
879,2026-09-15 23:44:49.034,IM-01,im01.energyTotal,Good,0.930055555555544,
880,2026-09-15 23:44:49.036,GW-LINE-B,rob01.runSeconds,Good,2940,
881,2026-09-15 23:44:49.038,GW-LINE-B,rob01.energyTotal,Good,0.412638888888888,
882,2026-09-15 23:44:49.039,GW-LINE-B,rob01.posDeviation,Good,-100,
883,2026-09-15 23:44:49.042,EM-01,em01.totalEnergy,Good,911.91,
884,2026-09-15 23:44:49.042,EM-01,em01.forwardEnergy,Good,911.91,
885,2026-09-15 23:44:49.042,EM-01,em01.voltageA,Good,383,
886,2026-09-15 23:44:49.042,EM-01,em01.voltageC,Good,378,
887,2026-09-15 23:44:49.042,EM-01,em01.currentA,Good,142.5,
888,2026-09-15 23:44:49.042,EM-01,em01.activePower,Good,123,
889,2026-09-15 23:44:49.042,EM-01,em01.reactivePower,Good,33,
890,2026-09-15 23:44:49.042,EM-01,em01.powerFactor,Good,0.897,
891,2026-09-15 23:44:49.042,EM-01,em01.frequency,Good,50.01,
892,2026-09-15 23:44:49.042,EM-01,em01.demand,Good,123,
893,2026-09-15 23:44:49.042,EM-01,em01.energyF64,Good,9.25891666666665,
894,2026-09-15 23:44:49.042,EM-01,em01.unbalance,Good,1.578947,
896,2026-09-15 23:44:49.049,ENV-01,env01.dewPoint,Good,14.7,
895,2026-09-15 23:44:49.049,GW-LINE-B,mtc01.pumpPressure,Good,3,
897,2026-09-15 23:44:49.049,ENV-01,env01.noise,Good,72,
898,2026-09-15 23:44:49.049,ENV-01,env01.pm25,Good,31,
899,2026-09-15 23:44:49.049,GW-LINE-B,mtc01.pumpFlow,Good,39,
900,2026-09-15 23:44:49.049,ENV-01,env01.pressureDiff,Good,9,
901,2026-09-15 23:44:49.049,GW-LINE-B,mtc01.pumpCurrent,Good,6,
902,2026-09-15 23:44:49.049,GW-LINE-B,mtc01.heatPower,Good,7,
903,2026-09-15 23:44:49.049,ENV-01,env01.illuminance,Good,464,
904,2026-09-15 23:44:49.049,GW-LINE-B,mtc01.tempAvg,Good,995.175,
905,2026-09-15 23:44:49.049,ENV-01,env01.tempFluctuation,Good,12.37113,
906,2026-09-15 23:44:49.055,GW-LINE-B,dry01.dewPoint,Good,-34,
907,2026-09-15 23:44:49.055,GW-LINE-B,dry01.materialLevel,Good,73,
908,2026-09-15 23:44:49.055,GW-LINE-B,dry01.heatPower,Good,7,
909,2026-09-15 23:44:49.056,GW-LINE-B,dry01.levelTrend,Good,-1.130675,
910,2026-09-15 23:44:49.061,GW-LINE-B,rob01.posY,Good,404,
911,2026-09-15 23:44:49.061,GW-LINE-B,rob01.posZ,Good,205,
912,2026-09-15 23:44:49.061,GW-LINE-B,rob01.trajectory,Good,0.1404718,
913,2026-09-15 23:44:49.544,IM-01,im01.prodTime,Good,09/15/2026 23:44:49,
914,2026-09-15 23:44:50.034,IM-01,im01.moldTemp,Good,84.6,
915,2026-09-15 23:44:50.034,IM-01,im01.oilTemp,Good,44.4,
916,2026-09-15 23:44:50.034,IM-01,im01.energyTotal,Good,0.930888888888877,
917,2026-09-15 23:44:50.041,EM-01,em01.totalEnergy,Good,915.07,
918,2026-09-15 23:44:50.041,EM-01,em01.forwardEnergy,Good,915.07,
919,2026-09-15 23:44:50.041,EM-01,em01.voltageA,Good,381,
920,2026-09-15 23:44:50.041,EM-01,em01.voltageB,Good,382,
921,2026-09-15 23:44:50.041,EM-01,em01.voltageC,Good,375,
922,2026-09-15 23:44:50.041,EM-01,em01.currentA,Good,122.8,
923,2026-09-15 23:44:50.041,EM-01,em01.activePower,Good,114,
924,2026-09-15 23:44:50.041,EM-01,em01.reactivePower,Good,37,
925,2026-09-15 23:44:50.041,EM-01,em01.powerFactor,Good,0.906,
926,2026-09-15 23:44:50.041,EM-01,em01.frequency,Good,50,
927,2026-09-15 23:44:50.041,EM-01,em01.demand,Good,114,
928,2026-09-15 23:44:50.041,EM-01,em01.energyF64,Good,9.29108333333332,
929,2026-09-15 23:44:50.041,EM-01,em01.unbalance,Good,1.842105,
930,2026-09-15 23:44:50.049,ENV-01,env01.roomTemp,Good,24,
931,2026-09-15 23:44:50.049,ENV-01,env01.humidity,Good,54,
932,2026-09-15 23:44:50.049,ENV-01,env01.dewPoint,Good,14.9,
933,2026-09-15 23:44:50.049,ENV-01,env01.noise,Good,71,
934,2026-09-15 23:44:50.049,ENV-01,env01.pm25,Good,51,
935,2026-09-15 23:44:50.049,ENV-01,env01.pressureDiff,Good,5,
936,2026-09-15 23:44:50.049,ENV-01,env01.illuminance,Good,392,
937,2026-09-15 23:44:50.049,ENV-01,env01.tempFluctuation,Good,12.57006,
938,2026-09-15 23:44:50.049,GW-LINE-B,mtc01.pumpPressure,Good,5,
939,2026-09-15 23:44:50.049,GW-LINE-B,mtc01.pumpFlow,Good,36,
940,2026-09-15 23:44:50.049,GW-LINE-B,mtc01.pumpCurrent,Good,3.4,
941,2026-09-15 23:44:50.049,GW-LINE-B,mtc01.heatPower,Good,3,
942,2026-09-15 23:44:50.049,GW-LINE-B,mtc01.tempAvg,Good,995.0473,
943,2026-09-15 23:44:50.057,GW-LINE-B,dry01.dewPoint,Good,-34.6,
944,2026-09-15 23:44:50.057,GW-LINE-B,dry01.heatPower,Good,3,
945,2026-09-15 23:44:50.057,GW-LINE-B,dry01.fanCurrent,Good,0.8,
946,2026-09-15 23:44:50.059,GW-LINE-B,dry01.levelTrend,Good,-1.153505,
947,2026-09-15 23:44:50.062,GW-LINE-B,rob01.inPlace,Good,True,
948,2026-09-15 23:44:50.064,GW-LINE-B,rob01.totalPicks,Good,10,
949,2026-09-15 23:44:50.064,GW-LINE-B,rob01.successPicks,Good,10,
950,2026-09-15 23:44:50.064,GW-LINE-B,rob01.posX,Good,5,
951,2026-09-15 23:44:50.064,GW-LINE-B,rob01.posY,Good,3,
952,2026-09-15 23:44:50.064,GW-LINE-B,rob01.posZ,Good,8,
953,2026-09-15 23:44:50.064,GW-LINE-B,rob01.gripState,Good,0,
954,2026-09-15 23:44:50.064,GW-LINE-B,rob01.trajectory,Good,5.054496,
955,2026-09-15 23:44:50.546,IM-01,im01.prodTime,Good,09/15/2026 23:44:50,
956,2026-09-15 23:44:51.034,IM-01,im01.moldTemp,Good,84.5,
957,2026-09-15 23:44:51.034,IM-01,im01.oilTemp,Good,44.6,
958,2026-09-15 23:44:51.034,IM-01,im01.energyTotal,Good,0.931722222222211,
959,2026-09-15 23:44:51.042,EM-01,em01.totalEnergy,Good,918.09,
960,2026-09-15 23:44:51.042,EM-01,em01.forwardEnergy,Good,918.09,
961,2026-09-15 23:44:51.042,EM-01,em01.voltageA,Good,382,
962,2026-09-15 23:44:51.042,EM-01,em01.voltageB,Good,379,
963,2026-09-15 23:44:51.042,EM-01,em01.voltageC,Good,383,
964,2026-09-15 23:44:51.042,EM-01,em01.currentA,Good,162.7,
965,2026-09-15 23:44:51.042,EM-01,em01.activePower,Good,125,
966,2026-09-15 23:44:51.042,EM-01,em01.reactivePower,Good,40,
967,2026-09-15 23:44:51.042,EM-01,em01.powerFactor,Good,0.88,
968,2026-09-15 23:44:51.042,EM-01,em01.frequency,Good,49.97,
969,2026-09-15 23:44:51.042,EM-01,em01.demand,Good,125,
970,2026-09-15 23:44:51.042,EM-01,em01.energyF64,Good,9.32186111111109,
971,2026-09-15 23:44:51.042,EM-01,em01.unbalance,Good,1.052632,
972,2026-09-15 23:44:51.049,GW-LINE-B,mtc01.pumpPressure,Good,2,
973,2026-09-15 23:44:51.049,GW-LINE-B,mtc01.pumpFlow,Good,25,
974,2026-09-15 23:44:51.049,GW-LINE-B,mtc01.pumpCurrent,Good,5.9,
975,2026-09-15 23:44:51.049,GW-LINE-B,mtc01.heatPower,Good,5,
976,2026-09-15 23:44:51.049,GW-LINE-B,mtc01.tempAvg,Good,994.6705,
977,2026-09-15 23:44:51.049,ENV-01,env01.noise,Good,75,
978,2026-09-15 23:44:51.049,ENV-01,env01.pm25,Good,45,
979,2026-09-15 23:44:51.049,ENV-01,env01.pressureDiff,Good,4,
980,2026-09-15 23:44:51.049,ENV-01,env01.illuminance,Good,476,
981,2026-09-15 23:44:51.049,ENV-01,env01.tempFluctuation,Good,12.2186,
982,2026-09-15 23:44:51.055,GW-LINE-B,dry01.dewPoint,Good,-35,
983,2026-09-15 23:44:51.055,GW-LINE-B,dry01.heatPower,Good,7,
984,2026-09-15 23:44:51.055,GW-LINE-B,dry01.fanCurrent,Good,1.3,
985,2026-09-15 23:44:51.057,GW-LINE-B,dry01.levelTrend,Good,-1.19013,
986,2026-09-15 23:44:51.062,GW-LINE-B,rob01.cycleTime,Good,2.8,
987,2026-09-15 23:44:51.062,GW-LINE-B,rob01.posX,Good,6,
988,2026-09-15 23:44:51.062,GW-LINE-B,rob01.posY,Good,2,
989,2026-09-15 23:44:51.062,GW-LINE-B,rob01.trajectory,Good,6.220294,
990,2026-09-15 23:44:51.545,IM-01,im01.prodTime,Good,09/15/2026 23:44:51,
991,2026-09-15 23:44:52.034,IM-01,im01.oilTemp,Good,44.7,
992,2026-09-15 23:44:52.034,IM-01,im01.energyTotal,Good,0.932555555555544,
993,2026-09-15 23:44:52.042,EM-01,em01.totalEnergy,Good,921.29,
994,2026-09-15 23:44:52.042,EM-01,em01.forwardEnergy,Good,921.29,
995,2026-09-15 23:44:52.042,EM-01,em01.voltageA,Good,377,
996,2026-09-15 23:44:52.042,EM-01,em01.voltageC,Good,382,
997,2026-09-15 23:44:52.042,EM-01,em01.currentA,Good,135.2,
998,2026-09-15 23:44:52.042,EM-01,em01.activePower,Good,129,
999,2026-09-15 23:44:52.042,EM-01,em01.reactivePower,Good,20,
1000,2026-09-15 23:44:52.042,EM-01,em01.powerFactor,Good,0.882,
1001,2026-09-15 23:44:52.042,EM-01,em01.frequency,Good,50.1,
1002,2026-09-15 23:44:52.042,EM-01,em01.demand,Good,129,
1003,2026-09-15 23:44:52.042,EM-01,em01.energyF64,Good,9.3544722222222,
1004,2026-09-15 23:44:52.042,EM-01,em01.unbalance,Good,1.315789,
1005,2026-09-15 23:44:52.049,GW-LINE-B,mtc01.actualTemp,Good,99.4,
1006,2026-09-15 23:44:52.049,ENV-01,env01.roomTemp,Good,23.9,
1007,2026-09-15 23:44:52.049,GW-LINE-B,mtc01.pumpFlow,Good,22,
1008,2026-09-15 23:44:52.049,GW-LINE-B,mtc01.pumpCurrent,Good,3,
1009,2026-09-15 23:44:52.049,GW-LINE-B,mtc01.heatPower,Good,6,
1010,2026-09-15 23:44:52.049,GW-LINE-B,mtc01.outletTemp,Good,99.9,
1012,2026-09-15 23:44:52.049,ENV-01,env01.noise,Good,76,
1011,2026-09-15 23:44:52.049,GW-LINE-B,mtc01.tempAvg,Good,993.519,
1013,2026-09-15 23:44:52.049,ENV-01,env01.pm25,Good,35,
1014,2026-09-15 23:44:52.049,ENV-01,env01.pressureDiff,Good,5,
1015,2026-09-15 23:44:52.049,ENV-01,env01.illuminance,Good,312,
1016,2026-09-15 23:44:52.049,ENV-01,env01.tempFluctuation,Good,12.28742,
1017,2026-09-15 23:44:52.056,GW-LINE-B,dry01.dewPoint,Good,-34.6,
1018,2026-09-15 23:44:52.056,GW-LINE-B,dry01.materialLevel,Good,72,
1019,2026-09-15 23:44:52.056,GW-LINE-B,dry01.fanCurrent,Good,1.2,
1020,2026-09-15 23:44:52.057,GW-LINE-B,dry01.levelTrend,Good,-1.220374,
1021,2026-09-15 23:44:52.062,GW-LINE-B,rob01.cycleTime,Good,3,
1022,2026-09-15 23:44:52.062,GW-LINE-B,rob01.posX,Good,5,
1023,2026-09-15 23:44:52.062,GW-LINE-B,rob01.trajectory,Good,5.298076,
1024,2026-09-15 23:44:52.546,IM-01,im01.prodTime,Good,09/15/2026 23:44:52,
1025,2026-09-15 23:44:53.035,IM-01,im01.moldTemp,Good,84.6,
1026,2026-09-15 23:44:53.035,IM-01,im01.oilTemp,Good,44.2,
1027,2026-09-15 23:44:53.035,IM-01,im01.energyTotal,Good,0.933388888888877,
1028,2026-09-15 23:44:53.043,EM-01,em01.totalEnergy,Good,924.3,
1029,2026-09-15 23:44:53.043,EM-01,em01.forwardEnergy,Good,924.3,
1030,2026-09-15 23:44:53.043,EM-01,em01.voltageA,Good,375,
1031,2026-09-15 23:44:53.043,EM-01,em01.voltageB,Good,377,
1032,2026-09-15 23:44:53.043,EM-01,em01.voltageC,Good,376,
1033,2026-09-15 23:44:53.043,EM-01,em01.currentA,Good,133.7,
1034,2026-09-15 23:44:53.043,EM-01,em01.activePower,Good,102,
1035,2026-09-15 23:44:53.043,EM-01,em01.reactivePower,Good,35,
1036,2026-09-15 23:44:53.043,EM-01,em01.powerFactor,Good,0.91,
1037,2026-09-15 23:44:53.043,EM-01,em01.frequency,Good,50.06,
1038,2026-09-15 23:44:53.043,EM-01,em01.demand,Good,102,
1039,2026-09-15 23:44:53.043,EM-01,em01.energyF64,Good,9.38499999999998,
1040,2026-09-15 23:44:53.043,EM-01,em01.unbalance,Good,0.5263158,
1041,2026-09-15 23:44:53.050,GW-LINE-B,mtc01.actualTemp,Good,99.3,
1042,2026-09-15 23:44:53.050,ENV-01,env01.dewPoint,Good,14.8,
1043,2026-09-15 23:44:53.050,ENV-01,env01.noise,Good,72,
1044,2026-09-15 23:44:53.050,ENV-01,env01.pm25,Good,48,
1045,2026-09-15 23:44:53.050,GW-LINE-B,mtc01.pumpPressure,Good,3,
1046,2026-09-15 23:44:53.050,ENV-01,env01.pressureDiff,Good,13,
1047,2026-09-15 23:44:53.050,ENV-01,env01.illuminance,Good,367,
1048,2026-09-15 23:44:53.050,GW-LINE-B,mtc01.pumpFlow,Good,16,
1049,2026-09-15 23:44:53.050,GW-LINE-B,mtc01.pumpCurrent,Good,5.7,
1050,2026-09-15 23:44:53.050,ENV-01,env01.tempFluctuation,Good,12.23887,
1051,2026-09-15 23:44:53.050,GW-LINE-B,mtc01.heatPower,Good,8,
1052,2026-09-15 23:44:53.050,GW-LINE-B,mtc01.outletTemp,Good,99.8,
1053,2026-09-15 23:44:53.050,GW-LINE-B,mtc01.tempAvg,Good,993.3599,
1054,2026-09-15 23:44:53.056,GW-LINE-B,dry01.dewPoint,Good,-34.8,
1055,2026-09-15 23:44:53.056,GW-LINE-B,dry01.heatPower,Good,4,
1056,2026-09-15 23:44:53.056,GW-LINE-B,dry01.fanCurrent,Good,1.4,
1057,2026-09-15 23:44:53.058,GW-LINE-B,dry01.levelTrend,Good,-1.249135,
1058,2026-09-15 23:44:53.063,GW-LINE-B,rob01.cycleTime,Good,3.1,
1059,2026-09-15 23:44:53.063,GW-LINE-B,rob01.posX,Good,6,
1060,2026-09-15 23:44:53.063,GW-LINE-B,rob01.trajectory,Good,5.775662,
1061,2026-09-15 23:44:53.547,IM-01,im01.prodTime,Good,09/15/2026 23:44:53,
1063,2026-09-15 23:44:54.023,IM-01,im01.clampForceDev,Good,-48,
1064,2026-09-15 23:44:54.024,GW-LINE-B,mtc01.runSeconds,Good,2990,
1065,2026-09-15 23:44:54.024,GW-LINE-B,mtc01.energyTotal,Good,0.452972222222226,
1066,2026-09-15 23:44:54.025,EM-01,em01.readTime,Good,09/15/2026 23:44:53,
1067,2026-09-15 23:44:54.025,GW-LINE-B,mtc01.tempDeviation,Good,-0.6,
1068,2026-09-15 23:44:54.031,ENV-01,env01.runSeconds,Good,2990,
1069,2026-09-15 23:44:54.031,ENV-01,env01.sampleTime,Good,09/15/2026 23:44:53,
1070,2026-09-15 23:44:54.032,GW-LINE-B,dry01.drySeconds,Good,2778,
1071,2026-09-15 23:44:54.032,GW-LINE-B,dry01.energyTotal,Good,0.45666666666667,
1072,2026-09-15 23:44:54.033,GW-LINE-B,dry01.dewDeviation,Good,0.4,
1073,2026-09-15 23:44:54.035,IM-01,im01.oilTemp,Good,44.3,
1074,2026-09-15 23:44:54.035,IM-01,im01.energyTotal,Good,0.93422222222221,
1075,2026-09-15 23:44:54.040,GW-LINE-B,rob01.runSeconds,Good,2990,
1076,2026-09-15 23:44:54.042,GW-LINE-B,rob01.energyTotal,Good,0.419749999999999,
1077,2026-09-15 23:44:54.043,GW-LINE-B,rob01.posDeviation,Good,-94,
1078,2026-09-15 23:44:54.043,EM-01,em01.totalEnergy,Good,927.31,
1079,2026-09-15 23:44:54.043,EM-01,em01.forwardEnergy,Good,927.31,
1080,2026-09-15 23:44:54.043,EM-01,em01.voltageA,Good,380,
1081,2026-09-15 23:44:54.043,EM-01,em01.voltageB,Good,383,
1082,2026-09-15 23:44:54.043,EM-01,em01.voltageC,Good,382,
1083,2026-09-15 23:44:54.043,EM-01,em01.currentA,Good,145.4,
1084,2026-09-15 23:44:54.043,EM-01,em01.activePower,Good,111,
1085,2026-09-15 23:44:54.043,EM-01,em01.reactivePower,Good,25,
1086,2026-09-15 23:44:54.043,EM-01,em01.powerFactor,Good,0.886,
1087,2026-09-15 23:44:54.043,EM-01,em01.frequency,Good,49.97,
1088,2026-09-15 23:44:54.043,EM-01,em01.demand,Good,111,
1089,2026-09-15 23:44:54.043,EM-01,em01.energyF64,Good,9.41549999999998,
1090,2026-09-15 23:44:54.043,EM-01,em01.unbalance,Good,0.7894737,
1091,2026-09-15 23:44:54.050,GW-LINE-B,mtc01.actualTemp,Good,99.4,
1092,2026-09-15 23:44:54.050,GW-LINE-B,mtc01.pumpFlow,Good,24,
1093,2026-09-15 23:44:54.050,GW-LINE-B,mtc01.pumpCurrent,Good,5.2,
1094,2026-09-15 23:44:54.050,GW-LINE-B,mtc01.outletTemp,Good,99.9,
1095,2026-09-15 23:44:54.050,GW-LINE-B,mtc01.tempAvg,Good,994.1571,
1096,2026-09-15 23:44:54.051,ENV-01,env01.humidity,Good,52,
1097,2026-09-15 23:44:54.051,ENV-01,env01.dewPoint,Good,14.5,
1098,2026-09-15 23:44:54.051,ENV-01,env01.noise,Good,70,
1099,2026-09-15 23:44:54.051,ENV-01,env01.pm25,Good,46,
1100,2026-09-15 23:44:54.051,ENV-01,env01.pressureDiff,Good,10,
1101,2026-09-15 23:44:54.051,ENV-01,env01.illuminance,Good,401,
1102,2026-09-15 23:44:54.051,ENV-01,env01.tempFluctuation,Good,12.30226,
1103,2026-09-15 23:44:54.057,GW-LINE-B,dry01.dewPoint,Good,-34.6,
1104,2026-09-15 23:44:54.057,GW-LINE-B,dry01.heatPower,Good,8,
1105,2026-09-15 23:44:54.057,GW-LINE-B,dry01.fanCurrent,Good,1,
1106,2026-09-15 23:44:54.059,GW-LINE-B,dry01.levelTrend,Good,-1.274454,
1107,2026-09-15 23:44:54.063,GW-LINE-B,rob01.cycleTime,Good,3,
1108,2026-09-15 23:44:54.063,GW-LINE-B,rob01.trajectory,Good,6.139044,
1109,2026-09-15 23:44:54.548,IM-01,im01.prodTime,Good,09/15/2026 23:44:54,
1110,2026-09-15 23:44:55.035,IM-01,im01.moldTemp,Good,84.5,
1111,2026-09-15 23:44:55.035,IM-01,im01.energyTotal,Good,0.935055555555544,
1112,2026-09-15 23:44:55.043,EM-01,em01.totalEnergy,Good,930.25,
1113,2026-09-15 23:44:55.043,EM-01,em01.forwardEnergy,Good,930.25,
1114,2026-09-15 23:44:55.043,EM-01,em01.voltageA,Good,384,
1115,2026-09-15 23:44:55.043,EM-01,em01.voltageB,Good,385,
1116,2026-09-15 23:44:55.043,EM-01,em01.voltageC,Good,376,
1117,2026-09-15 23:44:55.043,EM-01,em01.currentA,Good,157.8,
1118,2026-09-15 23:44:55.043,EM-01,em01.activePower,Good,93,
1119,2026-09-15 23:44:55.043,EM-01,em01.reactivePower,Good,21,
1120,2026-09-15 23:44:55.043,EM-01,em01.powerFactor,Good,0.944,
1121,2026-09-15 23:44:55.043,EM-01,em01.frequency,Good,50.1,
1122,2026-09-15 23:44:55.043,EM-01,em01.demand,Good,93,
1123,2026-09-15 23:44:55.043,EM-01,em01.energyF64,Good,9.4453611111111,
1124,2026-09-15 23:44:55.043,EM-01,em01.unbalance,Good,2.368421,
1125,2026-09-15 23:44:55.050,ENV-01,env01.humidity,Good,54,
1126,2026-09-15 23:44:55.050,GW-LINE-B,mtc01.actualTemp,Good,99.3,
1127,2026-09-15 23:44:55.050,ENV-01,env01.dewPoint,Good,14.8,
1128,2026-09-15 23:44:55.050,ENV-01,env01.noise,Good,75,
1129,2026-09-15 23:44:55.050,GW-LINE-B,mtc01.pumpPressure,Good,2,
1130,2026-09-15 23:44:55.050,ENV-01,env01.pm25,Good,58,
1131,2026-09-15 23:44:55.050,GW-LINE-B,mtc01.pumpFlow,Good,26,
1132,2026-09-15 23:44:55.050,ENV-01,env01.pressureDiff,Good,3,
1133,2026-09-15 23:44:55.050,ENV-01,env01.illuminance,Good,456,
1134,2026-09-15 23:44:55.050,GW-LINE-B,mtc01.pumpCurrent,Good,4,
1135,2026-09-15 23:44:55.050,GW-LINE-B,mtc01.heatPower,Good,5,
1136,2026-09-15 23:44:55.050,ENV-01,env01.tempFluctuation,Good,12.43517,
1137,2026-09-15 23:44:55.050,GW-LINE-B,mtc01.outletTemp,Good,99.8,
1138,2026-09-15 23:44:55.050,GW-LINE-B,mtc01.tempAvg,Good,993.2719,
1139,2026-09-15 23:44:55.057,GW-LINE-B,dry01.materialLevel,Good,71,
1140,2026-09-15 23:44:55.057,GW-LINE-B,dry01.heatPower,Good,3,
1141,2026-09-15 23:44:55.057,GW-LINE-B,dry01.fanCurrent,Good,1.6,
1142,2026-09-15 23:44:55.058,GW-LINE-B,dry01.levelTrend,Good,-1.306842,
1143,2026-09-15 23:44:55.063,GW-LINE-B,rob01.cycleTime,Good,3.2,
1144,2026-09-15 23:44:55.063,GW-LINE-B,rob01.posY,Good,1,
1145,2026-09-15 23:44:55.063,GW-LINE-B,rob01.trajectory,Good,5.85062,
1146,2026-09-15 23:44:55.548,IM-01,im01.prodTime,Good,09/15/2026 23:44:55,
1147,2026-09-15 23:44:56.036,IM-01,im01.oilTemp,Good,44.6,
1148,2026-09-15 23:44:56.036,IM-01,im01.energyTotal,Good,0.935888888888877,
1149,2026-09-15 23:44:56.044,EM-01,em01.totalEnergy,Good,933.2,
1150,2026-09-15 23:44:56.044,EM-01,em01.forwardEnergy,Good,933.2,
1151,2026-09-15 23:44:56.044,EM-01,em01.voltageB,Good,382,
1152,2026-09-15 23:44:56.044,EM-01,em01.voltageC,Good,379,
1153,2026-09-15 23:44:56.044,EM-01,em01.currentA,Good,189.3,
1154,2026-09-15 23:44:56.044,EM-01,em01.activePower,Good,114,
1155,2026-09-15 23:44:56.044,EM-01,em01.reactivePower,Good,39,
1156,2026-09-15 23:44:56.044,EM-01,em01.powerFactor,Good,0.926,
1157,2026-09-15 23:44:56.044,EM-01,em01.demand,Good,114,
1158,2026-09-15 23:44:56.044,EM-01,em01.energyF64,Good,9.47530555555554,
1159,2026-09-15 23:44:56.044,EM-01,em01.unbalance,Good,1.315789,
1160,2026-09-15 23:44:56.051,GW-LINE-B,mtc01.pumpPressure,Good,3,
1161,2026-09-15 23:44:56.051,GW-LINE-B,mtc01.pumpFlow,Good,38,
1162,2026-09-15 23:44:56.051,GW-LINE-B,mtc01.pumpCurrent,Good,3.5,
1163,2026-09-15 23:44:56.051,GW-LINE-B,mtc01.heatPower,Good,7,
1164,2026-09-15 23:44:56.051,GW-LINE-B,mtc01.tempAvg,Good,992.5139,
1165,2026-09-15 23:44:56.051,ENV-01,env01.humidity,Good,53,
1166,2026-09-15 23:44:56.051,ENV-01,env01.dewPoint,Good,14.7,
1167,2026-09-15 23:44:56.051,ENV-01,env01.noise,Good,71,
1168,2026-09-15 23:44:56.051,ENV-01,env01.pm25,Good,33,
1169,2026-09-15 23:44:56.051,ENV-01,env01.pressureDiff,Good,0,
1170,2026-09-15 23:44:56.051,ENV-01,env01.illuminance,Good,445,
1171,2026-09-15 23:44:56.051,ENV-01,env01.tempFluctuation,Good,12.51052,
1172,2026-09-15 23:44:56.058,GW-LINE-B,dry01.dewPoint,Good,-34.8,
1173,2026-09-15 23:44:56.058,GW-LINE-B,dry01.heatPower,Good,5,
1174,2026-09-15 23:44:56.058,GW-LINE-B,dry01.fanCurrent,Good,1.4,
1175,2026-09-15 23:44:56.060,GW-LINE-B,dry01.levelTrend,Good,-1.333033,
1176,2026-09-15 23:44:56.065,GW-LINE-B,rob01.cycleTime,Good,2.9,
1177,2026-09-15 23:44:56.065,GW-LINE-B,rob01.posX,Good,5,
1178,2026-09-15 23:44:56.065,GW-LINE-B,rob01.trajectory,Good,4.939652,
1179,2026-09-15 23:44:56.549,IM-01,im01.prodTime,Good,09/15/2026 23:44:56,
1180,2026-09-15 23:44:57.036,IM-01,im01.oilTemp,Good,44.4,
1181,2026-09-15 23:44:57.036,IM-01,im01.energyTotal,Good,0.93672222222221,
1182,2026-09-15 23:44:57.044,EM-01,em01.totalEnergy,Good,936.1,
1183,2026-09-15 23:44:57.044,EM-01,em01.forwardEnergy,Good,936.1,
1184,2026-09-15 23:44:57.044,EM-01,em01.voltageA,Good,376,
1185,2026-09-15 23:44:57.044,EM-01,em01.voltageB,Good,386,
1186,2026-09-15 23:44:57.044,EM-01,em01.voltageC,Good,382,
1187,2026-09-15 23:44:57.044,EM-01,em01.currentA,Good,188.9,
1188,2026-09-15 23:44:57.044,EM-01,em01.powerFactor,Good,0.944,
1189,2026-09-15 23:44:57.044,EM-01,em01.frequency,Good,50.08,
1190,2026-09-15 23:44:57.044,EM-01,em01.energyF64,Good,9.50491666666665,
1191,2026-09-15 23:44:57.044,EM-01,em01.unbalance,Good,2.631579,
1192,2026-09-15 23:44:57.051,ENV-01,env01.roomTemp,Good,24,
1193,2026-09-15 23:44:57.051,GW-LINE-B,mtc01.pumpFlow,Good,40,
1194,2026-09-15 23:44:57.051,ENV-01,env01.dewPoint,Good,14.8,
1195,2026-09-15 23:44:57.051,ENV-01,env01.pm25,Good,31,
1196,2026-09-15 23:44:57.051,ENV-01,env01.pressureDiff,Good,5,
1197,2026-09-15 23:44:57.051,ENV-01,env01.illuminance,Good,469,
1198,2026-09-15 23:44:57.051,GW-LINE-B,mtc01.pumpCurrent,Good,5.1,
1199,2026-09-15 23:44:57.051,GW-LINE-B,mtc01.heatPower,Good,6,
1200,2026-09-15 23:44:57.051,ENV-01,env01.tempFluctuation,Good,12.15636,
1201,2026-09-15 23:44:57.051,GW-LINE-B,mtc01.tempAvg,Good,992.6922,
1202,2026-09-15 23:44:57.057,GW-LINE-B,dry01.dewPoint,Good,-34.9,
1203,2026-09-15 23:44:57.057,GW-LINE-B,dry01.heatPower,Good,8,
1204,2026-09-15 23:44:57.059,GW-LINE-B,dry01.levelTrend,Good,-1.362951,
1205,2026-09-15 23:44:57.064,GW-LINE-B,rob01.cycleTime,Good,2.8,
1206,2026-09-15 23:44:57.064,GW-LINE-B,rob01.posX,Good,6,
1207,2026-09-15 23:44:57.064,GW-LINE-B,rob01.posY,Good,2,
1208,2026-09-15 23:44:57.064,GW-LINE-B,rob01.trajectory,Good,6.268294,
1209,2026-09-15 23:44:57.550,IM-01,im01.prodTime,Good,09/15/2026 23:44:57,
1210,2026-09-15 23:44:58.036,IM-01,im01.moldTemp,Good,84.6,
1211,2026-09-15 23:44:58.036,IM-01,im01.oilTemp,Good,44.6,
1212,2026-09-15 23:44:58.036,IM-01,im01.energyTotal,Good,0.937555555555543,
1213,2026-09-15 23:44:58.044,EM-01,em01.totalEnergy,Good,939.44,
1214,2026-09-15 23:44:58.044,EM-01,em01.forwardEnergy,Good,939.44,
1215,2026-09-15 23:44:58.044,EM-01,em01.voltageA,Good,384,
1216,2026-09-15 23:44:58.044,EM-01,em01.voltageB,Good,384,
1217,2026-09-15 23:44:58.044,EM-01,em01.voltageC,Good,381,
1218,2026-09-15 23:44:58.044,EM-01,em01.currentA,Good,196.1,
1219,2026-09-15 23:44:58.044,EM-01,em01.activePower,Good,136,
1220,2026-09-15 23:44:58.044,EM-01,em01.reactivePower,Good,21,
1221,2026-09-15 23:44:58.044,EM-01,em01.powerFactor,Good,0.899,
1222,2026-09-15 23:44:58.044,EM-01,em01.frequency,Good,49.93,
1223,2026-09-15 23:44:58.044,EM-01,em01.demand,Good,136,
1224,2026-09-15 23:44:58.044,EM-01,em01.energyF64,Good,9.53894444444443,
1225,2026-09-15 23:44:58.044,EM-01,em01.unbalance,Good,0.7894737,
1226,2026-09-15 23:44:58.052,GW-LINE-B,mtc01.actualTemp,Good,99.4,
1227,2026-09-15 23:44:58.052,GW-LINE-B,mtc01.pumpPressure,Good,4,
1228,2026-09-15 23:44:58.052,GW-LINE-B,mtc01.pumpFlow,Good,39,
1229,2026-09-15 23:44:58.052,GW-LINE-B,mtc01.pumpCurrent,Good,4.8,
1230,2026-09-15 23:44:58.052,GW-LINE-B,mtc01.outletTemp,Good,99.9,
1231,2026-09-15 23:44:58.052,GW-LINE-B,mtc01.tempAvg,Good,993.5997,
1232,2026-09-15 23:44:58.052,ENV-01,env01.roomTemp,Good,24.1,
1233,2026-09-15 23:44:58.053,ENV-01,env01.humidity,Good,54,
1234,2026-09-15 23:44:58.053,ENV-01,env01.dewPoint,Good,15,
1235,2026-09-15 23:44:58.053,ENV-01,env01.noise,Good,76,
1236,2026-09-15 23:44:58.053,ENV-01,env01.pm25,Good,60,
1237,2026-09-15 23:44:58.053,ENV-01,env01.illuminance,Good,334,
1238,2026-09-15 23:44:58.053,ENV-01,env01.tempFluctuation,Good,12.53782,
1239,2026-09-15 23:44:58.058,GW-LINE-B,dry01.dewPoint,Good,-35,
1240,2026-09-15 23:44:58.058,GW-LINE-B,dry01.heatPower,Good,6,
1241,2026-09-15 23:44:58.058,GW-LINE-B,dry01.fanCurrent,Good,1.6,
1242,2026-09-15 23:44:58.059,GW-LINE-B,dry01.levelTrend,Good,-1.397392,
1243,2026-09-15 23:44:58.064,GW-LINE-B,rob01.cycleTime,Good,3,
1244,2026-09-15 23:44:58.064,GW-LINE-B,rob01.trajectory,Good,5.75654,
1245,2026-09-15 23:44:58.551,IM-01,im01.prodTime,Good,09/15/2026 23:44:58,
1247,2026-09-15 23:44:59.024,GW-LINE-B,mtc01.runSeconds,Good,3040,
1248,2026-09-15 23:44:59.024,IM-01,im01.clampForceDev,Good,-44,
1249,2026-09-15 23:44:59.024,GW-LINE-B,mtc01.energyTotal,Good,0.461055555555559,
1250,2026-09-15 23:44:59.026,GW-LINE-B,mtc01.tempDeviation,Good,-0.5,
1251,2026-09-15 23:44:59.026,ENV-01,env01.runSeconds,Good,3040,
1252,2026-09-15 23:44:59.026,ENV-01,env01.sampleTime,Good,09/15/2026 23:44:58,
1253,2026-09-15 23:44:59.029,ENV-01,env01.tempDeviation,Good,0.1,
1254,2026-09-15 23:44:59.030,GW-LINE-B,dry01.drySeconds,Good,2828,
1255,2026-09-15 23:44:59.030,GW-LINE-B,dry01.energyTotal,Good,0.464777777777781,
1256,2026-09-15 23:44:59.032,GW-LINE-B,dry01.dewDeviation,Good,0.3,
1257,2026-09-15 23:44:59.033,EM-01,em01.readTime,Good,09/15/2026 23:44:58,
1258,2026-09-15 23:44:59.036,GW-LINE-B,rob01.runSeconds,Good,3040,
1259,2026-09-15 23:44:59.036,IM-01,im01.energyTotal,Good,0.938388888888877,
1260,2026-09-15 23:44:59.038,GW-LINE-B,rob01.energyTotal,Good,0.426333333333333,
1261,2026-09-15 23:44:59.044,EM-01,em01.totalEnergy,Good,942.83,
1262,2026-09-15 23:44:59.044,EM-01,em01.forwardEnergy,Good,942.83,
1263,2026-09-15 23:44:59.044,EM-01,em01.voltageA,Good,378,
1264,2026-09-15 23:44:59.044,EM-01,em01.voltageB,Good,383,
1265,2026-09-15 23:44:59.044,EM-01,em01.voltageC,Good,378,
1266,2026-09-15 23:44:59.044,EM-01,em01.currentA,Good,137.5,
1267,2026-09-15 23:44:59.044,EM-01,em01.activePower,Good,110,
1268,2026-09-15 23:44:59.044,EM-01,em01.reactivePower,Good,24,
1269,2026-09-15 23:44:59.044,EM-01,em01.powerFactor,Good,0.866,
1270,2026-09-15 23:44:59.044,EM-01,em01.frequency,Good,49.97,
1271,2026-09-15 23:44:59.044,EM-01,em01.demand,Good,110,
1272,2026-09-15 23:44:59.044,EM-01,em01.energyF64,Good,9.57338888888887,
1273,2026-09-15 23:44:59.044,EM-01,em01.unbalance,Good,1.315789,
1274,2026-09-15 23:44:59.051,GW-LINE-B,mtc01.actualTemp,Good,99.5,
1275,2026-09-15 23:44:59.051,ENV-01,env01.humidity,Good,55,
1276,2026-09-15 23:44:59.051,ENV-01,env01.dewPoint,Good,15.1,
1277,2026-09-15 23:44:59.051,ENV-01,env01.noise,Good,74,
1278,2026-09-15 23:44:59.051,GW-LINE-B,mtc01.pumpPressure,Good,2,
1279,2026-09-15 23:44:59.051,ENV-01,env01.pm25,Good,55,
1280,2026-09-15 23:44:59.051,GW-LINE-B,mtc01.pumpFlow,Good,20,
1281,2026-09-15 23:44:59.051,ENV-01,env01.pressureDiff,Good,3,
1282,2026-09-15 23:44:59.051,GW-LINE-B,mtc01.pumpCurrent,Good,5.7,
1283,2026-09-15 23:44:59.051,GW-LINE-B,mtc01.outletTemp,Good,100,
1284,2026-09-15 23:44:59.051,ENV-01,env01.illuminance,Good,355,
1285,2026-09-15 23:44:59.051,GW-LINE-B,mtc01.tempAvg,Good,994.8494,
1286,2026-09-15 23:44:59.051,ENV-01,env01.tempFluctuation,Good,12.85511,
1287,2026-09-15 23:44:59.054,ENV-01,env01.acSetTemp,Good,28,
1288,2026-09-15 23:44:59.057,GW-LINE-B,dry01.dewPoint,Good,-34.9,
1289,2026-09-15 23:44:59.057,GW-LINE-B,dry01.materialLevel,Good,70,
1290,2026-09-15 23:44:59.057,GW-LINE-B,dry01.heatPower,Good,8,
1291,2026-09-15 23:44:59.059,GW-LINE-B,dry01.levelTrend,Good,-1.431204,
1292,2026-09-15 23:44:59.063,GW-LINE-B,rob01.trajectory,Good,6.140784,
1293,2026-09-15 23:44:59.551,IM-01,im01.prodTime,Good,09/15/2026 23:44:59,
1294,2026-09-15 23:45:00.037,IM-01,im01.oilTemp,Good,44.4,
1295,2026-09-15 23:45:00.037,IM-01,im01.energyTotal,Good,0.93922222222221,
1296,2026-09-15 23:45:00.045,EM-01,em01.totalEnergy,Good,945.53,
1297,2026-09-15 23:45:00.045,EM-01,em01.forwardEnergy,Good,945.53,
1298,2026-09-15 23:45:00.045,EM-01,em01.voltageA,Good,380,
1299,2026-09-15 23:45:00.045,EM-01,em01.voltageB,Good,386,
1300,2026-09-15 23:45:00.045,EM-01,em01.voltageC,Good,377,
1301,2026-09-15 23:45:00.045,EM-01,em01.currentA,Good,204.5,
1302,2026-09-15 23:45:00.045,EM-01,em01.activePower,Good,101,
1303,2026-09-15 23:45:00.045,EM-01,em01.reactivePower,Good,22,
1304,2026-09-15 23:45:00.045,EM-01,em01.powerFactor,Good,0.909,
1305,2026-09-15 23:45:00.045,EM-01,em01.frequency,Good,49.92,
1306,2026-09-15 23:45:00.045,EM-01,em01.demand,Good,101,
1307,2026-09-15 23:45:00.045,EM-01,em01.energyF64,Good,9.6007222222222,
1308,2026-09-15 23:45:00.045,EM-01,em01.unbalance,Good,2.368421,
1310,2026-09-15 23:45:00.052,GW-LINE-B,mtc01.pumpFlow,Good,25,
1309,2026-09-15 23:45:00.052,ENV-01,env01.roomTemp,Good,24.7,
1311,2026-09-15 23:45:00.052,GW-LINE-B,mtc01.pumpCurrent,Good,5.3,
1312,2026-09-15 23:45:00.052,GW-LINE-B,mtc01.heatPower,Good,5,
1313,2026-09-15 23:45:00.052,GW-LINE-B,mtc01.tempAvg,Good,995.2065,
1314,2026-09-15 23:45:00.052,ENV-01,env01.dewPoint,Good,15.8,
1315,2026-09-15 23:45:00.052,ENV-01,env01.noise,Good,71,
1316,2026-09-15 23:45:00.052,ENV-01,env01.pressureDiff,Good,2,
1317,2026-09-15 23:45:00.052,ENV-01,env01.illuminance,Good,325,
1318,2026-09-15 23:45:00.052,ENV-01,env01.tempFluctuation,Good,14.58905,
1319,2026-09-15 23:45:00.058,GW-LINE-B,dry01.dewPoint,Good,-34.5,
1320,2026-09-15 23:45:00.058,GW-LINE-B,dry01.fanCurrent,Good,1.8,
1321,2026-09-15 23:45:00.059,GW-LINE-B,dry01.levelTrend,Good,-1.457518,
1322,2026-09-15 23:45:00.064,GW-LINE-B,rob01.cycleTime,Good,2.7,
1323,2026-09-15 23:45:00.064,GW-LINE-B,rob01.posX,Good,5,
1324,2026-09-15 23:45:00.064,GW-LINE-B,rob01.posY,Good,3,
1325,2026-09-15 23:45:00.064,GW-LINE-B,rob01.trajectory,Good,4.807476,
1326,2026-09-15 23:45:00.552,IM-01,im01.prodTime,Good,09/15/2026 23:45:00,
1327,2026-09-15 23:45:01.038,IM-01,im01.moldTemp,Good,84.5,
1328,2026-09-15 23:45:01.038,IM-01,im01.oilTemp,Good,44.9,
1329,2026-09-15 23:45:01.038,IM-01,im01.energyTotal,Good,0.940055555555543,
1330,2026-09-15 23:45:01.045,EM-01,em01.totalEnergy,Good,948.59,
1331,2026-09-15 23:45:01.045,EM-01,em01.forwardEnergy,Good,948.59,
1332,2026-09-15 23:45:01.045,EM-01,em01.voltageA,Good,385,
1333,2026-09-15 23:45:01.045,EM-01,em01.voltageB,Good,383,
1334,2026-09-15 23:45:01.045,EM-01,em01.voltageC,Good,381,
1335,2026-09-15 23:45:01.045,EM-01,em01.currentA,Good,157.2,
1336,2026-09-15 23:45:01.045,EM-01,em01.activePower,Good,113,
1337,2026-09-15 23:45:01.045,EM-01,em01.reactivePower,Good,29,
1338,2026-09-15 23:45:01.045,EM-01,em01.powerFactor,Good,0.924,
1339,2026-09-15 23:45:01.045,EM-01,em01.frequency,Good,50.08,
1340,2026-09-15 23:45:01.045,EM-01,em01.demand,Good,113,
1341,2026-09-15 23:45:01.045,EM-01,em01.energyF64,Good,9.63177777777776,
1342,2026-09-15 23:45:01.045,EM-01,em01.unbalance,Good,1.052632,
1343,2026-09-15 23:45:01.052,ENV-01,env01.roomTemp,Good,25.3,
1344,2026-09-15 23:45:01.052,ENV-01,env01.humidity,Good,54,
1345,2026-09-15 23:45:01.052,ENV-01,env01.dewPoint,Good,16.2,
1347,2026-09-15 23:45:01.052,ENV-01,env01.pm25,Good,21,
1346,2026-09-15 23:45:01.052,GW-LINE-B,mtc01.actualTemp,Good,99.6,
1348,2026-09-15 23:45:01.052,ENV-01,env01.pressureDiff,Good,6,
1349,2026-09-15 23:45:01.052,ENV-01,env01.illuminance,Good,406,
1350,2026-09-15 23:45:01.052,ENV-01,env01.tempFluctuation,Good,16.7543,
1351,2026-09-15 23:45:01.052,GW-LINE-B,mtc01.pumpPressure,Good,4,
1352,2026-09-15 23:45:01.052,GW-LINE-B,mtc01.pumpFlow,Good,38,
1353,2026-09-15 23:45:01.052,GW-LINE-B,mtc01.pumpCurrent,Good,5,
1354,2026-09-15 23:45:01.052,GW-LINE-B,mtc01.heatPower,Good,4,
1355,2026-09-15 23:45:01.052,GW-LINE-B,mtc01.outletTemp,Good,100.1,
1356,2026-09-15 23:45:01.052,GW-LINE-B,mtc01.tempAvg,Good,995.5021,
1357,2026-09-15 23:45:01.058,GW-LINE-B,dry01.dewPoint,Good,-34.9,
1358,2026-09-15 23:45:01.060,GW-LINE-B,dry01.levelTrend,Good,-1.485239,
1359,2026-09-15 23:45:01.065,GW-LINE-B,rob01.cycleTime,Good,3,
1360,2026-09-15 23:45:01.065,GW-LINE-B,rob01.posX,Good,4,
1361,2026-09-15 23:45:01.065,GW-LINE-B,rob01.posY,Good,4,
1362,2026-09-15 23:45:01.065,GW-LINE-B,rob01.trajectory,Good,3.90642,
1363,2026-09-15 23:45:01.553,IM-01,im01.prodTime,Good,09/15/2026 23:45:01,
1364,2026-09-15 23:45:02.039,IM-01,im01.moldTemp,Good,84.6,
1365,2026-09-15 23:45:02.039,IM-01,im01.oilTemp,Good,44.7,
1366,2026-09-15 23:45:02.039,IM-01,im01.energyTotal,Good,0.940888888888876,
1367,2026-09-15 23:45:02.046,EM-01,em01.totalEnergy,Good,951.69,
1368,2026-09-15 23:45:02.046,EM-01,em01.forwardEnergy,Good,951.69,
1369,2026-09-15 23:45:02.046,EM-01,em01.voltageA,Good,378,
1370,2026-09-15 23:45:02.046,EM-01,em01.voltageB,Good,377,
1371,2026-09-15 23:45:02.046,EM-01,em01.voltageC,Good,380,
1372,2026-09-15 23:45:02.046,EM-01,em01.currentA,Good,159.6,
1373,2026-09-15 23:45:02.046,EM-01,em01.activePower,Good,103,
1374,2026-09-15 23:45:02.046,EM-01,em01.reactivePower,Good,38,
1375,2026-09-15 23:45:02.046,EM-01,em01.powerFactor,Good,0.95,
1376,2026-09-15 23:45:02.046,EM-01,em01.demand,Good,103,
1377,2026-09-15 23:45:02.046,EM-01,em01.energyF64,Good,9.66319444444443,
1378,2026-09-15 23:45:02.046,EM-01,em01.unbalance,Good,0.7894737,
1379,2026-09-15 23:45:02.053,ENV-01,env01.roomTemp,Good,25.8,
1380,2026-09-15 23:45:02.053,GW-LINE-B,mtc01.actualTemp,Good,99.3,
1381,2026-09-15 23:45:02.053,ENV-01,env01.humidity,Good,52,
1382,2026-09-15 23:45:02.053,GW-LINE-B,mtc01.pumpPressure,Good,5,
1384,2026-09-15 23:45:02.053,ENV-01,env01.dewPoint,Good,16.4,
1383,2026-09-15 23:45:02.053,GW-LINE-B,mtc01.pumpFlow,Good,18,
1385,2026-09-15 23:45:02.053,ENV-01,env01.noise,Good,78,
1386,2026-09-15 23:45:02.053,ENV-01,env01.pm25,Good,38,
1387,2026-09-15 23:45:02.053,ENV-01,env01.pressureDiff,Good,4,
1388,2026-09-15 23:45:02.053,ENV-01,env01.illuminance,Good,311,
1389,2026-09-15 23:45:02.053,ENV-01,env01.tempFluctuation,Good,17.68621,
1390,2026-09-15 23:45:02.053,GW-LINE-B,mtc01.pumpCurrent,Good,5.5,
1391,2026-09-15 23:45:02.053,GW-LINE-B,mtc01.heatPower,Good,8,
1392,2026-09-15 23:45:02.053,GW-LINE-B,mtc01.outletTemp,Good,99.8,
1393,2026-09-15 23:45:02.053,GW-LINE-B,mtc01.tempAvg,Good,992.5592,
1394,2026-09-15 23:45:02.060,GW-LINE-B,dry01.dewPoint,Good,-34.5,
1395,2026-09-15 23:45:02.060,GW-LINE-B,dry01.materialLevel,Good,69,
1396,2026-09-15 23:45:02.060,GW-LINE-B,dry01.heatPower,Good,6,
1397,2026-09-15 23:45:02.060,GW-LINE-B,dry01.fanCurrent,Good,1.1,
1398,2026-09-15 23:45:02.062,GW-LINE-B,dry01.levelTrend,Good,-1.509402,
1399,2026-09-15 23:45:02.066,GW-LINE-B,rob01.cycleTime,Good,3.1,
1400,2026-09-15 23:45:02.066,GW-LINE-B,rob01.posX,Good,2,
1401,2026-09-15 23:45:02.066,GW-LINE-B,rob01.posY,Good,5,
1402,2026-09-15 23:45:02.066,GW-LINE-B,rob01.trajectory,Good,2.268528,
1403,2026-09-15 23:45:02.554,IM-01,im01.prodTime,Good,09/15/2026 23:45:02,
1404,2026-09-15 23:45:03.039,IM-01,im01.moldTemp,Good,84.5,
1405,2026-09-15 23:45:03.039,IM-01,im01.oilTemp,Good,44.5,
1406,2026-09-15 23:45:03.039,IM-01,im01.energyTotal,Good,0.941722222222209,
1407,2026-09-15 23:45:03.046,EM-01,em01.totalEnergy,Good,954.46,
1408,2026-09-15 23:45:03.046,EM-01,em01.forwardEnergy,Good,954.46,
1409,2026-09-15 23:45:03.046,EM-01,em01.voltageA,Good,379,
1410,2026-09-15 23:45:03.046,EM-01,em01.voltageB,Good,376,
1411,2026-09-15 23:45:03.046,EM-01,em01.voltageC,Good,375,
1412,2026-09-15 23:45:03.046,EM-01,em01.currentA,Good,177.5,
1413,2026-09-15 23:45:03.046,EM-01,em01.activePower,Good,108,
1414,2026-09-15 23:45:03.046,EM-01,em01.reactivePower,Good,21,
1415,2026-09-15 23:45:03.046,EM-01,em01.powerFactor,Good,0.915,
1416,2026-09-15 23:45:03.046,EM-01,em01.frequency,Good,50.09,
1417,2026-09-15 23:45:03.046,EM-01,em01.demand,Good,108,
1418,2026-09-15 23:45:03.046,EM-01,em01.energyF64,Good,9.6913611111111,
1419,2026-09-15 23:45:03.046,EM-01,em01.unbalance,Good,1.052632,
1421,2026-09-15 23:45:03.053,GW-LINE-B,mtc01.actualTemp,Good,99.4,
1420,2026-09-15 23:45:03.053,ENV-01,env01.roomTemp,Good,26.2,
1422,2026-09-15 23:45:03.053,ENV-01,env01.humidity,Good,53,
1423,2026-09-15 23:45:03.053,GW-LINE-B,mtc01.pumpFlow,Good,33,
1424,2026-09-15 23:45:03.053,ENV-01,env01.dewPoint,Good,16.8,
1425,2026-09-15 23:45:03.053,ENV-01,env01.noise,Good,71,
1426,2026-09-15 23:45:03.053,GW-LINE-B,mtc01.pumpCurrent,Good,5.2,
1427,2026-09-15 23:45:03.053,ENV-01,env01.pm25,Good,33,
1428,2026-09-15 23:45:03.053,GW-LINE-B,mtc01.heatPower,Good,3,
1429,2026-09-15 23:45:03.053,GW-LINE-B,mtc01.outletTemp,Good,99.9,
1430,2026-09-15 23:45:03.053,ENV-01,env01.illuminance,Good,441,
1431,2026-09-15 23:45:03.053,ENV-01,env01.tempFluctuation,Good,19.27987,
1432,2026-09-15 23:45:03.053,GW-LINE-B,mtc01.tempAvg,Good,993.9279,
1433,2026-09-15 23:45:03.061,GW-LINE-B,dry01.dewPoint,Good,-33.9,
1434,2026-09-15 23:45:03.061,GW-LINE-B,dry01.heatPower,Good,3,
1435,2026-09-15 23:45:03.061,GW-LINE-B,dry01.fanCurrent,Good,1.9,
1436,2026-09-15 23:45:03.063,GW-LINE-B,dry01.levelTrend,Good,-1.535669,
1437,2026-09-15 23:45:03.067,GW-LINE-B,rob01.cycleTime,Good,3.2,
1438,2026-09-15 23:45:03.067,GW-LINE-B,rob01.posX,Good,3,
1439,2026-09-15 23:45:03.067,GW-LINE-B,rob01.posY,Good,6,
1440,2026-09-15 23:45:03.067,GW-LINE-B,rob01.trajectory,Good,2.859325,
1441,2026-09-15 23:45:03.554,IM-01,im01.prodTime,Good,09/15/2026 23:45:03,
1442,2026-09-15 23:45:04.024,IM-01,im01.clampForceDev,Good,-48,
1443,2026-09-15 23:45:04.024,GW-LINE-B,mtc01.runSeconds,Good,3090,
1444,2026-09-15 23:45:04.024,GW-LINE-B,mtc01.energyTotal,Good,0.46816666666667,
1445,2026-09-15 23:45:04.026,GW-LINE-B,mtc01.tempDeviation,Good,-0.7,
1446,2026-09-15 23:45:04.026,EM-01,em01.readTime,Good,09/15/2026 23:45:03,
1447,2026-09-15 23:45:04.030,GW-LINE-B,dry01.drySeconds,Good,2878,
1448,2026-09-15 23:45:04.030,GW-LINE-B,dry01.energyTotal,Good,0.472194444444448,
1449,2026-09-15 23:45:04.030,ENV-01,env01.runSeconds,Good,3090,
1450,2026-09-15 23:45:04.030,ENV-01,env01.sampleTime,Good,09/15/2026 23:45:03,
1451,2026-09-15 23:45:04.033,ENV-01,env01.tempDeviation,Good,-1.5,
1452,2026-09-15 23:45:04.037,GW-LINE-B,rob01.runSeconds,Good,3090,
1453,2026-09-15 23:45:04.038,GW-LINE-B,rob01.energyTotal,Good,0.433333333333332,
1454,2026-09-15 23:45:04.039,IM-01,im01.energyTotal,Good,0.942555555555543,
1455,2026-09-15 23:45:04.040,GW-LINE-B,rob01.posDeviation,Good,-98,
1456,2026-09-15 23:45:04.046,EM-01,em01.totalEnergy,Good,957.55,
1457,2026-09-15 23:45:04.046,EM-01,em01.forwardEnergy,Good,957.55,
1458,2026-09-15 23:45:04.046,EM-01,em01.voltageA,Good,375,
1459,2026-09-15 23:45:04.046,EM-01,em01.voltageB,Good,385,
1460,2026-09-15 23:45:04.046,EM-01,em01.voltageC,Good,374,
1461,2026-09-15 23:45:04.046,EM-01,em01.currentA,Good,126.8,
1462,2026-09-15 23:45:04.046,EM-01,em01.activePower,Good,112,
1463,2026-09-15 23:45:04.046,EM-01,em01.reactivePower,Good,35,
1464,2026-09-15 23:45:04.046,EM-01,em01.powerFactor,Good,0.883,
1465,2026-09-15 23:45:04.046,EM-01,em01.frequency,Good,49.97,
1466,2026-09-15 23:45:04.046,EM-01,em01.demand,Good,112,
1467,2026-09-15 23:45:04.046,EM-01,em01.energyF64,Good,9.7226111111111,
1468,2026-09-15 23:45:04.046,EM-01,em01.unbalance,Good,2.894737,
1469,2026-09-15 23:45:04.053,GW-LINE-B,mtc01.actualTemp,Good,99.3,
1470,2026-09-15 23:45:04.053,GW-LINE-B,mtc01.pumpPressure,Good,3,
1471,2026-09-15 23:45:04.053,GW-LINE-B,mtc01.pumpFlow,Good,21,
1472,2026-09-15 23:45:04.053,GW-LINE-B,mtc01.pumpCurrent,Good,5.7,
1473,2026-09-15 23:45:04.053,GW-LINE-B,mtc01.outletTemp,Good,99.8,
1474,2026-09-15 23:45:04.053,GW-LINE-B,mtc01.tempAvg,Good,992.7003,
1475,2026-09-15 23:45:04.053,ENV-01,env01.roomTemp,Good,26.5,
1476,2026-09-15 23:45:04.053,ENV-01,env01.dewPoint,Good,17.3,
1477,2026-09-15 23:45:04.053,ENV-01,env01.noise,Good,73,
1478,2026-09-15 23:45:04.053,ENV-01,env01.pm25,Good,53,
1479,2026-09-15 23:45:04.053,ENV-01,env01.pressureDiff,Good,3,
1480,2026-09-15 23:45:04.053,ENV-01,env01.illuminance,Good,422,
1481,2026-09-15 23:45:04.053,ENV-01,env01.tempFluctuation,Good,19.65283,
1482,2026-09-15 23:45:04.059,GW-LINE-B,dry01.dewPoint,Good,-34.5,
1483,2026-09-15 23:45:04.059,GW-LINE-B,dry01.heatPower,Good,4,
1484,2026-09-15 23:45:04.059,GW-LINE-B,dry01.fanCurrent,Good,0.9,
1485,2026-09-15 23:45:04.061,GW-LINE-B,dry01.levelTrend,Good,-1.562524,
1486,2026-09-15 23:45:04.065,GW-LINE-B,rob01.cycleTime,Good,3.1,
1487,2026-09-15 23:45:04.065,GW-LINE-B,rob01.posX,Good,2,
1488,2026-09-15 23:45:04.065,GW-LINE-B,rob01.trajectory,Good,1.866077,
1489,2026-09-15 23:45:04.555,IM-01,im01.prodTime,Good,09/15/2026 23:45:04,
1490,2026-09-15 23:45:05.041,IM-01,im01.moldTemp,Good,84.6,
1491,2026-09-15 23:45:05.041,IM-01,im01.energyTotal,Good,0.943388888888876,
1492,2026-09-15 23:45:05.046,EM-01,em01.totalEnergy,Good,960.79,
1493,2026-09-15 23:45:05.046,EM-01,em01.forwardEnergy,Good,960.79,
1494,2026-09-15 23:45:05.046,EM-01,em01.voltageB,Good,384,
1495,2026-09-15 23:45:05.046,EM-01,em01.voltageC,Good,383,
1496,2026-09-15 23:45:05.046,EM-01,em01.currentA,Good,199.8,
1497,2026-09-15 23:45:05.046,EM-01,em01.activePower,Good,119,
1498,2026-09-15 23:45:05.046,EM-01,em01.powerFactor,Good,0.888,
1499,2026-09-15 23:45:05.046,EM-01,em01.frequency,Good,50.03,
1500,2026-09-15 23:45:05.046,EM-01,em01.demand,Good,119,
1501,2026-09-15 23:45:05.046,EM-01,em01.energyF64,Good,9.75552777777776,
1502,2026-09-15 23:45:05.046,EM-01,em01.unbalance,Good,2.368421,
1503,2026-09-15 23:45:05.053,GW-LINE-B,mtc01.actualTemp,Good,99.4,
1504,2026-09-15 23:45:05.053,GW-LINE-B,mtc01.pumpFlow,Good,31,
1505,2026-09-15 23:45:05.053,GW-LINE-B,mtc01.pumpCurrent,Good,5.2,
1506,2026-09-15 23:45:05.053,GW-LINE-B,mtc01.heatPower,Good,8,
1507,2026-09-15 23:45:05.053,GW-LINE-B,mtc01.outletTemp,Good,99.9,
1508,2026-09-15 23:45:05.053,GW-LINE-B,mtc01.tempAvg,Good,993.6719,
1509,2026-09-15 23:45:05.054,ENV-01,env01.roomTemp,Good,26.7,
1510,2026-09-15 23:45:05.054,ENV-01,env01.humidity,Good,52,
1511,2026-09-15 23:45:05.054,ENV-01,env01.noise,Good,75,
1512,2026-09-15 23:45:05.054,ENV-01,env01.pm25,Good,33,
1513,2026-09-15 23:45:05.054,ENV-01,env01.pressureDiff,Good,12,
1514,2026-09-15 23:45:05.054,ENV-01,env01.illuminance,Good,404,
1515,2026-09-15 23:45:05.054,ENV-01,env01.tempFluctuation,Good,20.55106,
1516,2026-09-15 23:45:05.061,GW-LINE-B,dry01.dewPoint,Good,-34.6,
1517,2026-09-15 23:45:05.061,GW-LINE-B,dry01.fanCurrent,Good,1.7,
1518,2026-09-15 23:45:05.063,GW-LINE-B,dry01.levelTrend,Good,-1.592495,
1519,2026-09-15 23:45:05.067,GW-LINE-B,rob01.cycleTime,Good,3.2,
1520,2026-09-15 23:45:05.067,GW-LINE-B,rob01.posX,Good,3,
1521,2026-09-15 23:45:05.067,GW-LINE-B,rob01.trajectory,Good,2.740107,
1522,2026-09-15 23:45:05.557,IM-01,im01.prodTime,Good,09/15/2026 23:45:05,
1523,2026-09-15 23:45:06.040,IM-01,im01.oilTemp,Good,44.3,
1524,2026-09-15 23:45:06.040,IM-01,im01.energyTotal,Good,0.944222222222209,
1525,2026-09-15 23:45:06.047,EM-01,em01.totalEnergy,Good,963.9,
1526,2026-09-15 23:45:06.047,EM-01,em01.forwardEnergy,Good,963.9,
1527,2026-09-15 23:45:06.047,EM-01,em01.voltageA,Good,383,
1528,2026-09-15 23:45:06.047,EM-01,em01.voltageB,Good,377,
1529,2026-09-15 23:45:06.047,EM-01,em01.currentA,Good,217.7,
1530,2026-09-15 23:45:06.047,EM-01,em01.activePower,Good,115,
1531,2026-09-15 23:45:06.047,EM-01,em01.reactivePower,Good,28,
1532,2026-09-15 23:45:06.047,EM-01,em01.powerFactor,Good,0.893,
1533,2026-09-15 23:45:06.047,EM-01,em01.frequency,Good,49.98,
1534,2026-09-15 23:45:06.047,EM-01,em01.demand,Good,115,
1535,2026-09-15 23:45:06.047,EM-01,em01.energyF64,Good,9.78711111111109,
1536,2026-09-15 23:45:06.047,EM-01,em01.unbalance,Good,1.578947,
1537,2026-09-15 23:45:06.054,GW-LINE-B,mtc01.pumpPressure,Good,2,
1538,2026-09-15 23:45:06.054,GW-LINE-B,mtc01.pumpFlow,Good,19,
1539,2026-09-15 23:45:06.054,GW-LINE-B,mtc01.pumpCurrent,Good,4.2,
1540,2026-09-15 23:45:06.054,GW-LINE-B,mtc01.heatPower,Good,3,
1541,2026-09-15 23:45:06.054,GW-LINE-B,mtc01.tempAvg,Good,994.1777,
1542,2026-09-15 23:45:06.054,ENV-01,env01.roomTemp,Good,26.9,
1543,2026-09-15 23:45:06.054,ENV-01,env01.humidity,Good,53,
1544,2026-09-15 23:45:06.054,ENV-01,env01.dewPoint,Good,17.6,
1545,2026-09-15 23:45:06.054,ENV-01,env01.noise,Good,73,
1546,2026-09-15 23:45:06.054,ENV-01,env01.pm25,Good,50,
1547,2026-09-15 23:45:06.054,ENV-01,env01.pressureDiff,Good,2,
1548,2026-09-15 23:45:06.054,ENV-01,env01.illuminance,Good,489,
1549,2026-09-15 23:45:06.054,ENV-01,env01.tempFluctuation,Good,21.31164,
1550,2026-09-15 23:45:06.057,IM-01,im01.prodTime,Good,09/15/2026 23:45:06,
1551,2026-09-15 23:45:06.062,GW-LINE-B,dry01.dewPoint,Good,-34.7,
1552,2026-09-15 23:45:06.062,GW-LINE-B,dry01.materialLevel,Good,68,
1553,2026-09-15 23:45:06.062,GW-LINE-B,dry01.heatPower,Good,3,
1554,2026-09-15 23:45:06.062,GW-LINE-B,dry01.fanCurrent,Good,0.9,
1555,2026-09-15 23:45:06.063,GW-LINE-B,dry01.levelTrend,Good,-1.621747,
1556,2026-09-15 23:45:06.068,GW-LINE-B,rob01.cycleTime,Good,3,
1557,2026-09-15 23:45:06.068,GW-LINE-B,rob01.posX,Good,2,
1558,2026-09-15 23:45:06.068,GW-LINE-B,rob01.trajectory,Good,2.025585,
1559,2026-09-15 23:45:07.040,IM-01,im01.moldTemp,Good,84.5,
1560,2026-09-15 23:45:07.040,IM-01,im01.oilTemp,Good,44.6,
1561,2026-09-15 23:45:07.040,IM-01,im01.energyTotal,Good,0.945055555555542,
1562,2026-09-15 23:45:07.047,EM-01,em01.totalEnergy,Good,967,
1563,2026-09-15 23:45:07.047,EM-01,em01.forwardEnergy,Good,967,
1564,2026-09-15 23:45:07.047,EM-01,em01.voltageA,Good,384,
1565,2026-09-15 23:45:07.047,EM-01,em01.voltageB,Good,381,
1566,2026-09-15 23:45:07.047,EM-01,em01.currentA,Good,139.5,
1567,2026-09-15 23:45:07.047,EM-01,em01.activePower,Good,123,
1568,2026-09-15 23:45:07.047,EM-01,em01.reactivePower,Good,20,
1569,2026-09-15 23:45:07.047,EM-01,em01.powerFactor,Good,0.921,
1570,2026-09-15 23:45:07.047,EM-01,em01.frequency,Good,50.07,
1571,2026-09-15 23:45:07.047,EM-01,em01.demand,Good,123,
1572,2026-09-15 23:45:07.047,EM-01,em01.energyF64,Good,9.81863888888887,
1573,2026-09-15 23:45:07.047,EM-01,em01.unbalance,Good,0.7894737,
1574,2026-09-15 23:45:07.055,GW-LINE-B,mtc01.actualTemp,Good,99.5,
1575,2026-09-15 23:45:07.055,ENV-01,env01.roomTemp,Good,27.2,
1576,2026-09-15 23:45:07.055,GW-LINE-B,mtc01.pumpPressure,Good,4,
1577,2026-09-15 23:45:07.055,GW-LINE-B,mtc01.pumpFlow,Good,40,
1578,2026-09-15 23:45:07.055,GW-LINE-B,mtc01.pumpCurrent,Good,5.4,
1579,2026-09-15 23:45:07.055,GW-LINE-B,mtc01.heatPower,Good,6,
1580,2026-09-15 23:45:07.055,GW-LINE-B,mtc01.outletTemp,Good,100,
1581,2026-09-15 23:45:07.055,GW-LINE-B,mtc01.tempAvg,Good,994.6639,
1582,2026-09-15 23:45:07.055,ENV-01,env01.dewPoint,Good,17.9,
1583,2026-09-15 23:45:07.055,ENV-01,env01.noise,Good,76,
1584,2026-09-15 23:45:07.055,ENV-01,env01.pm25,Good,20,
1585,2026-09-15 23:45:07.055,ENV-01,env01.pressureDiff,Good,9,
1586,2026-09-15 23:45:07.055,ENV-01,env01.illuminance,Good,408,
1587,2026-09-15 23:45:07.055,ENV-01,env01.tempFluctuation,Good,22.62024,
1588,2026-09-15 23:45:07.056,IM-01,im01.prodTime,Good,09/15/2026 23:45:07,
1589,2026-09-15 23:45:07.061,GW-LINE-B,dry01.dewPoint,Good,-34.6,
1590,2026-09-15 23:45:07.061,GW-LINE-B,dry01.heatPower,Good,6,
1591,2026-09-15 23:45:07.061,GW-LINE-B,dry01.fanCurrent,Good,0.8,
1592,2026-09-15 23:45:07.062,GW-LINE-B,dry01.levelTrend,Good,-1.655538,
1593,2026-09-15 23:45:07.067,GW-LINE-B,rob01.posX,Good,3,
1594,2026-09-15 23:45:07.067,GW-LINE-B,rob01.trajectory,Good,3.141047,
1595,2026-09-15 23:45:08.040,IM-01,im01.moldTemp,Good,84.6,
1596,2026-09-15 23:45:08.040,IM-01,im01.oilTemp,Good,44.7,
1597,2026-09-15 23:45:08.040,IM-01,im01.energyTotal,Good,0.945888888888876,
1598,2026-09-15 23:45:08.047,EM-01,em01.totalEnergy,Good,970.35,
1599,2026-09-15 23:45:08.047,EM-01,em01.forwardEnergy,Good,970.35,
1600,2026-09-15 23:45:08.047,EM-01,em01.voltageA,Good,385,
1601,2026-09-15 23:45:08.047,EM-01,em01.voltageB,Good,376,
1602,2026-09-15 23:45:08.047,EM-01,em01.voltageC,Good,377,
1603,2026-09-15 23:45:08.047,EM-01,em01.currentA,Good,142.1,
1604,2026-09-15 23:45:08.047,EM-01,em01.activePower,Good,105,
1605,2026-09-15 23:45:08.047,EM-01,em01.reactivePower,Good,33,
1606,2026-09-15 23:45:08.047,EM-01,em01.powerFactor,Good,0.868,
1607,2026-09-15 23:45:08.047,EM-01,em01.frequency,Good,50.02,
1608,2026-09-15 23:45:08.047,EM-01,em01.demand,Good,105,
1609,2026-09-15 23:45:08.047,EM-01,em01.energyF64,Good,9.85258333333331,
1610,2026-09-15 23:45:08.047,EM-01,em01.unbalance,Good,2.368421,
1611,2026-09-15 23:45:08.055,GW-LINE-B,mtc01.actualTemp,Good,99.2,
1612,2026-09-15 23:45:08.055,ENV-01,env01.roomTemp,Good,27.3,
1613,2026-09-15 23:45:08.055,GW-LINE-B,mtc01.pumpPressure,Good,3,
1614,2026-09-15 23:45:08.055,GW-LINE-B,mtc01.pumpFlow,Good,22,
1615,2026-09-15 23:45:08.055,GW-LINE-B,mtc01.pumpCurrent,Good,5.2,
1616,2026-09-15 23:45:08.055,GW-LINE-B,mtc01.heatPower,Good,7,
1617,2026-09-15 23:45:08.055,GW-LINE-B,mtc01.outletTemp,Good,99.7,
1619,2026-09-15 23:45:08.055,GW-LINE-B,mtc01.tempAvg,Good,992.2573,
1618,2026-09-15 23:45:08.055,ENV-01,env01.dewPoint,Good,18,
1620,2026-09-15 23:45:08.055,ENV-01,env01.noise,Good,74,
1621,2026-09-15 23:45:08.055,ENV-01,env01.pm25,Good,51,
1622,2026-09-15 23:45:08.055,ENV-01,env01.pressureDiff,Good,8,
1623,2026-09-15 23:45:08.055,ENV-01,env01.illuminance,Good,397,
1624,2026-09-15 23:45:08.055,ENV-01,env01.tempFluctuation,Good,22.96169,
1625,2026-09-15 23:45:08.057,IM-01,im01.prodTime,Good,09/15/2026 23:45:08,
1626,2026-09-15 23:45:08.061,GW-LINE-B,dry01.dewPoint,Good,-35.1,
1627,2026-09-15 23:45:08.061,GW-LINE-B,dry01.heatPower,Good,3,
1628,2026-09-15 23:45:08.061,GW-LINE-B,dry01.fanCurrent,Good,1.9,
1629,2026-09-15 23:45:08.062,GW-LINE-B,dry01.levelTrend,Good,-1.68811,
1630,2026-09-15 23:45:08.067,GW-LINE-B,rob01.cycleTime,Good,2.7,
1631,2026-09-15 23:45:08.067,GW-LINE-B,rob01.posX,Good,4,
1632,2026-09-15 23:45:08.067,GW-LINE-B,rob01.trajectory,Good,3.941559,
1635,2026-09-15 23:45:09.025,GW-LINE-B,mtc01.runSeconds,Good,3140,
1636,2026-09-15 23:45:09.025,GW-LINE-B,mtc01.energyTotal,Good,0.475555555555559,
1637,2026-09-15 23:45:09.027,ENV-01,env01.runSeconds,Good,3140,
1638,2026-09-15 23:45:09.027,ENV-01,env01.sampleTime,Good,09/15/2026 23:45:08,
1639,2026-09-15 23:45:09.030,ENV-01,env01.tempDeviation,Good,-0.6,
1640,2026-09-15 23:45:09.031,GW-LINE-B,dry01.drySeconds,Good,2928,
1641,2026-09-15 23:45:09.031,GW-LINE-B,dry01.energyTotal,Good,0.480250000000004,
1642,2026-09-15 23:45:09.032,EM-01,em01.readTime,Good,09/15/2026 23:45:08,
1643,2026-09-15 23:45:09.032,GW-LINE-B,dry01.dewDeviation,Good,-0.4,
1644,2026-09-15 23:45:09.037,GW-LINE-B,rob01.runSeconds,Good,3140,
1645,2026-09-15 23:45:09.038,GW-LINE-B,rob01.energyTotal,Good,0.440388888888888,
1646,2026-09-15 23:45:09.040,GW-LINE-B,rob01.posDeviation,Good,-97,
1647,2026-09-15 23:45:09.041,IM-01,im01.energyTotal,Good,0.946722222222209,
1648,2026-09-15 23:45:09.048,EM-01,em01.totalEnergy,Good,973.55,
1649,2026-09-15 23:45:09.048,EM-01,em01.forwardEnergy,Good,973.55,
1650,2026-09-15 23:45:09.048,EM-01,em01.voltageA,Good,380,
1651,2026-09-15 23:45:09.048,EM-01,em01.voltageB,Good,379,
1652,2026-09-15 23:45:09.048,EM-01,em01.voltageC,Good,382,
1653,2026-09-15 23:45:09.048,EM-01,em01.currentA,Good,199.7,
1654,2026-09-15 23:45:09.048,EM-01,em01.activePower,Good,123,
1655,2026-09-15 23:45:09.048,EM-01,em01.reactivePower,Good,20,
1656,2026-09-15 23:45:09.048,EM-01,em01.powerFactor,Good,0.927,
1657,2026-09-15 23:45:09.048,EM-01,em01.frequency,Good,49.97,
1658,2026-09-15 23:45:09.048,EM-01,em01.demand,Good,123,
1659,2026-09-15 23:45:09.048,EM-01,em01.energyF64,Good,9.88499999999998,
1660,2026-09-15 23:45:09.048,EM-01,em01.unbalance,Good,0.7894737,
1661,2026-09-15 23:45:09.057,ENV-01,env01.roomTemp,Good,27.4,
1662,2026-09-15 23:45:09.057,GW-LINE-B,mtc01.actualTemp,Good,99.3,
1663,2026-09-15 23:45:09.057,GW-LINE-B,mtc01.pumpFlow,Good,26,
1664,2026-09-15 23:45:09.057,GW-LINE-B,mtc01.pumpCurrent,Good,3,
1665,2026-09-15 23:45:09.057,GW-LINE-B,mtc01.heatPower,Good,6,
1666,2026-09-15 23:45:09.057,GW-LINE-B,mtc01.outletTemp,Good,99.8,
1667,2026-09-15 23:45:09.057,GW-LINE-B,mtc01.tempAvg,Good,992.814,
1669,2026-09-15 23:45:09.057,ENV-01,env01.humidity,Good,54,
1670,2026-09-15 23:45:09.057,ENV-01,env01.dewPoint,Good,18.2,
1671,2026-09-15 23:45:09.057,ENV-01,env01.noise,Good,71,
1672,2026-09-15 23:45:09.057,ENV-01,env01.pm25,Good,29,
1673,2026-09-15 23:45:09.057,ENV-01,env01.pressureDiff,Good,10,
1674,2026-09-15 23:45:09.057,ENV-01,env01.illuminance,Good,488,
1675,2026-09-15 23:45:09.057,ENV-01,env01.tempFluctuation,Good,23.18999,
1676,2026-09-15 23:45:09.057,IM-01,im01.prodTime,Good,09/15/2026 23:45:09,
1677,2026-09-15 23:45:09.063,GW-LINE-B,dry01.dewPoint,Good,-35.2,
1678,2026-09-15 23:45:09.063,GW-LINE-B,dry01.materialLevel,Good,67,
1679,2026-09-15 23:45:09.063,GW-LINE-B,dry01.heatPower,Good,8,
1680,2026-09-15 23:45:09.063,GW-LINE-B,dry01.fanCurrent,Good,1.7,
1681,2026-09-15 23:45:09.064,GW-LINE-B,dry01.levelTrend,Good,-1.720831,
1682,2026-09-15 23:45:09.069,GW-LINE-B,rob01.cycleTime,Good,3.1,
1683,2026-09-15 23:45:09.069,GW-LINE-B,rob01.trajectory,Good,4.257464,
1684,2026-09-15 23:45:10.041,IM-01,im01.moldTemp,Good,84.5,
1685,2026-09-15 23:45:10.041,IM-01,im01.oilTemp,Good,44.6,
1686,2026-09-15 23:45:10.041,IM-01,im01.energyTotal,Good,0.947555555555542,
1687,2026-09-15 23:45:10.048,EM-01,em01.totalEnergy,Good,976.64,
1688,2026-09-15 23:45:10.048,EM-01,em01.forwardEnergy,Good,976.64,
1689,2026-09-15 23:45:10.048,EM-01,em01.voltageA,Good,377,
1690,2026-09-15 23:45:10.048,EM-01,em01.voltageB,Good,383,
1691,2026-09-15 23:45:10.048,EM-01,em01.voltageC,Good,380,
1692,2026-09-15 23:45:10.048,EM-01,em01.currentA,Good,201.9,
1693,2026-09-15 23:45:10.048,EM-01,em01.activePower,Good,121,
1694,2026-09-15 23:45:10.048,EM-01,em01.reactivePower,Good,28,
1695,2026-09-15 23:45:10.048,EM-01,em01.powerFactor,Good,0.893,
1696,2026-09-15 23:45:10.048,EM-01,em01.demand,Good,121,
1697,2026-09-15 23:45:10.048,EM-01,em01.energyF64,Good,9.91636111111109,
1698,2026-09-15 23:45:10.048,EM-01,em01.unbalance,Good,1.578947,
1700,2026-09-15 23:45:10.057,GW-LINE-B,mtc01.actualTemp,Good,99.2,
1699,2026-09-15 23:45:10.057,ENV-01,env01.roomTemp,Good,27.5,
1701,2026-09-15 23:45:10.057,GW-LINE-B,mtc01.pumpFlow,Good,40,
1702,2026-09-15 23:45:10.057,GW-LINE-B,mtc01.pumpCurrent,Good,4,
1703,2026-09-15 23:45:10.057,GW-LINE-B,mtc01.heatPower,Good,7,
1704,2026-09-15 23:45:10.057,GW-LINE-B,mtc01.outletTemp,Good,99.7,
1705,2026-09-15 23:45:10.057,GW-LINE-B,mtc01.tempAvg,Good,992.3668,
1706,2026-09-15 23:45:10.058,IM-01,im01.prodTime,Good,09/15/2026 23:45:10,
1707,2026-09-15 23:45:10.058,ENV-01,env01.humidity,Good,55,
1708,2026-09-15 23:45:10.058,ENV-01,env01.dewPoint,Good,18.6,
1709,2026-09-15 23:45:10.058,ENV-01,env01.pm25,Good,54,
1710,2026-09-15 23:45:10.058,ENV-01,env01.pressureDiff,Good,3,
1711,2026-09-15 23:45:10.058,ENV-01,env01.illuminance,Good,444,
1712,2026-09-15 23:45:10.058,ENV-01,env01.tempFluctuation,Good,23.56424,
1713,2026-09-15 23:45:10.063,GW-LINE-B,dry01.dewPoint,Good,-35,
1714,2026-09-15 23:45:10.063,GW-LINE-B,dry01.heatPower,Good,7,
1715,2026-09-15 23:45:10.063,GW-LINE-B,dry01.fanCurrent,Good,2,
1716,2026-09-15 23:45:10.065,GW-LINE-B,dry01.levelTrend,Good,-1.750148,
1717,2026-09-15 23:45:10.069,GW-LINE-B,rob01.cycleTime,Good,2.9,
1718,2026-09-15 23:45:10.069,GW-LINE-B,rob01.posX,Good,3,
1719,2026-09-15 23:45:10.069,GW-LINE-B,rob01.trajectory,Good,3.193815,
1720,2026-09-15 23:45:11.042,IM-01,im01.oilTemp,Good,44.5,
1721,2026-09-15 23:45:11.042,IM-01,im01.energyTotal,Good,0.948388888888875,
1722,2026-09-15 23:45:11.048,EM-01,em01.totalEnergy,Good,979.76,
1723,2026-09-15 23:45:11.048,EM-01,em01.forwardEnergy,Good,979.76,
1724,2026-09-15 23:45:11.048,EM-01,em01.voltageA,Good,379,
1725,2026-09-15 23:45:11.048,EM-01,em01.voltageB,Good,386,
1726,2026-09-15 23:45:11.048,EM-01,em01.voltageC,Good,378,
1727,2026-09-15 23:45:11.048,EM-01,em01.currentA,Good,148.8,
1728,2026-09-15 23:45:11.048,EM-01,em01.activePower,Good,114,
1729,2026-09-15 23:45:11.048,EM-01,em01.reactivePower,Good,39,
1730,2026-09-15 23:45:11.048,EM-01,em01.powerFactor,Good,0.907,
1731,2026-09-15 23:45:11.048,EM-01,em01.demand,Good,114,
1732,2026-09-15 23:45:11.048,EM-01,em01.energyF64,Good,9.94799999999998,
1733,2026-09-15 23:45:11.048,EM-01,em01.unbalance,Good,2.105263,
1734,2026-09-15 23:45:11.058,ENV-01,env01.humidity,Good,54,
1735,2026-09-15 23:45:11.058,ENV-01,env01.dewPoint,Good,18.4,
1736,2026-09-15 23:45:11.058,ENV-01,env01.noise,Good,74,
1737,2026-09-15 23:45:11.058,ENV-01,env01.pm25,Good,49,
1738,2026-09-15 23:45:11.058,ENV-01,env01.pressureDiff,Good,8,
1739,2026-09-15 23:45:11.058,ENV-01,env01.illuminance,Good,338,
1740,2026-09-15 23:45:11.058,ENV-01,env01.tempFluctuation,Good,23.2812,
1741,2026-09-15 23:45:11.058,GW-LINE-B,mtc01.actualTemp,Good,99.4,
1742,2026-09-15 23:45:11.058,GW-LINE-B,mtc01.pumpPressure,Good,4,
1743,2026-09-15 23:45:11.058,GW-LINE-B,mtc01.pumpFlow,Good,33,
1744,2026-09-15 23:45:11.058,GW-LINE-B,mtc01.pumpCurrent,Good,4.5,
1745,2026-09-15 23:45:11.058,GW-LINE-B,mtc01.heatPower,Good,3,
1746,2026-09-15 23:45:11.058,GW-LINE-B,mtc01.outletTemp,Good,99.9,
1747,2026-09-15 23:45:11.058,GW-LINE-B,mtc01.tempAvg,Good,994.4519,
1748,2026-09-15 23:45:11.058,IM-01,im01.prodTime,Good,09/15/2026 23:45:11,
1749,2026-09-15 23:45:11.065,GW-LINE-B,dry01.dewPoint,Good,-34.7,
1750,2026-09-15 23:45:11.065,GW-LINE-B,dry01.heatPower,Good,3,
1751,2026-09-15 23:45:11.065,GW-LINE-B,dry01.fanCurrent,Good,1.8,
1752,2026-09-15 23:45:11.066,GW-LINE-B,dry01.levelTrend,Good,-1.783402,
1753,2026-09-15 23:45:11.071,GW-LINE-B,rob01.cycleTime,Good,3,
1754,2026-09-15 23:45:11.071,GW-LINE-B,rob01.posX,Good,5,
1755,2026-09-15 23:45:11.071,GW-LINE-B,rob01.trajectory,Good,4.854533,
1756,2026-09-15 23:45:12.042,IM-01,im01.oilTemp,Good,44.6,
1757,2026-09-15 23:45:12.042,IM-01,im01.energyTotal,Good,0.949222222222209,
1758,2026-09-15 23:45:12.049,EM-01,em01.totalEnergy,Good,982.94,
1759,2026-09-15 23:45:12.049,EM-01,em01.forwardEnergy,Good,982.94,
1760,2026-09-15 23:45:12.049,EM-01,em01.voltageA,Good,378,
1761,2026-09-15 23:45:12.049,EM-01,em01.voltageB,Good,384,
1762,2026-09-15 23:45:12.049,EM-01,em01.voltageC,Good,374,
1763,2026-09-15 23:45:12.049,EM-01,em01.currentA,Good,127.2,
1764,2026-09-15 23:45:12.049,EM-01,em01.activePower,Good,121,
1765,2026-09-15 23:45:12.049,EM-01,em01.reactivePower,Good,23,
1766,2026-09-15 23:45:12.049,EM-01,em01.frequency,Good,50.05,
1767,2026-09-15 23:45:12.049,EM-01,em01.demand,Good,121,
1768,2026-09-15 23:45:12.049,EM-01,em01.energyF64,Good,9.98016666666665,
1769,2026-09-15 23:45:12.049,EM-01,em01.unbalance,Good,2.631579,
1770,2026-09-15 23:45:12.056,ENV-01,env01.roomTemp,Good,27.6,
1771,2026-09-15 23:45:12.056,ENV-01,env01.noise,Good,72,
1772,2026-09-15 23:45:12.056,ENV-01,env01.pm25,Good,25,
1773,2026-09-15 23:45:12.056,ENV-01,env01.pressureDiff,Good,0,
1774,2026-09-15 23:45:12.056,ENV-01,env01.illuminance,Good,382,
1775,2026-09-15 23:45:12.056,ENV-01,env01.tempFluctuation,Good,23.77209,
1776,2026-09-15 23:45:12.059,GW-LINE-B,mtc01.actualTemp,Good,99.5,
1777,2026-09-15 23:45:12.059,GW-LINE-B,mtc01.pumpPressure,Good,2,
1778,2026-09-15 23:45:12.059,GW-LINE-B,mtc01.pumpFlow,Good,30,
1779,2026-09-15 23:45:12.059,GW-LINE-B,mtc01.pumpCurrent,Good,4.2,
1780,2026-09-15 23:45:12.059,GW-LINE-B,mtc01.heatPower,Good,4,
1781,2026-09-15 23:45:12.059,GW-LINE-B,mtc01.outletTemp,Good,100,
1782,2026-09-15 23:45:12.059,GW-LINE-B,mtc01.tempAvg,Good,995.122,
1783,2026-09-15 23:45:12.059,IM-01,im01.prodTime,Good,09/15/2026 23:45:12,
1784,2026-09-15 23:45:12.065,GW-LINE-B,dry01.dewPoint,Good,-33.7,
1785,2026-09-15 23:45:12.065,GW-LINE-B,dry01.materialLevel,Good,66,
1786,2026-09-15 23:45:12.065,GW-LINE-B,dry01.heatPower,Good,7,
1787,2026-09-15 23:45:12.065,GW-LINE-B,dry01.fanCurrent,Good,1,
1788,2026-09-15 23:45:12.067,GW-LINE-B,dry01.levelTrend,Good,-1.814256,
1789,2026-09-15 23:45:12.072,GW-LINE-B,rob01.cycleTime,Good,2.9,
1790,2026-09-15 23:45:12.072,GW-LINE-B,rob01.posX,Good,7,
1791,2026-09-15 23:45:12.072,GW-LINE-B,rob01.posY,Good,5,
1792,2026-09-15 23:45:12.072,GW-LINE-B,rob01.trajectory,Good,6.758089,
1793,2026-09-15 23:45:13.042,IM-01,im01.moldTemp,Good,84.6,
1794,2026-09-15 23:45:13.042,IM-01,im01.energyTotal,Good,0.950055555555542,
1795,2026-09-15 23:45:13.049,EM-01,em01.totalEnergy,Good,986.08,
1796,2026-09-15 23:45:13.049,EM-01,em01.forwardEnergy,Good,986.08,
1797,2026-09-15 23:45:13.049,EM-01,em01.voltageB,Good,377,
1798,2026-09-15 23:45:13.049,EM-01,em01.voltageC,Good,377,
1799,2026-09-15 23:45:13.049,EM-01,em01.currentA,Good,212.6,
1800,2026-09-15 23:45:13.049,EM-01,em01.activePower,Good,114,
1801,2026-09-15 23:45:13.049,EM-01,em01.reactivePower,Good,25,
1802,2026-09-15 23:45:13.049,EM-01,em01.powerFactor,Good,0.875,
1803,2026-09-15 23:45:13.049,EM-01,em01.frequency,Good,49.91,
1804,2026-09-15 23:45:13.049,EM-01,em01.demand,Good,114,
1805,2026-09-15 23:45:13.049,EM-01,em01.energyF64,Good,10.012,
1806,2026-09-15 23:45:13.049,EM-01,em01.unbalance,Good,0.2631579,
1807,2026-09-15 23:45:13.057,ENV-01,env01.roomTemp,Good,27.5,
1808,2026-09-15 23:45:13.057,ENV-01,env01.noise,Good,77,
1809,2026-09-15 23:45:13.057,ENV-01,env01.pm25,Good,55,
1810,2026-09-15 23:45:13.057,ENV-01,env01.pressureDiff,Good,5,
1811,2026-09-15 23:45:13.057,ENV-01,env01.illuminance,Good,417,
1812,2026-09-15 23:45:13.057,ENV-01,env01.tempFluctuation,Good,22.97329,
1813,2026-09-15 23:45:13.057,GW-LINE-B,mtc01.actualTemp,Good,99.7,
1814,2026-09-15 23:45:13.057,GW-LINE-B,mtc01.pumpPressure,Good,5,
1815,2026-09-15 23:45:13.057,GW-LINE-B,mtc01.pumpFlow,Good,27,
1816,2026-09-15 23:45:13.057,GW-LINE-B,mtc01.pumpCurrent,Good,4.3,
1817,2026-09-15 23:45:13.057,GW-LINE-B,mtc01.heatPower,Good,6,
1818,2026-09-15 23:45:13.057,GW-LINE-B,mtc01.outletTemp,Good,100.2,
1819,2026-09-15 23:45:13.057,GW-LINE-B,mtc01.tempAvg,Good,996.5966,
1820,2026-09-15 23:45:13.060,IM-01,im01.prodTime,Good,09/15/2026 23:45:13,
1821,2026-09-15 23:45:13.063,GW-LINE-B,dry01.heatPower,Good,6,
1822,2026-09-15 23:45:13.063,GW-LINE-B,dry01.fanCurrent,Good,1.6,
1823,2026-09-15 23:45:13.065,GW-LINE-B,dry01.levelTrend,Good,-1.839081,
1824,2026-09-15 23:45:13.069,GW-LINE-B,rob01.cycleTime,Good,2.8,
1825,2026-09-15 23:45:13.069,GW-LINE-B,rob01.posX,Good,6,
1826,2026-09-15 23:45:13.069,GW-LINE-B,rob01.posY,Good,6,
1827,2026-09-15 23:45:13.069,GW-LINE-B,rob01.trajectory,Good,5.977241,
1829,2026-09-15 23:45:14.025,GW-LINE-B,mtc01.runSeconds,Good,3190,
1830,2026-09-15 23:45:14.025,GW-LINE-B,mtc01.energyTotal,Good,0.483083333333337,
1831,2026-09-15 23:45:14.027,GW-LINE-B,mtc01.tempDeviation,Good,-0.3,
1832,2026-09-15 23:45:14.027,ENV-01,env01.runSeconds,Good,3190,
1833,2026-09-15 23:45:14.027,ENV-01,env01.sampleTime,Good,09/15/2026 23:45:13,
1834,2026-09-15 23:45:14.030,EM-01,em01.readTime,Good,09/15/2026 23:45:13,
1835,2026-09-15 23:45:14.032,GW-LINE-B,dry01.drySeconds,Good,2978,
1836,2026-09-15 23:45:14.032,GW-LINE-B,dry01.energyTotal,Good,0.487638888888892,
1837,2026-09-15 23:45:14.033,GW-LINE-B,dry01.dewDeviation,Good,1.3,
1838,2026-09-15 23:45:14.035,ENV-01,env01.tempDeviation,Good,-0.4,
1839,2026-09-15 23:45:14.038,GW-LINE-B,rob01.runSeconds,Good,3190,
1840,2026-09-15 23:45:14.039,GW-LINE-B,rob01.energyTotal,Good,0.447277777777777,
1841,2026-09-15 23:45:14.041,GW-LINE-B,rob01.posDeviation,Good,-93,
1842,2026-09-15 23:45:14.042,IM-01,im01.moldTemp,Good,84.5,
1843,2026-09-15 23:45:14.042,IM-01,im01.oilTemp,Good,44.5,
1844,2026-09-15 23:45:14.042,IM-01,im01.energyTotal,Good,0.950888888888875,
1845,2026-09-15 23:45:14.049,EM-01,em01.totalEnergy,Good,989.44,
1846,2026-09-15 23:45:14.049,EM-01,em01.forwardEnergy,Good,989.44,
1847,2026-09-15 23:45:14.049,EM-01,em01.voltageA,Good,385,
1848,2026-09-15 23:45:14.049,EM-01,em01.voltageB,Good,386,
1849,2026-09-15 23:45:14.049,EM-01,em01.voltageC,Good,382,
1850,2026-09-15 23:45:14.049,EM-01,em01.currentA,Good,203.2,
1851,2026-09-15 23:45:14.049,EM-01,em01.activePower,Good,113,
1852,2026-09-15 23:45:14.049,EM-01,em01.reactivePower,Good,40,
1853,2026-09-15 23:45:14.049,EM-01,em01.powerFactor,Good,0.907,
1854,2026-09-15 23:45:14.049,EM-01,em01.frequency,Good,50.1,
1855,2026-09-15 23:45:14.049,EM-01,em01.demand,Good,113,
1856,2026-09-15 23:45:14.049,EM-01,em01.energyF64,Good,10.0459722222222,
1857,2026-09-15 23:45:14.049,EM-01,em01.unbalance,Good,1.052632,
1858,2026-09-15 23:45:14.057,ENV-01,env01.roomTemp,Good,27.6,
1859,2026-09-15 23:45:14.057,ENV-01,env01.humidity,Good,53,
1860,2026-09-15 23:45:14.057,ENV-01,env01.noise,Good,73,
1861,2026-09-15 23:45:14.057,ENV-01,env01.pm25,Good,25,
1862,2026-09-15 23:45:14.057,ENV-01,env01.pressureDiff,Good,8,
1863,2026-09-15 23:45:14.057,ENV-01,env01.illuminance,Good,363,
1864,2026-09-15 23:45:14.057,ENV-01,env01.tempFluctuation,Good,23.8724,
1865,2026-09-15 23:45:14.057,GW-LINE-B,mtc01.actualTemp,Good,99.8,
1866,2026-09-15 23:45:14.057,GW-LINE-B,mtc01.pumpPressure,Good,4,
1867,2026-09-15 23:45:14.057,GW-LINE-B,mtc01.pumpFlow,Good,25,
1868,2026-09-15 23:45:14.057,GW-LINE-B,mtc01.pumpCurrent,Good,4.1,
1869,2026-09-15 23:45:14.057,GW-LINE-B,mtc01.outletTemp,Good,100.3,
1870,2026-09-15 23:45:14.057,GW-LINE-B,mtc01.tempAvg,Good,998.3015,
1871,2026-09-15 23:45:14.060,IM-01,im01.prodTime,Good,09/15/2026 23:45:14,
1872,2026-09-15 23:45:14.063,GW-LINE-B,dry01.heatPower,Good,4,
1873,2026-09-15 23:45:14.063,GW-LINE-B,dry01.fanCurrent,Good,0.9,
1874,2026-09-15 23:45:14.065,GW-LINE-B,dry01.levelTrend,Good,-1.866591,
1875,2026-09-15 23:45:14.070,GW-LINE-B,rob01.cycleTime,Good,2.7,
1876,2026-09-15 23:45:14.070,GW-LINE-B,rob01.posX,Good,7,
1877,2026-09-15 23:45:14.070,GW-LINE-B,rob01.posY,Good,7,
1878,2026-09-15 23:45:14.070,GW-LINE-B,rob01.trajectory,Good,7.026632,
1879,2026-09-15 23:45:15.043,IM-01,im01.moldTemp,Good,84.6,
1880,2026-09-15 23:45:15.043,IM-01,im01.oilTemp,Good,44.7,
1881,2026-09-15 23:45:15.043,IM-01,im01.energyTotal,Good,0.951722222222208,
1882,2026-09-15 23:45:15.049,EM-01,em01.totalEnergy,Good,992.36,
1883,2026-09-15 23:45:15.049,EM-01,em01.forwardEnergy,Good,992.36,
1884,2026-09-15 23:45:15.049,EM-01,em01.voltageA,Good,381,
1885,2026-09-15 23:45:15.049,EM-01,em01.voltageB,Good,385,
1886,2026-09-15 23:45:15.049,EM-01,em01.voltageC,Good,380,
1887,2026-09-15 23:45:15.049,EM-01,em01.currentA,Good,135.4,
1888,2026-09-15 23:45:15.049,EM-01,em01.activePower,Good,122,
1889,2026-09-15 23:45:15.049,EM-01,em01.reactivePower,Good,32,
1890,2026-09-15 23:45:15.049,EM-01,em01.powerFactor,Good,0.925,
1891,2026-09-15 23:45:15.049,EM-01,em01.frequency,Good,50.05,
1892,2026-09-15 23:45:15.049,EM-01,em01.demand,Good,122,
1893,2026-09-15 23:45:15.049,EM-01,em01.energyF64,Good,10.0755277777778,
1894,2026-09-15 23:45:15.049,EM-01,em01.unbalance,Good,1.315789,
1895,2026-09-15 23:45:15.057,ENV-01,env01.noise,Good,70,
1896,2026-09-15 23:45:15.057,ENV-01,env01.pm25,Good,28,
1897,2026-09-15 23:45:15.057,ENV-01,env01.pressureDiff,Good,-3,
1898,2026-09-15 23:45:15.057,ENV-01,env01.illuminance,Good,480,
1899,2026-09-15 23:45:15.057,ENV-01,env01.tempFluctuation,Good,23.73001,
1900,2026-09-15 23:45:15.058,GW-LINE-B,mtc01.actualTemp,Good,99.5,
1901,2026-09-15 23:45:15.058,GW-LINE-B,mtc01.pumpPressure,Good,5,
1902,2026-09-15 23:45:15.058,GW-LINE-B,mtc01.pumpFlow,Good,28,
1903,2026-09-15 23:45:15.058,GW-LINE-B,mtc01.pumpCurrent,Good,5.2,
1904,2026-09-15 23:45:15.058,GW-LINE-B,mtc01.heatPower,Good,7,
1905,2026-09-15 23:45:15.058,GW-LINE-B,mtc01.outletTemp,Good,100,
1906,2026-09-15 23:45:15.058,GW-LINE-B,mtc01.tempAvg,Good,994.9813,
1907,2026-09-15 23:45:15.062,IM-01,im01.prodTime,Good,09/15/2026 23:45:15,
1908,2026-09-15 23:45:15.065,GW-LINE-B,dry01.dewPoint,Good,-34.1,
1909,2026-09-15 23:45:15.065,GW-LINE-B,dry01.heatPower,Good,6,
1910,2026-09-15 23:45:15.065,GW-LINE-B,dry01.fanCurrent,Good,1.2,
1911,2026-09-15 23:45:15.066,GW-LINE-B,dry01.levelTrend,Good,-1.898008,
1912,2026-09-15 23:45:15.071,GW-LINE-B,rob01.posY,Good,8,
1913,2026-09-15 23:45:15.071,GW-LINE-B,rob01.trajectory,Good,6.916841,
1914,2026-09-15 23:45:16.043,IM-01,im01.oilTemp,Good,44.6,
1915,2026-09-15 23:45:16.043,IM-01,im01.energyTotal,Good,0.952555555555542,
1916,2026-09-15 23:45:16.049,EM-01,em01.totalEnergy,Good,995.48,
1917,2026-09-15 23:45:16.049,EM-01,em01.forwardEnergy,Good,995.48,
1918,2026-09-15 23:45:16.049,EM-01,em01.voltageA,Good,379,
1919,2026-09-15 23:45:16.049,EM-01,em01.voltageB,Good,378,
1920,2026-09-15 23:45:16.049,EM-01,em01.currentA,Good,199.7,
1921,2026-09-15 23:45:16.049,EM-01,em01.activePower,Good,103,
1922,2026-09-15 23:45:16.049,EM-01,em01.reactivePower,Good,26,
1923,2026-09-15 23:45:16.049,EM-01,em01.frequency,Good,50.07,
1924,2026-09-15 23:45:16.049,EM-01,em01.demand,Good,103,
1925,2026-09-15 23:45:16.049,EM-01,em01.energyF64,Good,10.1071388888889,
1926,2026-09-15 23:45:16.049,EM-01,em01.unbalance,Good,0.5263158,
1927,2026-09-15 23:45:16.057,ENV-01,env01.roomTemp,Good,27.7,
1928,2026-09-15 23:45:16.057,ENV-01,env01.humidity,Good,52,
1929,2026-09-15 23:45:16.057,ENV-01,env01.dewPoint,Good,18.3,
1930,2026-09-15 23:45:16.057,ENV-01,env01.noise,Good,74,
1931,2026-09-15 23:45:16.057,ENV-01,env01.pm25,Good,39,
1932,2026-09-15 23:45:16.057,ENV-01,env01.pressureDiff,Good,8,
1933,2026-09-15 23:45:16.057,ENV-01,env01.illuminance,Good,342,
1934,2026-09-15 23:45:16.057,ENV-01,env01.tempFluctuation,Good,23.49602,
1935,2026-09-15 23:45:16.058,GW-LINE-B,mtc01.actualTemp,Good,99.3,
1936,2026-09-15 23:45:16.058,GW-LINE-B,mtc01.pumpPressure,Good,2,
1937,2026-09-15 23:45:16.058,GW-LINE-B,mtc01.pumpFlow,Good,40,
1938,2026-09-15 23:45:16.058,GW-LINE-B,mtc01.pumpCurrent,Good,5.8,
1939,2026-09-15 23:45:16.058,GW-LINE-B,mtc01.heatPower,Good,4,
1940,2026-09-15 23:45:16.058,GW-LINE-B,mtc01.outletTemp,Good,99.8,
1941,2026-09-15 23:45:16.058,GW-LINE-B,mtc01.tempAvg,Good,992.5665,
1942,2026-09-15 23:45:16.062,IM-01,im01.prodTime,Good,09/15/2026 23:45:16,
1943,2026-09-15 23:45:16.064,GW-LINE-B,dry01.dewPoint,Good,-34.3,
1944,2026-09-15 23:45:16.064,GW-LINE-B,dry01.materialLevel,Good,65,
1945,2026-09-15 23:45:16.064,GW-LINE-B,dry01.heatPower,Good,7,
1946,2026-09-15 23:45:16.064,GW-LINE-B,dry01.fanCurrent,Good,1.9,
1947,2026-09-15 23:45:16.065,GW-LINE-B,dry01.levelTrend,Good,-1.927061,
1948,2026-09-15 23:45:16.070,GW-LINE-B,rob01.cycleTime,Good,2.9,
1949,2026-09-15 23:45:16.070,GW-LINE-B,rob01.trajectory,Good,6.700565,
1950,2026-09-15 23:45:17.043,IM-01,im01.oilTemp,Good,44.5,
1951,2026-09-15 23:45:17.043,IM-01,im01.energyTotal,Good,0.953388888888875,
1952,2026-09-15 23:45:17.050,EM-01,em01.totalEnergy,Good,998.44,
1953,2026-09-15 23:45:17.050,EM-01,em01.forwardEnergy,Good,998.44,
1954,2026-09-15 23:45:17.050,EM-01,em01.voltageA,Good,376,
1955,2026-09-15 23:45:17.050,EM-01,em01.voltageB,Good,384,
1956,2026-09-15 23:45:17.050,EM-01,em01.voltageC,Good,384,
1957,2026-09-15 23:45:17.050,EM-01,em01.currentA,Good,205.6,
1958,2026-09-15 23:45:17.050,EM-01,em01.activePower,Good,117,
1959,2026-09-15 23:45:17.050,EM-01,em01.reactivePower,Good,31,
1960,2026-09-15 23:45:17.050,EM-01,em01.powerFactor,Good,0.89,
1961,2026-09-15 23:45:17.050,EM-01,em01.frequency,Good,50.06,
1962,2026-09-15 23:45:17.050,EM-01,em01.demand,Good,117,
1963,2026-09-15 23:45:17.050,EM-01,em01.energyF64,Good,10.13725,
1964,2026-09-15 23:45:17.050,EM-01,em01.unbalance,Good,2.105263,
1965,2026-09-15 23:45:17.058,ENV-01,env01.roomTemp,Good,27.8,
1966,2026-09-15 23:45:17.058,ENV-01,env01.humidity,Good,53,
1967,2026-09-15 23:45:17.058,ENV-01,env01.dewPoint,Good,18.4,
1968,2026-09-15 23:45:17.058,ENV-01,env01.noise,Good,73,
1969,2026-09-15 23:45:17.058,ENV-01,env01.pm25,Good,26,
1970,2026-09-15 23:45:17.058,ENV-01,env01.pressureDiff,Good,5,
1971,2026-09-15 23:45:17.058,ENV-01,env01.illuminance,Good,322,
1972,2026-09-15 23:45:17.058,ENV-01,env01.tempFluctuation,Good,24.53206,
1973,2026-09-15 23:45:17.058,GW-LINE-B,mtc01.actualTemp,Good,99.6,
1974,2026-09-15 23:45:17.058,GW-LINE-B,mtc01.pumpPressure,Good,4,
1975,2026-09-15 23:45:17.058,GW-LINE-B,mtc01.pumpFlow,Good,28,
1976,2026-09-15 23:45:17.058,GW-LINE-B,mtc01.pumpCurrent,Good,4.9,
1977,2026-09-15 23:45:17.058,GW-LINE-B,mtc01.heatPower,Good,7,
1978,2026-09-15 23:45:17.058,GW-LINE-B,mtc01.outletTemp,Good,100.1,
1979,2026-09-15 23:45:17.058,GW-LINE-B,mtc01.tempAvg,Good,995.7015,
1980,2026-09-15 23:45:17.063,IM-01,im01.prodTime,Good,09/15/2026 23:45:17,
1981,2026-09-15 23:45:17.065,GW-LINE-B,dry01.dewPoint,Good,-34.6,
1982,2026-09-15 23:45:17.065,GW-LINE-B,dry01.heatPower,Good,5,
1983,2026-09-15 23:45:17.065,GW-LINE-B,dry01.fanCurrent,Good,1.3,
1984,2026-09-15 23:45:17.066,GW-LINE-B,dry01.levelTrend,Good,-1.955713,
1985,2026-09-15 23:45:17.069,GW-LINE-B,rob01.inPlace,Good,False,
1986,2026-09-15 23:45:17.071,GW-LINE-B,rob01.cycleTime,Good,3,
1987,2026-09-15 23:45:17.071,GW-LINE-B,rob01.posX,Good,104,
1988,2026-09-15 23:45:17.071,GW-LINE-B,rob01.posY,Good,303,
1989,2026-09-15 23:45:17.071,GW-LINE-B,rob01.posZ,Good,75,
1990,2026-09-15 23:45:17.071,GW-LINE-B,rob01.gripState,Good,1,
1991,2026-09-15 23:45:17.071,GW-LINE-B,rob01.trajectory,Good,104.0034,
1992,2026-09-15 23:45:18.043,IM-01,im01.moldTemp,Good,84.5,
1993,2026-09-15 23:45:18.043,IM-01,im01.oilTemp,Good,44.6,
1994,2026-09-15 23:45:18.043,IM-01,im01.energyTotal,Good,0.954222222222208,
1995,2026-09-15 23:45:18.050,EM-01,em01.totalEnergy,Good,1001.51,
1996,2026-09-15 23:45:18.050,EM-01,em01.forwardEnergy,Good,1001.51,
1997,2026-09-15 23:45:18.050,EM-01,em01.voltageA,Good,375,
1998,2026-09-15 23:45:18.050,EM-01,em01.voltageB,Good,380,
1999,2026-09-15 23:45:18.050,EM-01,em01.currentA,Good,191.1,
2000,2026-09-15 23:45:18.050,EM-01,em01.activePower,Good,101,
2001,2026-09-15 23:45:18.050,EM-01,em01.reactivePower,Good,30,
2002,2026-09-15 23:45:18.050,EM-01,em01.powerFactor,Good,0.883,
2003,2026-09-15 23:45:18.050,EM-01,em01.frequency,Good,50.01,
2004,2026-09-15 23:45:18.050,EM-01,em01.demand,Good,101,
2005,2026-09-15 23:45:18.050,EM-01,em01.energyF64,Good,10.1683611111111,
2006,2026-09-15 23:45:18.050,EM-01,em01.unbalance,Good,2.368421,
2007,2026-09-15 23:45:18.058,ENV-01,env01.roomTemp,Good,27.9,
2008,2026-09-15 23:45:18.058,ENV-01,env01.dewPoint,Good,18.5,
2009,2026-09-15 23:45:18.058,ENV-01,env01.noise,Good,71,
2010,2026-09-15 23:45:18.058,ENV-01,env01.pm25,Good,43,
2011,2026-09-15 23:45:18.058,ENV-01,env01.illuminance,Good,392,
2012,2026-09-15 23:45:18.058,ENV-01,env01.tempFluctuation,Good,24.10084,
2013,2026-09-15 23:45:18.059,GW-LINE-B,mtc01.actualTemp,Good,99.3,
2014,2026-09-15 23:45:18.059,GW-LINE-B,mtc01.pumpPressure,Good,2,
2015,2026-09-15 23:45:18.059,GW-LINE-B,mtc01.pumpFlow,Good,24,
2016,2026-09-15 23:45:18.059,GW-LINE-B,mtc01.pumpCurrent,Good,5.1,
2017,2026-09-15 23:45:18.059,GW-LINE-B,mtc01.heatPower,Good,4,
2018,2026-09-15 23:45:18.059,GW-LINE-B,mtc01.outletTemp,Good,99.8,
2019,2026-09-15 23:45:18.059,GW-LINE-B,mtc01.tempAvg,Good,993.3552,
2020,2026-09-15 23:45:18.064,IM-01,im01.prodTime,Good,09/15/2026 23:45:18,
2021,2026-09-15 23:45:18.065,GW-LINE-B,dry01.heatPower,Good,4,
2022,2026-09-15 23:45:18.065,GW-LINE-B,dry01.fanCurrent,Good,1.7,
2023,2026-09-15 23:45:18.066,GW-LINE-B,dry01.levelTrend,Good,-1.98556,
2024,2026-09-15 23:45:18.078,GW-LINE-B,rob01.cycleTime,Good,2.9,
2025,2026-09-15 23:45:18.078,GW-LINE-B,rob01.posX,Good,102,
2026,2026-09-15 23:45:18.079,GW-LINE-B,rob01.posY,Good,299,
2027,2026-09-15 23:45:18.079,GW-LINE-B,rob01.trajectory,Good,102.0043,
2028,2026-09-15 23:45:19.025,IM-01,im01.clampForceDev,Good,-52,
2029,2026-09-15 23:45:19.025,GW-LINE-B,mtc01.runSeconds,Good,3240,
2030,2026-09-15 23:45:19.025,GW-LINE-B,mtc01.energyTotal,Good,0.490250000000004,
2031,2026-09-15 23:45:19.027,GW-LINE-B,mtc01.tempDeviation,Good,-0.6,
2032,2026-09-15 23:45:19.027,EM-01,em01.readTime,Good,09/15/2026 23:45:18,
2033,2026-09-15 23:45:19.028,ENV-01,env01.runSeconds,Good,3240,
2034,2026-09-15 23:45:19.028,ENV-01,env01.sampleTime,Good,09/15/2026 23:45:18,
2035,2026-09-15 23:45:19.031,GW-LINE-B,dry01.drySeconds,Good,3028,
2036,2026-09-15 23:45:19.031,GW-LINE-B,dry01.energyTotal,Good,0.495305555555559,
2037,2026-09-15 23:45:19.033,GW-LINE-B,dry01.dewDeviation,Good,-0.1,
2038,2026-09-15 23:45:19.035,ENV-01,env01.tempDeviation,Good,-0.1,
2039,2026-09-15 23:45:19.037,GW-LINE-B,rob01.runSeconds,Good,3240,
2040,2026-09-15 23:45:19.039,GW-LINE-B,rob01.energyTotal,Good,0.454249999999999,
2041,2026-09-15 23:45:19.040,GW-LINE-B,rob01.posDeviation,Good,-100,
2042,2026-09-15 23:45:19.044,IM-01,im01.oilTemp,Good,45,
2043,2026-09-15 23:45:19.044,IM-01,im01.energyTotal,Good,0.955055555555541,
2044,2026-09-15 23:45:19.051,EM-01,em01.totalEnergy,Good,1004.8,
2045,2026-09-15 23:45:19.051,EM-01,em01.forwardEnergy,Good,1004.8,
2046,2026-09-15 23:45:19.051,EM-01,em01.voltageA,Good,376,
2047,2026-09-15 23:45:19.051,EM-01,em01.voltageB,Good,378,
2048,2026-09-15 23:45:19.051,EM-01,em01.voltageC,Good,375,
2049,2026-09-15 23:45:19.051,EM-01,em01.currentA,Good,120.3,
2050,2026-09-15 23:45:19.051,EM-01,em01.activePower,Good,115,
2051,2026-09-15 23:45:19.051,EM-01,em01.reactivePower,Good,24,
2052,2026-09-15 23:45:19.051,EM-01,em01.powerFactor,Good,0.907,
2053,2026-09-15 23:45:19.051,EM-01,em01.demand,Good,115,
2054,2026-09-15 23:45:19.051,EM-01,em01.energyF64,Good,10.2016944444444,
2055,2026-09-15 23:45:19.051,EM-01,em01.unbalance,Good,0.7894737,
2056,2026-09-15 23:45:19.058,ENV-01,env01.humidity,Good,52,
2057,2026-09-15 23:45:19.058,ENV-01,env01.dewPoint,Good,18.3,
2058,2026-09-15 23:45:19.058,ENV-01,env01.noise,Good,70,
2059,2026-09-15 23:45:19.058,ENV-01,env01.pm25,Good,46,
2060,2026-09-15 23:45:19.058,ENV-01,env01.pressureDiff,Good,6,
2061,2026-09-15 23:45:19.058,ENV-01,env01.illuminance,Good,323,
2062,2026-09-15 23:45:19.058,ENV-01,env01.tempFluctuation,Good,24.15938,
2063,2026-09-15 23:45:19.059,GW-LINE-B,mtc01.pumpPressure,Good,5,
2064,2026-09-15 23:45:19.059,GW-LINE-B,mtc01.pumpFlow,Good,20,
2065,2026-09-15 23:45:19.059,GW-LINE-B,mtc01.pumpCurrent,Good,3.4,
2066,2026-09-15 23:45:19.059,GW-LINE-B,mtc01.tempAvg,Good,992.8648,
2067,2026-09-15 23:45:19.064,IM-01,im01.prodTime,Good,09/15/2026 23:45:19,
2068,2026-09-15 23:45:19.065,GW-LINE-B,dry01.dewPoint,Good,-35,
2069,2026-09-15 23:45:19.065,GW-LINE-B,dry01.materialLevel,Good,64,
2070,2026-09-15 23:45:19.065,GW-LINE-B,dry01.heatPower,Good,5,
2071,2026-09-15 23:45:19.065,GW-LINE-B,dry01.fanCurrent,Good,2,
2072,2026-09-15 23:45:19.066,GW-LINE-B,dry01.levelTrend,Good,-2.015644,
2073,2026-09-15 23:45:19.071,GW-LINE-B,rob01.posX,Good,0,
2074,2026-09-15 23:45:19.071,GW-LINE-B,rob01.posY,Good,398,
2075,2026-09-15 23:45:19.071,GW-LINE-B,rob01.posZ,Good,198,
2076,2026-09-15 23:45:19.071,GW-LINE-B,rob01.trajectory,Good,-0.07546783,
2077,2026-09-15 23:45:20.044,IM-01,im01.moldTemp,Good,84.6,
2078,2026-09-15 23:45:20.044,IM-01,im01.oilTemp,Good,44.9,
2079,2026-09-15 23:45:20.044,IM-01,im01.energyTotal,Good,0.955888888888875,
2080,2026-09-15 23:45:20.051,EM-01,em01.totalEnergy,Good,1008.1,
2081,2026-09-15 23:45:20.051,EM-01,em01.forwardEnergy,Good,1008.1,
2082,2026-09-15 23:45:20.051,EM-01,em01.voltageB,Good,376,
2083,2026-09-15 23:45:20.051,EM-01,em01.voltageC,Good,379,
2084,2026-09-15 23:45:20.051,EM-01,em01.currentA,Good,217.4,
2085,2026-09-15 23:45:20.051,EM-01,em01.activePower,Good,121,
2086,2026-09-15 23:45:20.051,EM-01,em01.reactivePower,Good,32,
2087,2026-09-15 23:45:20.051,EM-01,em01.powerFactor,Good,0.884,
2088,2026-09-15 23:45:20.051,EM-01,em01.frequency,Good,50.05,
2089,2026-09-15 23:45:20.051,EM-01,em01.demand,Good,121,
2090,2026-09-15 23:45:20.051,EM-01,em01.energyF64,Good,10.2351944444444,
2091,2026-09-15 23:45:20.059,ENV-01,env01.dewPoint,Good,18.4,
2092,2026-09-15 23:45:20.059,ENV-01,env01.noise,Good,73,
2093,2026-09-15 23:45:20.059,ENV-01,env01.pm25,Good,38,
2094,2026-09-15 23:45:20.059,ENV-01,env01.pressureDiff,Good,1,
2095,2026-09-15 23:45:20.059,ENV-01,env01.illuminance,Good,357,
2096,2026-09-15 23:45:20.059,ENV-01,env01.tempFluctuation,Good,24.52341,
2097,2026-09-15 23:45:20.061,GW-LINE-B,mtc01.pumpPressure,Good,4,
2098,2026-09-15 23:45:20.061,GW-LINE-B,mtc01.pumpFlow,Good,21,
2099,2026-09-15 23:45:20.061,GW-LINE-B,mtc01.pumpCurrent,Good,3.3,
2100,2026-09-15 23:45:20.061,GW-LINE-B,mtc01.heatPower,Good,8,
2101,2026-09-15 23:45:20.061,GW-LINE-B,mtc01.tempAvg,Good,993.255,
2102,2026-09-15 23:45:20.065,IM-01,im01.prodTime,Good,09/15/2026 23:45:20,
2103,2026-09-15 23:45:20.068,GW-LINE-B,dry01.dewPoint,Good,-34.9,
2104,2026-09-15 23:45:20.068,GW-LINE-B,dry01.fanCurrent,Good,1.6,
2105,2026-09-15 23:45:20.069,GW-LINE-B,dry01.levelTrend,Good,-2.046115,
2106,2026-09-15 23:45:20.074,GW-LINE-B,rob01.cycleTime,Good,3.1,
2107,2026-09-15 23:45:20.074,GW-LINE-B,rob01.posY,Good,402,
2108,2026-09-15 23:45:20.074,GW-LINE-B,rob01.posZ,Good,199,
2109,2026-09-15 23:45:20.074,GW-LINE-B,rob01.trajectory,Good,-0.0539387,
2110,2026-09-15 23:45:21.045,IM-01,im01.oilTemp,Good,44.7,
2111,2026-09-15 23:45:21.045,IM-01,im01.energyTotal,Good,0.956722222222208,
2112,2026-09-15 23:45:21.052,EM-01,em01.totalEnergy,Good,1011.4,
2113,2026-09-15 23:45:21.052,EM-01,em01.forwardEnergy,Good,1011.4,
2114,2026-09-15 23:45:21.052,EM-01,em01.voltageA,Good,384,
2115,2026-09-15 23:45:21.052,EM-01,em01.voltageB,Good,378,
2116,2026-09-15 23:45:21.052,EM-01,em01.voltageC,Good,383,
2117,2026-09-15 23:45:21.052,EM-01,em01.currentA,Good,157.8,
2118,2026-09-15 23:45:21.052,EM-01,em01.activePower,Good,117,
2119,2026-09-15 23:45:21.052,EM-01,em01.reactivePower,Good,38,
2120,2026-09-15 23:45:21.052,EM-01,em01.powerFactor,Good,0.95,
2121,2026-09-15 23:45:21.052,EM-01,em01.frequency,Good,49.91,
2122,2026-09-15 23:45:21.052,EM-01,em01.demand,Good,117,
2123,2026-09-15 23:45:21.052,EM-01,em01.energyF64,Good,10.2686666666666,
2124,2026-09-15 23:45:21.052,EM-01,em01.unbalance,Good,1.578947,
2125,2026-09-15 23:45:21.059,ENV-01,env01.humidity,Good,51,
2126,2026-09-15 23:45:21.059,ENV-01,env01.dewPoint,Good,18.2,
2127,2026-09-15 23:45:21.059,ENV-01,env01.noise,Good,75,
2128,2026-09-15 23:45:21.059,ENV-01,env01.pm25,Good,55,
2129,2026-09-15 23:45:21.059,ENV-01,env01.pressureDiff,Good,5,
2130,2026-09-15 23:45:21.059,ENV-01,env01.illuminance,Good,372,
2131,2026-09-15 23:45:21.059,ENV-01,env01.tempFluctuation,Good,24.30189,
2132,2026-09-15 23:45:21.060,GW-LINE-B,mtc01.actualTemp,Good,99.5,
2133,2026-09-15 23:45:21.060,GW-LINE-B,mtc01.pumpPressure,Good,2,
2134,2026-09-15 23:45:21.060,GW-LINE-B,mtc01.pumpFlow,Good,34,
2135,2026-09-15 23:45:21.060,GW-LINE-B,mtc01.heatPower,Good,4,
2136,2026-09-15 23:45:21.060,GW-LINE-B,mtc01.outletTemp,Good,100,
2137,2026-09-15 23:45:21.060,GW-LINE-B,mtc01.tempAvg,Good,994.5482,
2138,2026-09-15 23:45:21.066,IM-01,im01.prodTime,Good,09/15/2026 23:45:21,
2139,2026-09-15 23:45:21.066,GW-LINE-B,dry01.heatPower,Good,3,
2140,2026-09-15 23:45:21.066,GW-LINE-B,dry01.fanCurrent,Good,1.5,
2141,2026-09-15 23:45:21.068,GW-LINE-B,dry01.levelTrend,Good,-2.080029,
2142,2026-09-15 23:45:21.071,GW-LINE-B,rob01.inPlace,Good,True,
2143,2026-09-15 23:45:21.072,GW-LINE-B,rob01.cycleTime,Good,2.9,
2144,2026-09-15 23:45:21.072,GW-LINE-B,rob01.totalPicks,Good,11,
2145,2026-09-15 23:45:21.072,GW-LINE-B,rob01.successPicks,Good,11,
2146,2026-09-15 23:45:21.072,GW-LINE-B,rob01.posX,Good,5,
2147,2026-09-15 23:45:21.072,GW-LINE-B,rob01.posY,Good,8,
2148,2026-09-15 23:45:21.072,GW-LINE-B,rob01.posZ,Good,8,
2149,2026-09-15 23:45:21.072,GW-LINE-B,rob01.gripState,Good,0,
2150,2026-09-15 23:45:21.072,GW-LINE-B,rob01.trajectory,Good,4.831105,
2151,2026-09-15 23:45:22.045,IM-01,im01.energyTotal,Good,0.957555555555541,
2152,2026-09-15 23:45:22.052,EM-01,em01.totalEnergy,Good,1014.65,
2153,2026-09-15 23:45:22.052,EM-01,em01.forwardEnergy,Good,1014.65,
2154,2026-09-15 23:45:22.052,EM-01,em01.voltageA,Good,385,
2155,2026-09-15 23:45:22.052,EM-01,em01.voltageB,Good,380,
2156,2026-09-15 23:45:22.052,EM-01,em01.voltageC,Good,384,
2157,2026-09-15 23:45:22.052,EM-01,em01.currentA,Good,154.1,
2158,2026-09-15 23:45:22.052,EM-01,em01.activePower,Good,111,
2159,2026-09-15 23:45:22.052,EM-01,em01.reactivePower,Good,22,
2160,2026-09-15 23:45:22.052,EM-01,em01.powerFactor,Good,0.862,
2161,2026-09-15 23:45:22.052,EM-01,em01.frequency,Good,49.95,
2162,2026-09-15 23:45:22.052,EM-01,em01.demand,Good,111,
2163,2026-09-15 23:45:22.052,EM-01,em01.energyF64,Good,10.30175,
2164,2026-09-15 23:45:22.052,EM-01,em01.unbalance,Good,1.315789,
2165,2026-09-15 23:45:22.059,ENV-01,env01.roomTemp,Good,27.8,
2166,2026-09-15 23:45:22.059,ENV-01,env01.noise,Good,77,
2167,2026-09-15 23:45:22.059,ENV-01,env01.pm25,Good,20,
2168,2026-09-15 23:45:22.059,ENV-01,env01.pressureDiff,Good,3,
2169,2026-09-15 23:45:22.059,ENV-01,env01.illuminance,Good,340,
2170,2026-09-15 23:45:22.059,ENV-01,env01.tempFluctuation,Good,23.97372,
2171,2026-09-15 23:45:22.060,GW-LINE-B,mtc01.actualTemp,Good,99.3,
2172,2026-09-15 23:45:22.060,GW-LINE-B,mtc01.pumpPressure,Good,5,
2173,2026-09-15 23:45:22.060,GW-LINE-B,mtc01.pumpFlow,Good,23,
2174,2026-09-15 23:45:22.060,GW-LINE-B,mtc01.pumpCurrent,Good,5.6,
2175,2026-09-15 23:45:22.060,GW-LINE-B,mtc01.heatPower,Good,3,
2176,2026-09-15 23:45:22.060,GW-LINE-B,mtc01.outletTemp,Good,99.8,
2177,2026-09-15 23:45:22.060,GW-LINE-B,mtc01.tempAvg,Good,992.7441,
2178,2026-09-15 23:45:22.066,IM-01,im01.prodTime,Good,09/15/2026 23:45:22,
2179,2026-09-15 23:45:22.066,GW-LINE-B,dry01.dewPoint,Good,-34.8,
2180,2026-09-15 23:45:22.066,GW-LINE-B,dry01.materialLevel,Good,63,
2181,2026-09-15 23:45:22.066,GW-LINE-B,dry01.heatPower,Good,7,
2182,2026-09-15 23:45:22.068,GW-LINE-B,dry01.levelTrend,Good,-2.111603,
2183,2026-09-15 23:45:22.073,GW-LINE-B,rob01.cycleTime,Good,3,
2184,2026-09-15 23:45:22.073,GW-LINE-B,rob01.trajectory,Good,4.988927,
2185,2026-09-15 23:45:23.045,IM-01,im01.moldTemp,Good,84.5,
2186,2026-09-15 23:45:23.045,IM-01,im01.energyTotal,Good,0.958388888888874,
2187,2026-09-15 23:45:23.053,EM-01,em01.totalEnergy,Good,1017.82,
2188,2026-09-15 23:45:23.053,EM-01,em01.forwardEnergy,Good,1017.82,
2189,2026-09-15 23:45:23.053,EM-01,em01.voltageA,Good,375,
2190,2026-09-15 23:45:23.053,EM-01,em01.voltageB,Good,379,
2191,2026-09-15 23:45:23.053,EM-01,em01.voltageC,Good,377,
2192,2026-09-15 23:45:23.053,EM-01,em01.currentA,Good,126.2,
2193,2026-09-15 23:45:23.053,EM-01,em01.activePower,Good,129,
2194,2026-09-15 23:45:23.053,EM-01,em01.reactivePower,Good,24,
2195,2026-09-15 23:45:23.053,EM-01,em01.powerFactor,Good,0.927,
2196,2026-09-15 23:45:23.053,EM-01,em01.frequency,Good,49.92,
2197,2026-09-15 23:45:23.053,EM-01,em01.demand,Good,129,
2198,2026-09-15 23:45:23.053,EM-01,em01.energyF64,Good,10.3339722222222,
2199,2026-09-15 23:45:23.053,EM-01,em01.unbalance,Good,1.052632,
2200,2026-09-15 23:45:23.060,ENV-01,env01.humidity,Good,53,
2201,2026-09-15 23:45:23.060,ENV-01,env01.dewPoint,Good,18.5,
2202,2026-09-15 23:45:23.060,ENV-01,env01.noise,Good,76,
2203,2026-09-15 23:45:23.060,ENV-01,env01.pm25,Good,52,
2204,2026-09-15 23:45:23.060,ENV-01,env01.pressureDiff,Good,12,
2205,2026-09-15 23:45:23.060,ENV-01,env01.illuminance,Good,482,
2206,2026-09-15 23:45:23.060,ENV-01,env01.tempFluctuation,Good,23.73663,
2207,2026-09-15 23:45:23.060,GW-LINE-B,mtc01.actualTemp,Good,99.5,
2208,2026-09-15 23:45:23.060,GW-LINE-B,mtc01.pumpFlow,Good,30,
2209,2026-09-15 23:45:23.060,GW-LINE-B,mtc01.pumpCurrent,Good,4.8,
2210,2026-09-15 23:45:23.060,GW-LINE-B,mtc01.heatPower,Good,8,
2211,2026-09-15 23:45:23.060,GW-LINE-B,mtc01.outletTemp,Good,100,
2212,2026-09-15 23:45:23.060,GW-LINE-B,mtc01.tempAvg,Good,994.8649,
2213,2026-09-15 23:45:23.067,GW-LINE-B,dry01.dewPoint,Good,-34.3,
2214,2026-09-15 23:45:23.067,GW-LINE-B,dry01.heatPower,Good,6,
2215,2026-09-15 23:45:23.067,IM-01,im01.prodTime,Good,09/15/2026 23:45:23,
2216,2026-09-15 23:45:23.068,GW-LINE-B,dry01.levelTrend,Good,-2.1417,
2217,2026-09-15 23:45:23.073,GW-LINE-B,rob01.cycleTime,Good,3.2,
2218,2026-09-15 23:45:23.073,GW-LINE-B,rob01.posX,Good,6,
2219,2026-09-15 23:45:23.073,GW-LINE-B,rob01.trajectory,Good,5.843402,
2221,2026-09-15 23:45:24.025,IM-01,im01.clampForceDev,Good,-40,
2222,2026-09-15 23:45:24.025,GW-LINE-B,mtc01.runSeconds,Good,3290,
2223,2026-09-15 23:45:24.025,GW-LINE-B,mtc01.energyTotal,Good,0.497833333333337,
2224,2026-09-15 23:45:24.027,GW-LINE-B,mtc01.tempDeviation,Good,-0.7,
2225,2026-09-15 23:45:24.027,ENV-01,env01.runSeconds,Good,3290,
2226,2026-09-15 23:45:24.027,ENV-01,env01.sampleTime,Good,09/15/2026 23:45:23,
2227,2026-09-15 23:45:24.028,EM-01,em01.readTime,Good,09/15/2026 23:45:23,
2228,2026-09-15 23:45:24.031,GW-LINE-B,dry01.drySeconds,Good,3078,
2229,2026-09-15 23:45:24.031,GW-LINE-B,dry01.energyTotal,Good,0.502555555555559,
2230,2026-09-15 23:45:24.033,GW-LINE-B,dry01.dewDeviation,Good,0.2,
2231,2026-09-15 23:45:24.034,ENV-01,env01.tempDeviation,Good,-0.2,
2232,2026-09-15 23:45:24.037,GW-LINE-B,rob01.runSeconds,Good,3290,
2233,2026-09-15 23:45:24.039,GW-LINE-B,rob01.energyTotal,Good,0.460527777777776,
2234,2026-09-15 23:45:24.040,GW-LINE-B,rob01.posDeviation,Good,-95,
2235,2026-09-15 23:45:24.046,IM-01,im01.oilTemp,Good,44.4,
2236,2026-09-15 23:45:24.046,IM-01,im01.energyTotal,Good,0.959222222222208,
2237,2026-09-15 23:45:24.053,EM-01,em01.totalEnergy,Good,1021.06,
2238,2026-09-15 23:45:24.053,EM-01,em01.forwardEnergy,Good,1021.06,
2239,2026-09-15 23:45:24.053,EM-01,em01.voltageA,Good,379,
2240,2026-09-15 23:45:24.053,EM-01,em01.voltageB,Good,378,
2241,2026-09-15 23:45:24.053,EM-01,em01.voltageC,Good,382,
2242,2026-09-15 23:45:24.053,EM-01,em01.currentA,Good,211.9,
2243,2026-09-15 23:45:24.053,EM-01,em01.activePower,Good,115,
2244,2026-09-15 23:45:24.053,EM-01,em01.reactivePower,Good,32,
2245,2026-09-15 23:45:24.053,EM-01,em01.powerFactor,Good,0.899,
2246,2026-09-15 23:45:24.053,EM-01,em01.frequency,Good,49.91,
2247,2026-09-15 23:45:24.053,EM-01,em01.demand,Good,115,
2248,2026-09-15 23:45:24.053,EM-01,em01.energyF64,Good,10.3668611111111,
2249,2026-09-15 23:45:24.060,ENV-01,env01.noise,Good,77,
2250,2026-09-15 23:45:24.060,ENV-01,env01.pm25,Good,30,
2251,2026-09-15 23:45:24.060,ENV-01,env01.pressureDiff,Good,8,
2252,2026-09-15 23:45:24.060,ENV-01,env01.illuminance,Good,452,
2253,2026-09-15 23:45:24.060,ENV-01,env01.tempFluctuation,Good,24.60279,
2254,2026-09-15 23:45:24.061,GW-LINE-B,mtc01.actualTemp,Good,99.4,
2255,2026-09-15 23:45:24.061,GW-LINE-B,mtc01.pumpPressure,Good,2,
2256,2026-09-15 23:45:24.061,GW-LINE-B,mtc01.pumpFlow,Good,18,
2257,2026-09-15 23:45:24.061,GW-LINE-B,mtc01.pumpCurrent,Good,5,
2258,2026-09-15 23:45:24.061,GW-LINE-B,mtc01.heatPower,Good,7,
2259,2026-09-15 23:45:24.061,GW-LINE-B,mtc01.outletTemp,Good,99.9,
2260,2026-09-15 23:45:24.061,GW-LINE-B,mtc01.tempAvg,Good,994.3026,
2261,2026-09-15 23:45:24.067,GW-LINE-B,dry01.dewPoint,Good,-34.6,
2262,2026-09-15 23:45:24.067,GW-LINE-B,dry01.fanCurrent,Good,1.3,
2263,2026-09-15 23:45:24.068,IM-01,im01.prodTime,Good,09/15/2026 23:45:24,
2264,2026-09-15 23:45:24.069,GW-LINE-B,dry01.levelTrend,Good,-2.172672,
2265,2026-09-15 23:45:24.073,GW-LINE-B,rob01.cycleTime,Good,2.8,
2266,2026-09-15 23:45:24.073,GW-LINE-B,rob01.posX,Good,5,
2267,2026-09-15 23:45:24.073,GW-LINE-B,rob01.trajectory,Good,5.160203,
2268,2026-09-15 23:45:25.046,IM-01,im01.oilTemp,Good,44.5,
2269,2026-09-15 23:45:25.046,IM-01,im01.energyTotal,Good,0.960055555555541,
2270,2026-09-15 23:45:25.054,EM-01,em01.totalEnergy,Good,1024.22,
2271,2026-09-15 23:45:25.054,EM-01,em01.forwardEnergy,Good,1024.22,
2272,2026-09-15 23:45:25.054,EM-01,em01.voltageA,Good,384,
2273,2026-09-15 23:45:25.054,EM-01,em01.voltageB,Good,385,
2274,2026-09-15 23:45:25.054,EM-01,em01.currentA,Good,195.7,
2275,2026-09-15 23:45:25.054,EM-01,em01.activePower,Good,118,
2276,2026-09-15 23:45:25.054,EM-01,em01.reactivePower,Good,35,
2277,2026-09-15 23:45:25.054,EM-01,em01.powerFactor,Good,0.95,
2278,2026-09-15 23:45:25.054,EM-01,em01.frequency,Good,49.92,
2279,2026-09-15 23:45:25.054,EM-01,em01.demand,Good,118,
2280,2026-09-15 23:45:25.054,EM-01,em01.energyF64,Good,10.3990555555555,
2281,2026-09-15 23:45:25.054,EM-01,em01.unbalance,Good,0.7894737,
2282,2026-09-15 23:45:25.061,ENV-01,env01.roomTemp,Good,27.9,
2283,2026-09-15 23:45:25.061,ENV-01,env01.humidity,Good,52,
2284,2026-09-15 23:45:25.061,ENV-01,env01.dewPoint,Good,18.4,
2285,2026-09-15 23:45:25.061,ENV-01,env01.noise,Good,73,
2286,2026-09-15 23:45:25.061,ENV-01,env01.pm25,Good,47,
2287,2026-09-15 23:45:25.061,ENV-01,env01.pressureDiff,Good,-3,
2288,2026-09-15 23:45:25.061,ENV-01,env01.illuminance,Good,407,
2289,2026-09-15 23:45:25.061,ENV-01,env01.tempFluctuation,Good,24.84386,
2290,2026-09-15 23:45:25.062,GW-LINE-B,mtc01.pumpPressure,Good,3,
2291,2026-09-15 23:45:25.062,GW-LINE-B,mtc01.pumpFlow,Good,40,
2292,2026-09-15 23:45:25.062,GW-LINE-B,mtc01.pumpCurrent,Good,5.2,
2293,2026-09-15 23:45:25.062,GW-LINE-B,mtc01.heatPower,Good,8,
2294,2026-09-15 23:45:25.062,GW-LINE-B,mtc01.tempAvg,Good,993.92,
2295,2026-09-15 23:45:25.068,GW-LINE-B,dry01.dewPoint,Good,-34.8,
2296,2026-09-15 23:45:25.068,GW-LINE-B,dry01.materialLevel,Good,62,
2297,2026-09-15 23:45:25.068,GW-LINE-B,dry01.heatPower,Good,3,
2298,2026-09-15 23:45:25.068,GW-LINE-B,dry01.fanCurrent,Good,1.9,
2299,2026-09-15 23:45:25.069,IM-01,im01.prodTime,Good,09/15/2026 23:45:25,
2300,2026-09-15 23:45:25.070,GW-LINE-B,dry01.levelTrend,Good,-2.202963,
2301,2026-09-15 23:45:25.075,GW-LINE-B,rob01.cycleTime,Good,3.2,
2302,2026-09-15 23:45:25.075,GW-LINE-B,rob01.posX,Good,6,
2303,2026-09-15 23:45:25.075,GW-LINE-B,rob01.trajectory,Good,5.988876,
2304,2026-09-15 23:45:26.047,IM-01,im01.oilTemp,Good,44.4,
2305,2026-09-15 23:45:26.047,IM-01,im01.energyTotal,Good,0.960888888888874,
2306,2026-09-15 23:45:26.054,EM-01,em01.totalEnergy,Good,1027.23,
2307,2026-09-15 23:45:26.054,EM-01,em01.forwardEnergy,Good,1027.23,
2308,2026-09-15 23:45:26.054,EM-01,em01.voltageA,Good,375,
2309,2026-09-15 23:45:26.054,EM-01,em01.voltageB,Good,384,
2310,2026-09-15 23:45:26.054,EM-01,em01.voltageC,Good,380,
2311,2026-09-15 23:45:26.054,EM-01,em01.currentA,Good,139.5,
2312,2026-09-15 23:45:26.054,EM-01,em01.activePower,Good,111,
2313,2026-09-15 23:45:26.054,EM-01,em01.reactivePower,Good,20,
2314,2026-09-15 23:45:26.054,EM-01,em01.powerFactor,Good,0.888,
2315,2026-09-15 23:45:26.054,EM-01,em01.frequency,Good,50.03,
2316,2026-09-15 23:45:26.054,EM-01,em01.demand,Good,111,
2317,2026-09-15 23:45:26.054,EM-01,em01.energyF64,Good,10.4296944444444,
2318,2026-09-15 23:45:26.054,EM-01,em01.unbalance,Good,2.368421,
2319,2026-09-15 23:45:26.061,GW-LINE-B,mtc01.pumpPressure,Good,2,
2320,2026-09-15 23:45:26.061,ENV-01,env01.humidity,Good,55,
2321,2026-09-15 23:45:26.061,ENV-01,env01.dewPoint,Good,19,
2322,2026-09-15 23:45:26.061,ENV-01,env01.noise,Good,76,
2323,2026-09-15 23:45:26.061,ENV-01,env01.pm25,Good,49,
2324,2026-09-15 23:45:26.061,GW-LINE-B,mtc01.pumpFlow,Good,25,
2325,2026-09-15 23:45:26.061,GW-LINE-B,mtc01.pumpCurrent,Good,5.8,
2326,2026-09-15 23:45:26.061,ENV-01,env01.pressureDiff,Good,8,
2327,2026-09-15 23:45:26.061,GW-LINE-B,mtc01.heatPower,Good,4,
2328,2026-09-15 23:45:26.061,ENV-01,env01.illuminance,Good,377,
2329,2026-09-15 23:45:26.061,GW-LINE-B,mtc01.tempAvg,Good,994.1887,
2330,2026-09-15 23:45:26.061,ENV-01,env01.tempFluctuation,Good,24.43222,
2331,2026-09-15 23:45:26.067,GW-LINE-B,dry01.dewPoint,Good,-34.1,
2332,2026-09-15 23:45:26.067,GW-LINE-B,dry01.heatPower,Good,7,
2333,2026-09-15 23:45:26.067,GW-LINE-B,dry01.fanCurrent,Good,1,
2334,2026-09-15 23:45:26.069,GW-LINE-B,dry01.levelTrend,Good,-2.231646,
2335,2026-09-15 23:45:26.069,IM-01,im01.prodTime,Good,09/15/2026 23:45:26,
2336,2026-09-15 23:45:26.074,GW-LINE-B,rob01.cycleTime,Good,2.9,
2337,2026-09-15 23:45:26.074,GW-LINE-B,rob01.trajectory,Good,5.722776,
2338,2026-09-15 23:45:27.047,IM-01,im01.energyTotal,Good,0.961722222222207,
2339,2026-09-15 23:45:27.054,EM-01,em01.totalEnergy,Good,1029.99,
2340,2026-09-15 23:45:27.054,EM-01,em01.forwardEnergy,Good,1029.99,
2341,2026-09-15 23:45:27.054,EM-01,em01.voltageA,Good,380,
2342,2026-09-15 23:45:27.054,EM-01,em01.voltageB,Good,381,
2343,2026-09-15 23:45:27.054,EM-01,em01.voltageC,Good,383,
2344,2026-09-15 23:45:27.054,EM-01,em01.currentA,Good,181.2,
2345,2026-09-15 23:45:27.054,EM-01,em01.activePower,Good,92,
2346,2026-09-15 23:45:27.054,EM-01,em01.reactivePower,Good,39,
2347,2026-09-15 23:45:27.054,EM-01,em01.powerFactor,Good,0.917,
2348,2026-09-15 23:45:27.054,EM-01,em01.frequency,Good,49.91,
2349,2026-09-15 23:45:27.054,EM-01,em01.demand,Good,92,
2350,2026-09-15 23:45:27.054,EM-01,em01.energyF64,Good,10.4578333333333,
2351,2026-09-15 23:45:27.054,EM-01,em01.unbalance,Good,0.7894737,
2352,2026-09-15 23:45:27.062,ENV-01,env01.roomTemp,Good,27.8,
2353,2026-09-15 23:45:27.062,GW-LINE-B,mtc01.actualTemp,Good,99,
2354,2026-09-15 23:45:27.062,ENV-01,env01.humidity,Good,54,
2355,2026-09-15 23:45:27.062,ENV-01,env01.dewPoint,Good,18.8,
2356,2026-09-15 23:45:27.062,GW-LINE-B,mtc01.returnTemp,Good,95,
2357,2026-09-15 23:45:27.062,ENV-01,env01.noise,Good,78,
2358,2026-09-15 23:45:27.062,GW-LINE-B,mtc01.pumpPressure,Good,3,
2359,2026-09-15 23:45:27.062,ENV-01,env01.pm25,Good,26,
2360,2026-09-15 23:45:27.062,GW-LINE-B,mtc01.pumpFlow,Good,30,
2361,2026-09-15 23:45:27.062,ENV-01,env01.pressureDiff,Good,4,
2362,2026-09-15 23:45:27.062,ENV-01,env01.illuminance,Good,470,
2363,2026-09-15 23:45:27.062,ENV-01,env01.tempFluctuation,Good,23.97692,
2364,2026-09-15 23:45:27.062,GW-LINE-B,mtc01.pumpCurrent,Good,3.8,
2365,2026-09-15 23:45:27.062,GW-LINE-B,mtc01.heatPower,Good,7,
2366,2026-09-15 23:45:27.062,GW-LINE-B,mtc01.outletTemp,Good,99.5,
2367,2026-09-15 23:45:27.062,GW-LINE-B,mtc01.tempAvg,Good,990.4595,
2368,2026-09-15 23:45:27.068,GW-LINE-B,dry01.dewPoint,Good,-33.9,
2369,2026-09-15 23:45:27.068,GW-LINE-B,dry01.fanCurrent,Good,1.4,
2370,2026-09-15 23:45:27.070,GW-LINE-B,dry01.levelTrend,Good,-2.262706,
2371,2026-09-15 23:45:27.070,IM-01,im01.prodTime,Good,09/15/2026 23:45:27,
2372,2026-09-15 23:45:27.075,GW-LINE-B,rob01.cycleTime,Good,2.8,
2373,2026-09-15 23:45:27.075,GW-LINE-B,rob01.posX,Good,7,
2374,2026-09-15 23:45:27.075,GW-LINE-B,rob01.trajectory,Good,6.98395,
2375,2026-09-15 23:45:28.047,IM-01,im01.energyTotal,Good,0.962555555555541,
2376,2026-09-15 23:45:28.054,EM-01,em01.totalEnergy,Good,1032.94,
2377,2026-09-15 23:45:28.054,EM-01,em01.forwardEnergy,Good,1032.94,
2378,2026-09-15 23:45:28.054,EM-01,em01.voltageA,Good,382,
2379,2026-09-15 23:45:28.054,EM-01,em01.voltageB,Good,378,
2380,2026-09-15 23:45:28.054,EM-01,em01.voltageC,Good,376,
2381,2026-09-15 23:45:28.054,EM-01,em01.currentA,Good,155.6,
2382,2026-09-15 23:45:28.054,EM-01,em01.activePower,Good,115,
2383,2026-09-15 23:45:28.054,EM-01,em01.reactivePower,Good,33,
2384,2026-09-15 23:45:28.054,EM-01,em01.powerFactor,Good,0.901,
2385,2026-09-15 23:45:28.054,EM-01,em01.frequency,Good,49.92,
2386,2026-09-15 23:45:28.054,EM-01,em01.demand,Good,115,
2387,2026-09-15 23:45:28.054,EM-01,em01.energyF64,Good,10.4879166666666,
2388,2026-09-15 23:45:28.054,EM-01,em01.unbalance,Good,1.578947,
2389,2026-09-15 23:45:28.061,ENV-01,env01.dewPoint,Good,18.7,
2390,2026-09-15 23:45:28.061,ENV-01,env01.noise,Good,77,
2391,2026-09-15 23:45:28.061,ENV-01,env01.pm25,Good,57,
2392,2026-09-15 23:45:28.061,ENV-01,env01.pressureDiff,Good,13,
2393,2026-09-15 23:45:28.061,ENV-01,env01.illuminance,Good,324,
2394,2026-09-15 23:45:28.061,ENV-01,env01.tempFluctuation,Good,23.718,
2395,2026-09-15 23:45:28.062,GW-LINE-B,mtc01.actualTemp,Good,99.3,
2396,2026-09-15 23:45:28.062,GW-LINE-B,mtc01.pumpFlow,Good,17,
2397,2026-09-15 23:45:28.062,GW-LINE-B,mtc01.pumpCurrent,Good,5.9,
2398,2026-09-15 23:45:28.062,GW-LINE-B,mtc01.heatPower,Good,6,
2399,2026-09-15 23:45:28.062,GW-LINE-B,mtc01.outletTemp,Good,99.8,
2400,2026-09-15 23:45:28.062,GW-LINE-B,mtc01.tempAvg,Good,992.9413,
2401,2026-09-15 23:45:28.068,GW-LINE-B,dry01.dewPoint,Good,-34,
2402,2026-09-15 23:45:28.068,GW-LINE-B,dry01.heatPower,Good,3,
2403,2026-09-15 23:45:28.068,GW-LINE-B,dry01.fanCurrent,Good,0.8,
2404,2026-09-15 23:45:28.069,GW-LINE-B,dry01.levelTrend,Good,-2.292146,
2405,2026-09-15 23:45:28.070,IM-01,im01.prodTime,Good,09/15/2026 23:45:28,
2406,2026-09-15 23:45:28.074,GW-LINE-B,rob01.cycleTime,Good,3,
2407,2026-09-15 23:45:28.074,GW-LINE-B,rob01.posX,Good,6,
2408,2026-09-15 23:45:28.074,GW-LINE-B,rob01.trajectory,Good,6.105431,
2410,2026-09-15 23:45:29.025,GW-LINE-B,mtc01.runSeconds,Good,3340,
2411,2026-09-15 23:45:29.025,GW-LINE-B,mtc01.energyTotal,Good,0.505500000000004,
2412,2026-09-15 23:45:29.025,IM-01,im01.clampForceDev,Good,-36,
2413,2026-09-15 23:45:29.027,GW-LINE-B,mtc01.tempDeviation,Good,-0.6,
2414,2026-09-15 23:45:29.027,ENV-01,env01.runSeconds,Good,3340,
2415,2026-09-15 23:45:29.027,ENV-01,env01.sampleTime,Good,09/15/2026 23:45:28,
2416,2026-09-15 23:45:29.027,ENV-01,env01.alarmCode,Good,2,
2417,2026-09-15 23:45:29.030,EM-01,em01.readTime,Good,09/15/2026 23:45:28,
2418,2026-09-15 23:45:29.031,GW-LINE-B,dry01.drySeconds,Good,3128,
2419,2026-09-15 23:45:29.031,GW-LINE-B,dry01.energyTotal,Good,0.510277777777782,
2420,2026-09-15 23:45:29.033,GW-LINE-B,dry01.dewDeviation,Good,0.6,
2421,2026-09-15 23:45:29.037,GW-LINE-B,rob01.runSeconds,Good,3340,
2422,2026-09-15 23:45:29.039,GW-LINE-B,rob01.energyTotal,Good,0.466944444444443,
2423,2026-09-15 23:45:29.040,GW-LINE-B,rob01.posDeviation,Good,-94,
2424,2026-09-15 23:45:29.048,IM-01,im01.moldTemp,Good,84.6,
2425,2026-09-15 23:45:29.048,IM-01,im01.oilTemp,Good,44.5,
2426,2026-09-15 23:45:29.048,IM-01,im01.energyTotal,Good,0.963388888888874,
2427,2026-09-15 23:45:29.054,EM-01,em01.totalEnergy,Good,1035.91,
2428,2026-09-15 23:45:29.054,EM-01,em01.forwardEnergy,Good,1035.91,
2429,2026-09-15 23:45:29.054,EM-01,em01.voltageA,Good,385,
2430,2026-09-15 23:45:29.054,EM-01,em01.voltageB,Good,384,
2431,2026-09-15 23:45:29.054,EM-01,em01.voltageC,Good,374,
2432,2026-09-15 23:45:29.054,EM-01,em01.currentA,Good,212.5,
2433,2026-09-15 23:45:29.054,EM-01,em01.activePower,Good,95,
2434,2026-09-15 23:45:29.054,EM-01,em01.reactivePower,Good,25,
2435,2026-09-15 23:45:29.054,EM-01,em01.powerFactor,Good,0.904,
2436,2026-09-15 23:45:29.054,EM-01,em01.frequency,Good,50.07,
2437,2026-09-15 23:45:29.054,EM-01,em01.demand,Good,95,
2438,2026-09-15 23:45:29.054,EM-01,em01.energyF64,Good,10.5181111111111,
2439,2026-09-15 23:45:29.054,EM-01,em01.unbalance,Good,2.894737,
2440,2026-09-15 23:45:29.061,ENV-01,env01.noise,Good,71,
2441,2026-09-15 23:45:29.061,ENV-01,env01.pm25,Good,54,
2442,2026-09-15 23:45:29.061,ENV-01,env01.pressureDiff,Good,6,
2443,2026-09-15 23:45:29.061,ENV-01,env01.illuminance,Good,313,
2444,2026-09-15 23:45:29.061,ENV-01,env01.tempFluctuation,Good,24.36482,
2445,2026-09-15 23:45:29.062,GW-LINE-B,mtc01.actualTemp,Good,99.4,
2446,2026-09-15 23:45:29.062,GW-LINE-B,mtc01.pumpFlow,Good,37,
2447,2026-09-15 23:45:29.062,GW-LINE-B,mtc01.pumpCurrent,Good,4.3,
2448,2026-09-15 23:45:29.062,GW-LINE-B,mtc01.outletTemp,Good,99.9,
2449,2026-09-15 23:45:29.062,GW-LINE-B,mtc01.tempAvg,Good,994.4366,
2450,2026-09-15 23:45:29.068,GW-LINE-B,dry01.dewPoint,Good,-34.4,
2451,2026-09-15 23:45:29.068,GW-LINE-B,dry01.materialLevel,Good,61,
2452,2026-09-15 23:45:29.068,GW-LINE-B,dry01.heatPower,Good,5,
2453,2026-09-15 23:45:29.068,GW-LINE-B,dry01.fanCurrent,Good,1.9,
2454,2026-09-15 23:45:29.070,GW-LINE-B,dry01.levelTrend,Good,-2.31751,
2455,2026-09-15 23:45:29.070,IM-01,im01.prodTime,Good,09/15/2026 23:45:29,
2456,2026-09-15 23:45:29.074,GW-LINE-B,rob01.cycleTime,Good,3.2,
2457,2026-09-15 23:45:29.074,GW-LINE-B,rob01.trajectory,Good,5.818116,
2458,2026-09-15 23:45:30.048,IM-01,im01.moldTemp,Good,84.5,
2459,2026-09-15 23:45:30.048,IM-01,im01.oilTemp,Good,44.6,
2460,2026-09-15 23:45:30.048,IM-01,im01.energyTotal,Good,0.964222222222207,
2461,2026-09-15 23:45:30.055,EM-01,em01.totalEnergy,Good,1038.86,
2462,2026-09-15 23:45:30.055,EM-01,em01.forwardEnergy,Good,1038.86,
2463,2026-09-15 23:45:30.055,EM-01,em01.voltageA,Good,381,
2464,2026-09-15 23:45:30.055,EM-01,em01.voltageB,Good,379,
2465,2026-09-15 23:45:30.055,EM-01,em01.voltageC,Good,377,
2466,2026-09-15 23:45:30.055,EM-01,em01.currentA,Good,129.3,
2467,2026-09-15 23:45:30.055,EM-01,em01.activePower,Good,116,
2468,2026-09-15 23:45:30.055,EM-01,em01.reactivePower,Good,28,
2469,2026-09-15 23:45:30.055,EM-01,em01.powerFactor,Good,0.934,
2470,2026-09-15 23:45:30.055,EM-01,em01.frequency,Good,49.96,
2471,2026-09-15 23:45:30.055,EM-01,em01.demand,Good,116,
2472,2026-09-15 23:45:30.055,EM-01,em01.energyF64,Good,10.5480555555555,
2473,2026-09-15 23:45:30.055,EM-01,em01.unbalance,Good,1.052632,
2474,2026-09-15 23:45:30.062,ENV-01,env01.dewPoint,Good,18.6,
2475,2026-09-15 23:45:30.062,ENV-01,env01.pm25,Good,25,
2476,2026-09-15 23:45:30.062,ENV-01,env01.pressureDiff,Good,-1,
2477,2026-09-15 23:45:30.062,ENV-01,env01.tempFluctuation,Good,24.5754,
2478,2026-09-15 23:45:30.063,GW-LINE-B,mtc01.actualTemp,Good,99.5,
2479,2026-09-15 23:45:30.063,GW-LINE-B,mtc01.pumpPressure,Good,2,
2480,2026-09-15 23:45:30.063,GW-LINE-B,mtc01.pumpFlow,Good,31,
2481,2026-09-15 23:45:30.063,GW-LINE-B,mtc01.pumpCurrent,Good,4.6,
2482,2026-09-15 23:45:30.063,GW-LINE-B,mtc01.heatPower,Good,7,
2483,2026-09-15 23:45:30.063,GW-LINE-B,mtc01.outletTemp,Good,100,
2484,2026-09-15 23:45:30.063,GW-LINE-B,mtc01.tempAvg,Good,994.8174,
2485,2026-09-15 23:45:30.069,GW-LINE-B,dry01.dewPoint,Good,-34.5,
2486,2026-09-15 23:45:30.069,GW-LINE-B,dry01.heatPower,Good,6,
2487,2026-09-15 23:45:30.069,GW-LINE-B,dry01.fanCurrent,Good,0.9,
2488,2026-09-15 23:45:30.071,GW-LINE-B,dry01.levelTrend,Good,-2.344407,
2489,2026-09-15 23:45:30.071,IM-01,im01.prodTime,Good,09/15/2026 23:45:30,
2490,2026-09-15 23:45:30.076,GW-LINE-B,rob01.cycleTime,Good,2.7,
2491,2026-09-15 23:45:30.076,GW-LINE-B,rob01.trajectory,Good,5.818959,
2492,2026-09-15 23:45:31.048,IM-01,im01.oilTemp,Good,44.8,
2493,2026-09-15 23:45:31.048,IM-01,im01.energyTotal,Good,0.96505555555554,
2494,2026-09-15 23:45:31.055,EM-01,em01.totalEnergy,Good,1042.14,
2495,2026-09-15 23:45:31.055,EM-01,em01.forwardEnergy,Good,1042.14,
2496,2026-09-15 23:45:31.055,EM-01,em01.voltageA,Good,385,
2497,2026-09-15 23:45:31.055,EM-01,em01.voltageC,Good,381,
2498,2026-09-15 23:45:31.055,EM-01,em01.currentA,Good,121.1,
2499,2026-09-15 23:45:31.055,EM-01,em01.activePower,Good,104,
2500,2026-09-15 23:45:31.055,EM-01,em01.reactivePower,Good,24,
2501,2026-09-15 23:45:31.055,EM-01,em01.powerFactor,Good,0.888,
2502,2026-09-15 23:45:31.055,EM-01,em01.frequency,Good,49.92,
2503,2026-09-15 23:45:31.055,EM-01,em01.demand,Good,104,
2504,2026-09-15 23:45:31.055,EM-01,em01.energyF64,Good,10.5813888888889,
2505,2026-09-15 23:45:31.055,EM-01,em01.unbalance,Good,1.578947,
2506,2026-09-15 23:45:31.063,GW-LINE-B,mtc01.pumpPressure,Good,3,
2507,2026-09-15 23:45:31.063,ENV-01,env01.dewPoint,Good,18.7,
2508,2026-09-15 23:45:31.063,GW-LINE-B,mtc01.pumpFlow,Good,21,
2509,2026-09-15 23:45:31.063,ENV-01,env01.noise,Good,76,
2510,2026-09-15 23:45:31.063,ENV-01,env01.pm25,Good,56,
2511,2026-09-15 23:45:31.063,ENV-01,env01.pressureDiff,Good,1,
2512,2026-09-15 23:45:31.063,ENV-01,env01.illuminance,Good,364,
2513,2026-09-15 23:45:31.063,GW-LINE-B,mtc01.pumpCurrent,Good,5.8,
2514,2026-09-15 23:45:31.063,GW-LINE-B,mtc01.heatPower,Good,5,
2515,2026-09-15 23:45:31.063,GW-LINE-B,mtc01.tempAvg,Good,994.6279,
2516,2026-09-15 23:45:31.063,ENV-01,env01.tempFluctuation,Good,23.74133,
2517,2026-09-15 23:45:31.069,GW-LINE-B,dry01.dewPoint,Good,-34.6,
2518,2026-09-15 23:45:31.069,GW-LINE-B,dry01.fanCurrent,Good,1.6,
2519,2026-09-15 23:45:31.070,GW-LINE-B,dry01.levelTrend,Good,-2.379852,
2520,2026-09-15 23:45:31.072,IM-01,im01.prodTime,Good,09/15/2026 23:45:31,
2521,2026-09-15 23:45:31.075,GW-LINE-B,rob01.trajectory,Good,6.067585,
2522,2026-09-15 23:45:32.048,IM-01,im01.moldTemp,Good,84.6,
2523,2026-09-15 23:45:32.048,IM-01,im01.oilTemp,Good,45,
2524,2026-09-15 23:45:32.048,IM-01,im01.energyTotal,Good,0.965888888888873,
2525,2026-09-15 23:45:32.055,EM-01,em01.totalEnergy,Good,1045.43,
2526,2026-09-15 23:45:32.055,EM-01,em01.forwardEnergy,Good,1045.43,
2527,2026-09-15 23:45:32.055,EM-01,em01.voltageA,Good,376,
2528,2026-09-15 23:45:32.055,EM-01,em01.voltageB,Good,380,
2529,2026-09-15 23:45:32.055,EM-01,em01.currentA,Good,179.6,
2530,2026-09-15 23:45:32.055,EM-01,em01.activePower,Good,114,
2531,2026-09-15 23:45:32.055,EM-01,em01.reactivePower,Good,25,
2532,2026-09-15 23:45:32.055,EM-01,em01.powerFactor,Good,0.911,
2533,2026-09-15 23:45:32.055,EM-01,em01.frequency,Good,50.01,
2534,2026-09-15 23:45:32.055,EM-01,em01.demand,Good,114,
2535,2026-09-15 23:45:32.055,EM-01,em01.energyF64,Good,10.6149444444444,
2536,2026-09-15 23:45:32.055,EM-01,em01.unbalance,Good,1.315789,
2537,2026-09-15 23:45:32.063,ENV-01,env01.roomTemp,Good,27.9,
2538,2026-09-15 23:45:32.063,GW-LINE-B,mtc01.actualTemp,Good,99.4,
2539,2026-09-15 23:45:32.063,GW-LINE-B,mtc01.pumpPressure,Good,5,
2540,2026-09-15 23:45:32.063,ENV-01,env01.humidity,Good,55,
2541,2026-09-15 23:45:32.063,ENV-01,env01.dewPoint,Good,18.9,
2542,2026-09-15 23:45:32.063,GW-LINE-B,mtc01.pumpFlow,Good,33,
2543,2026-09-15 23:45:32.063,ENV-01,env01.pm25,Good,45,
2544,2026-09-15 23:45:32.063,GW-LINE-B,mtc01.pumpCurrent,Good,6,
2545,2026-09-15 23:45:32.063,ENV-01,env01.pressureDiff,Good,9,
2546,2026-09-15 23:45:32.063,ENV-01,env01.illuminance,Good,439,
2547,2026-09-15 23:45:32.063,GW-LINE-B,mtc01.heatPower,Good,3,
2548,2026-09-15 23:45:32.063,GW-LINE-B,mtc01.outletTemp,Good,99.9,
2549,2026-09-15 23:45:32.063,GW-LINE-B,mtc01.tempAvg,Good,994.4475,
2550,2026-09-15 23:45:32.063,ENV-01,env01.tempFluctuation,Good,24.30575,
2551,2026-09-15 23:45:32.070,GW-LINE-B,dry01.dewPoint,Good,-34.5,
2552,2026-09-15 23:45:32.070,GW-LINE-B,dry01.materialLevel,Good,60,
2553,2026-09-15 23:45:32.070,GW-LINE-B,dry01.fanCurrent,Good,1.5,
2554,2026-09-15 23:45:32.072,GW-LINE-B,dry01.levelTrend,Good,-2.406311,
2555,2026-09-15 23:45:32.073,IM-01,im01.prodTime,Good,09/15/2026 23:45:32,
2556,2026-09-15 23:45:32.078,GW-LINE-B,rob01.cycleTime,Good,3.1,
2557,2026-09-15 23:45:32.078,GW-LINE-B,rob01.posX,Good,7,
2558,2026-09-15 23:45:32.078,GW-LINE-B,rob01.trajectory,Good,7.22819,
2559,2026-09-15 23:45:33.049,IM-01,im01.oilTemp,Good,44.8,
2560,2026-09-15 23:45:33.049,IM-01,im01.energyTotal,Good,0.966722222222207,
2561,2026-09-15 23:45:33.056,EM-01,em01.totalEnergy,Good,1048.52,
2562,2026-09-15 23:45:33.056,EM-01,em01.forwardEnergy,Good,1048.52,
2563,2026-09-15 23:45:33.056,EM-01,em01.voltageA,Good,385,
2564,2026-09-15 23:45:33.056,EM-01,em01.voltageB,Good,381,
2565,2026-09-15 23:45:33.056,EM-01,em01.currentA,Good,171.5,
2566,2026-09-15 23:45:33.056,EM-01,em01.activePower,Good,118,
2567,2026-09-15 23:45:33.056,EM-01,em01.reactivePower,Good,40,
2568,2026-09-15 23:45:33.056,EM-01,em01.powerFactor,Good,0.947,
2569,2026-09-15 23:45:33.056,EM-01,em01.frequency,Good,50.06,
2570,2026-09-15 23:45:33.056,EM-01,em01.demand,Good,118,
2571,2026-09-15 23:45:33.056,EM-01,em01.energyF64,Good,10.64625,
2572,2026-09-15 23:45:33.056,EM-01,em01.unbalance,Good,1.052632,
2574,2026-09-15 23:45:33.064,ENV-01,env01.humidity,Good,56,
2573,2026-09-15 23:45:33.064,GW-LINE-B,mtc01.pumpPressure,Good,4,
2575,2026-09-15 23:45:33.064,ENV-01,env01.dewPoint,Good,19.2,
2576,2026-09-15 23:45:33.064,ENV-01,env01.noise,Good,74,
2577,2026-09-15 23:45:33.064,GW-LINE-B,mtc01.pumpFlow,Good,26,
2578,2026-09-15 23:45:33.064,ENV-01,env01.pm25,Good,51,
2579,2026-09-15 23:45:33.064,ENV-01,env01.pressureDiff,Good,10,
2580,2026-09-15 23:45:33.064,ENV-01,env01.illuminance,Good,352,
2581,2026-09-15 23:45:33.064,GW-LINE-B,mtc01.pumpCurrent,Good,3.1,
2582,2026-09-15 23:45:33.064,GW-LINE-B,mtc01.heatPower,Good,4,
2583,2026-09-15 23:45:33.064,ENV-01,env01.tempFluctuation,Good,24.6552,
2584,2026-09-15 23:45:33.064,GW-LINE-B,mtc01.tempAvg,Good,993.5139,
2585,2026-09-15 23:45:33.070,GW-LINE-B,dry01.dewPoint,Good,-34.3,
2586,2026-09-15 23:45:33.070,GW-LINE-B,dry01.heatPower,Good,4,
2587,2026-09-15 23:45:33.070,GW-LINE-B,dry01.fanCurrent,Good,1,
2588,2026-09-15 23:45:33.071,GW-LINE-B,dry01.levelTrend,Good,-2.43566,
2589,2026-09-15 23:45:33.074,IM-01,im01.prodTime,Good,09/15/2026 23:45:33,
2590,2026-09-15 23:45:33.076,GW-LINE-B,rob01.cycleTime,Good,2.9,
2591,2026-09-15 23:45:33.076,GW-LINE-B,rob01.trajectory,Good,6.709736,
2592,2026-09-15 23:45:34.025,IM-01,im01.clampForceDev,Good,-32,
2593,2026-09-15 23:45:34.025,GW-LINE-B,mtc01.runSeconds,Good,3390,
2594,2026-09-15 23:45:34.025,GW-LINE-B,mtc01.energyTotal,Good,0.513222222222226,
2595,2026-09-15 23:45:34.027,GW-LINE-B,mtc01.tempDeviation,Good,-0.5,
2596,2026-09-15 23:45:34.027,EM-01,em01.readTime,Good,09/15/2026 23:45:33,
2597,2026-09-15 23:45:34.033,GW-LINE-B,dry01.drySeconds,Good,3178,
2598,2026-09-15 23:45:34.033,GW-LINE-B,dry01.energyTotal,Good,0.518166666666671,
2599,2026-09-15 23:45:34.033,ENV-01,env01.runSeconds,Good,3390,
2600,2026-09-15 23:45:34.033,ENV-01,env01.sampleTime,Good,09/15/2026 23:45:33,
2601,2026-09-15 23:45:34.034,GW-LINE-B,dry01.dewDeviation,Good,0.7,
2602,2026-09-15 23:45:34.037,ENV-01,env01.tempDeviation,Good,-0.1,
2603,2026-09-15 23:45:34.039,GW-LINE-B,rob01.runSeconds,Good,3390,
2604,2026-09-15 23:45:34.040,GW-LINE-B,rob01.energyTotal,Good,0.47422222222222,
2605,2026-09-15 23:45:34.050,IM-01,im01.energyTotal,Good,0.96755555555554,
2606,2026-09-15 23:45:34.057,EM-01,em01.totalEnergy,Good,1051.61,
2607,2026-09-15 23:45:34.057,EM-01,em01.forwardEnergy,Good,1051.61,
2608,2026-09-15 23:45:34.057,EM-01,em01.voltageA,Good,378,
2609,2026-09-15 23:45:34.057,EM-01,em01.voltageB,Good,382,
2610,2026-09-15 23:45:34.057,EM-01,em01.voltageC,Good,380,
2611,2026-09-15 23:45:34.057,EM-01,em01.currentA,Good,145.7,
2612,2026-09-15 23:45:34.057,EM-01,em01.activePower,Good,131,
2613,2026-09-15 23:45:34.057,EM-01,em01.reactivePower,Good,21,
2614,2026-09-15 23:45:34.057,EM-01,em01.powerFactor,Good,0.916,
2615,2026-09-15 23:45:34.057,EM-01,em01.frequency,Good,50.05,
2616,2026-09-15 23:45:34.057,EM-01,em01.demand,Good,131,
2617,2026-09-15 23:45:34.057,EM-01,em01.energyF64,Good,10.6776111111111,
2618,2026-09-15 23:45:34.064,ENV-01,env01.roomTemp,Good,28,
2619,2026-09-15 23:45:34.064,ENV-01,env01.noise,Good,70,
2620,2026-09-15 23:45:34.064,ENV-01,env01.pm25,Good,33,
2621,2026-09-15 23:45:34.064,ENV-01,env01.pressureDiff,Good,13,
2622,2026-09-15 23:45:34.064,ENV-01,env01.illuminance,Good,355,
2623,2026-09-15 23:45:34.064,ENV-01,env01.tempFluctuation,Good,25.26418,
2624,2026-09-15 23:45:34.064,GW-LINE-B,mtc01.pumpPressure,Good,3,
2625,2026-09-15 23:45:34.064,GW-LINE-B,mtc01.pumpFlow,Good,38,
2626,2026-09-15 23:45:34.064,GW-LINE-B,mtc01.pumpCurrent,Good,3.4,
2627,2026-09-15 23:45:34.064,GW-LINE-B,mtc01.heatPower,Good,5,
2628,2026-09-15 23:45:34.064,GW-LINE-B,mtc01.tempAvg,Good,994.3002,
2629,2026-09-15 23:45:34.071,GW-LINE-B,dry01.fanCurrent,Good,1.3,
2630,2026-09-15 23:45:34.073,GW-LINE-B,dry01.levelTrend,Good,-2.45185,
2631,2026-09-15 23:45:34.074,IM-01,im01.prodTime,Good,09/15/2026 23:45:34,
2632,2026-09-15 23:45:34.077,GW-LINE-B,rob01.posX,Good,6,
2633,2026-09-15 23:45:34.077,GW-LINE-B,rob01.trajectory,Good,5.794906,
2634,2026-09-15 23:45:35.050,IM-01,im01.moldTemp,Good,84.5,
2635,2026-09-15 23:45:35.050,IM-01,im01.oilTemp,Good,44.6,
2636,2026-09-15 23:45:35.050,IM-01,im01.energyTotal,Good,0.968388888888873,
2637,2026-09-15 23:45:35.057,EM-01,em01.totalEnergy,Good,1054.88,
2638,2026-09-15 23:45:35.057,EM-01,em01.forwardEnergy,Good,1054.88,
2639,2026-09-15 23:45:35.057,EM-01,em01.voltageA,Good,375,
2640,2026-09-15 23:45:35.057,EM-01,em01.voltageB,Good,380,
2641,2026-09-15 23:45:35.057,EM-01,em01.currentA,Good,157.3,
2642,2026-09-15 23:45:35.057,EM-01,em01.activePower,Good,108,
2643,2026-09-15 23:45:35.057,EM-01,em01.reactivePower,Good,22,
2644,2026-09-15 23:45:35.057,EM-01,em01.powerFactor,Good,0.915,
2645,2026-09-15 23:45:35.057,EM-01,em01.frequency,Good,50.06,
2646,2026-09-15 23:45:35.057,EM-01,em01.demand,Good,108,
2647,2026-09-15 23:45:35.057,EM-01,em01.energyF64,Good,10.7108611111111,
2648,2026-09-15 23:45:35.057,EM-01,em01.unbalance,Good,1.315789,
2649,2026-09-15 23:45:35.064,ENV-01,env01.noise,Good,71,
2650,2026-09-15 23:45:35.064,ENV-01,env01.pm25,Good,39,
2651,2026-09-15 23:45:35.064,ENV-01,env01.pressureDiff,Good,4,
2652,2026-09-15 23:45:35.064,ENV-01,env01.illuminance,Good,333,
2653,2026-09-15 23:45:35.064,ENV-01,env01.tempFluctuation,Good,25.23567,
2654,2026-09-15 23:45:35.064,GW-LINE-B,mtc01.actualTemp,Good,99.6,
2655,2026-09-15 23:45:35.064,GW-LINE-B,mtc01.pumpFlow,Good,36,
2656,2026-09-15 23:45:35.064,GW-LINE-B,mtc01.pumpCurrent,Good,4.9,
2657,2026-09-15 23:45:35.064,GW-LINE-B,mtc01.outletTemp,Good,100.1,
2658,2026-09-15 23:45:35.064,GW-LINE-B,mtc01.tempAvg,Good,995.6142,
2659,2026-09-15 23:45:35.070,GW-LINE-B,dry01.dewPoint,Good,-34.2,
2660,2026-09-15 23:45:35.070,GW-LINE-B,dry01.heatPower,Good,5,
2661,2026-09-15 23:45:35.070,GW-LINE-B,dry01.fanCurrent,Good,1.7,
2662,2026-09-15 23:45:35.072,GW-LINE-B,dry01.levelTrend,Good,-2.478647,
2663,2026-09-15 23:45:35.075,IM-01,im01.prodTime,Good,09/15/2026 23:45:35,
2664,2026-09-15 23:45:35.077,GW-LINE-B,rob01.cycleTime,Good,2.8,
2665,2026-09-15 23:45:35.077,GW-LINE-B,rob01.posX,Good,5,
2666,2026-09-15 23:45:35.077,GW-LINE-B,rob01.trajectory,Good,4.931426,
2667,2026-09-15 23:45:36.050,IM-01,im01.energyTotal,Good,0.969222222222206,
2668,2026-09-15 23:45:36.057,EM-01,em01.totalEnergy,Good,1057.9,
2669,2026-09-15 23:45:36.057,EM-01,em01.forwardEnergy,Good,1057.9,
2670,2026-09-15 23:45:36.057,EM-01,em01.voltageA,Good,382,
2671,2026-09-15 23:45:36.057,EM-01,em01.voltageB,Good,383,
2672,2026-09-15 23:45:36.057,EM-01,em01.voltageC,Good,379,
2673,2026-09-15 23:45:36.057,EM-01,em01.currentA,Good,120.7,
2674,2026-09-15 23:45:36.057,EM-01,em01.activePower,Good,107,
2675,2026-09-15 23:45:36.057,EM-01,em01.reactivePower,Good,20,
2676,2026-09-15 23:45:36.057,EM-01,em01.powerFactor,Good,0.925,
2677,2026-09-15 23:45:36.057,EM-01,em01.frequency,Good,50.02,
2678,2026-09-15 23:45:36.057,EM-01,em01.demand,Good,107,
2679,2026-09-15 23:45:36.057,EM-01,em01.energyF64,Good,10.7415277777778,
2680,2026-09-15 23:45:36.057,EM-01,em01.unbalance,Good,1.052632,
2681,2026-09-15 23:45:36.064,ENV-01,env01.humidity,Good,57,
2682,2026-09-15 23:45:36.064,ENV-01,env01.dewPoint,Good,19.4,
2683,2026-09-15 23:45:36.064,ENV-01,env01.noise,Good,74,
2684,2026-09-15 23:45:36.064,ENV-01,env01.pm25,Good,43,
2685,2026-09-15 23:45:36.064,ENV-01,env01.pressureDiff,Good,13,
2686,2026-09-15 23:45:36.064,ENV-01,env01.illuminance,Good,300,
2687,2026-09-15 23:45:36.064,ENV-01,env01.tempFluctuation,Good,24.45056,
2688,2026-09-15 23:45:36.065,GW-LINE-B,mtc01.actualTemp,Good,99.3,
2689,2026-09-15 23:45:36.065,GW-LINE-B,mtc01.pumpFlow,Good,21,
2690,2026-09-15 23:45:36.065,GW-LINE-B,mtc01.pumpCurrent,Good,5.1,
2691,2026-09-15 23:45:36.065,GW-LINE-B,mtc01.heatPower,Good,6,
2692,2026-09-15 23:45:36.065,GW-LINE-B,mtc01.outletTemp,Good,99.8,
2693,2026-09-15 23:45:36.065,GW-LINE-B,mtc01.tempAvg,Good,992.7508,
2694,2026-09-15 23:45:36.071,GW-LINE-B,dry01.dewPoint,Good,-33.9,
2695,2026-09-15 23:45:36.071,GW-LINE-B,dry01.materialLevel,Good,59,
2696,2026-09-15 23:45:36.071,GW-LINE-B,dry01.heatPower,Good,4,
2697,2026-09-15 23:45:36.071,GW-LINE-B,dry01.fanCurrent,Good,1.5,
2698,2026-09-15 23:45:36.073,GW-LINE-B,dry01.levelTrend,Good,-2.511797,
2699,2026-09-15 23:45:36.075,IM-01,im01.prodTime,Good,09/15/2026 23:45:36,
2700,2026-09-15 23:45:36.077,GW-LINE-B,rob01.cycleTime,Good,3.1,
2701,2026-09-15 23:45:36.077,GW-LINE-B,rob01.trajectory,Good,4.93155,
2702,2026-09-15 23:45:37.050,IM-01,im01.oilTemp,Good,44.4,
2703,2026-09-15 23:45:37.050,IM-01,im01.energyTotal,Good,0.97005555555554,
2704,2026-09-15 23:45:37.057,EM-01,em01.totalEnergy,Good,1061.1,
2705,2026-09-15 23:45:37.057,EM-01,em01.forwardEnergy,Good,1061.1,
2706,2026-09-15 23:45:37.057,EM-01,em01.voltageA,Good,385,
2707,2026-09-15 23:45:37.057,EM-01,em01.voltageB,Good,384,
2708,2026-09-15 23:45:37.057,EM-01,em01.voltageC,Good,381,
2709,2026-09-15 23:45:37.057,EM-01,em01.currentA,Good,138.6,
2710,2026-09-15 23:45:37.057,EM-01,em01.activePower,Good,112,
2711,2026-09-15 23:45:37.057,EM-01,em01.reactivePower,Good,22,
2712,2026-09-15 23:45:37.057,EM-01,em01.powerFactor,Good,0.868,
2713,2026-09-15 23:45:37.057,EM-01,em01.frequency,Good,49.96,
2714,2026-09-15 23:45:37.057,EM-01,em01.demand,Good,112,
2715,2026-09-15 23:45:37.057,EM-01,em01.energyF64,Good,10.7740555555555,
2716,2026-09-15 23:45:37.064,ENV-01,env01.humidity,Good,56,
2717,2026-09-15 23:45:37.064,ENV-01,env01.dewPoint,Good,19.2,
2718,2026-09-15 23:45:37.064,ENV-01,env01.noise,Good,75,
2719,2026-09-15 23:45:37.064,ENV-01,env01.pm25,Good,59,
2720,2026-09-15 23:45:37.064,ENV-01,env01.pressureDiff,Good,7,
2721,2026-09-15 23:45:37.064,ENV-01,env01.illuminance,Good,344,
2722,2026-09-15 23:45:37.064,ENV-01,env01.tempFluctuation,Good,24.96438,
2723,2026-09-15 23:45:37.065,GW-LINE-B,mtc01.pumpPressure,Good,2,
2724,2026-09-15 23:45:37.065,GW-LINE-B,mtc01.pumpFlow,Good,33,
2725,2026-09-15 23:45:37.065,GW-LINE-B,mtc01.pumpCurrent,Good,4.5,
2726,2026-09-15 23:45:37.065,GW-LINE-B,mtc01.heatPower,Good,7,
2727,2026-09-15 23:45:37.065,GW-LINE-B,mtc01.tempAvg,Good,993.3017,
2728,2026-09-15 23:45:37.071,GW-LINE-B,dry01.dewPoint,Good,-34,
2729,2026-09-15 23:45:37.071,GW-LINE-B,dry01.heatPower,Good,5,
2730,2026-09-15 23:45:37.071,GW-LINE-B,dry01.fanCurrent,Good,1.3,
2731,2026-09-15 23:45:37.073,GW-LINE-B,dry01.levelTrend,Good,-2.542321,
2732,2026-09-15 23:45:37.076,IM-01,im01.prodTime,Good,09/15/2026 23:45:37,
2733,2026-09-15 23:45:37.078,GW-LINE-B,rob01.cycleTime,Good,2.8,
2734,2026-09-15 23:45:37.078,GW-LINE-B,rob01.trajectory,Good,4.733384,
2735,2026-09-15 23:45:38.050,IM-01,im01.energyTotal,Good,0.970888888888873,
2736,2026-09-15 23:45:38.058,EM-01,em01.totalEnergy,Good,1064.02,
2737,2026-09-15 23:45:38.058,EM-01,em01.forwardEnergy,Good,1064.02,
2738,2026-09-15 23:45:38.058,EM-01,em01.voltageA,Good,384,
2739,2026-09-15 23:45:38.058,EM-01,em01.voltageB,Good,381,
2740,2026-09-15 23:45:38.058,EM-01,em01.voltageC,Good,376,
2741,2026-09-15 23:45:38.058,EM-01,em01.currentA,Good,154.6,
2742,2026-09-15 23:45:38.058,EM-01,em01.activePower,Good,105,
2743,2026-09-15 23:45:38.058,EM-01,em01.reactivePower,Good,37,
2744,2026-09-15 23:45:38.058,EM-01,em01.frequency,Good,50.01,
2745,2026-09-15 23:45:38.058,EM-01,em01.demand,Good,105,
2746,2026-09-15 23:45:38.058,EM-01,em01.energyF64,Good,10.8036388888889,
2747,2026-09-15 23:45:38.058,EM-01,em01.unbalance,Good,2.105263,
2748,2026-09-15 23:45:38.065,ENV-01,env01.roomTemp,Good,27.9,
2749,2026-09-15 23:45:38.065,ENV-01,env01.humidity,Good,54,
2750,2026-09-15 23:45:38.065,ENV-01,env01.dewPoint,Good,18.9,
2751,2026-09-15 23:45:38.065,ENV-01,env01.noise,Good,71,
2752,2026-09-15 23:45:38.065,ENV-01,env01.pm25,Good,25,
2753,2026-09-15 23:45:38.065,ENV-01,env01.pressureDiff,Good,2,
2754,2026-09-15 23:45:38.065,ENV-01,env01.illuminance,Good,352,
2755,2026-09-15 23:45:38.065,ENV-01,env01.tempFluctuation,Good,24.48947,
2756,2026-09-15 23:45:38.065,GW-LINE-B,mtc01.actualTemp,Good,99.4,
2757,2026-09-15 23:45:38.065,GW-LINE-B,mtc01.pumpPressure,Good,5,
2758,2026-09-15 23:45:38.065,GW-LINE-B,mtc01.pumpFlow,Good,26,
2759,2026-09-15 23:45:38.065,GW-LINE-B,mtc01.pumpCurrent,Good,3.1,
2760,2026-09-15 23:45:38.065,GW-LINE-B,mtc01.heatPower,Good,3,
2761,2026-09-15 23:45:38.065,GW-LINE-B,mtc01.outletTemp,Good,99.9,
2762,2026-09-15 23:45:38.065,GW-LINE-B,mtc01.tempAvg,Good,993.8899,
2763,2026-09-15 23:45:38.072,GW-LINE-B,dry01.dewPoint,Good,-33.8,
2764,2026-09-15 23:45:38.072,GW-LINE-B,dry01.heatPower,Good,7,
2765,2026-09-15 23:45:38.072,GW-LINE-B,dry01.fanCurrent,Good,1.8,
2766,2026-09-15 23:45:38.073,GW-LINE-B,dry01.levelTrend,Good,-2.569056,
2767,2026-09-15 23:45:38.076,IM-01,im01.prodTime,Good,09/15/2026 23:45:38,
2768,2026-09-15 23:45:38.078,GW-LINE-B,rob01.cycleTime,Good,2.7,
2769,2026-09-15 23:45:38.078,GW-LINE-B,rob01.posX,Good,4,
2770,2026-09-15 23:45:38.078,GW-LINE-B,rob01.trajectory,Good,4.229844,
2772,2026-09-15 23:45:39.026,GW-LINE-B,mtc01.runSeconds,Good,3440,
2773,2026-09-15 23:45:39.026,GW-LINE-B,mtc01.energyTotal,Good,0.52066666666667,
2774,2026-09-15 23:45:39.027,IM-01,im01.clampForceDev,Good,-48,
2775,2026-09-15 23:45:39.027,EM-01,em01.readTime,Good,09/15/2026 23:45:38,
2776,2026-09-15 23:45:39.028,GW-LINE-B,mtc01.tempDeviation,Good,-0.6,
2777,2026-09-15 23:45:39.029,ENV-01,env01.runSeconds,Good,3440,
2778,2026-09-15 23:45:39.029,ENV-01,env01.sampleTime,Good,09/15/2026 23:45:38,
2779,2026-09-15 23:45:39.033,GW-LINE-B,dry01.drySeconds,Good,3228,
2780,2026-09-15 23:45:39.033,GW-LINE-B,dry01.energyTotal,Good,0.525527777777782,
2781,2026-09-15 23:45:39.034,GW-LINE-B,dry01.dewDeviation,Good,1.4,
2782,2026-09-15 23:45:39.035,ENV-01,env01.tempDeviation,Good,0,
2783,2026-09-15 23:45:39.039,GW-LINE-B,rob01.runSeconds,Good,3440,
2784,2026-09-15 23:45:39.041,GW-LINE-B,rob01.energyTotal,Good,0.481416666666665,
2785,2026-09-15 23:45:39.043,GW-LINE-B,rob01.posDeviation,Good,-97,
2786,2026-09-15 23:45:39.050,IM-01,im01.moldTemp,Good,84.6,
2787,2026-09-15 23:45:39.050,IM-01,im01.oilTemp,Good,44.7,
2788,2026-09-15 23:45:39.050,IM-01,im01.energyTotal,Good,0.971722222222206,
2789,2026-09-15 23:45:39.052,IM-01,im01.estop,Good,True,
2790,2026-09-15 23:45:39.058,EM-01,em01.totalEnergy,Good,1066.99,
2791,2026-09-15 23:45:39.058,EM-01,em01.forwardEnergy,Good,1066.99,
2792,2026-09-15 23:45:39.058,EM-01,em01.voltageA,Good,379,
2793,2026-09-15 23:45:39.058,EM-01,em01.voltageB,Good,380,
2794,2026-09-15 23:45:39.058,EM-01,em01.voltageC,Good,375,
2795,2026-09-15 23:45:39.058,EM-01,em01.currentA,Good,158.2,
2796,2026-09-15 23:45:39.058,EM-01,em01.activePower,Good,118,
2797,2026-09-15 23:45:39.058,EM-01,em01.reactivePower,Good,25,
2798,2026-09-15 23:45:39.058,EM-01,em01.powerFactor,Good,0.864,
2799,2026-09-15 23:45:39.058,EM-01,em01.frequency,Good,49.97,
2800,2026-09-15 23:45:39.058,EM-01,em01.demand,Good,118,
2801,2026-09-15 23:45:39.058,EM-01,em01.energyF64,Good,10.8336944444444,
2802,2026-09-15 23:45:39.058,EM-01,em01.unbalance,Good,1.315789,
2803,2026-09-15 23:45:39.065,ENV-01,env01.humidity,Good,55,
2804,2026-09-15 23:45:39.065,ENV-01,env01.dewPoint,Good,19,
2805,2026-09-15 23:45:39.065,ENV-01,env01.pm25,Good,59,
2806,2026-09-15 23:45:39.065,ENV-01,env01.pressureDiff,Good,3,
2807,2026-09-15 23:45:39.065,ENV-01,env01.illuminance,Good,499,
2808,2026-09-15 23:45:39.065,ENV-01,env01.tempFluctuation,Good,24.45083,
2809,2026-09-15 23:45:39.066,GW-LINE-B,mtc01.actualTemp,Good,99.3,
2810,2026-09-15 23:45:39.066,GW-LINE-B,mtc01.pumpPressure,Good,3,
2811,2026-09-15 23:45:39.066,GW-LINE-B,mtc01.pumpFlow,Good,21,
2812,2026-09-15 23:45:39.066,GW-LINE-B,mtc01.pumpCurrent,Good,4.2,
2813,2026-09-15 23:45:39.066,GW-LINE-B,mtc01.heatPower,Good,7,
2814,2026-09-15 23:45:39.066,GW-LINE-B,mtc01.outletTemp,Good,99.8,
2815,2026-09-15 23:45:39.066,GW-LINE-B,mtc01.tempAvg,Good,993.1224,
2816,2026-09-15 23:45:39.072,GW-LINE-B,dry01.dewPoint,Good,-33.6,
2817,2026-09-15 23:45:39.072,GW-LINE-B,dry01.materialLevel,Good,58,
2818,2026-09-15 23:45:39.072,GW-LINE-B,dry01.heatPower,Good,5,
2819,2026-09-15 23:45:39.072,GW-LINE-B,dry01.fanCurrent,Good,1.7,
2820,2026-09-15 23:45:39.074,GW-LINE-B,dry01.levelTrend,Good,-2.601107,
2821,2026-09-15 23:45:39.077,IM-01,im01.alarmCode,Good,16,
2822,2026-09-15 23:45:39.077,IM-01,im01.prodTime,Good,09/15/2026 23:45:39,
2823,2026-09-15 23:45:39.078,IM-01,im01.faultAlarm,Good,True,
2824,2026-09-15 23:45:39.078,GW-LINE-B,rob01.cycleTime,Good,3,
2826,2026-09-15 23:45:39.078,GW-LINE-B,rob01.trajectory,Good,3.895911,
2827,2026-09-15 23:45:40.050,IM-01,im01.moldTemp,Good,84.5,
2828,2026-09-15 23:45:40.050,IM-01,im01.oilTemp,Good,44.8,
2829,2026-09-15 23:45:40.050,IM-01,im01.energyTotal,Good,0.972555555555539,
2830,2026-09-15 23:45:40.058,EM-01,em01.totalEnergy,Good,1070.02,
2831,2026-09-15 23:45:40.058,EM-01,em01.forwardEnergy,Good,1070.02,
2832,2026-09-15 23:45:40.058,EM-01,em01.voltageA,Good,382,
2833,2026-09-15 23:45:40.058,EM-01,em01.voltageC,Good,382,
2834,2026-09-15 23:45:40.058,EM-01,em01.currentA,Good,164.5,
2835,2026-09-15 23:45:40.058,EM-01,em01.activePower,Good,107,
2836,2026-09-15 23:45:40.058,EM-01,em01.powerFactor,Good,0.926,
2837,2026-09-15 23:45:40.058,EM-01,em01.frequency,Good,49.94,
2838,2026-09-15 23:45:40.058,EM-01,em01.demand,Good,107,
2839,2026-09-15 23:45:40.058,EM-01,em01.energyF64,Good,10.8646111111111,
2840,2026-09-15 23:45:40.058,EM-01,em01.unbalance,Good,0.5263158,
2841,2026-09-15 23:45:40.065,ENV-01,env01.noise,Good,73,
2842,2026-09-15 23:45:40.065,ENV-01,env01.pm25,Good,27,
2843,2026-09-15 23:45:40.065,ENV-01,env01.pressureDiff,Good,4,
2844,2026-09-15 23:45:40.065,ENV-01,env01.illuminance,Good,391,
2845,2026-09-15 23:45:40.065,ENV-01,env01.tempFluctuation,Good,24.05527,
2846,2026-09-15 23:45:40.066,GW-LINE-B,mtc01.actualTemp,Good,99.2,
2847,2026-09-15 23:45:40.066,GW-LINE-B,mtc01.pumpFlow,Good,26,
2848,2026-09-15 23:45:40.066,GW-LINE-B,mtc01.pumpCurrent,Good,4.8,
2849,2026-09-15 23:45:40.066,GW-LINE-B,mtc01.heatPower,Good,6,
2850,2026-09-15 23:45:40.066,GW-LINE-B,mtc01.outletTemp,Good,99.7,
2851,2026-09-15 23:45:40.066,GW-LINE-B,mtc01.tempAvg,Good,991.7321,
2852,2026-09-15 23:45:40.072,GW-LINE-B,dry01.dewPoint,Good,-33.8,
2853,2026-09-15 23:45:40.072,GW-LINE-B,dry01.heatPower,Good,8,
2854,2026-09-15 23:45:40.072,GW-LINE-B,dry01.fanCurrent,Good,0.9,
2855,2026-09-15 23:45:40.073,GW-LINE-B,dry01.levelTrend,Good,-2.62694,
2856,2026-09-15 23:45:40.077,IM-01,im01.prodTime,Good,09/15/2026 23:45:40,
2857,2026-09-15 23:45:40.078,GW-LINE-B,rob01.cycleTime,Good,3.2,
2858,2026-09-15 23:45:40.078,GW-LINE-B,rob01.posX,Good,5,
2859,2026-09-15 23:45:40.078,GW-LINE-B,rob01.trajectory,Good,5.046721,
2860,2026-09-15 23:45:41.051,IM-01,im01.oilTemp,Good,44.6,
2861,2026-09-15 23:45:41.051,IM-01,im01.energyTotal,Good,0.973388888888873,
2862,2026-09-15 23:45:41.058,EM-01,em01.totalEnergy,Good,1073.22,
2863,2026-09-15 23:45:41.058,EM-01,em01.forwardEnergy,Good,1073.22,
2864,2026-09-15 23:45:41.058,EM-01,em01.voltageA,Good,385,
2865,2026-09-15 23:45:41.058,EM-01,em01.voltageB,Good,383,
2866,2026-09-15 23:45:41.058,EM-01,em01.voltageC,Good,383,
2867,2026-09-15 23:45:41.058,EM-01,em01.currentA,Good,156,
2868,2026-09-15 23:45:41.058,EM-01,em01.activePower,Good,119,
2869,2026-09-15 23:45:41.058,EM-01,em01.reactivePower,Good,23,
2870,2026-09-15 23:45:41.058,EM-01,em01.powerFactor,Good,0.887,
2871,2026-09-15 23:45:41.058,EM-01,em01.frequency,Good,49.92,
2872,2026-09-15 23:45:41.058,EM-01,em01.demand,Good,119,
2873,2026-09-15 23:45:41.058,EM-01,em01.energyF64,Good,10.8968888888889,
2874,2026-09-15 23:45:41.065,ENV-01,env01.noise,Good,72,
2875,2026-09-15 23:45:41.065,ENV-01,env01.pm25,Good,56,
2876,2026-09-15 23:45:41.065,ENV-01,env01.pressureDiff,Good,9,
2877,2026-09-15 23:45:41.065,ENV-01,env01.illuminance,Good,368,
2878,2026-09-15 23:45:41.065,ENV-01,env01.tempFluctuation,Good,24.26882,
2879,2026-09-15 23:45:41.066,GW-LINE-B,mtc01.pumpPressure,Good,4,
2880,2026-09-15 23:45:41.066,GW-LINE-B,mtc01.pumpFlow,Good,35,
2881,2026-09-15 23:45:41.066,GW-LINE-B,mtc01.pumpCurrent,Good,3.5,
2882,2026-09-15 23:45:41.066,GW-LINE-B,mtc01.heatPower,Good,8,
2883,2026-09-15 23:45:41.066,GW-LINE-B,mtc01.tempAvg,Good,991.7049,
2884,2026-09-15 23:45:41.073,GW-LINE-B,dry01.dewPoint,Good,-34.7,
2885,2026-09-15 23:45:41.073,GW-LINE-B,dry01.heatPower,Good,5,
2886,2026-09-15 23:45:41.073,GW-LINE-B,dry01.fanCurrent,Good,0.8,
2887,2026-09-15 23:45:41.074,GW-LINE-B,dry01.levelTrend,Good,-2.656384,
2888,2026-09-15 23:45:41.078,IM-01,im01.prodTime,Good,09/15/2026 23:45:41,
2889,2026-09-15 23:45:41.079,GW-LINE-B,rob01.posX,Good,3,
2890,2026-09-15 23:45:41.079,GW-LINE-B,rob01.trajectory,Good,2.773358,
2891,2026-09-15 23:45:42.051,IM-01,im01.moldTemp,Good,84.6,
2892,2026-09-15 23:45:42.051,IM-01,im01.oilTemp,Good,44.5,
2893,2026-09-15 23:45:42.051,IM-01,im01.energyTotal,Good,0.974222222222206,
2894,2026-09-15 23:45:42.059,EM-01,em01.totalEnergy,Good,1076.29,
2895,2026-09-15 23:45:42.059,EM-01,em01.forwardEnergy,Good,1076.29,
2896,2026-09-15 23:45:42.059,EM-01,em01.voltageA,Good,379,
2897,2026-09-15 23:45:42.059,EM-01,em01.voltageB,Good,386,
2898,2026-09-15 23:45:42.059,EM-01,em01.currentA,Good,217.5,
2899,2026-09-15 23:45:42.059,EM-01,em01.activePower,Good,120,
2900,2026-09-15 23:45:42.059,EM-01,em01.reactivePower,Good,22,
2901,2026-09-15 23:45:42.059,EM-01,em01.powerFactor,Good,0.938,
2902,2026-09-15 23:45:42.059,EM-01,em01.frequency,Good,50,
2903,2026-09-15 23:45:42.059,EM-01,em01.demand,Good,120,
2904,2026-09-15 23:45:42.059,EM-01,em01.energyF64,Good,10.9281666666666,
2905,2026-09-15 23:45:42.059,EM-01,em01.unbalance,Good,1.842105,
2906,2026-09-15 23:45:42.066,ENV-01,env01.humidity,Good,54,
2907,2026-09-15 23:45:42.066,ENV-01,env01.dewPoint,Good,18.9,
2908,2026-09-15 23:45:42.066,ENV-01,env01.noise,Good,74,
2909,2026-09-15 23:45:42.066,ENV-01,env01.pm25,Good,29,
2910,2026-09-15 23:45:42.066,ENV-01,env01.pressureDiff,Good,-2,
2911,2026-09-15 23:45:42.066,ENV-01,env01.illuminance,Good,479,
2912,2026-09-15 23:45:42.066,ENV-01,env01.tempFluctuation,Good,24.68576,
2913,2026-09-15 23:45:42.066,GW-LINE-B,mtc01.actualTemp,Good,99.4,
2914,2026-09-15 23:45:42.066,GW-LINE-B,mtc01.pumpPressure,Good,5,
2915,2026-09-15 23:45:42.066,GW-LINE-B,mtc01.pumpFlow,Good,21,
2916,2026-09-15 23:45:42.066,GW-LINE-B,mtc01.pumpCurrent,Good,4.4,
2917,2026-09-15 23:45:42.066,GW-LINE-B,mtc01.heatPower,Good,5,
2918,2026-09-15 23:45:42.066,GW-LINE-B,mtc01.outletTemp,Good,99.9,
2919,2026-09-15 23:45:42.066,GW-LINE-B,mtc01.tempAvg,Good,993.6596,
2920,2026-09-15 23:45:42.073,GW-LINE-B,dry01.dewPoint,Good,-34.9,
2921,2026-09-15 23:45:42.073,GW-LINE-B,dry01.heatPower,Good,3,
2922,2026-09-15 23:45:42.073,GW-LINE-B,dry01.fanCurrent,Good,1.8,
2923,2026-09-15 23:45:42.074,GW-LINE-B,dry01.levelTrend,Good,-2.686116,
2924,2026-09-15 23:45:42.078,IM-01,im01.prodTime,Good,09/15/2026 23:45:42,
2925,2026-09-15 23:45:42.079,GW-LINE-B,rob01.cycleTime,Good,3,
2926,2026-09-15 23:45:42.079,GW-LINE-B,rob01.posX,Good,2,
2927,2026-09-15 23:45:42.079,GW-LINE-B,rob01.trajectory,Good,1.932699,
2928,2026-09-15 23:45:43.051,IM-01,im01.moldTemp,Good,84.5,
2929,2026-09-15 23:45:43.051,IM-01,im01.oilTemp,Good,44.8,
2930,2026-09-15 23:45:43.051,IM-01,im01.energyTotal,Good,0.975055555555539,
2931,2026-09-15 23:45:43.059,EM-01,em01.totalEnergy,Good,1079.24,
2932,2026-09-15 23:45:43.059,EM-01,em01.forwardEnergy,Good,1079.24,
2933,2026-09-15 23:45:43.059,EM-01,em01.voltageA,Good,382,
2934,2026-09-15 23:45:43.059,EM-01,em01.voltageB,Good,384,
2935,2026-09-15 23:45:43.059,EM-01,em01.voltageC,Good,384,
2936,2026-09-15 23:45:43.059,EM-01,em01.currentA,Good,140.9,
2937,2026-09-15 23:45:43.059,EM-01,em01.activePower,Good,110,
2938,2026-09-15 23:45:43.059,EM-01,em01.reactivePower,Good,25,
2939,2026-09-15 23:45:43.059,EM-01,em01.powerFactor,Good,0.862,
2940,2026-09-15 23:45:43.059,EM-01,em01.demand,Good,110,
2941,2026-09-15 23:45:43.059,EM-01,em01.energyF64,Good,10.9581666666666,
2942,2026-09-15 23:45:43.059,EM-01,em01.unbalance,Good,0.5263158,
2943,2026-09-15 23:45:43.066,ENV-01,env01.dewPoint,Good,18.7,
2944,2026-09-15 23:45:43.066,ENV-01,env01.noise,Good,70,
2945,2026-09-15 23:45:43.066,ENV-01,env01.pm25,Good,52,
2946,2026-09-15 23:45:43.066,ENV-01,env01.pressureDiff,Good,3,
2947,2026-09-15 23:45:43.066,ENV-01,env01.illuminance,Good,328,
2948,2026-09-15 23:45:43.066,ENV-01,env01.tempFluctuation,Good,24.77245,
2949,2026-09-15 23:45:43.068,GW-LINE-B,mtc01.actualTemp,Good,99.5,
2950,2026-09-15 23:45:43.068,GW-LINE-B,mtc01.pumpPressure,Good,4,
2951,2026-09-15 23:45:43.068,GW-LINE-B,mtc01.pumpFlow,Good,15,
2952,2026-09-15 23:45:43.068,GW-LINE-B,mtc01.pumpCurrent,Good,4.6,
2953,2026-09-15 23:45:43.068,GW-LINE-B,mtc01.heatPower,Good,4,
2954,2026-09-15 23:45:43.068,GW-LINE-B,mtc01.outletTemp,Good,100,
2955,2026-09-15 23:45:43.068,GW-LINE-B,mtc01.tempAvg,Good,995.2778,
2956,2026-09-15 23:45:43.074,GW-LINE-B,dry01.dewPoint,Good,-34.3,
2957,2026-09-15 23:45:43.074,GW-LINE-B,dry01.materialLevel,Good,57,
2958,2026-09-15 23:45:43.074,GW-LINE-B,dry01.fanCurrent,Good,1.9,
2959,2026-09-15 23:45:43.076,GW-LINE-B,dry01.levelTrend,Good,-2.717945,
2960,2026-09-15 23:45:43.079,IM-01,im01.prodTime,Good,09/15/2026 23:45:43,
2961,2026-09-15 23:45:43.080,GW-LINE-B,rob01.cycleTime,Good,2.8,
2962,2026-09-15 23:45:43.080,GW-LINE-B,rob01.trajectory,Good,1.794023,
2964,2026-09-15 23:45:44.026,IM-01,im01.clampForceDev,Good,-56,
2963,2026-09-15 23:45:44.026,GW-LINE-B,mtc01.runSeconds,Good,3490,
2965,2026-09-15 23:45:44.026,GW-LINE-B,mtc01.energyTotal,Good,0.528472222222226,
2966,2026-09-15 23:45:44.026,EM-01,em01.readTime,Good,09/15/2026 23:45:43,
2967,2026-09-15 23:45:44.027,GW-LINE-B,mtc01.tempDeviation,Good,-0.5,
2968,2026-09-15 23:45:44.029,ENV-01,env01.runSeconds,Good,3490,
2969,2026-09-15 23:45:44.029,ENV-01,env01.sampleTime,Good,09/15/2026 23:45:43,
2970,2026-09-15 23:45:44.032,GW-LINE-B,dry01.drySeconds,Good,3278,
2971,2026-09-15 23:45:44.032,GW-LINE-B,dry01.energyTotal,Good,0.533083333333338,
2972,2026-09-15 23:45:44.034,GW-LINE-B,dry01.dewDeviation,Good,0.7,
2973,2026-09-15 23:45:44.035,ENV-01,env01.tempDeviation,Good,-0.1,
2974,2026-09-15 23:45:44.038,GW-LINE-B,rob01.runSeconds,Good,3490,
2975,2026-09-15 23:45:44.040,GW-LINE-B,rob01.energyTotal,Good,0.488166666666664,
2976,2026-09-15 23:45:44.041,GW-LINE-B,rob01.posDeviation,Good,-100,
2977,2026-09-15 23:45:44.051,IM-01,im01.oilTemp,Good,44.5,
2978,2026-09-15 23:45:44.051,IM-01,im01.energyTotal,Good,0.975888888888872,
2979,2026-09-15 23:45:44.059,EM-01,em01.totalEnergy,Good,1082.01,
2980,2026-09-15 23:45:44.059,EM-01,em01.forwardEnergy,Good,1082.01,
2981,2026-09-15 23:45:44.059,EM-01,em01.voltageA,Good,378,
2982,2026-09-15 23:45:44.059,EM-01,em01.voltageC,Good,383,
2983,2026-09-15 23:45:44.059,EM-01,em01.currentA,Good,129.8,
2984,2026-09-15 23:45:44.059,EM-01,em01.activePower,Good,108,
2985,2026-09-15 23:45:44.059,EM-01,em01.reactivePower,Good,20,
2986,2026-09-15 23:45:44.059,EM-01,em01.powerFactor,Good,0.86,
2987,2026-09-15 23:45:44.059,EM-01,em01.frequency,Good,49.92,
2988,2026-09-15 23:45:44.059,EM-01,em01.demand,Good,108,
2989,2026-09-15 23:45:44.059,EM-01,em01.energyF64,Good,10.9862222222222,
2990,2026-09-15 23:45:44.059,EM-01,em01.unbalance,Good,1.578947,
2991,2026-09-15 23:45:44.066,ENV-01,env01.roomTemp,Good,28,
2992,2026-09-15 23:45:44.066,GW-LINE-B,mtc01.pumpFlow,Good,37,
2993,2026-09-15 23:45:44.066,GW-LINE-B,mtc01.pumpCurrent,Good,4.7,
2994,2026-09-15 23:45:44.066,GW-LINE-B,mtc01.heatPower,Good,3,
2995,2026-09-15 23:45:44.066,ENV-01,env01.humidity,Good,55,
2996,2026-09-15 23:45:44.066,ENV-01,env01.dewPoint,Good,19.1,
2997,2026-09-15 23:45:44.066,GW-LINE-B,mtc01.tempAvg,Good,994.6433,
2998,2026-09-15 23:45:44.066,ENV-01,env01.noise,Good,71,
2999,2026-09-15 23:45:44.066,ENV-01,env01.pm25,Good,58,
3000,2026-09-15 23:45:44.066,ENV-01,env01.pressureDiff,Good,9,
3001,2026-09-15 23:45:44.066,ENV-01,env01.illuminance,Good,364,
3002,2026-09-15 23:45:44.066,ENV-01,env01.tempFluctuation,Good,24.77745,
3003,2026-09-15 23:45:44.073,GW-LINE-B,dry01.dewPoint,Good,-34.2,
3004,2026-09-15 23:45:44.074,GW-LINE-B,dry01.levelTrend,Good,-2.749667,
3005,2026-09-15 23:45:44.079,GW-LINE-B,rob01.cycleTime,Good,2.9,
3006,2026-09-15 23:45:44.079,GW-LINE-B,rob01.posX,Good,0,
3007,2026-09-15 23:45:44.079,GW-LINE-B,rob01.posY,Good,7,
3008,2026-09-15 23:45:44.079,GW-LINE-B,rob01.trajectory,Good,-0.1268892,
3009,2026-09-15 23:45:44.080,IM-01,im01.prodTime,Good,09/15/2026 23:45:44,
3010,2026-09-15 23:45:45.051,IM-01,im01.moldTemp,Good,84.6,
3011,2026-09-15 23:45:45.051,IM-01,im01.oilTemp,Good,44.7,
3012,2026-09-15 23:45:45.051,IM-01,im01.energyTotal,Good,0.976722222222206,
3013,2026-09-15 23:45:45.059,EM-01,em01.totalEnergy,Good,1085,
3014,2026-09-15 23:45:45.059,EM-01,em01.forwardEnergy,Good,1085,
3015,2026-09-15 23:45:45.059,EM-01,em01.voltageA,Good,379,
3016,2026-09-15 23:45:45.059,EM-01,em01.voltageB,Good,376,
3017,2026-09-15 23:45:45.059,EM-01,em01.voltageC,Good,379,
3018,2026-09-15 23:45:45.059,EM-01,em01.currentA,Good,139.7,
3019,2026-09-15 23:45:45.059,EM-01,em01.activePower,Good,115,
3020,2026-09-15 23:45:45.059,EM-01,em01.reactivePower,Good,36,
3021,2026-09-15 23:45:45.059,EM-01,em01.powerFactor,Good,0.901,
3022,2026-09-15 23:45:45.059,EM-01,em01.frequency,Good,50.06,
3023,2026-09-15 23:45:45.059,EM-01,em01.demand,Good,115,
3024,2026-09-15 23:45:45.059,EM-01,em01.energyF64,Good,11.0166666666666,
3025,2026-09-15 23:45:45.059,EM-01,em01.unbalance,Good,0.7894737,
3026,2026-09-15 23:45:45.066,GW-LINE-B,mtc01.actualTemp,Good,99.2,
3027,2026-09-15 23:45:45.066,ENV-01,env01.roomTemp,Good,27.9,
3028,2026-09-15 23:45:45.066,ENV-01,env01.humidity,Good,56,
3029,2026-09-15 23:45:45.066,ENV-01,env01.dewPoint,Good,19.2,
3030,2026-09-15 23:45:45.066,ENV-01,env01.noise,Good,75,
3031,2026-09-15 23:45:45.066,ENV-01,env01.pm25,Good,52,
3032,2026-09-15 23:45:45.066,GW-LINE-B,mtc01.pumpFlow,Good,30,
3033,2026-09-15 23:45:45.066,ENV-01,env01.pressureDiff,Good,10,
3034,2026-09-15 23:45:45.066,GW-LINE-B,mtc01.pumpCurrent,Good,6,
3035,2026-09-15 23:45:45.066,ENV-01,env01.illuminance,Good,305,
3036,2026-09-15 23:45:45.066,GW-LINE-B,mtc01.heatPower,Good,5,
3037,2026-09-15 23:45:45.066,GW-LINE-B,mtc01.outletTemp,Good,99.7,
3038,2026-09-15 23:45:45.066,ENV-01,env01.tempFluctuation,Good,24.90769,
3039,2026-09-15 23:45:45.066,GW-LINE-B,mtc01.tempAvg,Good,992.3661,
3040,2026-09-15 23:45:45.072,GW-LINE-B,dry01.dewPoint,Good,-34.5,
3041,2026-09-15 23:45:45.072,GW-LINE-B,dry01.heatPower,Good,4,
3042,2026-09-15 23:45:45.072,GW-LINE-B,dry01.fanCurrent,Good,0.8,
3043,2026-09-15 23:45:45.074,GW-LINE-B,dry01.levelTrend,Good,-2.776085,
3044,2026-09-15 23:45:45.078,GW-LINE-B,rob01.cycleTime,Good,2.8,
3045,2026-09-15 23:45:45.078,GW-LINE-B,rob01.posY,Good,6,
3046,2026-09-15 23:45:45.078,GW-LINE-B,rob01.trajectory,Good,-0.09528454,
3047,2026-09-15 23:45:45.080,IM-01,im01.prodTime,Good,09/15/2026 23:45:45,
3048,2026-09-15 23:45:46.052,IM-01,im01.oilTemp,Good,44.3,
3049,2026-09-15 23:45:46.052,IM-01,im01.energyTotal,Good,0.977555555555539,
3050,2026-09-15 23:45:46.059,EM-01,em01.totalEnergy,Good,1088.01,
3051,2026-09-15 23:45:46.059,EM-01,em01.forwardEnergy,Good,1088.01,
3052,2026-09-15 23:45:46.059,EM-01,em01.voltageA,Good,384,
3053,2026-09-15 23:45:46.059,EM-01,em01.voltageB,Good,381,
3054,2026-09-15 23:45:46.059,EM-01,em01.voltageC,Good,378,
3055,2026-09-15 23:45:46.059,EM-01,em01.currentA,Good,137.6,
3056,2026-09-15 23:45:46.059,EM-01,em01.activePower,Good,109,
3057,2026-09-15 23:45:46.059,EM-01,em01.reactivePower,Good,24,
3058,2026-09-15 23:45:46.059,EM-01,em01.powerFactor,Good,0.914,
3059,2026-09-15 23:45:46.059,EM-01,em01.frequency,Good,50.04,
3060,2026-09-15 23:45:46.059,EM-01,em01.demand,Good,109,
3061,2026-09-15 23:45:46.059,EM-01,em01.energyF64,Good,11.0471388888889,
3062,2026-09-15 23:45:46.059,EM-01,em01.unbalance,Good,1.578947,
3063,2026-09-15 23:45:46.067,ENV-01,env01.roomTemp,Good,27.8,
3064,2026-09-15 23:45:46.067,GW-LINE-B,mtc01.actualTemp,Good,99.3,
3065,2026-09-15 23:45:46.067,ENV-01,env01.humidity,Good,57,
3066,2026-09-15 23:45:46.067,GW-LINE-B,mtc01.pumpFlow,Good,23,
3067,2026-09-15 23:45:46.067,ENV-01,env01.dewPoint,Good,19.3,
3068,2026-09-15 23:45:46.067,GW-LINE-B,mtc01.pumpCurrent,Good,4.5,
3069,2026-09-15 23:45:46.067,GW-LINE-B,mtc01.heatPower,Good,3,
3070,2026-09-15 23:45:46.067,ENV-01,env01.pm25,Good,42,
3071,2026-09-15 23:45:46.067,GW-LINE-B,mtc01.outletTemp,Good,99.8,
3072,2026-09-15 23:45:46.067,ENV-01,env01.pressureDiff,Good,12,
3074,2026-09-15 23:45:46.067,ENV-01,env01.illuminance,Good,378,
3073,2026-09-15 23:45:46.067,GW-LINE-B,mtc01.tempAvg,Good,993.4385,
3075,2026-09-15 23:45:46.067,ENV-01,env01.tempFluctuation,Good,24.55455,
3076,2026-09-15 23:45:46.073,GW-LINE-B,dry01.materialLevel,Good,56,
3077,2026-09-15 23:45:46.073,GW-LINE-B,dry01.heatPower,Good,5,
3078,2026-09-15 23:45:46.073,GW-LINE-B,dry01.fanCurrent,Good,1.6,
3079,2026-09-15 23:45:46.075,GW-LINE-B,dry01.levelTrend,Good,-2.807309,
3080,2026-09-15 23:45:46.079,GW-LINE-B,rob01.trajectory,Good,0.1840262,
3081,2026-09-15 23:45:46.081,IM-01,im01.prodTime,Good,09/15/2026 23:45:46,
3082,2026-09-15 23:45:47.052,IM-01,im01.moldTemp,Good,84.5,
3083,2026-09-15 23:45:47.052,IM-01,im01.oilTemp,Good,44.6,
3084,2026-09-15 23:45:47.052,IM-01,im01.energyTotal,Good,0.978388888888872,
3085,2026-09-15 23:45:47.059,EM-01,em01.totalEnergy,Good,1091.13,
3086,2026-09-15 23:45:47.059,EM-01,em01.forwardEnergy,Good,1091.13,
3087,2026-09-15 23:45:47.059,EM-01,em01.voltageA,Good,382,
3088,2026-09-15 23:45:47.059,EM-01,em01.voltageB,Good,385,
3089,2026-09-15 23:45:47.059,EM-01,em01.voltageC,Good,382,
3090,2026-09-15 23:45:47.059,EM-01,em01.currentA,Good,211.7,
3091,2026-09-15 23:45:47.059,EM-01,em01.activePower,Good,126,
3092,2026-09-15 23:45:47.059,EM-01,em01.reactivePower,Good,22,
3093,2026-09-15 23:45:47.059,EM-01,em01.powerFactor,Good,0.87,
3094,2026-09-15 23:45:47.059,EM-01,em01.frequency,Good,50.06,
3095,2026-09-15 23:45:47.059,EM-01,em01.demand,Good,126,
3096,2026-09-15 23:45:47.059,EM-01,em01.energyF64,Good,11.0788611111111,
3097,2026-09-15 23:45:47.059,EM-01,em01.unbalance,Good,0.7894737,
3099,2026-09-15 23:45:47.067,ENV-01,env01.roomTemp,Good,28,
3098,2026-09-15 23:45:47.067,GW-LINE-B,mtc01.actualTemp,Good,99.5,
3100,2026-09-15 23:45:47.067,GW-LINE-B,mtc01.pumpPressure,Good,3,
3101,2026-09-15 23:45:47.067,ENV-01,env01.dewPoint,Good,19.5,
3102,2026-09-15 23:45:47.067,GW-LINE-B,mtc01.pumpFlow,Good,25,
3103,2026-09-15 23:45:47.067,ENV-01,env01.noise,Good,72,
3104,2026-09-15 23:45:47.067,ENV-01,env01.pm25,Good,20,
3105,2026-09-15 23:45:47.067,GW-LINE-B,mtc01.pumpCurrent,Good,5.8,
3106,2026-09-15 23:45:47.067,ENV-01,env01.pressureDiff,Good,3,
3107,2026-09-15 23:45:47.067,GW-LINE-B,mtc01.heatPower,Good,5,
3108,2026-09-15 23:45:47.067,ENV-01,env01.illuminance,Good,310,
3109,2026-09-15 23:45:47.067,GW-LINE-B,mtc01.outletTemp,Good,100,
3110,2026-09-15 23:45:47.067,GW-LINE-B,mtc01.tempAvg,Good,995.1053,
3111,2026-09-15 23:45:47.067,ENV-01,env01.tempFluctuation,Good,24.88017,
3112,2026-09-15 23:45:47.073,GW-LINE-B,dry01.dewPoint,Good,-34.6,
3113,2026-09-15 23:45:47.073,GW-LINE-B,dry01.fanCurrent,Good,1.7,
3114,2026-09-15 23:45:47.075,GW-LINE-B,dry01.levelTrend,Good,-2.837255,
3115,2026-09-15 23:45:47.079,GW-LINE-B,rob01.cycleTime,Good,2.7,
3116,2026-09-15 23:45:47.079,GW-LINE-B,rob01.posY,Good,7,
3117,2026-09-15 23:45:47.079,GW-LINE-B,rob01.trajectory,Good,-0.2306505,
3118,2026-09-15 23:45:47.081,IM-01,im01.prodTime,Good,09/15/2026 23:45:47,
3119,2026-09-15 23:45:48.053,IM-01,im01.energyTotal,Good,0.979222222222205,
3120,2026-09-15 23:45:48.059,EM-01,em01.totalEnergy,Good,1094.29,
3121,2026-09-15 23:45:48.059,EM-01,em01.forwardEnergy,Good,1094.29,
3122,2026-09-15 23:45:48.059,EM-01,em01.voltageA,Good,381,
3123,2026-09-15 23:45:48.059,EM-01,em01.voltageB,Good,384,
3124,2026-09-15 23:45:48.059,EM-01,em01.voltageC,Good,374,
3125,2026-09-15 23:45:48.059,EM-01,em01.currentA,Good,135.5,
3126,2026-09-15 23:45:48.059,EM-01,em01.activePower,Good,117,
3127,2026-09-15 23:45:48.059,EM-01,em01.reactivePower,Good,38,
3128,2026-09-15 23:45:48.059,EM-01,em01.powerFactor,Good,0.861,
3129,2026-09-15 23:45:48.059,EM-01,em01.frequency,Good,50.04,
3130,2026-09-15 23:45:48.059,EM-01,em01.demand,Good,117,
3131,2026-09-15 23:45:48.059,EM-01,em01.energyF64,Good,11.1108888888889,
3132,2026-09-15 23:45:48.059,EM-01,em01.unbalance,Good,2.631579,
3133,2026-09-15 23:45:48.067,GW-LINE-B,mtc01.actualTemp,Good,99.3,
3134,2026-09-15 23:45:48.067,GW-LINE-B,mtc01.pumpPressure,Good,2,
3135,2026-09-15 23:45:48.067,GW-LINE-B,mtc01.pumpFlow,Good,18,
3136,2026-09-15 23:45:48.067,GW-LINE-B,mtc01.pumpCurrent,Good,5.9,
3137,2026-09-15 23:45:48.067,GW-LINE-B,mtc01.heatPower,Good,6,
3138,2026-09-15 23:45:48.067,GW-LINE-B,mtc01.outletTemp,Good,99.8,
3139,2026-09-15 23:45:48.067,GW-LINE-B,mtc01.tempAvg,Good,993.2986,
3140,2026-09-15 23:45:48.067,ENV-01,env01.humidity,Good,56,
3141,2026-09-15 23:45:48.067,ENV-01,env01.dewPoint,Good,19.4,
3142,2026-09-15 23:45:48.067,ENV-01,env01.noise,Good,71,
3143,2026-09-15 23:45:48.067,ENV-01,env01.pm25,Good,51,
3144,2026-09-15 23:45:48.067,ENV-01,env01.pressureDiff,Good,9,
3145,2026-09-15 23:45:48.067,ENV-01,env01.illuminance,Good,427,
3146,2026-09-15 23:45:48.067,ENV-01,env01.tempFluctuation,Good,25.10981,
3147,2026-09-15 23:45:48.073,GW-LINE-B,dry01.dewPoint,Good,-34.7,
3148,2026-09-15 23:45:48.073,GW-LINE-B,dry01.heatPower,Good,4,
3149,2026-09-15 23:45:48.074,GW-LINE-B,dry01.levelTrend,Good,-2.866753,
3150,2026-09-15 23:45:48.077,GW-LINE-B,rob01.inPlace,Good,False,
3151,2026-09-15 23:45:48.079,GW-LINE-B,rob01.cycleTime,Good,2.9,
3152,2026-09-15 23:45:48.079,GW-LINE-B,rob01.posX,Good,103,
3153,2026-09-15 23:45:48.079,GW-LINE-B,rob01.posY,Good,304,
3154,2026-09-15 23:45:48.079,GW-LINE-B,rob01.posZ,Good,78,
3155,2026-09-15 23:45:48.079,GW-LINE-B,rob01.gripState,Good,1,
3156,2026-09-15 23:45:48.079,GW-LINE-B,rob01.trajectory,Good,103.2456,
3157,2026-09-15 23:45:48.082,IM-01,im01.prodTime,Good,09/15/2026 23:45:48,
3159,2026-09-15 23:45:49.026,EM-01,em01.readTime,Good,09/15/2026 23:45:48,
3160,2026-09-15 23:45:49.026,IM-01,im01.clampForceDev,Good,-48,
3161,2026-09-15 23:45:49.026,GW-LINE-B,mtc01.runSeconds,Good,3540,
3162,2026-09-15 23:45:49.026,GW-LINE-B,mtc01.energyTotal,Good,0.535388888888892,
3163,2026-09-15 23:45:49.027,GW-LINE-B,mtc01.tempDeviation,Good,-0.6,
3164,2026-09-15 23:45:49.032,GW-LINE-B,dry01.drySeconds,Good,3328,
3165,2026-09-15 23:45:49.032,GW-LINE-B,dry01.energyTotal,Good,0.540916666666671,
3166,2026-09-15 23:45:49.033,ENV-01,env01.runSeconds,Good,3540,
3167,2026-09-15 23:45:49.033,ENV-01,env01.sampleTime,Good,09/15/2026 23:45:48,
3168,2026-09-15 23:45:49.038,GW-LINE-B,rob01.runSeconds,Good,3540,
3169,2026-09-15 23:45:49.040,GW-LINE-B,rob01.energyTotal,Good,0.494666666666664,
3170,2026-09-15 23:45:49.041,GW-LINE-B,rob01.posDeviation,Good,-3,
3171,2026-09-15 23:45:49.053,IM-01,im01.moldTemp,Good,84.6,
3172,2026-09-15 23:45:49.053,IM-01,im01.oilTemp,Good,44.7,
3173,2026-09-15 23:45:49.053,IM-01,im01.energyTotal,Good,0.980055555555539,
3174,2026-09-15 23:45:49.054,IM-01,im01.estop,Good,False,
3175,2026-09-15 23:45:49.059,EM-01,em01.totalEnergy,Good,1097.47,
3176,2026-09-15 23:45:49.059,EM-01,em01.forwardEnergy,Good,1097.47,
3177,2026-09-15 23:45:49.059,EM-01,em01.voltageA,Good,376,
3178,2026-09-15 23:45:49.059,EM-01,em01.voltageB,Good,381,
3179,2026-09-15 23:45:49.059,EM-01,em01.voltageC,Good,380,
3180,2026-09-15 23:45:49.059,EM-01,em01.currentA,Good,163.1,
3181,2026-09-15 23:45:49.059,EM-01,em01.activePower,Good,114,
3182,2026-09-15 23:45:49.059,EM-01,em01.reactivePower,Good,27,
3183,2026-09-15 23:45:49.059,EM-01,em01.powerFactor,Good,0.924,
3184,2026-09-15 23:45:49.059,EM-01,em01.frequency,Good,49.97,
3185,2026-09-15 23:45:49.059,EM-01,em01.demand,Good,114,
3186,2026-09-15 23:45:49.059,EM-01,em01.energyF64,Good,11.14325,
3187,2026-09-15 23:45:49.059,EM-01,em01.unbalance,Good,1.315789,
3188,2026-09-15 23:45:49.067,GW-LINE-B,mtc01.pumpPressure,Good,4,
3189,2026-09-15 23:45:49.067,GW-LINE-B,mtc01.pumpFlow,Good,40,
3190,2026-09-15 23:45:49.067,GW-LINE-B,mtc01.pumpCurrent,Good,6,
3191,2026-09-15 23:45:49.067,GW-LINE-B,mtc01.heatPower,Good,8,
3192,2026-09-15 23:45:49.067,GW-LINE-B,mtc01.tempAvg,Good,993.2374,
3193,2026-09-15 23:45:49.067,ENV-01,env01.dewPoint,Good,19.2,
3194,2026-09-15 23:45:49.067,ENV-01,env01.noise,Good,76,
3195,2026-09-15 23:45:49.067,ENV-01,env01.pm25,Good,23,
3196,2026-09-15 23:45:49.067,ENV-01,env01.pressureDiff,Good,5,
3197,2026-09-15 23:45:49.067,ENV-01,env01.illuminance,Good,474,
3198,2026-09-15 23:45:49.067,ENV-01,env01.tempFluctuation,Good,25.10898,
3199,2026-09-15 23:45:49.073,GW-LINE-B,dry01.dewPoint,Good,-34.1,
3200,2026-09-15 23:45:49.073,GW-LINE-B,dry01.heatPower,Good,8,
3201,2026-09-15 23:45:49.073,GW-LINE-B,dry01.fanCurrent,Good,1.5,
3202,2026-09-15 23:45:49.074,GW-LINE-B,dry01.levelTrend,Good,-2.893084,
3203,2026-09-15 23:45:49.079,GW-LINE-B,rob01.cycleTime,Good,2.7,
3204,2026-09-15 23:45:49.079,GW-LINE-B,rob01.posX,Good,98,
3205,2026-09-15 23:45:49.079,GW-LINE-B,rob01.posY,Good,305,
3206,2026-09-15 23:45:49.079,GW-LINE-B,rob01.posZ,Good,81,
3207,2026-09-15 23:45:49.079,GW-LINE-B,rob01.trajectory,Good,98.14919,
3208,2026-09-15 23:45:49.083,IM-01,im01.alarmCode,Good,0,
3209,2026-09-15 23:45:49.083,IM-01,im01.prodTime,Good,09/15/2026 23:45:49,
3210,2026-09-15 23:45:49.084,IM-01,im01.faultAlarm,Good,False,
3212,2026-09-15 23:45:50.053,IM-01,im01.oilTemp,Good,44.6,
3213,2026-09-15 23:45:50.053,IM-01,im01.energyTotal,Good,0.980888888888872,
3214,2026-09-15 23:45:50.060,EM-01,em01.totalEnergy,Good,1100.6,
3215,2026-09-15 23:45:50.060,EM-01,em01.forwardEnergy,Good,1100.6,
3216,2026-09-15 23:45:50.060,EM-01,em01.voltageC,Good,378,
3217,2026-09-15 23:45:50.060,EM-01,em01.currentA,Good,179.5,
3218,2026-09-15 23:45:50.060,EM-01,em01.activePower,Good,110,
3219,2026-09-15 23:45:50.060,EM-01,em01.reactivePower,Good,39,
3220,2026-09-15 23:45:50.060,EM-01,em01.powerFactor,Good,0.878,
3221,2026-09-15 23:45:50.060,EM-01,em01.frequency,Good,49.98,
3222,2026-09-15 23:45:50.060,EM-01,em01.demand,Good,110,
3223,2026-09-15 23:45:50.060,EM-01,em01.energyF64,Good,11.1751111111111,
3224,2026-09-15 23:45:50.067,GW-LINE-B,mtc01.actualTemp,Good,99.4,
3225,2026-09-15 23:45:50.067,GW-LINE-B,mtc01.pumpPressure,Good,5,
3226,2026-09-15 23:45:50.067,GW-LINE-B,mtc01.pumpFlow,Good,15,
3227,2026-09-15 23:45:50.067,GW-LINE-B,mtc01.pumpCurrent,Good,4,
3228,2026-09-15 23:45:50.067,GW-LINE-B,mtc01.heatPower,Good,7,
3229,2026-09-15 23:45:50.067,GW-LINE-B,mtc01.outletTemp,Good,99.9,
3230,2026-09-15 23:45:50.067,GW-LINE-B,mtc01.tempAvg,Good,993.6511,
3231,2026-09-15 23:45:50.068,ENV-01,env01.dewPoint,Good,19.3,
3232,2026-09-15 23:45:50.068,ENV-01,env01.pm25,Good,30,
3233,2026-09-15 23:45:50.068,ENV-01,env01.pressureDiff,Good,-1,
3234,2026-09-15 23:45:50.068,ENV-01,env01.illuminance,Good,317,
3235,2026-09-15 23:45:50.068,ENV-01,env01.tempFluctuation,Good,24.62963,
3236,2026-09-15 23:45:50.073,GW-LINE-B,dry01.dewPoint,Good,-34.2,
3237,2026-09-15 23:45:50.073,GW-LINE-B,dry01.materialLevel,Good,55,
3238,2026-09-15 23:45:50.073,GW-LINE-B,dry01.heatPower,Good,3,
3239,2026-09-15 23:45:50.073,GW-LINE-B,dry01.fanCurrent,Good,2,
3240,2026-09-15 23:45:50.075,GW-LINE-B,dry01.levelTrend,Good,-2.926452,
3241,2026-09-15 23:45:50.079,GW-LINE-B,rob01.cycleTime,Good,3,
3242,2026-09-15 23:45:50.079,GW-LINE-B,rob01.posX,Good,0,
3243,2026-09-15 23:45:50.079,GW-LINE-B,rob01.posY,Good,403,
3244,2026-09-15 23:45:50.079,GW-LINE-B,rob01.posZ,Good,200,
3245,2026-09-15 23:45:50.079,GW-LINE-B,rob01.trajectory,Good,0.1980362,
3246,2026-09-15 23:45:50.083,IM-01,im01.prodTime,Good,09/15/2026 23:45:50,
3247,2026-09-15 23:45:51.053,IM-01,im01.moldTemp,Good,84.5,
3248,2026-09-15 23:45:51.053,IM-01,im01.oilTemp,Good,44.4,
3249,2026-09-15 23:45:51.053,IM-01,im01.energyTotal,Good,0.981722222222205,
3250,2026-09-15 23:45:51.060,EM-01,em01.totalEnergy,Good,1103.71,
3251,2026-09-15 23:45:51.060,EM-01,em01.forwardEnergy,Good,1103.71,
3252,2026-09-15 23:45:51.060,EM-01,em01.voltageA,Good,379,
3253,2026-09-15 23:45:51.060,EM-01,em01.voltageB,Good,379,
3254,2026-09-15 23:45:51.060,EM-01,em01.voltageC,Good,383,
3255,2026-09-15 23:45:51.060,EM-01,em01.currentA,Good,207.9,
3256,2026-09-15 23:45:51.060,EM-01,em01.activePower,Good,108,
3257,2026-09-15 23:45:51.060,EM-01,em01.reactivePower,Good,35,
3258,2026-09-15 23:45:51.060,EM-01,em01.powerFactor,Good,0.921,
3259,2026-09-15 23:45:51.060,EM-01,em01.frequency,Good,50.09,
3260,2026-09-15 23:45:51.060,EM-01,em01.demand,Good,108,
3261,2026-09-15 23:45:51.060,EM-01,em01.energyF64,Good,11.20675,
3262,2026-09-15 23:45:51.060,EM-01,em01.unbalance,Good,1.052632,
3263,2026-09-15 23:45:51.068,GW-LINE-B,mtc01.pumpFlow,Good,27,
3264,2026-09-15 23:45:51.068,ENV-01,env01.dewPoint,Good,19.4,
3265,2026-09-15 23:45:51.068,GW-LINE-B,mtc01.pumpCurrent,Good,4.8,
3266,2026-09-15 23:45:51.068,ENV-01,env01.noise,Good,78,
3267,2026-09-15 23:45:51.068,GW-LINE-B,mtc01.heatPower,Good,8,
3268,2026-09-15 23:45:51.068,ENV-01,env01.pm25,Good,50,
3269,2026-09-15 23:45:51.068,GW-LINE-B,mtc01.tempAvg,Good,994.0883,
3270,2026-09-15 23:45:51.068,ENV-01,env01.pressureDiff,Good,4,
3271,2026-09-15 23:45:51.068,ENV-01,env01.illuminance,Good,399,
3272,2026-09-15 23:45:51.068,ENV-01,env01.tempFluctuation,Good,24.42875,
3273,2026-09-15 23:45:51.074,GW-LINE-B,dry01.dewPoint,Good,-33.5,
3274,2026-09-15 23:45:51.074,GW-LINE-B,dry01.heatPower,Good,8,
3275,2026-09-15 23:45:51.074,GW-LINE-B,dry01.fanCurrent,Good,1.7,
3276,2026-09-15 23:45:51.075,GW-LINE-B,dry01.levelTrend,Good,-2.958508,
3277,2026-09-15 23:45:51.080,GW-LINE-B,rob01.cycleTime,Good,2.8,
3278,2026-09-15 23:45:51.080,GW-LINE-B,rob01.posY,Good,402,
3279,2026-09-15 23:45:51.080,GW-LINE-B,rob01.trajectory,Good,0.08347373,
3280,2026-09-15 23:45:51.084,IM-01,im01.prodTime,Good,09/15/2026 23:45:51,
3281,2026-09-15 23:45:52.054,IM-01,im01.moldTemp,Good,84.6,
3282,2026-09-15 23:45:52.054,IM-01,im01.energyTotal,Good,0.982555555555538,
3283,2026-09-15 23:45:52.060,EM-01,em01.totalEnergy,Good,1106.68,
3284,2026-09-15 23:45:52.060,EM-01,em01.forwardEnergy,Good,1106.68,
3285,2026-09-15 23:45:52.060,EM-01,em01.voltageB,Good,376,
3286,2026-09-15 23:45:52.060,EM-01,em01.currentA,Good,167.8,
3287,2026-09-15 23:45:52.060,EM-01,em01.activePower,Good,115,
3288,2026-09-15 23:45:52.060,EM-01,em01.reactivePower,Good,37,
3289,2026-09-15 23:45:52.060,EM-01,em01.powerFactor,Good,0.876,
3290,2026-09-15 23:45:52.060,EM-01,em01.frequency,Good,50.1,
3291,2026-09-15 23:45:52.060,EM-01,em01.demand,Good,115,
3292,2026-09-15 23:45:52.060,EM-01,em01.energyF64,Good,11.2369444444444,
3293,2026-09-15 23:45:52.060,EM-01,em01.unbalance,Good,1.842105,
3295,2026-09-15 23:45:52.068,ENV-01,env01.humidity,Good,57,
3294,2026-09-15 23:45:52.068,GW-LINE-B,mtc01.pumpPressure,Good,4,
3296,2026-09-15 23:45:52.068,ENV-01,env01.dewPoint,Good,19.5,
3297,2026-09-15 23:45:52.068,ENV-01,env01.noise,Good,72,
3298,2026-09-15 23:45:52.068,ENV-01,env01.pm25,Good,42,
3299,2026-09-15 23:45:52.068,GW-LINE-B,mtc01.pumpFlow,Good,20,
3300,2026-09-15 23:45:52.068,ENV-01,env01.pressureDiff,Good,0,
3301,2026-09-15 23:45:52.068,ENV-01,env01.illuminance,Good,445,
3302,2026-09-15 23:45:52.068,ENV-01,env01.tempFluctuation,Good,25.12086,
3303,2026-09-15 23:45:52.068,GW-LINE-B,mtc01.pumpCurrent,Good,3.8,
3304,2026-09-15 23:45:52.068,GW-LINE-B,mtc01.tempAvg,Good,994.079,
3305,2026-09-15 23:45:52.074,GW-LINE-B,dry01.dewPoint,Good,-34.1,
3306,2026-09-15 23:45:52.074,GW-LINE-B,dry01.heatPower,Good,4,
3307,2026-09-15 23:45:52.074,GW-LINE-B,dry01.fanCurrent,Good,1.4,
3308,2026-09-15 23:45:52.076,GW-LINE-B,dry01.levelTrend,Good,-2.984983,
3309,2026-09-15 23:45:52.080,GW-LINE-B,rob01.inPlace,Good,True,
3310,2026-09-15 23:45:52.082,GW-LINE-B,rob01.totalPicks,Good,12,
3311,2026-09-15 23:45:52.082,GW-LINE-B,rob01.successPicks,Good,12,
3312,2026-09-15 23:45:52.082,GW-LINE-B,rob01.posX,Good,1,
3313,2026-09-15 23:45:52.082,GW-LINE-B,rob01.posY,Good,7,
3314,2026-09-15 23:45:52.082,GW-LINE-B,rob01.posZ,Good,8,
3315,2026-09-15 23:45:52.082,GW-LINE-B,rob01.gripState,Good,0,
3316,2026-09-15 23:45:52.082,GW-LINE-B,rob01.trajectory,Good,1.03226,
3317,2026-09-15 23:45:52.084,IM-01,im01.prodTime,Good,09/15/2026 23:45:52,
3318,2026-09-15 23:45:53.054,IM-01,im01.oilTemp,Good,44.6,
3319,2026-09-15 23:45:53.054,IM-01,im01.energyTotal,Good,0.983388888888872,
3320,2026-09-15 23:45:53.061,EM-01,em01.totalEnergy,Good,1109.84,
3321,2026-09-15 23:45:53.061,EM-01,em01.forwardEnergy,Good,1109.84,
3322,2026-09-15 23:45:53.061,EM-01,em01.voltageA,Good,382,
3323,2026-09-15 23:45:53.061,EM-01,em01.voltageC,Good,384,
3324,2026-09-15 23:45:53.061,EM-01,em01.currentA,Good,148.9,
3325,2026-09-15 23:45:53.061,EM-01,em01.activePower,Good,118,
3326,2026-09-15 23:45:53.061,EM-01,em01.reactivePower,Good,28,
3327,2026-09-15 23:45:53.061,EM-01,em01.powerFactor,Good,0.878,
3328,2026-09-15 23:45:53.061,EM-01,em01.frequency,Good,50.01,
3329,2026-09-15 23:45:53.061,EM-01,em01.demand,Good,118,
3330,2026-09-15 23:45:53.061,EM-01,em01.energyF64,Good,11.2689444444444,
3331,2026-09-15 23:45:53.061,EM-01,em01.unbalance,Good,2.105263,
3332,2026-09-15 23:45:53.069,GW-LINE-B,mtc01.actualTemp,Good,99.6,
3333,2026-09-15 23:45:53.069,ENV-01,env01.humidity,Good,56,
3334,2026-09-15 23:45:53.069,ENV-01,env01.dewPoint,Good,19.3,
3335,2026-09-15 23:45:53.069,ENV-01,env01.noise,Good,71,
3336,2026-09-15 23:45:53.069,GW-LINE-B,mtc01.pumpFlow,Good,16,
3337,2026-09-15 23:45:53.069,ENV-01,env01.pm25,Good,27,
3338,2026-09-15 23:45:53.069,GW-LINE-B,mtc01.pumpCurrent,Good,5.4,
3339,2026-09-15 23:45:53.069,ENV-01,env01.pressureDiff,Good,5,
3340,2026-09-15 23:45:53.069,GW-LINE-B,mtc01.heatPower,Good,5,
3341,2026-09-15 23:45:53.069,ENV-01,env01.illuminance,Good,471,
3342,2026-09-15 23:45:53.069,GW-LINE-B,mtc01.outletTemp,Good,100.1,
3343,2026-09-15 23:45:53.069,GW-LINE-B,mtc01.tempAvg,Good,995.6168,
3344,2026-09-15 23:45:53.069,ENV-01,env01.tempFluctuation,Good,24.88086,
3345,2026-09-15 23:45:53.075,GW-LINE-B,dry01.dewPoint,Good,-34.6,
3346,2026-09-15 23:45:53.075,GW-LINE-B,dry01.materialLevel,Good,54,
3347,2026-09-15 23:45:53.075,GW-LINE-B,dry01.heatPower,Good,8,
3348,2026-09-15 23:45:53.077,GW-LINE-B,dry01.levelTrend,Good,-3.017762,
3349,2026-09-15 23:45:53.081,GW-LINE-B,rob01.posX,Good,2,
3350,2026-09-15 23:45:53.081,GW-LINE-B,rob01.posY,Good,8,
3351,2026-09-15 23:45:53.081,GW-LINE-B,rob01.trajectory,Good,1.820996,
3352,2026-09-15 23:45:53.086,IM-01,im01.prodTime,Good,09/15/2026 23:45:53,
3354,2026-09-15 23:45:54.026,GW-LINE-B,mtc01.runSeconds,Good,3590,
3355,2026-09-15 23:45:54.026,GW-LINE-B,mtc01.energyTotal,Good,0.543638888888893,
3356,2026-09-15 23:45:54.028,IM-01,im01.clampForceDev,Good,-52,
3357,2026-09-15 23:45:54.028,GW-LINE-B,mtc01.tempDeviation,Good,-0.3,
3358,2026-09-15 23:45:54.029,EM-01,em01.readTime,Good,09/15/2026 23:45:53,
3359,2026-09-15 23:45:54.033,GW-LINE-B,dry01.drySeconds,Good,3378,
3360,2026-09-15 23:45:54.033,GW-LINE-B,dry01.energyTotal,Good,0.548444444444449,
3361,2026-09-15 23:45:54.034,GW-LINE-B,dry01.dewDeviation,Good,0.5,
3362,2026-09-15 23:45:54.034,ENV-01,env01.runSeconds,Good,3590,
3363,2026-09-15 23:45:54.034,ENV-01,env01.sampleTime,Good,09/15/2026 23:45:53,
3364,2026-09-15 23:45:54.034,ENV-01,env01.alarmCode,Good,0,
3365,2026-09-15 23:45:54.039,GW-LINE-B,rob01.runSeconds,Good,3590,
3366,2026-09-15 23:45:54.041,GW-LINE-B,rob01.energyTotal,Good,0.501166666666664,
3367,2026-09-15 23:45:54.043,GW-LINE-B,rob01.posDeviation,Good,-98,
3368,2026-09-15 23:45:54.054,IM-01,im01.moldTemp,Good,84.5,
3369,2026-09-15 23:45:54.054,IM-01,im01.oilTemp,Good,44.4,
3370,2026-09-15 23:45:54.054,IM-01,im01.energyTotal,Good,0.984222222222205,
3371,2026-09-15 23:45:54.061,EM-01,em01.totalEnergy,Good,1113.1,
3372,2026-09-15 23:45:54.061,EM-01,em01.forwardEnergy,Good,1113.1,
3373,2026-09-15 23:45:54.061,EM-01,em01.voltageA,Good,381,
3374,2026-09-15 23:45:54.061,EM-01,em01.voltageC,Good,374,
3375,2026-09-15 23:45:54.061,EM-01,em01.currentA,Good,197,
3376,2026-09-15 23:45:54.061,EM-01,em01.activePower,Good,104,
3377,2026-09-15 23:45:54.061,EM-01,em01.reactivePower,Good,39,
3378,2026-09-15 23:45:54.061,EM-01,em01.powerFactor,Good,0.86,
3379,2026-09-15 23:45:54.061,EM-01,em01.frequency,Good,50.05,
3380,2026-09-15 23:45:54.061,EM-01,em01.demand,Good,104,
3381,2026-09-15 23:45:54.061,EM-01,em01.energyF64,Good,11.3020833333333,
3382,2026-09-15 23:45:54.061,EM-01,em01.unbalance,Good,1.842105,
3384,2026-09-15 23:45:54.069,GW-LINE-B,mtc01.pumpFlow,Good,24,
3383,2026-09-15 23:45:54.069,ENV-01,env01.roomTemp,Good,27.9,
3385,2026-09-15 23:45:54.069,GW-LINE-B,mtc01.pumpCurrent,Good,5.6,
3386,2026-09-15 23:45:54.069,GW-LINE-B,mtc01.heatPower,Good,3,
3387,2026-09-15 23:45:54.069,GW-LINE-B,mtc01.tempAvg,Good,995.5316,
3388,2026-09-15 23:45:54.069,ENV-01,env01.humidity,Good,55,
3389,2026-09-15 23:45:54.069,ENV-01,env01.dewPoint,Good,19.1,
3390,2026-09-15 23:45:54.069,ENV-01,env01.noise,Good,76,
3391,2026-09-15 23:45:54.069,ENV-01,env01.pm25,Good,22,
3392,2026-09-15 23:45:54.069,ENV-01,env01.pressureDiff,Good,2,
3393,2026-09-15 23:45:54.069,ENV-01,env01.illuminance,Good,369,
3394,2026-09-15 23:45:54.069,ENV-01,env01.tempFluctuation,Good,24.68152,
3395,2026-09-15 23:45:54.075,GW-LINE-B,dry01.dewPoint,Good,-34.4,
3396,2026-09-15 23:45:54.075,GW-LINE-B,dry01.heatPower,Good,7,
3397,2026-09-15 23:45:54.075,GW-LINE-B,dry01.fanCurrent,Good,0.8,
3398,2026-09-15 23:45:54.077,GW-LINE-B,dry01.levelTrend,Good,-3.049065,
3399,2026-09-15 23:45:54.081,GW-LINE-B,rob01.cycleTime,Good,3.2,
3400,2026-09-15 23:45:54.081,GW-LINE-B,rob01.trajectory,Good,2.075579,
3401,2026-09-15 23:45:54.086,IM-01,im01.prodTime,Good,09/15/2026 23:45:54,
3402,2026-09-15 23:45:55.055,IM-01,im01.moldTemp,Good,84.6,
3403,2026-09-15 23:45:55.055,IM-01,im01.oilTemp,Good,44.5,
3404,2026-09-15 23:45:55.055,IM-01,im01.energyTotal,Good,0.985055555555538,
3405,2026-09-15 23:45:55.061,EM-01,em01.totalEnergy,Good,1116.03,
3406,2026-09-15 23:45:55.061,EM-01,em01.forwardEnergy,Good,1116.03,
3407,2026-09-15 23:45:55.061,EM-01,em01.voltageA,Good,382,
3408,2026-09-15 23:45:55.061,EM-01,em01.voltageB,Good,381,
3409,2026-09-15 23:45:55.061,EM-01,em01.voltageC,Good,376,
3410,2026-09-15 23:45:55.061,EM-01,em01.currentA,Good,130.4,
3411,2026-09-15 23:45:55.061,EM-01,em01.activePower,Good,113,
3412,2026-09-15 23:45:55.061,EM-01,em01.reactivePower,Good,22,
3413,2026-09-15 23:45:55.061,EM-01,em01.powerFactor,Good,0.948,
3414,2026-09-15 23:45:55.061,EM-01,em01.frequency,Good,49.93,
3415,2026-09-15 23:45:55.061,EM-01,em01.demand,Good,113,
3416,2026-09-15 23:45:55.061,EM-01,em01.energyF64,Good,11.3318888888889,
3417,2026-09-15 23:45:55.061,EM-01,em01.unbalance,Good,1.578947,
3418,2026-09-15 23:45:55.069,ENV-01,env01.roomTemp,Good,28,
3419,2026-09-15 23:45:55.069,GW-LINE-B,mtc01.actualTemp,Good,99.5,
3420,2026-09-15 23:45:55.069,GW-LINE-B,mtc01.pumpPressure,Good,3,
3421,2026-09-15 23:45:55.069,GW-LINE-B,mtc01.pumpFlow,Good,19,
3422,2026-09-15 23:45:55.069,GW-LINE-B,mtc01.pumpCurrent,Good,5.8,
3423,2026-09-15 23:45:55.069,GW-LINE-B,mtc01.heatPower,Good,7,
3424,2026-09-15 23:45:55.069,ENV-01,env01.noise,Good,78,
3425,2026-09-15 23:45:55.069,GW-LINE-B,mtc01.outletTemp,Good,100,
3426,2026-09-15 23:45:55.069,ENV-01,env01.pm25,Good,25,
3427,2026-09-15 23:45:55.069,GW-LINE-B,mtc01.tempAvg,Good,995.0726,
3428,2026-09-15 23:45:55.069,ENV-01,env01.pressureDiff,Good,13,
3429,2026-09-15 23:45:55.069,ENV-01,env01.illuminance,Good,387,
3430,2026-09-15 23:45:55.069,ENV-01,env01.tempFluctuation,Good,24.31924,
3431,2026-09-15 23:45:55.076,GW-LINE-B,dry01.dewPoint,Good,-33.8,
3432,2026-09-15 23:45:55.076,GW-LINE-B,dry01.heatPower,Good,8,
3433,2026-09-15 23:45:55.076,GW-LINE-B,dry01.fanCurrent,Good,1.3,
3434,2026-09-15 23:45:55.077,GW-LINE-B,dry01.levelTrend,Good,-3.075361,
3435,2026-09-15 23:45:55.082,GW-LINE-B,rob01.cycleTime,Good,3,
3436,2026-09-15 23:45:55.082,GW-LINE-B,rob01.trajectory,Good,2.293587,
3437,2026-09-15 23:45:55.087,IM-01,im01.prodTime,Good,09/15/2026 23:45:55,
3438,2026-09-15 23:45:56.057,IM-01,im01.moldTemp,Good,84.5,
3439,2026-09-15 23:45:56.057,IM-01,im01.oilTemp,Good,44.6,
3440,2026-09-15 23:45:56.057,IM-01,im01.energyTotal,Good,0.985972222222205,
3441,2026-09-15 23:45:56.062,EM-01,em01.totalEnergy,Good,1119.4,
3442,2026-09-15 23:45:56.062,EM-01,em01.forwardEnergy,Good,1119.4,
3443,2026-09-15 23:45:56.062,EM-01,em01.voltageA,Good,376,
3444,2026-09-15 23:45:56.062,EM-01,em01.voltageB,Good,378,
3445,2026-09-15 23:45:56.062,EM-01,em01.voltageC,Good,382,
3446,2026-09-15 23:45:56.062,EM-01,em01.currentA,Good,179.4,
3447,2026-09-15 23:45:56.062,EM-01,em01.activePower,Good,125,
3448,2026-09-15 23:45:56.062,EM-01,em01.reactivePower,Good,37,
3449,2026-09-15 23:45:56.062,EM-01,em01.powerFactor,Good,0.935,
3450,2026-09-15 23:45:56.062,EM-01,em01.frequency,Good,49.96,
3451,2026-09-15 23:45:56.062,EM-01,em01.demand,Good,125,
3452,2026-09-15 23:45:56.062,EM-01,em01.energyF64,Good,11.3659444444444,
3454,2026-09-15 23:45:56.070,GW-LINE-B,mtc01.actualTemp,Good,99.3,
3453,2026-09-15 23:45:56.070,ENV-01,env01.roomTemp,Good,27.9,
3455,2026-09-15 23:45:56.070,GW-LINE-B,mtc01.pumpPressure,Good,5,
3456,2026-09-15 23:45:56.070,ENV-01,env01.noise,Good,75,
3457,2026-09-15 23:45:56.070,GW-LINE-B,mtc01.pumpFlow,Good,34,
3458,2026-09-15 23:45:56.070,ENV-01,env01.pm25,Good,43,
3459,2026-09-15 23:45:56.070,GW-LINE-B,mtc01.pumpCurrent,Good,5,
3460,2026-09-15 23:45:56.070,ENV-01,env01.pressureDiff,Good,0,
3461,2026-09-15 23:45:56.070,ENV-01,env01.illuminance,Good,360,
3462,2026-09-15 23:45:56.070,GW-LINE-B,mtc01.heatPower,Good,3,
3463,2026-09-15 23:45:56.070,GW-LINE-B,mtc01.outletTemp,Good,99.8,
3464,2026-09-15 23:45:56.070,GW-LINE-B,mtc01.tempAvg,Good,993.1828,
3465,2026-09-15 23:45:56.070,ENV-01,env01.tempFluctuation,Good,24.96522,
3466,2026-09-15 23:45:56.076,GW-LINE-B,dry01.dewPoint,Good,-34.1,
3467,2026-09-15 23:45:56.076,GW-LINE-B,dry01.materialLevel,Good,53,
3468,2026-09-15 23:45:56.076,GW-LINE-B,dry01.heatPower,Good,7,
3469,2026-09-15 23:45:56.077,GW-LINE-B,dry01.levelTrend,Good,-3.104977,
3470,2026-09-15 23:45:56.082,GW-LINE-B,rob01.cycleTime,Good,3.2,
3471,2026-09-15 23:45:56.082,GW-LINE-B,rob01.posX,Good,0,
3472,2026-09-15 23:45:56.082,GW-LINE-B,rob01.trajectory,Good,-0.07607491,
3473,2026-09-15 23:45:56.088,IM-01,im01.prodTime,Good,09/15/2026 23:45:56,
3474,2026-09-15 23:45:57.057,IM-01,im01.moldTemp,Good,84.6,
3475,2026-09-15 23:45:57.057,IM-01,im01.energyTotal,Good,0.986805555555538,
3476,2026-09-15 23:45:57.062,EM-01,em01.totalEnergy,Good,1122.75,
3477,2026-09-15 23:45:57.062,EM-01,em01.forwardEnergy,Good,1122.75,
3478,2026-09-15 23:45:57.062,EM-01,em01.voltageA,Good,380,
3479,2026-09-15 23:45:57.062,EM-01,em01.voltageB,Good,385,
3480,2026-09-15 23:45:57.062,EM-01,em01.currentA,Good,138.5,
3481,2026-09-15 23:45:57.062,EM-01,em01.activePower,Good,122,
3482,2026-09-15 23:45:57.062,EM-01,em01.reactivePower,Good,25,
3483,2026-09-15 23:45:57.062,EM-01,em01.frequency,Good,50.02,
3484,2026-09-15 23:45:57.062,EM-01,em01.demand,Good,122,
3485,2026-09-15 23:45:57.062,EM-01,em01.energyF64,Good,11.3999166666666,
3486,2026-09-15 23:45:57.062,EM-01,em01.unbalance,Good,1.315789,
3488,2026-09-15 23:45:57.070,ENV-01,env01.roomTemp,Good,28,
3487,2026-09-15 23:45:57.070,GW-LINE-B,mtc01.actualTemp,Good,99.4,
3489,2026-09-15 23:45:57.070,GW-LINE-B,mtc01.pumpPressure,Good,4,
3490,2026-09-15 23:45:57.070,ENV-01,env01.noise,Good,74,
3491,2026-09-15 23:45:57.070,GW-LINE-B,mtc01.pumpFlow,Good,31,
3492,2026-09-15 23:45:57.070,ENV-01,env01.pm25,Good,52,
3494,2026-09-15 23:45:57.070,ENV-01,env01.pressureDiff,Good,12,
3493,2026-09-15 23:45:57.070,GW-LINE-B,mtc01.pumpCurrent,Good,4.8,
3495,2026-09-15 23:45:57.070,ENV-01,env01.illuminance,Good,467,
3496,2026-09-15 23:45:57.070,GW-LINE-B,mtc01.outletTemp,Good,99.9,
3497,2026-09-15 23:45:57.070,GW-LINE-B,mtc01.tempAvg,Good,994.2776,
3498,2026-09-15 23:45:57.070,ENV-01,env01.tempFluctuation,Good,24.37234,
3499,2026-09-15 23:45:57.076,GW-LINE-B,dry01.dewPoint,Good,-34,
3500,2026-09-15 23:45:57.076,GW-LINE-B,dry01.fanCurrent,Good,1.7,
3501,2026-09-15 23:45:57.077,GW-LINE-B,dry01.levelTrend,Good,-3.136842,
3502,2026-09-15 23:45:57.082,GW-LINE-B,rob01.cycleTime,Good,3.1,
3503,2026-09-15 23:45:57.082,GW-LINE-B,rob01.posX,Good,1,
3504,2026-09-15 23:45:57.082,GW-LINE-B,rob01.trajectory,Good,0.744509,
3505,2026-09-15 23:45:57.089,IM-01,im01.prodTime,Good,09/15/2026 23:45:57,
3506,2026-09-15 23:45:58.056,IM-01,im01.moldTemp,Good,84.5,
3507,2026-09-15 23:45:58.056,IM-01,im01.oilTemp,Good,44.5,
3508,2026-09-15 23:45:58.056,IM-01,im01.energyTotal,Good,0.987638888888871,
3509,2026-09-15 23:45:58.062,EM-01,em01.totalEnergy,Good,1125.79,
3510,2026-09-15 23:45:58.062,EM-01,em01.forwardEnergy,Good,1125.79,
3511,2026-09-15 23:45:58.062,EM-01,em01.voltageA,Good,375,
3512,2026-09-15 23:45:58.062,EM-01,em01.voltageB,Good,380,
3513,2026-09-15 23:45:58.062,EM-01,em01.voltageC,Good,374,
3514,2026-09-15 23:45:58.062,EM-01,em01.currentA,Good,130.2,
3515,2026-09-15 23:45:58.062,EM-01,em01.activePower,Good,112,
3516,2026-09-15 23:45:58.062,EM-01,em01.reactivePower,Good,28,
3517,2026-09-15 23:45:58.062,EM-01,em01.powerFactor,Good,0.873,
3518,2026-09-15 23:45:58.062,EM-01,em01.frequency,Good,49.99,
3519,2026-09-15 23:45:58.062,EM-01,em01.demand,Good,112,
3520,2026-09-15 23:45:58.062,EM-01,em01.energyF64,Good,11.4308333333333,
3521,2026-09-15 23:45:58.062,EM-01,em01.unbalance,Good,1.578947,
3523,2026-09-15 23:45:58.070,GW-LINE-B,mtc01.actualTemp,Good,99.5,
3522,2026-09-15 23:45:58.070,ENV-01,env01.roomTemp,Good,28.1,
3524,2026-09-15 23:45:58.070,ENV-01,env01.humidity,Good,54,
3525,2026-09-15 23:45:58.070,ENV-01,env01.dewPoint,Good,19,
3526,2026-09-15 23:45:58.070,GW-LINE-B,mtc01.pumpFlow,Good,37,
3527,2026-09-15 23:45:58.070,ENV-01,env01.noise,Good,71,
3528,2026-09-15 23:45:58.070,GW-LINE-B,mtc01.pumpCurrent,Good,3,
3529,2026-09-15 23:45:58.070,ENV-01,env01.pm25,Good,30,
3530,2026-09-15 23:45:58.070,GW-LINE-B,mtc01.heatPower,Good,8,
3531,2026-09-15 23:45:58.070,GW-LINE-B,mtc01.outletTemp,Good,100,
3532,2026-09-15 23:45:58.070,ENV-01,env01.pressureDiff,Good,-3,
3533,2026-09-15 23:45:58.070,ENV-01,env01.illuminance,Good,340,
3534,2026-09-15 23:45:58.070,GW-LINE-B,mtc01.tempAvg,Good,995.0953,
3535,2026-09-15 23:45:58.070,ENV-01,env01.tempFluctuation,Good,25.32912,
3536,2026-09-15 23:45:58.076,GW-LINE-B,dry01.dewPoint,Good,-33.9,
3537,2026-09-15 23:45:58.076,GW-LINE-B,dry01.heatPower,Good,3,
3538,2026-09-15 23:45:58.076,GW-LINE-B,dry01.fanCurrent,Good,1.3,
3539,2026-09-15 23:45:58.078,GW-LINE-B,dry01.levelTrend,Good,-3.168702,
3540,2026-09-15 23:45:58.082,GW-LINE-B,rob01.cycleTime,Good,2.8,
3541,2026-09-15 23:45:58.082,GW-LINE-B,rob01.posY,Good,7,
3542,2026-09-15 23:45:58.082,GW-LINE-B,rob01.trajectory,Good,1.12679,
3543,2026-09-15 23:45:58.089,IM-01,im01.prodTime,Good,09/15/2026 23:45:58,
3545,2026-09-15 23:45:59.026,ENV-01,env01.runSeconds,Good,3640,
3546,2026-09-15 23:45:59.026,IM-01,im01.clampForceDev,Good,-40,
3547,2026-09-15 23:45:59.026,GW-LINE-B,mtc01.runSeconds,Good,3640,
3548,2026-09-15 23:45:59.026,ENV-01,env01.sampleTime,Good,09/15/2026 23:45:58,
3549,2026-09-15 23:45:59.026,GW-LINE-B,mtc01.energyTotal,Good,0.551166666666671,
3550,2026-09-15 23:45:59.028,GW-LINE-B,mtc01.tempDeviation,Good,-0.4,
3551,2026-09-15 23:45:59.031,EM-01,em01.readTime,Good,09/15/2026 23:45:58,
3552,2026-09-15 23:45:59.033,GW-LINE-B,dry01.drySeconds,Good,3428,
3553,2026-09-15 23:45:59.033,GW-LINE-B,dry01.energyTotal,Good,0.555944444444449,
3554,2026-09-15 23:45:59.034,GW-LINE-B,dry01.dewDeviation,Good,0.9,
3555,2026-09-15 23:45:59.036,ENV-01,env01.tempDeviation,Good,0,
3556,2026-09-15 23:45:59.039,GW-LINE-B,rob01.runSeconds,Good,3640,
3557,2026-09-15 23:45:59.041,GW-LINE-B,rob01.energyTotal,Good,0.508611111111109,
3558,2026-09-15 23:45:59.042,GW-LINE-B,rob01.posDeviation,Good,-99,
3559,2026-09-15 23:45:59.056,IM-01,im01.moldTemp,Good,84.6,
3560,2026-09-15 23:45:59.056,IM-01,im01.oilTemp,Good,44.6,
3561,2026-09-15 23:45:59.056,IM-01,im01.energyTotal,Good,0.988472222222204,
3562,2026-09-15 23:45:59.062,EM-01,em01.totalEnergy,Good,1129.01,
3563,2026-09-15 23:45:59.062,EM-01,em01.forwardEnergy,Good,1129.01,
3564,2026-09-15 23:45:59.062,EM-01,em01.voltageC,Good,375,
3565,2026-09-15 23:45:59.062,EM-01,em01.currentA,Good,185.3,
3566,2026-09-15 23:45:59.062,EM-01,em01.activePower,Good,125,
3567,2026-09-15 23:45:59.062,EM-01,em01.reactivePower,Good,33,
3568,2026-09-15 23:45:59.062,EM-01,em01.powerFactor,Good,0.861,
3569,2026-09-15 23:45:59.062,EM-01,em01.frequency,Good,50.08,
3570,2026-09-15 23:45:59.062,EM-01,em01.demand,Good,125,
3571,2026-09-15 23:45:59.062,EM-01,em01.energyF64,Good,11.4636111111111,
3572,2026-09-15 23:45:59.062,EM-01,em01.unbalance,Good,1.315789,
3573,2026-09-15 23:45:59.070,ENV-01,env01.roomTemp,Good,28,
3574,2026-09-15 23:45:59.070,GW-LINE-B,mtc01.actualTemp,Good,99.6,
3575,2026-09-15 23:45:59.070,ENV-01,env01.humidity,Good,55,
3576,2026-09-15 23:45:59.070,GW-LINE-B,mtc01.pumpPressure,Good,3,
3577,2026-09-15 23:45:59.070,ENV-01,env01.dewPoint,Good,19.1,
3578,2026-09-15 23:45:59.070,GW-LINE-B,mtc01.pumpFlow,Good,16,
3579,2026-09-15 23:45:59.070,ENV-01,env01.noise,Good,78,
3580,2026-09-15 23:45:59.070,ENV-01,env01.pm25,Good,39,
3581,2026-09-15 23:45:59.070,ENV-01,env01.pressureDiff,Good,13,
3582,2026-09-15 23:45:59.070,ENV-01,env01.illuminance,Good,391,
3583,2026-09-15 23:45:59.070,GW-LINE-B,mtc01.pumpCurrent,Good,3.5,
3584,2026-09-15 23:45:59.070,ENV-01,env01.tempFluctuation,Good,25.07402,
3585,2026-09-15 23:45:59.070,GW-LINE-B,mtc01.heatPower,Good,7,
3586,2026-09-15 23:45:59.070,GW-LINE-B,mtc01.outletTemp,Good,100.1,
3587,2026-09-15 23:45:59.070,GW-LINE-B,mtc01.tempAvg,Good,996.3698,
3588,2026-09-15 23:45:59.074,ENV-01,env01.acSetTemp,Good,24,
3589,2026-09-15 23:45:59.077,GW-LINE-B,dry01.dewPoint,Good,-34.2,
3590,2026-09-15 23:45:59.077,GW-LINE-B,dry01.heatPower,Good,5,
3591,2026-09-15 23:45:59.077,GW-LINE-B,dry01.fanCurrent,Good,1.1,
3592,2026-09-15 23:45:59.078,GW-LINE-B,dry01.levelTrend,Good,-3.192803,
3593,2026-09-15 23:45:59.083,GW-LINE-B,rob01.cycleTime,Good,2.7,
3594,2026-09-15 23:45:59.083,GW-LINE-B,rob01.posX,Good,0,
3595,2026-09-15 23:45:59.083,GW-LINE-B,rob01.trajectory,Good,-0.2789631,
3596,2026-09-15 23:45:59.090,IM-01,im01.prodTime,Good,09/15/2026 23:45:59,
3597,2026-09-15 23:46:00.057,IM-01,im01.oilTemp,Good,44.8,
3598,2026-09-15 23:46:00.057,IM-01,im01.energyTotal,Good,0.989305555555538,
3599,2026-09-15 23:46:00.063,EM-01,em01.totalEnergy,Good,1132.3,
3600,2026-09-15 23:46:00.063,EM-01,em01.forwardEnergy,Good,1132.3,
3601,2026-09-15 23:46:00.063,EM-01,em01.voltageA,Good,378,
3602,2026-09-15 23:46:00.063,EM-01,em01.voltageB,Good,386,
3603,2026-09-15 23:46:00.063,EM-01,em01.voltageC,Good,382,
3604,2026-09-15 23:46:00.063,EM-01,em01.currentA,Good,170.4,
3605,2026-09-15 23:46:00.063,EM-01,em01.activePower,Good,120,
3606,2026-09-15 23:46:00.063,EM-01,em01.reactivePower,Good,38,
3607,2026-09-15 23:46:00.063,EM-01,em01.powerFactor,Good,0.9,
3608,2026-09-15 23:46:00.063,EM-01,em01.frequency,Good,49.96,
3609,2026-09-15 23:46:00.063,EM-01,em01.demand,Good,120,
3610,2026-09-15 23:46:00.063,EM-01,em01.energyF64,Good,11.4969166666666,
3611,2026-09-15 23:46:00.063,EM-01,em01.unbalance,Good,2.105263,
3612,2026-09-15 23:46:00.070,GW-LINE-B,mtc01.actualTemp,Good,99.4,
3613,2026-09-15 23:46:00.070,GW-LINE-B,mtc01.pumpPressure,Good,2,
3614,2026-09-15 23:46:00.070,GW-LINE-B,mtc01.pumpFlow,Good,21,
3615,2026-09-15 23:46:00.070,GW-LINE-B,mtc01.pumpCurrent,Good,4.6,
3616,2026-09-15 23:46:00.070,GW-LINE-B,mtc01.heatPower,Good,8,
3617,2026-09-15 23:46:00.070,GW-LINE-B,mtc01.outletTemp,Good,99.9,
3618,2026-09-15 23:46:00.070,GW-LINE-B,mtc01.tempAvg,Good,993.6672,
3619,2026-09-15 23:46:00.070,ENV-01,env01.roomTemp,Good,27.2,
3620,2026-09-15 23:46:00.070,ENV-01,env01.humidity,Good,53,
3621,2026-09-15 23:46:00.070,ENV-01,env01.dewPoint,Good,18,
3622,2026-09-15 23:46:00.070,ENV-01,env01.noise,Good,70,
3623,2026-09-15 23:46:00.070,ENV-01,env01.pm25,Good,22,
3624,2026-09-15 23:46:00.070,ENV-01,env01.pressureDiff,Good,8,
3625,2026-09-15 23:46:00.070,ENV-01,env01.illuminance,Good,389,
3626,2026-09-15 23:46:00.070,ENV-01,env01.tempFluctuation,Good,22.4621,
3627,2026-09-15 23:46:00.076,GW-LINE-B,dry01.dewPoint,Good,-34.4,
3628,2026-09-15 23:46:00.077,GW-LINE-B,dry01.materialLevel,Good,52,
3629,2026-09-15 23:46:00.077,GW-LINE-B,dry01.heatPower,Good,7,
3630,2026-09-15 23:46:00.077,GW-LINE-B,dry01.fanCurrent,Good,1.4,
3631,2026-09-15 23:46:00.078,GW-LINE-B,dry01.levelTrend,Good,-3.223686,
3632,2026-09-15 23:46:00.083,GW-LINE-B,rob01.cycleTime,Good,3,
3633,2026-09-15 23:46:00.083,GW-LINE-B,rob01.posY,Good,8,
3634,2026-09-15 23:46:00.083,GW-LINE-B,rob01.trajectory,Good,0.1564738,
3635,2026-09-15 23:46:00.090,IM-01,im01.prodTime,Good,09/15/2026 23:46:00,
3636,2026-09-15 23:46:01.057,IM-01,im01.moldTemp,Good,84.5,
3637,2026-09-15 23:46:01.057,IM-01,im01.oilTemp,Good,44.6,
3638,2026-09-15 23:46:01.057,IM-01,im01.energyTotal,Good,0.990138888888871,
3639,2026-09-15 23:46:01.063,EM-01,em01.totalEnergy,Good,1135.29,
3640,2026-09-15 23:46:01.063,EM-01,em01.forwardEnergy,Good,1135.29,
3641,2026-09-15 23:46:01.063,EM-01,em01.voltageA,Good,382,
3642,2026-09-15 23:46:01.063,EM-01,em01.voltageC,Good,376,
3643,2026-09-15 23:46:01.063,EM-01,em01.currentA,Good,186.6,
3644,2026-09-15 23:46:01.063,EM-01,em01.activePower,Good,109,
3645,2026-09-15 23:46:01.063,EM-01,em01.reactivePower,Good,39,
3646,2026-09-15 23:46:01.063,EM-01,em01.powerFactor,Good,0.89,
3647,2026-09-15 23:46:01.063,EM-01,em01.frequency,Good,50.08,
3648,2026-09-15 23:46:01.063,EM-01,em01.demand,Good,109,
3649,2026-09-15 23:46:01.063,EM-01,em01.energyF64,Good,11.5272777777778,
3650,2026-09-15 23:46:01.063,EM-01,em01.unbalance,Good,2.631579,
3652,2026-09-15 23:46:01.071,ENV-01,env01.roomTemp,Good,26.7,
3651,2026-09-15 23:46:01.071,GW-LINE-B,mtc01.actualTemp,Good,99.2,
3653,2026-09-15 23:46:01.071,GW-LINE-B,mtc01.pumpPressure,Good,3,
3654,2026-09-15 23:46:01.071,GW-LINE-B,mtc01.pumpFlow,Good,37,
3655,2026-09-15 23:46:01.071,GW-LINE-B,mtc01.pumpCurrent,Good,3.8,
3656,2026-09-15 23:46:01.071,GW-LINE-B,mtc01.heatPower,Good,3,
3657,2026-09-15 23:46:01.071,GW-LINE-B,mtc01.outletTemp,Good,99.7,
3658,2026-09-15 23:46:01.071,GW-LINE-B,mtc01.tempAvg,Good,991.6464,
3659,2026-09-15 23:46:01.071,ENV-01,env01.humidity,Good,54,
3660,2026-09-15 23:46:01.071,ENV-01,env01.dewPoint,Good,17.6,
3661,2026-09-15 23:46:01.071,ENV-01,env01.noise,Good,72,
3662,2026-09-15 23:46:01.071,ENV-01,env01.pm25,Good,30,
3663,2026-09-15 23:46:01.071,ENV-01,env01.pressureDiff,Good,3,
3664,2026-09-15 23:46:01.071,ENV-01,env01.illuminance,Good,335,
3665,2026-09-15 23:46:01.071,ENV-01,env01.tempFluctuation,Good,20.28982,
3666,2026-09-15 23:46:01.077,GW-LINE-B,dry01.dewPoint,Good,-34.6,
3667,2026-09-15 23:46:01.077,GW-LINE-B,dry01.fanCurrent,Good,1.1,
3668,2026-09-15 23:46:01.079,GW-LINE-B,dry01.levelTrend,Good,-3.25336,
3669,2026-09-15 23:46:01.083,GW-LINE-B,rob01.cycleTime,Good,2.8,
3670,2026-09-15 23:46:01.083,GW-LINE-B,rob01.trajectory,Good,-0.007249609,
3671,2026-09-15 23:46:01.091,IM-01,im01.prodTime,Good,09/15/2026 23:46:01,
3672,2026-09-15 23:46:02.058,IM-01,im01.moldTemp,Good,84.6,
3673,2026-09-15 23:46:02.058,IM-01,im01.oilTemp,Good,44.3,
3674,2026-09-15 23:46:02.058,IM-01,im01.energyTotal,Good,0.990972222222204,
3675,2026-09-15 23:46:02.064,EM-01,em01.totalEnergy,Good,1138.31,
3676,2026-09-15 23:46:02.064,EM-01,em01.forwardEnergy,Good,1138.31,
3677,2026-09-15 23:46:02.064,EM-01,em01.voltageA,Good,378,
3678,2026-09-15 23:46:02.064,EM-01,em01.voltageB,Good,381,
3679,2026-09-15 23:46:02.064,EM-01,em01.voltageC,Good,374,
3680,2026-09-15 23:46:02.064,EM-01,em01.currentA,Good,177.7,
3681,2026-09-15 23:46:02.064,EM-01,em01.activePower,Good,121,
3682,2026-09-15 23:46:02.064,EM-01,em01.reactivePower,Good,25,
3683,2026-09-15 23:46:02.064,EM-01,em01.powerFactor,Good,0.876,
3684,2026-09-15 23:46:02.064,EM-01,em01.frequency,Good,50.02,
3685,2026-09-15 23:46:02.064,EM-01,em01.demand,Good,121,
3686,2026-09-15 23:46:02.064,EM-01,em01.energyF64,Good,11.558,
3687,2026-09-15 23:46:02.064,EM-01,em01.unbalance,Good,1.842105,
3689,2026-09-15 23:46:02.071,ENV-01,env01.roomTemp,Good,26.2,
3688,2026-09-15 23:46:02.071,GW-LINE-B,mtc01.actualTemp,Good,99.4,
3690,2026-09-15 23:46:02.071,GW-LINE-B,mtc01.pumpPressure,Good,2,
3691,2026-09-15 23:46:02.071,GW-LINE-B,mtc01.pumpFlow,Good,26,
3692,2026-09-15 23:46:02.071,GW-LINE-B,mtc01.pumpCurrent,Good,4.4,
3693,2026-09-15 23:46:02.071,GW-LINE-B,mtc01.heatPower,Good,5,
3694,2026-09-15 23:46:02.071,GW-LINE-B,mtc01.outletTemp,Good,99.9,
3695,2026-09-15 23:46:02.071,GW-LINE-B,mtc01.tempAvg,Good,994.3284,
3697,2026-09-15 23:46:02.071,ENV-01,env01.dewPoint,Good,17.2,
3698,2026-09-15 23:46:02.071,ENV-01,env01.pm25,Good,43,
3699,2026-09-15 23:46:02.071,ENV-01,env01.pressureDiff,Good,2,
3700,2026-09-15 23:46:02.071,ENV-01,env01.illuminance,Good,478,
3701,2026-09-15 23:46:02.071,ENV-01,env01.tempFluctuation,Good,18.93396,
3702,2026-09-15 23:46:02.077,GW-LINE-B,dry01.dewPoint,Good,-34.7,
3703,2026-09-15 23:46:02.077,GW-LINE-B,dry01.heatPower,Good,5,
3704,2026-09-15 23:46:02.079,GW-LINE-B,dry01.levelTrend,Good,-3.287895,
3705,2026-09-15 23:46:02.083,GW-LINE-B,rob01.cycleTime,Good,3.2,
3706,2026-09-15 23:46:02.083,GW-LINE-B,rob01.posY,Good,6,
3707,2026-09-15 23:46:02.083,GW-LINE-B,rob01.trajectory,Good,-0.05624023,
3708,2026-09-15 23:46:02.091,IM-01,im01.prodTime,Good,09/15/2026 23:46:02,
3709,2026-09-15 23:46:03.058,IM-01,im01.moldTemp,Good,84.5,
3710,2026-09-15 23:46:03.058,IM-01,im01.energyTotal,Good,0.991805555555537,
3711,2026-09-15 23:46:03.064,EM-01,em01.totalEnergy,Good,1141.4,
3712,2026-09-15 23:46:03.064,EM-01,em01.forwardEnergy,Good,1141.4,
3713,2026-09-15 23:46:03.064,EM-01,em01.voltageA,Good,382,
3714,2026-09-15 23:46:03.064,EM-01,em01.voltageB,Good,386,
3715,2026-09-15 23:46:03.064,EM-01,em01.voltageC,Good,376,
3716,2026-09-15 23:46:03.064,EM-01,em01.currentA,Good,132.9,
3717,2026-09-15 23:46:03.064,EM-01,em01.activePower,Good,115,
3718,2026-09-15 23:46:03.064,EM-01,em01.reactivePower,Good,36,
3719,2026-09-15 23:46:03.064,EM-01,em01.powerFactor,Good,0.898,
3720,2026-09-15 23:46:03.064,EM-01,em01.frequency,Good,49.95,
3721,2026-09-15 23:46:03.064,EM-01,em01.demand,Good,115,
3722,2026-09-15 23:46:03.064,EM-01,em01.energyF64,Good,11.5895555555555,
3723,2026-09-15 23:46:03.064,EM-01,em01.unbalance,Good,2.631579,
3724,2026-09-15 23:46:03.071,ENV-01,env01.roomTemp,Good,25.8,
3725,2026-09-15 23:46:03.071,GW-LINE-B,mtc01.actualTemp,Good,99.3,
3726,2026-09-15 23:46:03.071,GW-LINE-B,mtc01.pumpPressure,Good,3,
3727,2026-09-15 23:46:03.071,ENV-01,env01.humidity,Good,56,
3728,2026-09-15 23:46:03.071,GW-LINE-B,mtc01.pumpFlow,Good,38,
3729,2026-09-15 23:46:03.071,ENV-01,env01.dewPoint,Good,17.1,
3730,2026-09-15 23:46:03.071,GW-LINE-B,mtc01.pumpCurrent,Good,3.4,
3731,2026-09-15 23:46:03.071,ENV-01,env01.noise,Good,77,
3732,2026-09-15 23:46:03.071,GW-LINE-B,mtc01.heatPower,Good,7,
3733,2026-09-15 23:46:03.071,GW-LINE-B,mtc01.outletTemp,Good,99.8,
3734,2026-09-15 23:46:03.071,ENV-01,env01.pressureDiff,Good,5,
3735,2026-09-15 23:46:03.071,ENV-01,env01.illuminance,Good,406,
3736,2026-09-15 23:46:03.071,GW-LINE-B,mtc01.tempAvg,Good,993.4349,
3737,2026-09-15 23:46:03.071,ENV-01,env01.tempFluctuation,Good,18.21535,
3738,2026-09-15 23:46:03.077,GW-LINE-B,dry01.dewPoint,Good,-34.2,
3739,2026-09-15 23:46:03.077,GW-LINE-B,dry01.materialLevel,Good,51,
3740,2026-09-15 23:46:03.077,GW-LINE-B,dry01.heatPower,Good,8,
3741,2026-09-15 23:46:03.077,GW-LINE-B,dry01.fanCurrent,Good,1.5,
3742,2026-09-15 23:46:03.079,GW-LINE-B,dry01.levelTrend,Good,-3.316144,
3743,2026-09-15 23:46:03.083,GW-LINE-B,rob01.cycleTime,Good,3.1,
3744,2026-09-15 23:46:03.083,GW-LINE-B,rob01.trajectory,Good,-0.1842336,
3745,2026-09-15 23:46:03.093,IM-01,im01.prodTime,Good,09/15/2026 23:46:03,
3746,2026-09-15 23:46:04.027,GW-LINE-B,mtc01.runSeconds,Good,3690,
3747,2026-09-15 23:46:04.027,GW-LINE-B,mtc01.energyTotal,Good,0.558972222222226,
3748,2026-09-15 23:46:04.027,EM-01,em01.readTime,Good,09/15/2026 23:46:03,
3749,2026-09-15 23:46:04.028,GW-LINE-B,mtc01.tempDeviation,Good,-0.7,
3750,2026-09-15 23:46:04.028,ENV-01,env01.runSeconds,Good,3690,
3751,2026-09-15 23:46:04.028,ENV-01,env01.sampleTime,Good,09/15/2026 23:46:03,
3752,2026-09-15 23:46:04.033,ENV-01,env01.tempDeviation,Good,1.5,
3753,2026-09-15 23:46:04.033,GW-LINE-B,dry01.drySeconds,Good,3478,
3754,2026-09-15 23:46:04.033,GW-LINE-B,dry01.energyTotal,Good,0.563333333333338,
3755,2026-09-15 23:46:04.034,GW-LINE-B,dry01.dewDeviation,Good,0.5,
3756,2026-09-15 23:46:04.039,GW-LINE-B,rob01.runSeconds,Good,3690,
3757,2026-09-15 23:46:04.041,GW-LINE-B,rob01.energyTotal,Good,0.515555555555554,
3758,2026-09-15 23:46:04.043,GW-LINE-B,rob01.posDeviation,Good,-100,
3759,2026-09-15 23:46:04.058,IM-01,im01.moldTemp,Good,84.6,
3760,2026-09-15 23:46:04.058,IM-01,im01.oilTemp,Good,44.9,
3761,2026-09-15 23:46:04.058,IM-01,im01.energyTotal,Good,0.992638888888871,
3762,2026-09-15 23:46:04.064,EM-01,em01.totalEnergy,Good,1144.37,
3763,2026-09-15 23:46:04.064,EM-01,em01.forwardEnergy,Good,1144.37,
3764,2026-09-15 23:46:04.064,EM-01,em01.voltageA,Good,383,
3765,2026-09-15 23:46:04.064,EM-01,em01.voltageB,Good,377,
3766,2026-09-15 23:46:04.064,EM-01,em01.voltageC,Good,374,
3767,2026-09-15 23:46:04.064,EM-01,em01.currentA,Good,173.5,
3768,2026-09-15 23:46:04.064,EM-01,em01.activePower,Good,114,
3769,2026-09-15 23:46:04.064,EM-01,em01.reactivePower,Good,27,
3770,2026-09-15 23:46:04.064,EM-01,em01.powerFactor,Good,0.95,
3771,2026-09-15 23:46:04.064,EM-01,em01.frequency,Good,49.92,
3772,2026-09-15 23:46:04.064,EM-01,em01.demand,Good,114,
3773,2026-09-15 23:46:04.064,EM-01,em01.energyF64,Good,11.6196388888889,
3774,2026-09-15 23:46:04.064,EM-01,em01.unbalance,Good,2.368421,
3775,2026-09-15 23:46:04.071,GW-LINE-B,mtc01.pumpPressure,Good,5,
3776,2026-09-15 23:46:04.071,GW-LINE-B,mtc01.pumpFlow,Good,39,
3777,2026-09-15 23:46:04.071,GW-LINE-B,mtc01.pumpCurrent,Good,3,
3778,2026-09-15 23:46:04.071,GW-LINE-B,mtc01.heatPower,Good,8,
3779,2026-09-15 23:46:04.071,GW-LINE-B,mtc01.tempAvg,Good,992.8132,
3780,2026-09-15 23:46:04.072,ENV-01,env01.roomTemp,Good,25.4,
3781,2026-09-15 23:46:04.072,ENV-01,env01.humidity,Good,55,
3782,2026-09-15 23:46:04.072,ENV-01,env01.dewPoint,Good,16.6,
3783,2026-09-15 23:46:04.072,ENV-01,env01.noise,Good,74,
3784,2026-09-15 23:46:04.072,ENV-01,env01.pm25,Good,48,
3785,2026-09-15 23:46:04.072,ENV-01,env01.pressureDiff,Good,2,
3786,2026-09-15 23:46:04.072,ENV-01,env01.illuminance,Good,365,
3787,2026-09-15 23:46:04.072,ENV-01,env01.tempFluctuation,Good,17.10801,
3788,2026-09-15 23:46:04.077,GW-LINE-B,dry01.dewPoint,Good,-34.3,
3789,2026-09-15 23:46:04.077,GW-LINE-B,dry01.fanCurrent,Good,1.2,
3790,2026-09-15 23:46:04.078,GW-LINE-B,dry01.levelTrend,Good,-3.344272,
3791,2026-09-15 23:46:04.083,GW-LINE-B,rob01.cycleTime,Good,3,
3792,2026-09-15 23:46:04.083,GW-LINE-B,rob01.posY,Good,5,
3793,2026-09-15 23:46:04.083,GW-LINE-B,rob01.trajectory,Good,-0.2481016,
3794,2026-09-15 23:46:04.094,IM-01,im01.prodTime,Good,09/15/2026 23:46:04,
3795,2026-09-15 23:46:05.058,IM-01,im01.moldTemp,Good,84.5,
3796,2026-09-15 23:46:05.058,IM-01,im01.oilTemp,Good,44.7,
3797,2026-09-15 23:46:05.058,IM-01,im01.energyTotal,Good,0.993472222222204,
3798,2026-09-15 23:46:05.064,EM-01,em01.totalEnergy,Good,1147.39,
3799,2026-09-15 23:46:05.064,EM-01,em01.forwardEnergy,Good,1147.39,
3800,2026-09-15 23:46:05.064,EM-01,em01.voltageB,Good,378,
3801,2026-09-15 23:46:05.064,EM-01,em01.voltageC,Good,375,
3802,2026-09-15 23:46:05.064,EM-01,em01.currentA,Good,126,
3803,2026-09-15 23:46:05.064,EM-01,em01.activePower,Good,110,
3804,2026-09-15 23:46:05.064,EM-01,em01.reactivePower,Good,29,
3805,2026-09-15 23:46:05.064,EM-01,em01.powerFactor,Good,0.936,
3806,2026-09-15 23:46:05.064,EM-01,em01.frequency,Good,50,
3807,2026-09-15 23:46:05.064,EM-01,em01.demand,Good,110,
3808,2026-09-15 23:46:05.064,EM-01,em01.energyF64,Good,11.6504166666666,
3809,2026-09-15 23:46:05.064,EM-01,em01.unbalance,Good,2.105263,
3810,2026-09-15 23:46:05.071,GW-LINE-B,mtc01.actualTemp,Good,99.4,
3811,2026-09-15 23:46:05.071,GW-LINE-B,mtc01.pumpFlow,Good,21,
3812,2026-09-15 23:46:05.071,GW-LINE-B,mtc01.pumpCurrent,Good,4.6,
3813,2026-09-15 23:46:05.071,GW-LINE-B,mtc01.heatPower,Good,3,
3814,2026-09-15 23:46:05.071,GW-LINE-B,mtc01.outletTemp,Good,99.9,
3815,2026-09-15 23:46:05.071,GW-LINE-B,mtc01.tempAvg,Good,993.8282,
3816,2026-09-15 23:46:05.071,ENV-01,env01.roomTemp,Good,25.2,
3817,2026-09-15 23:46:05.071,ENV-01,env01.dewPoint,Good,16.2,
3818,2026-09-15 23:46:05.071,ENV-01,env01.noise,Good,72,
3819,2026-09-15 23:46:05.071,ENV-01,env01.pm25,Good,53,
3820,2026-09-15 23:46:05.071,ENV-01,env01.pressureDiff,Good,5,
3821,2026-09-15 23:46:05.071,ENV-01,env01.illuminance,Good,402,
3822,2026-09-15 23:46:05.071,ENV-01,env01.tempFluctuation,Good,16.09528,
3823,2026-09-15 23:46:05.077,GW-LINE-B,dry01.dewPoint,Good,-34.5,
3824,2026-09-15 23:46:05.077,GW-LINE-B,dry01.heatPower,Good,3,
3825,2026-09-15 23:46:05.077,GW-LINE-B,dry01.fanCurrent,Good,1.1,
3826,2026-09-15 23:46:05.078,GW-LINE-B,dry01.levelTrend,Good,-3.373803,
3827,2026-09-15 23:46:05.083,GW-LINE-B,rob01.cycleTime,Good,3.1,
3828,2026-09-15 23:46:05.083,GW-LINE-B,rob01.posY,Good,6,
3829,2026-09-15 23:46:05.083,GW-LINE-B,rob01.trajectory,Good,0.1947012,
3830,2026-09-15 23:46:05.094,IM-01,im01.prodTime,Good,09/15/2026 23:46:05,
3831,2026-09-15 23:46:06.058,IM-01,im01.oilTemp,Good,44.5,
3832,2026-09-15 23:46:06.058,IM-01,im01.energyTotal,Good,0.994305555555537,
3833,2026-09-15 23:46:06.064,EM-01,em01.totalEnergy,Good,1150.51,
3834,2026-09-15 23:46:06.064,EM-01,em01.forwardEnergy,Good,1150.51,
3835,2026-09-15 23:46:06.064,EM-01,em01.voltageA,Good,382,
3836,2026-09-15 23:46:06.064,EM-01,em01.voltageB,Good,380,
3837,2026-09-15 23:46:06.064,EM-01,em01.voltageC,Good,380,
3838,2026-09-15 23:46:06.064,EM-01,em01.currentA,Good,122.9,
3839,2026-09-15 23:46:06.064,EM-01,em01.activePower,Good,126,
3840,2026-09-15 23:46:06.064,EM-01,em01.reactivePower,Good,22,
3841,2026-09-15 23:46:06.064,EM-01,em01.powerFactor,Good,0.944,
3842,2026-09-15 23:46:06.064,EM-01,em01.frequency,Good,50.06,
3843,2026-09-15 23:46:06.064,EM-01,em01.demand,Good,126,
3844,2026-09-15 23:46:06.064,EM-01,em01.energyF64,Good,11.6821111111111,
3845,2026-09-15 23:46:06.064,EM-01,em01.unbalance,Good,0.5263158,
3846,2026-09-15 23:46:06.071,GW-LINE-B,mtc01.actualTemp,Good,99.5,
3847,2026-09-15 23:46:06.071,GW-LINE-B,mtc01.pumpPressure,Good,4,
3848,2026-09-15 23:46:06.071,GW-LINE-B,mtc01.pumpFlow,Good,15,
3849,2026-09-15 23:46:06.071,GW-LINE-B,mtc01.pumpCurrent,Good,4.8,
3850,2026-09-15 23:46:06.071,GW-LINE-B,mtc01.outletTemp,Good,100,
3851,2026-09-15 23:46:06.071,GW-LINE-B,mtc01.tempAvg,Good,995.1539,
3852,2026-09-15 23:46:06.072,ENV-01,env01.roomTemp,Good,24.9,
3853,2026-09-15 23:46:06.072,ENV-01,env01.humidity,Good,53,
3854,2026-09-15 23:46:06.072,ENV-01,env01.dewPoint,Good,15.6,
3855,2026-09-15 23:46:06.072,ENV-01,env01.noise,Good,73,
3856,2026-09-15 23:46:06.072,ENV-01,env01.pm25,Good,60,
3857,2026-09-15 23:46:06.072,ENV-01,env01.pressureDiff,Good,13,
3858,2026-09-15 23:46:06.072,ENV-01,env01.illuminance,Good,307,
3859,2026-09-15 23:46:06.072,ENV-01,env01.tempFluctuation,Good,15.06645,
3860,2026-09-15 23:46:06.077,GW-LINE-B,dry01.dewPoint,Good,-34.4,
3861,2026-09-15 23:46:06.077,GW-LINE-B,dry01.materialLevel,Good,50,
3862,2026-09-15 23:46:06.077,GW-LINE-B,dry01.heatPower,Good,5,
3863,2026-09-15 23:46:06.079,GW-LINE-B,dry01.levelTrend,Good,-3.405101,
3864,2026-09-15 23:46:06.083,GW-LINE-B,rob01.cycleTime,Good,3.2,
3865,2026-09-15 23:46:06.083,GW-LINE-B,rob01.posX,Good,1,
3866,2026-09-15 23:46:06.083,GW-LINE-B,rob01.trajectory,Good,1.291072,
3867,2026-09-15 23:46:06.096,IM-01,im01.prodTime,Good,09/15/2026 23:46:06,
3868,2026-09-15 23:46:07.058,IM-01,im01.moldTemp,Good,84.6,
3869,2026-09-15 23:46:07.058,IM-01,im01.oilTemp,Good,44.6,
3870,2026-09-15 23:46:07.058,IM-01,im01.energyTotal,Good,0.99513888888887,
3871,2026-09-15 23:46:07.064,EM-01,em01.totalEnergy,Good,1153.8,
3872,2026-09-15 23:46:07.064,EM-01,em01.forwardEnergy,Good,1153.8,
3873,2026-09-15 23:46:07.064,EM-01,em01.voltageB,Good,376,
3874,2026-09-15 23:46:07.064,EM-01,em01.currentA,Good,190.2,
3875,2026-09-15 23:46:07.064,EM-01,em01.activePower,Good,113,
3876,2026-09-15 23:46:07.064,EM-01,em01.reactivePower,Good,23,
3877,2026-09-15 23:46:07.064,EM-01,em01.powerFactor,Good,0.87,
3878,2026-09-15 23:46:07.064,EM-01,em01.frequency,Good,49.99,
3879,2026-09-15 23:46:07.064,EM-01,em01.demand,Good,113,
3880,2026-09-15 23:46:07.064,EM-01,em01.energyF64,Good,11.7154722222222,
3881,2026-09-15 23:46:07.064,EM-01,em01.unbalance,Good,1.578947,
3882,2026-09-15 23:46:07.071,GW-LINE-B,mtc01.actualTemp,Good,99.3,
3883,2026-09-15 23:46:07.071,GW-LINE-B,mtc01.pumpPressure,Good,3,
3884,2026-09-15 23:46:07.071,GW-LINE-B,mtc01.pumpFlow,Good,35,
3885,2026-09-15 23:46:07.071,GW-LINE-B,mtc01.pumpCurrent,Good,4.6,
3886,2026-09-15 23:46:07.071,GW-LINE-B,mtc01.heatPower,Good,8,
3887,2026-09-15 23:46:07.071,GW-LINE-B,mtc01.outletTemp,Good,99.8,
3888,2026-09-15 23:46:07.071,GW-LINE-B,mtc01.tempAvg,Good,992.595,
3889,2026-09-15 23:46:07.072,ENV-01,env01.roomTemp,Good,24.7,
3890,2026-09-15 23:46:07.072,ENV-01,env01.humidity,Good,54,
3891,2026-09-15 23:46:07.072,ENV-01,env01.noise,Good,70,
3892,2026-09-15 23:46:07.072,ENV-01,env01.pm25,Good,55,
3893,2026-09-15 23:46:07.072,ENV-01,env01.pressureDiff,Good,12,
3894,2026-09-15 23:46:07.072,ENV-01,env01.illuminance,Good,316,
3895,2026-09-15 23:46:07.072,ENV-01,env01.tempFluctuation,Good,14.27316,
3896,2026-09-15 23:46:07.077,GW-LINE-B,dry01.dewPoint,Good,-34.6,
3897,2026-09-15 23:46:07.077,GW-LINE-B,dry01.heatPower,Good,7,
3898,2026-09-15 23:46:07.077,GW-LINE-B,dry01.fanCurrent,Good,0.8,
3899,2026-09-15 23:46:07.079,GW-LINE-B,dry01.levelTrend,Good,-3.433988,
3900,2026-09-15 23:46:07.083,GW-LINE-B,rob01.cycleTime,Good,2.7,
3901,2026-09-15 23:46:07.083,GW-LINE-B,rob01.posX,Good,0,
3902,2026-09-15 23:46:07.083,GW-LINE-B,rob01.posY,Good,5,
3903,2026-09-15 23:46:07.083,GW-LINE-B,rob01.trajectory,Good,-0.05099159,
3904,2026-09-15 23:46:07.096,IM-01,im01.prodTime,Good,09/15/2026 23:46:07,
3905,2026-09-15 23:46:08.059,IM-01,im01.moldTemp,Good,84.5,
3906,2026-09-15 23:46:08.059,IM-01,im01.oilTemp,Good,44.5,
3907,2026-09-15 23:46:08.059,IM-01,im01.energyTotal,Good,0.995972222222203,
3908,2026-09-15 23:46:08.065,EM-01,em01.totalEnergy,Good,1157.03,
3909,2026-09-15 23:46:08.065,EM-01,em01.forwardEnergy,Good,1157.03,
3910,2026-09-15 23:46:08.065,EM-01,em01.voltageA,Good,381,
3911,2026-09-15 23:46:08.065,EM-01,em01.voltageB,Good,378,
3912,2026-09-15 23:46:08.065,EM-01,em01.currentA,Good,196.1,
3913,2026-09-15 23:46:08.065,EM-01,em01.activePower,Good,125,
3914,2026-09-15 23:46:08.065,EM-01,em01.reactivePower,Good,20,
3915,2026-09-15 23:46:08.065,EM-01,em01.powerFactor,Good,0.936,
3916,2026-09-15 23:46:08.065,EM-01,em01.frequency,Good,49.95,
3917,2026-09-15 23:46:08.065,EM-01,em01.demand,Good,125,
3918,2026-09-15 23:46:08.065,EM-01,em01.energyF64,Good,11.7481666666666,
3919,2026-09-15 23:46:08.065,EM-01,em01.unbalance,Good,0.7894737,
3920,2026-09-15 23:46:08.072,GW-LINE-B,mtc01.actualTemp,Good,99.4,
3921,2026-09-15 23:46:08.072,GW-LINE-B,mtc01.pumpFlow,Good,28,
3922,2026-09-15 23:46:08.072,GW-LINE-B,mtc01.pumpCurrent,Good,3.3,
3923,2026-09-15 23:46:08.072,GW-LINE-B,mtc01.outletTemp,Good,99.9,
3924,2026-09-15 23:46:08.072,GW-LINE-B,mtc01.tempAvg,Good,993.6818,
3925,2026-09-15 23:46:08.073,ENV-01,env01.roomTemp,Good,24.6,
3926,2026-09-15 23:46:08.073,ENV-01,env01.dewPoint,Good,15.5,
3927,2026-09-15 23:46:08.073,ENV-01,env01.noise,Good,71,
3928,2026-09-15 23:46:08.073,ENV-01,env01.pm25,Good,49,
3929,2026-09-15 23:46:08.073,ENV-01,env01.pressureDiff,Good,4,
3930,2026-09-15 23:46:08.073,ENV-01,env01.illuminance,Good,447,
3931,2026-09-15 23:46:08.073,ENV-01,env01.tempFluctuation,Good,13.91008,
3932,2026-09-15 23:46:08.080,GW-LINE-B,dry01.levelTrend,Good,-3.461172,
3933,2026-09-15 23:46:08.084,GW-LINE-B,rob01.posY,Good,4,
3934,2026-09-15 23:46:08.084,GW-LINE-B,rob01.trajectory,Good,-0.2729644,
3935,2026-09-15 23:46:08.097,IM-01,im01.prodTime,Good,09/15/2026 23:46:08,
3936,2026-09-15 23:46:09.027,IM-01,im01.clampForceDev,Good,-44,
3937,2026-09-15 23:46:09.027,GW-LINE-B,mtc01.runSeconds,Good,3740,
3938,2026-09-15 23:46:09.027,GW-LINE-B,mtc01.energyTotal,Good,0.566000000000004,
3939,2026-09-15 23:46:09.028,GW-LINE-B,mtc01.tempDeviation,Good,-0.6,
3940,2026-09-15 23:46:09.028,EM-01,em01.readTime,Good,09/15/2026 23:46:08,
3941,2026-09-15 23:46:09.033,GW-LINE-B,dry01.drySeconds,Good,3528,
3942,2026-09-15 23:46:09.033,GW-LINE-B,dry01.energyTotal,Good,0.571027777777783,
3943,2026-09-15 23:46:09.033,ENV-01,env01.runSeconds,Good,3740,
3944,2026-09-15 23:46:09.033,ENV-01,env01.sampleTime,Good,09/15/2026 23:46:08,
3945,2026-09-15 23:46:09.034,GW-LINE-B,dry01.dewDeviation,Good,0.3,
3946,2026-09-15 23:46:09.036,ENV-01,env01.tempDeviation,Good,0.6,
3947,2026-09-15 23:46:09.039,GW-LINE-B,rob01.runSeconds,Good,3740,
3948,2026-09-15 23:46:09.041,GW-LINE-B,rob01.energyTotal,Good,0.522833333333332,
3949,2026-09-15 23:46:09.059,IM-01,im01.moldTemp,Good,84.6,
3950,2026-09-15 23:46:09.059,IM-01,im01.oilTemp,Good,44.4,
3951,2026-09-15 23:46:09.059,IM-01,im01.energyTotal,Good,0.996805555555537,
3952,2026-09-15 23:46:09.065,EM-01,em01.totalEnergy,Good,1160.25,
3953,2026-09-15 23:46:09.065,EM-01,em01.forwardEnergy,Good,1160.25,
3954,2026-09-15 23:46:09.065,EM-01,em01.voltageA,Good,384,
3955,2026-09-15 23:46:09.065,EM-01,em01.voltageC,Good,376,
3956,2026-09-15 23:46:09.065,EM-01,em01.currentA,Good,125.3,
3957,2026-09-15 23:46:09.065,EM-01,em01.activePower,Good,118,
3958,2026-09-15 23:46:09.065,EM-01,em01.reactivePower,Good,40,
3959,2026-09-15 23:46:09.065,EM-01,em01.powerFactor,Good,0.871,
3960,2026-09-15 23:46:09.065,EM-01,em01.frequency,Good,50.04,
3961,2026-09-15 23:46:09.065,EM-01,em01.demand,Good,118,
3962,2026-09-15 23:46:09.065,EM-01,em01.energyF64,Good,11.7808333333333,
3963,2026-09-15 23:46:09.065,EM-01,em01.unbalance,Good,2.105263,
3964,2026-09-15 23:46:09.073,GW-LINE-B,mtc01.pumpPressure,Good,4,
3965,2026-09-15 23:46:09.073,GW-LINE-B,mtc01.pumpFlow,Good,36,
3966,2026-09-15 23:46:09.073,GW-LINE-B,mtc01.pumpCurrent,Good,5.7,
3967,2026-09-15 23:46:09.073,GW-LINE-B,mtc01.heatPower,Good,7,
3968,2026-09-15 23:46:09.073,GW-LINE-B,mtc01.tempAvg,Good,993.7401,
3969,2026-09-15 23:46:09.074,ENV-01,env01.roomTemp,Good,24.5,
3970,2026-09-15 23:46:09.074,ENV-01,env01.noise,Good,76,
3971,2026-09-15 23:46:09.074,ENV-01,env01.pm25,Good,59,
3972,2026-09-15 23:46:09.074,ENV-01,env01.illuminance,Good,317,
3973,2026-09-15 23:46:09.074,ENV-01,env01.tempFluctuation,Good,13.6274,
3974,2026-09-15 23:46:09.079,GW-LINE-B,dry01.dewPoint,Good,-34.5,
3975,2026-09-15 23:46:09.079,GW-LINE-B,dry01.heatPower,Good,6,
3976,2026-09-15 23:46:09.079,GW-LINE-B,dry01.fanCurrent,Good,1.8,
3977,2026-09-15 23:46:09.080,GW-LINE-B,dry01.levelTrend,Good,-3.488931,
3978,2026-09-15 23:46:09.085,GW-LINE-B,rob01.cycleTime,Good,2.9,
3979,2026-09-15 23:46:09.085,GW-LINE-B,rob01.trajectory,Good,-0.1531535,
3980,2026-09-15 23:46:09.098,IM-01,im01.prodTime,Good,09/15/2026 23:46:09,
3981,2026-09-15 23:46:10.059,IM-01,im01.energyTotal,Good,0.99763888888887,
3982,2026-09-15 23:46:10.065,EM-01,em01.totalEnergy,Good,1163.51,
3983,2026-09-15 23:46:10.065,EM-01,em01.forwardEnergy,Good,1163.51,
3984,2026-09-15 23:46:10.065,EM-01,em01.voltageA,Good,382,
3985,2026-09-15 23:46:10.065,EM-01,em01.voltageB,Good,379,
3986,2026-09-15 23:46:10.065,EM-01,em01.voltageC,Good,378,
3987,2026-09-15 23:46:10.065,EM-01,em01.currentA,Good,182.2,
3988,2026-09-15 23:46:10.065,EM-01,em01.activePower,Good,106,
3989,2026-09-15 23:46:10.065,EM-01,em01.reactivePower,Good,30,
3990,2026-09-15 23:46:10.065,EM-01,em01.powerFactor,Good,0.913,
3991,2026-09-15 23:46:10.065,EM-01,em01.frequency,Good,50.08,
3992,2026-09-15 23:46:10.065,EM-01,em01.demand,Good,106,
3993,2026-09-15 23:46:10.065,EM-01,em01.energyF64,Good,11.8138333333333,
3994,2026-09-15 23:46:10.065,EM-01,em01.unbalance,Good,1.052632,
3995,2026-09-15 23:46:10.073,GW-LINE-B,mtc01.pumpPressure,Good,2,
3996,2026-09-15 23:46:10.073,GW-LINE-B,mtc01.pumpFlow,Good,31,
3997,2026-09-15 23:46:10.073,GW-LINE-B,mtc01.pumpCurrent,Good,6,
3998,2026-09-15 23:46:10.073,GW-LINE-B,mtc01.heatPower,Good,4,
3999,2026-09-15 23:46:10.073,GW-LINE-B,mtc01.tempAvg,Good,994.2345,
4000,2026-09-15 23:46:10.073,ENV-01,env01.roomTemp,Good,24.4,
4001,2026-09-15 23:46:10.073,ENV-01,env01.dewPoint,Good,15.3,
4002,2026-09-15 23:46:10.073,ENV-01,env01.noise,Good,77,
4003,2026-09-15 23:46:10.073,ENV-01,env01.pm25,Good,25,
4004,2026-09-15 23:46:10.073,ENV-01,env01.pressureDiff,Good,12,
4005,2026-09-15 23:46:10.073,ENV-01,env01.illuminance,Good,483,
4006,2026-09-15 23:46:10.073,ENV-01,env01.tempFluctuation,Good,13.54164,
4007,2026-09-15 23:46:10.080,GW-LINE-B,dry01.dewPoint,Good,-34.3,
4008,2026-09-15 23:46:10.080,GW-LINE-B,dry01.materialLevel,Good,49,
4009,2026-09-15 23:46:10.080,GW-LINE-B,dry01.heatPower,Good,4,
4010,2026-09-15 23:46:10.080,GW-LINE-B,dry01.fanCurrent,Good,0.9,
4011,2026-09-15 23:46:10.081,GW-LINE-B,dry01.levelTrend,Good,-3.516262,
4012,2026-09-15 23:46:10.086,GW-LINE-B,rob01.cycleTime,Good,3,
4013,2026-09-15 23:46:10.086,GW-LINE-B,rob01.trajectory,Good,0.003128268,
4014,2026-09-15 23:46:10.098,IM-01,im01.prodTime,Good,09/15/2026 23:46:10,
4015,2026-09-15 23:46:11.059,IM-01,im01.oilTemp,Good,44.3,
4016,2026-09-15 23:46:11.059,IM-01,im01.energyTotal,Good,0.998472222222203,
4017,2026-09-15 23:46:11.065,EM-01,em01.totalEnergy,Good,1166.43,
4018,2026-09-15 23:46:11.065,EM-01,em01.forwardEnergy,Good,1166.43,
4019,2026-09-15 23:46:11.065,EM-01,em01.voltageA,Good,376,
4020,2026-09-15 23:46:11.065,EM-01,em01.voltageB,Good,383,
4021,2026-09-15 23:46:11.065,EM-01,em01.currentA,Good,169.4,
4022,2026-09-15 23:46:11.065,EM-01,em01.activePower,Good,112,
4023,2026-09-15 23:46:11.065,EM-01,em01.reactivePower,Good,20,
4024,2026-09-15 23:46:11.065,EM-01,em01.powerFactor,Good,0.881,
4025,2026-09-15 23:46:11.065,EM-01,em01.frequency,Good,50.07,
4026,2026-09-15 23:46:11.065,EM-01,em01.demand,Good,112,
4027,2026-09-15 23:46:11.065,EM-01,em01.energyF64,Good,11.8435833333333,
4028,2026-09-15 23:46:11.065,EM-01,em01.unbalance,Good,1.842105,
4029,2026-09-15 23:46:11.072,GW-LINE-B,mtc01.pumpPressure,Good,3,
4030,2026-09-15 23:46:11.072,GW-LINE-B,mtc01.pumpFlow,Good,40,
4031,2026-09-15 23:46:11.072,GW-LINE-B,mtc01.pumpCurrent,Good,3.1,
4032,2026-09-15 23:46:11.072,GW-LINE-B,mtc01.tempAvg,Good,994.451,
4033,2026-09-15 23:46:11.073,ENV-01,env01.humidity,Good,55,
4034,2026-09-15 23:46:11.073,ENV-01,env01.dewPoint,Good,15.5,
4035,2026-09-15 23:46:11.073,ENV-01,env01.noise,Good,74,
4036,2026-09-15 23:46:11.073,ENV-01,env01.pm25,Good,49,
4037,2026-09-15 23:46:11.073,ENV-01,env01.pressureDiff,Good,9,
4038,2026-09-15 23:46:11.073,ENV-01,env01.illuminance,Good,454,
4039,2026-09-15 23:46:11.073,ENV-01,env01.tempFluctuation,Good,13.65106,
4040,2026-09-15 23:46:11.079,GW-LINE-B,dry01.dewPoint,Good,-34.5,
4041,2026-09-15 23:46:11.079,GW-LINE-B,dry01.heatPower,Good,3,
4042,2026-09-15 23:46:11.079,GW-LINE-B,dry01.fanCurrent,Good,1.7,
4043,2026-09-15 23:46:11.081,GW-LINE-B,dry01.levelTrend,Good,-3.542681,
4044,2026-09-15 23:46:11.086,GW-LINE-B,rob01.trajectory,Good,0.06514965,
4045,2026-09-15 23:46:11.099,IM-01,im01.prodTime,Good,09/15/2026 23:46:11,
4046,2026-09-15 23:46:12.061,IM-01,im01.oilTemp,Good,44.7,
4047,2026-09-15 23:46:12.061,IM-01,im01.energyTotal,Good,0.999305555555536,
4048,2026-09-15 23:46:12.066,EM-01,em01.totalEnergy,Good,1169.46,
4049,2026-09-15 23:46:12.066,EM-01,em01.forwardEnergy,Good,1169.46,
4050,2026-09-15 23:46:12.066,EM-01,em01.voltageC,Good,377,
4051,2026-09-15 23:46:12.066,EM-01,em01.currentA,Good,164.1,
4052,2026-09-15 23:46:12.066,EM-01,em01.activePower,Good,131,
4053,2026-09-15 23:46:12.066,EM-01,em01.reactivePower,Good,36,
4054,2026-09-15 23:46:12.066,EM-01,em01.powerFactor,Good,0.897,
4055,2026-09-15 23:46:12.066,EM-01,em01.frequency,Good,49.92,
4056,2026-09-15 23:46:12.066,EM-01,em01.demand,Good,131,
4057,2026-09-15 23:46:12.066,EM-01,em01.energyF64,Good,11.8743333333333,
4058,2026-09-15 23:46:12.073,GW-LINE-B,mtc01.actualTemp,Good,99.5,
4059,2026-09-15 23:46:12.073,GW-LINE-B,mtc01.pumpFlow,Good,37,
4060,2026-09-15 23:46:12.073,GW-LINE-B,mtc01.pumpCurrent,Good,5.4,
4061,2026-09-15 23:46:12.073,GW-LINE-B,mtc01.heatPower,Good,8,
4062,2026-09-15 23:46:12.073,GW-LINE-B,mtc01.outletTemp,Good,100,
4063,2026-09-15 23:46:12.073,GW-LINE-B,mtc01.tempAvg,Good,994.8392,
4064,2026-09-15 23:46:12.074,ENV-01,env01.roomTemp,Good,24.3,
4065,2026-09-15 23:46:12.074,ENV-01,env01.humidity,Good,56,
4066,2026-09-15 23:46:12.074,ENV-01,env01.noise,Good,71,
4067,2026-09-15 23:46:12.074,ENV-01,env01.pm25,Good,58,
4068,2026-09-15 23:46:12.074,ENV-01,env01.pressureDiff,Good,-3,
4069,2026-09-15 23:46:12.074,ENV-01,env01.illuminance,Good,485,
4070,2026-09-15 23:46:12.074,ENV-01,env01.tempFluctuation,Good,13.6081,
4071,2026-09-15 23:46:12.079,GW-LINE-B,dry01.dewPoint,Good,-34.2,
4072,2026-09-15 23:46:12.079,GW-LINE-B,dry01.heatPower,Good,6,
4073,2026-09-15 23:46:12.079,GW-LINE-B,dry01.fanCurrent,Good,1,
4074,2026-09-15 23:46:12.081,GW-LINE-B,dry01.levelTrend,Good,-3.575239,
4075,2026-09-15 23:46:12.085,GW-LINE-B,rob01.cycleTime,Good,2.9,
4076,2026-09-15 23:46:12.085,GW-LINE-B,rob01.posY,Good,5,
4077,2026-09-15 23:46:12.085,GW-LINE-B,rob01.trajectory,Good,0.08692101,
4078,2026-09-15 23:46:12.099,IM-01,im01.prodTime,Good,09/15/2026 23:46:12,
4079,2026-09-15 23:46:13.061,IM-01,im01.oilTemp,Good,44.9,
4080,2026-09-15 23:46:13.061,IM-01,im01.energyTotal,Good,1.00013888888887,
4081,2026-09-15 23:46:13.066,EM-01,em01.totalEnergy,Good,1172.82,
4082,2026-09-15 23:46:13.066,EM-01,em01.forwardEnergy,Good,1172.82,
4083,2026-09-15 23:46:13.066,EM-01,em01.voltageA,Good,381,
4084,2026-09-15 23:46:13.066,EM-01,em01.voltageB,Good,384,
4085,2026-09-15 23:46:13.066,EM-01,em01.voltageC,Good,375,
4086,2026-09-15 23:46:13.066,EM-01,em01.currentA,Good,152.5,
4087,2026-09-15 23:46:13.066,EM-01,em01.activePower,Good,114,
4088,2026-09-15 23:46:13.066,EM-01,em01.reactivePower,Good,20,
4089,2026-09-15 23:46:13.066,EM-01,em01.powerFactor,Good,0.915,
4090,2026-09-15 23:46:13.066,EM-01,em01.frequency,Good,50.07,
4091,2026-09-15 23:46:13.066,EM-01,em01.demand,Good,114,
4092,2026-09-15 23:46:13.066,EM-01,em01.energyF64,Good,11.90825,
4093,2026-09-15 23:46:13.066,EM-01,em01.unbalance,Good,2.368421,
4094,2026-09-15 23:46:13.074,GW-LINE-B,mtc01.pumpPressure,Good,5,
4095,2026-09-15 23:46:13.074,GW-LINE-B,mtc01.pumpFlow,Good,23,
4096,2026-09-15 23:46:13.074,GW-LINE-B,mtc01.pumpCurrent,Good,4.3,
4097,2026-09-15 23:46:13.074,GW-LINE-B,mtc01.tempAvg,Good,995.4727,
4098,2026-09-15 23:46:13.074,ENV-01,env01.humidity,Good,54,
4099,2026-09-15 23:46:13.074,ENV-01,env01.dewPoint,Good,15.1,
4100,2026-09-15 23:46:13.074,ENV-01,env01.noise,Good,76,
4101,2026-09-15 23:46:13.074,ENV-01,env01.pm25,Good,25,
4102,2026-09-15 23:46:13.074,ENV-01,env01.pressureDiff,Good,4,
4103,2026-09-15 23:46:13.074,ENV-01,env01.illuminance,Good,329,
4104,2026-09-15 23:46:13.074,ENV-01,env01.tempFluctuation,Good,13.62698,
4105,2026-09-15 23:46:13.080,GW-LINE-B,dry01.dewPoint,Good,-33.8,
4106,2026-09-15 23:46:13.080,GW-LINE-B,dry01.materialLevel,Good,48,
4107,2026-09-15 23:46:13.080,GW-LINE-B,dry01.heatPower,Good,7,
4108,2026-09-15 23:46:13.080,GW-LINE-B,dry01.fanCurrent,Good,1.5,
4109,2026-09-15 23:46:13.081,GW-LINE-B,dry01.levelTrend,Good,-3.606236,
4110,2026-09-15 23:46:13.086,GW-LINE-B,rob01.cycleTime,Good,3,
4111,2026-09-15 23:46:13.086,GW-LINE-B,rob01.posY,Good,4,
4112,2026-09-15 23:46:13.086,GW-LINE-B,rob01.trajectory,Good,0.03556164,
4113,2026-09-15 23:46:13.099,IM-01,im01.prodTime,Good,09/15/2026 23:46:13,
4114,2026-09-15 23:46:14.027,GW-LINE-B,mtc01.runSeconds,Good,3790,
4115,2026-09-15 23:46:14.027,IM-01,im01.clampForceDev,Good,-40,
4116,2026-09-15 23:46:14.027,GW-LINE-B,mtc01.energyTotal,Good,0.573277777777782,
4117,2026-09-15 23:46:14.029,ENV-01,env01.runSeconds,Good,3790,
4118,2026-09-15 23:46:14.029,ENV-01,env01.sampleTime,Good,09/15/2026 23:46:13,
4119,2026-09-15 23:46:14.032,ENV-01,env01.tempDeviation,Good,0.2,
4120,2026-09-15 23:46:14.034,GW-LINE-B,dry01.drySeconds,Good,3578,
4121,2026-09-15 23:46:14.034,GW-LINE-B,dry01.energyTotal,Good,0.578388888888894,
4122,2026-09-15 23:46:14.035,GW-LINE-B,dry01.dewDeviation,Good,1.2,
4123,2026-09-15 23:46:14.037,EM-01,em01.readTime,Good,09/15/2026 23:46:13,
4124,2026-09-15 23:46:14.040,GW-LINE-B,rob01.runSeconds,Good,3790,
4125,2026-09-15 23:46:14.042,GW-LINE-B,rob01.energyTotal,Good,0.529833333333332,
4126,2026-09-15 23:46:14.061,IM-01,im01.moldTemp,Good,84.5,
4127,2026-09-15 23:46:14.061,IM-01,im01.oilTemp,Good,44.8,
4128,2026-09-15 23:46:14.061,IM-01,im01.energyTotal,Good,1.0009722222222,
4129,2026-09-15 23:46:14.067,EM-01,em01.totalEnergy,Good,1175.98,
4130,2026-09-15 23:46:14.067,EM-01,em01.forwardEnergy,Good,1175.98,
4131,2026-09-15 23:46:14.067,EM-01,em01.voltageB,Good,383,
4132,2026-09-15 23:46:14.067,EM-01,em01.voltageC,Good,378,
4133,2026-09-15 23:46:14.067,EM-01,em01.currentA,Good,212.3,
4134,2026-09-15 23:46:14.067,EM-01,em01.activePower,Good,112,
4135,2026-09-15 23:46:14.067,EM-01,em01.reactivePower,Good,28,
4136,2026-09-15 23:46:14.067,EM-01,em01.powerFactor,Good,0.941,
4137,2026-09-15 23:46:14.067,EM-01,em01.frequency,Good,50.05,
4138,2026-09-15 23:46:14.067,EM-01,em01.demand,Good,112,
4139,2026-09-15 23:46:14.067,EM-01,em01.energyF64,Good,11.9403055555555,
4140,2026-09-15 23:46:14.067,EM-01,em01.unbalance,Good,1.315789,
4141,2026-09-15 23:46:14.074,GW-LINE-B,mtc01.pumpPressure,Good,4,
4142,2026-09-15 23:46:14.074,GW-LINE-B,mtc01.pumpFlow,Good,39,
4143,2026-09-15 23:46:14.074,GW-LINE-B,mtc01.pumpCurrent,Good,3.5,
4144,2026-09-15 23:46:14.074,GW-LINE-B,mtc01.heatPower,Good,7,
4145,2026-09-15 23:46:14.074,GW-LINE-B,mtc01.tempAvg,Good,994.9149,
4146,2026-09-15 23:46:14.075,ENV-01,env01.roomTemp,Good,24.2,
4147,2026-09-15 23:46:14.075,ENV-01,env01.humidity,Good,53,
4148,2026-09-15 23:46:14.075,ENV-01,env01.dewPoint,Good,15,
4149,2026-09-15 23:46:14.075,ENV-01,env01.noise,Good,71,
4150,2026-09-15 23:46:14.075,ENV-01,env01.pm25,Good,40,
4151,2026-09-15 23:46:14.075,ENV-01,env01.pressureDiff,Good,-2,
4152,2026-09-15 23:46:14.075,ENV-01,env01.illuminance,Good,406,
4153,2026-09-15 23:46:14.075,ENV-01,env01.tempFluctuation,Good,13.42412,
4154,2026-09-15 23:46:14.081,GW-LINE-B,dry01.heatPower,Good,4,
4155,2026-09-15 23:46:14.081,GW-LINE-B,dry01.fanCurrent,Good,0.8,
4156,2026-09-15 23:46:14.083,GW-LINE-B,dry01.levelTrend,Good,-3.640882,
4157,2026-09-15 23:46:14.087,GW-LINE-B,rob01.cycleTime,Good,2.8,
4158,2026-09-15 23:46:14.087,GW-LINE-B,rob01.posY,Good,5,
4159,2026-09-15 23:46:14.087,GW-LINE-B,rob01.trajectory,Good,-0.1142721,
4160,2026-09-15 23:46:14.100,IM-01,im01.prodTime,Good,09/15/2026 23:46:14,
4161,2026-09-15 23:46:15.061,IM-01,im01.moldTemp,Good,84.6,
4162,2026-09-15 23:46:15.061,IM-01,im01.oilTemp,Good,44.7,
4163,2026-09-15 23:46:15.061,IM-01,im01.energyTotal,Good,1.00180555555554,
4164,2026-09-15 23:46:15.067,EM-01,em01.totalEnergy,Good,1179.26,
4165,2026-09-15 23:46:15.067,EM-01,em01.forwardEnergy,Good,1179.26,
4166,2026-09-15 23:46:15.067,EM-01,em01.voltageA,Good,385,
4167,2026-09-15 23:46:15.067,EM-01,em01.voltageB,Good,384,
4168,2026-09-15 23:46:15.067,EM-01,em01.voltageC,Good,376,
4169,2026-09-15 23:46:15.067,EM-01,em01.currentA,Good,207.9,
4170,2026-09-15 23:46:15.067,EM-01,em01.activePower,Good,115,
4171,2026-09-15 23:46:15.067,EM-01,em01.reactivePower,Good,39,
4172,2026-09-15 23:46:15.067,EM-01,em01.powerFactor,Good,0.873,
4173,2026-09-15 23:46:15.067,EM-01,em01.frequency,Good,50,
4174,2026-09-15 23:46:15.067,EM-01,em01.demand,Good,115,
4175,2026-09-15 23:46:15.067,EM-01,em01.energyF64,Good,11.9735,
4176,2026-09-15 23:46:15.067,EM-01,em01.unbalance,Good,2.368421,
4177,2026-09-15 23:46:15.074,GW-LINE-B,mtc01.actualTemp,Good,99.6,
4178,2026-09-15 23:46:15.074,GW-LINE-B,mtc01.pumpPressure,Good,2,
4179,2026-09-15 23:46:15.074,GW-LINE-B,mtc01.pumpFlow,Good,40,
4180,2026-09-15 23:46:15.074,GW-LINE-B,mtc01.pumpCurrent,Good,5.8,
4181,2026-09-15 23:46:15.074,GW-LINE-B,mtc01.heatPower,Good,3,
4182,2026-09-15 23:46:15.074,GW-LINE-B,mtc01.outletTemp,Good,100.1,
4183,2026-09-15 23:46:15.074,GW-LINE-B,mtc01.tempAvg,Good,995.6342,
4184,2026-09-15 23:46:15.075,ENV-01,env01.roomTemp,Good,24,
4185,2026-09-15 23:46:15.075,ENV-01,env01.humidity,Good,54,
4186,2026-09-15 23:46:15.075,ENV-01,env01.noise,Good,76,
4187,2026-09-15 23:46:15.075,ENV-01,env01.pm25,Good,51,
4188,2026-09-15 23:46:15.075,ENV-01,env01.illuminance,Good,416,
4189,2026-09-15 23:46:15.075,ENV-01,env01.tempFluctuation,Good,12.52037,
4190,2026-09-15 23:46:15.081,GW-LINE-B,dry01.dewPoint,Good,-34.9,
4191,2026-09-15 23:46:15.081,GW-LINE-B,dry01.heatPower,Good,8,
4192,2026-09-15 23:46:15.081,GW-LINE-B,dry01.fanCurrent,Good,1.1,
4193,2026-09-15 23:46:15.082,GW-LINE-B,dry01.levelTrend,Good,-3.666806,
4194,2026-09-15 23:46:15.087,GW-LINE-B,rob01.cycleTime,Good,2.7,
4195,2026-09-15 23:46:15.087,GW-LINE-B,rob01.posY,Good,4,
4196,2026-09-15 23:46:15.087,GW-LINE-B,rob01.trajectory,Good,-0.006082907,
4197,2026-09-15 23:46:15.101,IM-01,im01.prodTime,Good,09/15/2026 23:46:15,
4198,2026-09-15 23:46:16.061,IM-01,im01.oilTemp,Good,44.6,
4199,2026-09-15 23:46:16.061,IM-01,im01.energyTotal,Good,1.00263888888887,
4200,2026-09-15 23:46:16.071,EM-01,em01.totalEnergy,Good,1182.32,
4201,2026-09-15 23:46:16.071,EM-01,em01.forwardEnergy,Good,1182.32,
4202,2026-09-15 23:46:16.071,EM-01,em01.voltageA,Good,375,
4203,2026-09-15 23:46:16.071,EM-01,em01.voltageB,Good,376,
4204,2026-09-15 23:46:16.071,EM-01,em01.voltageC,Good,380,
4205,2026-09-15 23:46:16.071,EM-01,em01.currentA,Good,154.9,
4206,2026-09-15 23:46:16.071,EM-01,em01.activePower,Good,103,
4207,2026-09-15 23:46:16.071,EM-01,em01.reactivePower,Good,31,
4208,2026-09-15 23:46:16.071,EM-01,em01.powerFactor,Good,0.941,
4209,2026-09-15 23:46:16.071,EM-01,em01.frequency,Good,49.97,
4210,2026-09-15 23:46:16.071,EM-01,em01.demand,Good,103,
4211,2026-09-15 23:46:16.071,EM-01,em01.energyF64,Good,12.0046666666666,
4212,2026-09-15 23:46:16.071,EM-01,em01.unbalance,Good,1.315789,
4213,2026-09-15 23:46:16.081,GW-LINE-B,mtc01.actualTemp,Good,99.5,
4214,2026-09-15 23:46:16.081,ENV-01,env01.roomTemp,Good,24.1,
4215,2026-09-15 23:46:16.081,ENV-01,env01.humidity,Good,55,
4216,2026-09-15 23:46:16.081,ENV-01,env01.dewPoint,Good,15.1,
4217,2026-09-15 23:46:16.081,ENV-01,env01.noise,Good,72,
4218,2026-09-15 23:46:16.081,ENV-01,env01.pm25,Good,21,
4219,2026-09-15 23:46:16.081,ENV-01,env01.illuminance,Good,437,
4220,2026-09-15 23:46:16.081,GW-LINE-B,mtc01.pumpFlow,Good,33,
4221,2026-09-15 23:46:16.081,GW-LINE-B,mtc01.pumpCurrent,Good,4.6,
4222,2026-09-15 23:46:16.081,GW-LINE-B,mtc01.heatPower,Good,8,
4223,2026-09-15 23:46:16.081,GW-LINE-B,mtc01.outletTemp,Good,100,
4224,2026-09-15 23:46:16.081,GW-LINE-B,mtc01.tempAvg,Good,994.8127,
4225,2026-09-15 23:46:16.081,ENV-01,env01.tempFluctuation,Good,13.02622,
4226,2026-09-15 23:46:16.092,GW-LINE-B,dry01.dewPoint,Good,-34.8,
4227,2026-09-15 23:46:16.092,GW-LINE-B,dry01.heatPower,Good,5,
4228,2026-09-15 23:46:16.092,GW-LINE-B,dry01.fanCurrent,Good,1.4,
4229,2026-09-15 23:46:16.094,GW-LINE-B,dry01.levelTrend,Good,-3.697446,
4230,2026-09-15 23:46:16.099,GW-LINE-B,rob01.cycleTime,Good,3,
4231,2026-09-15 23:46:16.099,GW-LINE-B,rob01.posY,Good,3,
4232,2026-09-15 23:46:16.099,GW-LINE-B,rob01.trajectory,Good,0.1198194,
4233,2026-09-15 23:46:16.101,IM-01,im01.prodTime,Good,09/15/2026 23:46:16,
4234,2026-09-15 23:46:17.062,IM-01,im01.moldTemp,Good,84.5,
4235,2026-09-15 23:46:17.062,IM-01,im01.energyTotal,Good,1.00347222222221,
4236,2026-09-15 23:46:17.067,EM-01,em01.totalEnergy,Good,1185.21,
4237,2026-09-15 23:46:17.067,EM-01,em01.forwardEnergy,Good,1185.21,
4238,2026-09-15 23:46:17.067,EM-01,em01.voltageA,Good,380,
4239,2026-09-15 23:46:17.067,EM-01,em01.voltageB,Good,381,
4240,2026-09-15 23:46:17.067,EM-01,em01.voltageC,Good,377,
4241,2026-09-15 23:46:17.067,EM-01,em01.currentA,Good,195.7,
4242,2026-09-15 23:46:17.067,EM-01,em01.activePower,Good,101,
4243,2026-09-15 23:46:17.067,EM-01,em01.reactivePower,Good,27,
4244,2026-09-15 23:46:17.067,EM-01,em01.powerFactor,Good,0.864,
4245,2026-09-15 23:46:17.067,EM-01,em01.frequency,Good,50.02,
4246,2026-09-15 23:46:17.067,EM-01,em01.demand,Good,101,
4247,2026-09-15 23:46:17.067,EM-01,em01.energyF64,Good,12.0340277777777,
4248,2026-09-15 23:46:17.067,EM-01,em01.unbalance,Good,1.052632,
4249,2026-09-15 23:46:17.075,GW-LINE-B,mtc01.actualTemp,Good,99.3,
4250,2026-09-15 23:46:17.075,ENV-01,env01.noise,Good,73,
4251,2026-09-15 23:46:17.075,GW-LINE-B,mtc01.pumpPressure,Good,4,
4252,2026-09-15 23:46:17.075,ENV-01,env01.pm25,Good,41,
4253,2026-09-15 23:46:17.075,GW-LINE-B,mtc01.pumpFlow,Good,37,
4254,2026-09-15 23:46:17.075,ENV-01,env01.pressureDiff,Good,13,
4255,2026-09-15 23:46:17.075,GW-LINE-B,mtc01.pumpCurrent,Good,3.7,
4256,2026-09-15 23:46:17.075,GW-LINE-B,mtc01.heatPower,Good,4,
4257,2026-09-15 23:46:17.075,ENV-01,env01.illuminance,Good,500,
4258,2026-09-15 23:46:17.075,GW-LINE-B,mtc01.outletTemp,Good,99.8,
4259,2026-09-15 23:46:17.075,GW-LINE-B,mtc01.tempAvg,Good,992.7507,
4260,2026-09-15 23:46:17.075,ENV-01,env01.tempFluctuation,Good,12.23356,
4261,2026-09-15 23:46:17.083,GW-LINE-B,dry01.materialLevel,Good,47,
4262,2026-09-15 23:46:17.085,GW-LINE-B,dry01.levelTrend,Good,-3.7276,
4263,2026-09-15 23:46:17.091,GW-LINE-B,rob01.cycleTime,Good,2.9,
4264,2026-09-15 23:46:17.091,GW-LINE-B,rob01.posY,Good,4,
4265,2026-09-15 23:46:17.091,GW-LINE-B,rob01.trajectory,Good,-0.218184,
4266,2026-09-15 23:46:17.101,IM-01,im01.prodTime,Good,09/15/2026 23:46:17,
4267,2026-09-15 23:46:18.062,IM-01,im01.oilTemp,Good,44.5,
4268,2026-09-15 23:46:18.062,IM-01,im01.energyTotal,Good,1.00430555555554,
4269,2026-09-15 23:46:18.067,EM-01,em01.totalEnergy,Good,1188.51,
4270,2026-09-15 23:46:18.067,EM-01,em01.forwardEnergy,Good,1188.51,
4271,2026-09-15 23:46:18.067,EM-01,em01.voltageB,Good,385,
4272,2026-09-15 23:46:18.067,EM-01,em01.voltageC,Good,384,
4273,2026-09-15 23:46:18.067,EM-01,em01.currentA,Good,129.8,
4274,2026-09-15 23:46:18.067,EM-01,em01.activePower,Good,117,
4275,2026-09-15 23:46:18.067,EM-01,em01.reactivePower,Good,23,
4276,2026-09-15 23:46:18.067,EM-01,em01.powerFactor,Good,0.945,
4277,2026-09-15 23:46:18.067,EM-01,em01.frequency,Good,49.9,
4278,2026-09-15 23:46:18.067,EM-01,em01.demand,Good,117,
4279,2026-09-15 23:46:18.067,EM-01,em01.energyF64,Good,12.0673055555555,
4280,2026-09-15 23:46:18.067,EM-01,em01.unbalance,Good,1.315789,
4281,2026-09-15 23:46:18.075,GW-LINE-B,mtc01.actualTemp,Good,99.5,
4282,2026-09-15 23:46:18.075,ENV-01,env01.roomTemp,Good,24,
4283,2026-09-15 23:46:18.075,GW-LINE-B,mtc01.pumpFlow,Good,17,
4284,2026-09-15 23:46:18.075,GW-LINE-B,mtc01.pumpCurrent,Good,3.5,
4285,2026-09-15 23:46:18.075,ENV-01,env01.humidity,Good,54,
4286,2026-09-15 23:46:18.075,GW-LINE-B,mtc01.outletTemp,Good,100,
4287,2026-09-15 23:46:18.075,ENV-01,env01.dewPoint,Good,15,
4288,2026-09-15 23:46:18.075,GW-LINE-B,mtc01.tempAvg,Good,994.5604,
4289,2026-09-15 23:46:18.075,ENV-01,env01.noise,Good,72,
4290,2026-09-15 23:46:18.075,ENV-01,env01.pm25,Good,36,
4291,2026-09-15 23:46:18.075,ENV-01,env01.pressureDiff,Good,-2,
4292,2026-09-15 23:46:18.075,ENV-01,env01.illuminance,Good,417,
4293,2026-09-15 23:46:18.075,ENV-01,env01.tempFluctuation,Good,12.44284,
4294,2026-09-15 23:46:18.081,GW-LINE-B,dry01.dewPoint,Good,-34.6,
4295,2026-09-15 23:46:18.081,GW-LINE-B,dry01.heatPower,Good,4,
4296,2026-09-15 23:46:18.081,GW-LINE-B,dry01.fanCurrent,Good,1.7,
4297,2026-09-15 23:46:18.083,GW-LINE-B,dry01.levelTrend,Good,-3.756575,
4298,2026-09-15 23:46:18.087,GW-LINE-B,rob01.cycleTime,Good,3.1,
4299,2026-09-15 23:46:18.087,GW-LINE-B,rob01.posY,Good,3,
4300,2026-09-15 23:46:18.087,GW-LINE-B,rob01.trajectory,Good,0.02400467,
4301,2026-09-15 23:46:18.102,IM-01,im01.prodTime,Good,09/15/2026 23:46:18,
4303,2026-09-15 23:46:19.028,IM-01,im01.clampForceDev,Good,-48,
4304,2026-09-15 23:46:19.028,GW-LINE-B,mtc01.runSeconds,Good,3840,
4305,2026-09-15 23:46:19.028,GW-LINE-B,mtc01.energyTotal,Good,0.580777777777782,
4306,2026-09-15 23:46:19.031,ENV-01,env01.runSeconds,Good,3840,
4307,2026-09-15 23:46:19.031,ENV-01,env01.sampleTime,Good,09/15/2026 23:46:18,
4308,2026-09-15 23:46:19.032,EM-01,em01.readTime,Good,09/15/2026 23:46:18,
4309,2026-09-15 23:46:19.035,GW-LINE-B,dry01.drySeconds,Good,3628,
4310,2026-09-15 23:46:19.035,GW-LINE-B,dry01.energyTotal,Good,0.586611111111117,
4311,2026-09-15 23:46:19.036,GW-LINE-B,dry01.dewDeviation,Good,0.4,
4312,2026-09-15 23:46:19.038,ENV-01,env01.tempDeviation,Good,0,
4313,2026-09-15 23:46:19.041,GW-LINE-B,rob01.runSeconds,Good,3840,
4314,2026-09-15 23:46:19.042,GW-LINE-B,rob01.energyTotal,Good,0.53686111111111,
4315,2026-09-15 23:46:19.044,GW-LINE-B,rob01.posDeviation,Good,0,
4316,2026-09-15 23:46:19.063,IM-01,im01.oilTemp,Good,44.4,
4317,2026-09-15 23:46:19.063,IM-01,im01.energyTotal,Good,1.00513888888888,
4318,2026-09-15 23:46:19.068,EM-01,em01.totalEnergy,Good,1191.53,
4319,2026-09-15 23:46:19.068,EM-01,em01.forwardEnergy,Good,1191.53,
4320,2026-09-15 23:46:19.068,EM-01,em01.voltageA,Good,383,
4321,2026-09-15 23:46:19.068,EM-01,em01.voltageC,Good,378,
4322,2026-09-15 23:46:19.068,EM-01,em01.currentA,Good,160,
4323,2026-09-15 23:46:19.068,EM-01,em01.activePower,Good,113,
4324,2026-09-15 23:46:19.068,EM-01,em01.reactivePower,Good,24,
4325,2026-09-15 23:46:19.068,EM-01,em01.powerFactor,Good,0.934,
4326,2026-09-15 23:46:19.068,EM-01,em01.frequency,Good,50,
4327,2026-09-15 23:46:19.068,EM-01,em01.demand,Good,113,
4328,2026-09-15 23:46:19.068,EM-01,em01.energyF64,Good,12.0980277777777,
4329,2026-09-15 23:46:19.068,EM-01,em01.unbalance,Good,1.842105,
4330,2026-09-15 23:46:19.076,GW-LINE-B,mtc01.actualTemp,Good,99.4,
4331,2026-09-15 23:46:19.076,ENV-01,env01.humidity,Good,55,
4332,2026-09-15 23:46:19.076,GW-LINE-B,mtc01.pumpPressure,Good,3,
4333,2026-09-15 23:46:19.076,ENV-01,env01.dewPoint,Good,15.1,
4334,2026-09-15 23:46:19.076,ENV-01,env01.noise,Good,76,
4335,2026-09-15 23:46:19.076,GW-LINE-B,mtc01.pumpFlow,Good,39,
4336,2026-09-15 23:46:19.076,GW-LINE-B,mtc01.pumpCurrent,Good,4.9,
4337,2026-09-15 23:46:19.076,ENV-01,env01.pm25,Good,49,
4338,2026-09-15 23:46:19.076,GW-LINE-B,mtc01.heatPower,Good,8,
4339,2026-09-15 23:46:19.076,ENV-01,env01.pressureDiff,Good,10,
4340,2026-09-15 23:46:19.076,GW-LINE-B,mtc01.outletTemp,Good,99.9,
4341,2026-09-15 23:46:19.076,ENV-01,env01.illuminance,Good,467,
4342,2026-09-15 23:46:19.076,GW-LINE-B,mtc01.tempAvg,Good,994.0494,
4343,2026-09-15 23:46:19.076,ENV-01,env01.tempFluctuation,Good,12.09254,
4344,2026-09-15 23:46:19.083,GW-LINE-B,dry01.heatPower,Good,8,
4345,2026-09-15 23:46:19.084,GW-LINE-B,dry01.levelTrend,Good,-3.782231,
4346,2026-09-15 23:46:19.087,GW-LINE-B,rob01.inPlace,Good,False,
4347,2026-09-15 23:46:19.089,GW-LINE-B,rob01.cycleTime,Good,2.8,
4348,2026-09-15 23:46:19.089,GW-LINE-B,rob01.posX,Good,104,
4349,2026-09-15 23:46:19.089,GW-LINE-B,rob01.posY,Good,300,
4350,2026-09-15 23:46:19.089,GW-LINE-B,rob01.posZ,Good,82,
4351,2026-09-15 23:46:19.089,GW-LINE-B,rob01.gripState,Good,1,
4352,2026-09-15 23:46:19.089,GW-LINE-B,rob01.trajectory,Good,103.824,
4353,2026-09-15 23:46:19.103,IM-01,im01.prodTime,Good,09/15/2026 23:46:19,
4354,2026-09-15 23:46:20.063,IM-01,im01.energyTotal,Good,1.00597222222221,
4355,2026-09-15 23:46:20.068,EM-01,em01.totalEnergy,Good,1194.42,
4356,2026-09-15 23:46:20.068,EM-01,em01.forwardEnergy,Good,1194.42,
4357,2026-09-15 23:46:20.068,EM-01,em01.voltageA,Good,376,
4358,2026-09-15 23:46:20.068,EM-01,em01.voltageB,Good,380,
4359,2026-09-15 23:46:20.068,EM-01,em01.voltageC,Good,384,
4360,2026-09-15 23:46:20.068,EM-01,em01.currentA,Good,191.9,
4361,2026-09-15 23:46:20.068,EM-01,em01.activePower,Good,111,
4362,2026-09-15 23:46:20.068,EM-01,em01.reactivePower,Good,33,
4363,2026-09-15 23:46:20.068,EM-01,em01.powerFactor,Good,0.926,
4364,2026-09-15 23:46:20.068,EM-01,em01.demand,Good,111,
4365,2026-09-15 23:46:20.068,EM-01,em01.energyF64,Good,12.1273611111111,
4366,2026-09-15 23:46:20.068,EM-01,em01.unbalance,Good,2.105263,
4367,2026-09-15 23:46:20.076,GW-LINE-B,mtc01.pumpPressure,Good,2,
4368,2026-09-15 23:46:20.076,ENV-01,env01.humidity,Good,56,
4369,2026-09-15 23:46:20.076,ENV-01,env01.dewPoint,Good,15.4,
4370,2026-09-15 23:46:20.076,ENV-01,env01.noise,Good,77,
4371,2026-09-15 23:46:20.076,ENV-01,env01.pm25,Good,35,
4372,2026-09-15 23:46:20.076,GW-LINE-B,mtc01.pumpFlow,Good,19,
4373,2026-09-15 23:46:20.076,ENV-01,env01.pressureDiff,Good,1,
4374,2026-09-15 23:46:20.076,GW-LINE-B,mtc01.pumpCurrent,Good,3.5,
4375,2026-09-15 23:46:20.076,ENV-01,env01.illuminance,Good,373,
4376,2026-09-15 23:46:20.076,ENV-01,env01.tempFluctuation,Good,12.8299,
4377,2026-09-15 23:46:20.076,GW-LINE-B,mtc01.tempAvg,Good,994.055,
4378,2026-09-15 23:46:20.082,GW-LINE-B,dry01.dewPoint,Good,-34.4,
4379,2026-09-15 23:46:20.082,GW-LINE-B,dry01.materialLevel,Good,46,
4380,2026-09-15 23:46:20.082,GW-LINE-B,dry01.heatPower,Good,6,
4381,2026-09-15 23:46:20.082,GW-LINE-B,dry01.fanCurrent,Good,1.6,
4382,2026-09-15 23:46:20.084,GW-LINE-B,dry01.levelTrend,Good,-3.810988,
4383,2026-09-15 23:46:20.088,GW-LINE-B,rob01.cycleTime,Good,3,
4384,2026-09-15 23:46:20.088,GW-LINE-B,rob01.posX,Good,103,
4385,2026-09-15 23:46:20.088,GW-LINE-B,rob01.posY,Good,297,
4386,2026-09-15 23:46:20.088,GW-LINE-B,rob01.posZ,Good,77,
4387,2026-09-15 23:46:20.088,GW-LINE-B,rob01.trajectory,Good,103.0839,
4388,2026-09-15 23:46:20.103,IM-01,im01.prodTime,Good,09/15/2026 23:46:20,
4389,2026-09-15 23:46:21.063,IM-01,im01.moldTemp,Good,84.6,
4390,2026-09-15 23:46:21.063,IM-01,im01.oilTemp,Good,44.3,
4391,2026-09-15 23:46:21.063,IM-01,im01.energyTotal,Good,1.00680555555554,
4392,2026-09-15 23:46:21.068,EM-01,em01.totalEnergy,Good,1197.93,
4393,2026-09-15 23:46:21.068,EM-01,em01.forwardEnergy,Good,1197.93,
4394,2026-09-15 23:46:21.068,EM-01,em01.voltageA,Good,379,
4395,2026-09-15 23:46:21.068,EM-01,em01.voltageB,Good,378,
4396,2026-09-15 23:46:21.068,EM-01,em01.voltageC,Good,383,
4397,2026-09-15 23:46:21.068,EM-01,em01.currentA,Good,168.5,
4398,2026-09-15 23:46:21.068,EM-01,em01.activePower,Good,137,
4399,2026-09-15 23:46:21.068,EM-01,em01.reactivePower,Good,28,
4400,2026-09-15 23:46:21.068,EM-01,em01.powerFactor,Good,0.934,
4401,2026-09-15 23:46:21.068,EM-01,em01.frequency,Good,49.91,
4402,2026-09-15 23:46:21.068,EM-01,em01.demand,Good,137,
4403,2026-09-15 23:46:21.068,EM-01,em01.energyF64,Good,12.1627777777778,
4404,2026-09-15 23:46:21.068,EM-01,em01.unbalance,Good,1.315789,
4405,2026-09-15 23:46:21.076,GW-LINE-B,mtc01.actualTemp,Good,99.5,
4406,2026-09-15 23:46:21.076,GW-LINE-B,mtc01.pumpFlow,Good,35,
4407,2026-09-15 23:46:21.076,GW-LINE-B,mtc01.pumpCurrent,Good,5.6,
4408,2026-09-15 23:46:21.076,GW-LINE-B,mtc01.heatPower,Good,6,
4409,2026-09-15 23:46:21.076,GW-LINE-B,mtc01.outletTemp,Good,100,
4410,2026-09-15 23:46:21.076,GW-LINE-B,mtc01.tempAvg,Good,994.8826,
4411,2026-09-15 23:46:21.076,ENV-01,env01.humidity,Good,54,
4412,2026-09-15 23:46:21.076,ENV-01,env01.dewPoint,Good,14.9,
4413,2026-09-15 23:46:21.076,ENV-01,env01.noise,Good,75,
4414,2026-09-15 23:46:21.076,ENV-01,env01.pm25,Good,33,
4415,2026-09-15 23:46:21.076,ENV-01,env01.pressureDiff,Good,11,
4416,2026-09-15 23:46:21.076,ENV-01,env01.illuminance,Good,360,
4417,2026-09-15 23:46:21.076,ENV-01,env01.tempFluctuation,Good,12.36183,
4418,2026-09-15 23:46:21.082,GW-LINE-B,dry01.dewPoint,Good,-34.9,
4419,2026-09-15 23:46:21.082,GW-LINE-B,dry01.heatPower,Good,7,
4420,2026-09-15 23:46:21.082,GW-LINE-B,dry01.fanCurrent,Good,1.2,
4421,2026-09-15 23:46:21.084,GW-LINE-B,dry01.levelTrend,Good,-3.834911,
4422,2026-09-15 23:46:21.089,GW-LINE-B,rob01.posX,Good,0,
4423,2026-09-15 23:46:21.089,GW-LINE-B,rob01.posY,Good,405,
4424,2026-09-15 23:46:21.089,GW-LINE-B,rob01.posZ,Good,198,
4425,2026-09-15 23:46:21.089,GW-LINE-B,rob01.trajectory,Good,-0.1207914,
4426,2026-09-15 23:46:21.104,IM-01,im01.prodTime,Good,09/15/2026 23:46:21,
4427,2026-09-15 23:46:22.064,IM-01,im01.moldTemp,Good,84.5,
4428,2026-09-15 23:46:22.064,IM-01,im01.oilTemp,Good,44.6,
4429,2026-09-15 23:46:22.064,IM-01,im01.energyTotal,Good,1.00763888888888,
4430,2026-09-15 23:46:22.068,EM-01,em01.totalEnergy,Good,1201.47,
4431,2026-09-15 23:46:22.068,EM-01,em01.forwardEnergy,Good,1201.47,
4432,2026-09-15 23:46:22.068,EM-01,em01.voltageA,Good,382,
4433,2026-09-15 23:46:22.068,EM-01,em01.voltageB,Good,381,
4434,2026-09-15 23:46:22.068,EM-01,em01.voltageC,Good,381,
4435,2026-09-15 23:46:22.068,EM-01,em01.currentA,Good,127.2,
4436,2026-09-15 23:46:22.068,EM-01,em01.activePower,Good,136,
4437,2026-09-15 23:46:22.068,EM-01,em01.reactivePower,Good,25,
4438,2026-09-15 23:46:22.068,EM-01,em01.powerFactor,Good,0.895,
4439,2026-09-15 23:46:22.068,EM-01,em01.frequency,Good,49.93,
4440,2026-09-15 23:46:22.068,EM-01,em01.demand,Good,136,
4441,2026-09-15 23:46:22.068,EM-01,em01.energyF64,Good,12.1986666666666,
4442,2026-09-15 23:46:22.068,EM-01,em01.unbalance,Good,0.2631579,
4443,2026-09-15 23:46:22.076,GW-LINE-B,mtc01.actualTemp,Good,99.3,
4444,2026-09-15 23:46:22.076,GW-LINE-B,mtc01.pumpPressure,Good,4,
4445,2026-09-15 23:46:22.076,GW-LINE-B,mtc01.pumpFlow,Good,26,
4446,2026-09-15 23:46:22.076,GW-LINE-B,mtc01.pumpCurrent,Good,4.7,
4447,2026-09-15 23:46:22.076,GW-LINE-B,mtc01.outletTemp,Good,99.8,
4448,2026-09-15 23:46:22.076,GW-LINE-B,mtc01.tempAvg,Good,993.2443,
4449,2026-09-15 23:46:22.076,ENV-01,env01.dewPoint,Good,14.8,
4450,2026-09-15 23:46:22.076,ENV-01,env01.noise,Good,70,
4451,2026-09-15 23:46:22.076,ENV-01,env01.pm25,Good,24,
4452,2026-09-15 23:46:22.076,ENV-01,env01.pressureDiff,Good,5,
4453,2026-09-15 23:46:22.076,ENV-01,env01.illuminance,Good,426,
4454,2026-09-15 23:46:22.076,ENV-01,env01.tempFluctuation,Good,12.40467,
4455,2026-09-15 23:46:22.083,GW-LINE-B,dry01.dewPoint,Good,-34.7,
4456,2026-09-15 23:46:22.083,GW-LINE-B,dry01.fanCurrent,Good,0.9,
4457,2026-09-15 23:46:22.084,GW-LINE-B,dry01.levelTrend,Good,-3.861281,
4458,2026-09-15 23:46:22.089,GW-LINE-B,rob01.cycleTime,Good,3.1,
4459,2026-09-15 23:46:22.089,GW-LINE-B,rob01.posY,Good,395,
4460,2026-09-15 23:46:22.089,GW-LINE-B,rob01.posZ,Good,196,
4461,2026-09-15 23:46:22.089,GW-LINE-B,rob01.trajectory,Good,0.01677608,
4462,2026-09-15 23:46:22.105,IM-01,im01.prodTime,Good,09/15/2026 23:46:22,
4463,2026-09-15 23:46:23.063,IM-01,im01.moldTemp,Good,84.6,
4464,2026-09-15 23:46:23.063,IM-01,im01.oilTemp,Good,44.4,
4465,2026-09-15 23:46:23.063,IM-01,im01.energyTotal,Good,1.00847222222221,
4466,2026-09-15 23:46:23.068,EM-01,em01.totalEnergy,Good,1204.72,
4467,2026-09-15 23:46:23.068,EM-01,em01.forwardEnergy,Good,1204.72,
4468,2026-09-15 23:46:23.068,EM-01,em01.voltageA,Good,380,
4469,2026-09-15 23:46:23.068,EM-01,em01.voltageB,Good,377,
4470,2026-09-15 23:46:23.068,EM-01,em01.voltageC,Good,380,
4471,2026-09-15 23:46:23.068,EM-01,em01.currentA,Good,188.1,
4472,2026-09-15 23:46:23.068,EM-01,em01.activePower,Good,112,
4473,2026-09-15 23:46:23.068,EM-01,em01.powerFactor,Good,0.879,
4474,2026-09-15 23:46:23.068,EM-01,em01.frequency,Good,49.92,
4475,2026-09-15 23:46:23.068,EM-01,em01.demand,Good,112,
4476,2026-09-15 23:46:23.068,EM-01,em01.energyF64,Good,12.2316111111111,
4477,2026-09-15 23:46:23.068,EM-01,em01.unbalance,Good,0.7894737,
4478,2026-09-15 23:46:23.076,ENV-01,env01.roomTemp,Good,23.9,
4479,2026-09-15 23:46:23.076,GW-LINE-B,mtc01.actualTemp,Good,99.4,
4480,2026-09-15 23:46:23.076,GW-LINE-B,mtc01.pumpPressure,Good,2,
4481,2026-09-15 23:46:23.076,ENV-01,env01.humidity,Good,55,
4482,2026-09-15 23:46:23.076,GW-LINE-B,mtc01.pumpFlow,Good,21,
4483,2026-09-15 23:46:23.076,ENV-01,env01.dewPoint,Good,14.9,
4484,2026-09-15 23:46:23.076,GW-LINE-B,mtc01.pumpCurrent,Good,3.4,
4485,2026-09-15 23:46:23.076,ENV-01,env01.noise,Good,71,
4486,2026-09-15 23:46:23.076,GW-LINE-B,mtc01.heatPower,Good,3,
4487,2026-09-15 23:46:23.076,ENV-01,env01.pm25,Good,25,
4488,2026-09-15 23:46:23.076,GW-LINE-B,mtc01.outletTemp,Good,99.9,
4489,2026-09-15 23:46:23.076,ENV-01,env01.pressureDiff,Good,8,
4490,2026-09-15 23:46:23.076,GW-LINE-B,mtc01.tempAvg,Good,994.1122,
4491,2026-09-15 23:46:23.076,ENV-01,env01.illuminance,Good,324,
4492,2026-09-15 23:46:23.076,ENV-01,env01.tempFluctuation,Good,11.84376,
4493,2026-09-15 23:46:23.083,GW-LINE-B,dry01.dewPoint,Good,-34.6,
4494,2026-09-15 23:46:23.083,GW-LINE-B,dry01.heatPower,Good,8,
4495,2026-09-15 23:46:23.083,GW-LINE-B,dry01.fanCurrent,Good,1.4,
4496,2026-09-15 23:46:23.084,GW-LINE-B,dry01.levelTrend,Good,-3.890959,
4497,2026-09-15 23:46:23.088,GW-LINE-B,rob01.inPlace,Good,True,
4498,2026-09-15 23:46:23.089,GW-LINE-B,rob01.cycleTime,Good,3,
4499,2026-09-15 23:46:23.089,GW-LINE-B,rob01.totalPicks,Good,13,
4500,2026-09-15 23:46:23.089,GW-LINE-B,rob01.successPicks,Good,13,
4501,2026-09-15 23:46:23.089,GW-LINE-B,rob01.posY,Good,4,
4502,2026-09-15 23:46:23.089,GW-LINE-B,rob01.posZ,Good,8,
4503,2026-09-15 23:46:23.089,GW-LINE-B,rob01.gripState,Good,0,
4504,2026-09-15 23:46:23.089,GW-LINE-B,rob01.trajectory,Good,-0.2403899,
4505,2026-09-15 23:46:23.105,IM-01,im01.prodTime,Good,09/15/2026 23:46:23,
4506,2026-09-15 23:46:24.028,IM-01,im01.clampForceDev,Good,-52,
4507,2026-09-15 23:46:24.029,GW-LINE-B,mtc01.runSeconds,Good,3890,
4508,2026-09-15 23:46:24.029,ENV-01,env01.runSeconds,Good,3890,
4509,2026-09-15 23:46:24.029,ENV-01,env01.sampleTime,Good,09/15/2026 23:46:23,
4510,2026-09-15 23:46:24.029,GW-LINE-B,mtc01.energyTotal,Good,0.588583333333338,
4511,2026-09-15 23:46:24.031,GW-LINE-B,mtc01.tempDeviation,Good,-0.5,
4512,2026-09-15 23:46:24.033,ENV-01,env01.tempDeviation,Good,-0.1,
4513,2026-09-15 23:46:24.034,EM-01,em01.readTime,Good,09/15/2026 23:46:23,
4514,2026-09-15 23:46:24.036,GW-LINE-B,dry01.drySeconds,Good,3678,
4515,2026-09-15 23:46:24.036,GW-LINE-B,dry01.energyTotal,Good,0.594888888888895,
4516,2026-09-15 23:46:24.037,GW-LINE-B,dry01.dewDeviation,Good,0.3,
4517,2026-09-15 23:46:24.042,GW-LINE-B,rob01.runSeconds,Good,3890,
4518,2026-09-15 23:46:24.043,GW-LINE-B,rob01.energyTotal,Good,0.543277777777777,
4519,2026-09-15 23:46:24.045,GW-LINE-B,rob01.posDeviation,Good,-100,
4520,2026-09-15 23:46:24.064,IM-01,im01.oilTemp,Good,44.5,
4521,2026-09-15 23:46:24.064,IM-01,im01.energyTotal,Good,1.00930555555555,
4522,2026-09-15 23:46:24.069,EM-01,em01.totalEnergy,Good,1207.87,
4523,2026-09-15 23:46:24.069,EM-01,em01.forwardEnergy,Good,1207.87,
4524,2026-09-15 23:46:24.069,EM-01,em01.voltageA,Good,375,
4525,2026-09-15 23:46:24.069,EM-01,em01.voltageB,Good,385,
4526,2026-09-15 23:46:24.069,EM-01,em01.voltageC,Good,378,
4527,2026-09-15 23:46:24.069,EM-01,em01.currentA,Good,174.9,
4528,2026-09-15 23:46:24.069,EM-01,em01.activePower,Good,107,
4529,2026-09-15 23:46:24.069,EM-01,em01.reactivePower,Good,34,
4530,2026-09-15 23:46:24.069,EM-01,em01.powerFactor,Good,0.899,
4531,2026-09-15 23:46:24.069,EM-01,em01.frequency,Good,49.96,
4532,2026-09-15 23:46:24.069,EM-01,em01.demand,Good,107,
4533,2026-09-15 23:46:24.069,EM-01,em01.energyF64,Good,12.2635277777778,
4534,2026-09-15 23:46:24.069,EM-01,em01.unbalance,Good,2.631579,
4535,2026-09-15 23:46:24.077,ENV-01,env01.dewPoint,Good,15.1,
4536,2026-09-15 23:46:24.077,ENV-01,env01.noise,Good,76,
4537,2026-09-15 23:46:24.077,ENV-01,env01.pm25,Good,26,
4538,2026-09-15 23:46:24.077,ENV-01,env01.pressureDiff,Good,10,
4540,2026-09-15 23:46:24.077,ENV-01,env01.illuminance,Good,399,
4541,2026-09-15 23:46:24.077,ENV-01,env01.tempFluctuation,Good,12.20281,
4539,2026-09-15 23:46:24.077,GW-LINE-B,mtc01.actualTemp,Good,99.5,
4542,2026-09-15 23:46:24.077,GW-LINE-B,mtc01.pumpPressure,Good,5,
4543,2026-09-15 23:46:24.077,GW-LINE-B,mtc01.pumpFlow,Good,31,
4544,2026-09-15 23:46:24.077,GW-LINE-B,mtc01.pumpCurrent,Good,4.9,
4545,2026-09-15 23:46:24.077,GW-LINE-B,mtc01.heatPower,Good,8,
4546,2026-09-15 23:46:24.077,GW-LINE-B,mtc01.outletTemp,Good,100,
4547,2026-09-15 23:46:24.077,GW-LINE-B,mtc01.tempAvg,Good,995.0384,
4548,2026-09-15 23:46:24.083,GW-LINE-B,dry01.dewPoint,Good,-34.8,
4549,2026-09-15 23:46:24.083,GW-LINE-B,dry01.materialLevel,Good,45,
4550,2026-09-15 23:46:24.083,GW-LINE-B,dry01.heatPower,Good,5,
4551,2026-09-15 23:46:24.084,GW-LINE-B,dry01.levelTrend,Good,-3.923233,
4552,2026-09-15 23:46:24.089,GW-LINE-B,rob01.posY,Good,5,
4553,2026-09-15 23:46:24.089,GW-LINE-B,rob01.trajectory,Good,-0.1044678,
4554,2026-09-15 23:46:24.106,IM-01,im01.prodTime,Good,09/15/2026 23:46:24,
4555,2026-09-15 23:46:25.064,IM-01,im01.moldTemp,Good,84.5,
4556,2026-09-15 23:46:25.064,IM-01,im01.oilTemp,Good,44.3,
4557,2026-09-15 23:46:25.064,IM-01,im01.energyTotal,Good,1.01013888888888,
4558,2026-09-15 23:46:25.069,EM-01,em01.totalEnergy,Good,1210.95,
4559,2026-09-15 23:46:25.069,EM-01,em01.forwardEnergy,Good,1210.95,
4560,2026-09-15 23:46:25.069,EM-01,em01.voltageB,Good,379,
4561,2026-09-15 23:46:25.069,EM-01,em01.voltageC,Good,382,
4562,2026-09-15 23:46:25.069,EM-01,em01.currentA,Good,198.2,
4563,2026-09-15 23:46:25.069,EM-01,em01.activePower,Good,128,
4564,2026-09-15 23:46:25.069,EM-01,em01.reactivePower,Good,35,
4565,2026-09-15 23:46:25.069,EM-01,em01.powerFactor,Good,0.932,
4566,2026-09-15 23:46:25.069,EM-01,em01.frequency,Good,49.92,
4567,2026-09-15 23:46:25.069,EM-01,em01.demand,Good,128,
4568,2026-09-15 23:46:25.069,EM-01,em01.energyF64,Good,12.2947222222222,
4569,2026-09-15 23:46:25.069,EM-01,em01.unbalance,Good,1.842105,
4570,2026-09-15 23:46:25.077,ENV-01,env01.humidity,Good,54,
4571,2026-09-15 23:46:25.077,GW-LINE-B,mtc01.pumpFlow,Good,25,
4572,2026-09-15 23:46:25.077,ENV-01,env01.dewPoint,Good,14.8,
4573,2026-09-15 23:46:25.077,ENV-01,env01.noise,Good,70,
4574,2026-09-15 23:46:25.077,ENV-01,env01.pm25,Good,41,
4575,2026-09-15 23:46:25.077,GW-LINE-B,mtc01.pumpCurrent,Good,5.5,
4576,2026-09-15 23:46:25.077,ENV-01,env01.pressureDiff,Good,12,
4577,2026-09-15 23:46:25.077,ENV-01,env01.illuminance,Good,455,
4578,2026-09-15 23:46:25.077,GW-LINE-B,mtc01.tempAvg,Good,994.6431,
4579,2026-09-15 23:46:25.077,ENV-01,env01.tempFluctuation,Good,12.38891,
4580,2026-09-15 23:46:25.083,GW-LINE-B,dry01.dewPoint,Good,-34.4,
4581,2026-09-15 23:46:25.083,GW-LINE-B,dry01.heatPower,Good,8,
4582,2026-09-15 23:46:25.083,GW-LINE-B,dry01.fanCurrent,Good,1.6,
4583,2026-09-15 23:46:25.085,GW-LINE-B,dry01.levelTrend,Good,-3.958751,
4584,2026-09-15 23:46:25.090,GW-LINE-B,rob01.posY,Good,6,
4585,2026-09-15 23:46:25.090,GW-LINE-B,rob01.trajectory,Good,-0.2323116,
4586,2026-09-15 23:46:25.106,IM-01,im01.prodTime,Good,09/15/2026 23:46:25,
4587,2026-09-15 23:46:26.066,IM-01,im01.energyTotal,Good,1.01097222222222,
4588,2026-09-15 23:46:26.069,EM-01,em01.totalEnergy,Good,1214.1,
4589,2026-09-15 23:46:26.069,EM-01,em01.forwardEnergy,Good,1214.1,
4590,2026-09-15 23:46:26.069,EM-01,em01.voltageA,Good,385,
4591,2026-09-15 23:46:26.069,EM-01,em01.voltageB,Good,378,
4592,2026-09-15 23:46:26.069,EM-01,em01.currentA,Good,118.7,
4593,2026-09-15 23:46:26.069,EM-01,em01.activePower,Good,110,
4594,2026-09-15 23:46:26.069,EM-01,em01.reactivePower,Good,24,
4595,2026-09-15 23:46:26.069,EM-01,em01.powerFactor,Good,0.937,
4596,2026-09-15 23:46:26.069,EM-01,em01.demand,Good,110,
4597,2026-09-15 23:46:26.069,EM-01,em01.energyF64,Good,12.3266388888889,
4598,2026-09-15 23:46:26.077,ENV-01,env01.humidity,Good,56,
4600,2026-09-15 23:46:26.077,ENV-01,env01.dewPoint,Good,15.1,
4599,2026-09-15 23:46:26.077,GW-LINE-B,mtc01.pumpFlow,Good,33,
4601,2026-09-15 23:46:26.077,ENV-01,env01.noise,Good,75,
4602,2026-09-15 23:46:26.077,ENV-01,env01.pm25,Good,29,
4604,2026-09-15 23:46:26.077,ENV-01,env01.pressureDiff,Good,6,
4603,2026-09-15 23:46:26.077,GW-LINE-B,mtc01.pumpCurrent,Good,5.1,
4605,2026-09-15 23:46:26.077,ENV-01,env01.illuminance,Good,377,
4606,2026-09-15 23:46:26.077,GW-LINE-B,mtc01.tempAvg,Good,995.0734,
4607,2026-09-15 23:46:26.077,ENV-01,env01.tempFluctuation,Good,11.8315,
4608,2026-09-15 23:46:26.084,GW-LINE-B,dry01.dewPoint,Good,-34,
4609,2026-09-15 23:46:26.084,GW-LINE-B,dry01.heatPower,Good,7,
4610,2026-09-15 23:46:26.085,GW-LINE-B,dry01.levelTrend,Good,-3.993963,
4611,2026-09-15 23:46:26.090,GW-LINE-B,rob01.cycleTime,Good,3.2,
4612,2026-09-15 23:46:26.090,GW-LINE-B,rob01.posY,Good,5,
4613,2026-09-15 23:46:26.090,GW-LINE-B,rob01.trajectory,Good,-0.2648624,
4614,2026-09-15 23:46:26.107,IM-01,im01.prodTime,Good,09/15/2026 23:46:26,
4615,2026-09-15 23:46:27.064,IM-01,im01.moldTemp,Good,84.6,
4616,2026-09-15 23:46:27.064,IM-01,im01.oilTemp,Good,44.4,
4617,2026-09-15 23:46:27.064,IM-01,im01.energyTotal,Good,1.01180555555555,
4618,2026-09-15 23:46:27.069,EM-01,em01.totalEnergy,Good,1217.26,
4619,2026-09-15 23:46:27.069,EM-01,em01.forwardEnergy,Good,1217.26,
4620,2026-09-15 23:46:27.069,EM-01,em01.voltageB,Good,385,
4621,2026-09-15 23:46:27.069,EM-01,em01.voltageC,Good,375,
4622,2026-09-15 23:46:27.069,EM-01,em01.currentA,Good,217.2,
4623,2026-09-15 23:46:27.069,EM-01,em01.activePower,Good,112,
4624,2026-09-15 23:46:27.069,EM-01,em01.powerFactor,Good,0.911,
4625,2026-09-15 23:46:27.069,EM-01,em01.frequency,Good,50.08,
4626,2026-09-15 23:46:27.069,EM-01,em01.demand,Good,112,
4627,2026-09-15 23:46:27.069,EM-01,em01.energyF64,Good,12.3585277777778,
4628,2026-09-15 23:46:27.069,EM-01,em01.unbalance,Good,2.631579,
4629,2026-09-15 23:46:27.077,GW-LINE-B,mtc01.actualTemp,Good,99.4,
4630,2026-09-15 23:46:27.077,ENV-01,env01.noise,Good,71,
4631,2026-09-15 23:46:27.077,GW-LINE-B,mtc01.pumpPressure,Good,3,
4632,2026-09-15 23:46:27.077,ENV-01,env01.pm25,Good,49,
4633,2026-09-15 23:46:27.077,ENV-01,env01.illuminance,Good,381,
4634,2026-09-15 23:46:27.077,GW-LINE-B,mtc01.pumpFlow,Good,18,
4635,2026-09-15 23:46:27.077,GW-LINE-B,mtc01.pumpCurrent,Good,5.2,
4636,2026-09-15 23:46:27.077,GW-LINE-B,mtc01.outletTemp,Good,99.9,
4637,2026-09-15 23:46:27.077,ENV-01,env01.tempFluctuation,Good,12.04476,
4638,2026-09-15 23:46:27.077,GW-LINE-B,mtc01.tempAvg,Good,993.6282,
4639,2026-09-15 23:46:27.084,GW-LINE-B,dry01.dewPoint,Good,-34.7,
4640,2026-09-15 23:46:27.084,GW-LINE-B,dry01.materialLevel,Good,44,
4641,2026-09-15 23:46:27.084,GW-LINE-B,dry01.heatPower,Good,5,
4642,2026-09-15 23:46:27.084,GW-LINE-B,dry01.fanCurrent,Good,1.1,
4643,2026-09-15 23:46:27.085,GW-LINE-B,dry01.levelTrend,Good,-4.02282,
4644,2026-09-15 23:46:27.090,GW-LINE-B,rob01.cycleTime,Good,2.7,
4645,2026-09-15 23:46:27.090,GW-LINE-B,rob01.posY,Good,3,
4646,2026-09-15 23:46:27.090,GW-LINE-B,rob01.trajectory,Good,-0.212454,
4647,2026-09-15 23:46:27.108,IM-01,im01.prodTime,Good,09/15/2026 23:46:27,
4648,2026-09-15 23:46:28.065,IM-01,im01.oilTemp,Good,44.5,
4649,2026-09-15 23:46:28.065,IM-01,im01.energyTotal,Good,1.01263888888889,
4650,2026-09-15 23:46:28.070,EM-01,em01.totalEnergy,Good,1220.47,
4651,2026-09-15 23:46:28.070,EM-01,em01.forwardEnergy,Good,1220.47,
4652,2026-09-15 23:46:28.070,EM-01,em01.voltageA,Good,382,
4653,2026-09-15 23:46:28.070,EM-01,em01.voltageB,Good,379,
4654,2026-09-15 23:46:28.070,EM-01,em01.voltageC,Good,374,
4655,2026-09-15 23:46:28.070,EM-01,em01.currentA,Good,163.5,
4656,2026-09-15 23:46:28.070,EM-01,em01.activePower,Good,110,
4657,2026-09-15 23:46:28.070,EM-01,em01.reactivePower,Good,39,
4658,2026-09-15 23:46:28.070,EM-01,em01.powerFactor,Good,0.913,
4659,2026-09-15 23:46:28.070,EM-01,em01.frequency,Good,49.95,
4660,2026-09-15 23:46:28.070,EM-01,em01.demand,Good,110,
4661,2026-09-15 23:46:28.070,EM-01,em01.energyF64,Good,12.3910555555555,
4662,2026-09-15 23:46:28.070,EM-01,em01.unbalance,Good,2.105263,
4663,2026-09-15 23:46:28.078,GW-LINE-B,mtc01.pumpPressure,Good,4,
4664,2026-09-15 23:46:28.078,GW-LINE-B,mtc01.pumpFlow,Good,32,
4665,2026-09-15 23:46:28.078,GW-LINE-B,mtc01.pumpCurrent,Good,5.8,
4666,2026-09-15 23:46:28.078,GW-LINE-B,mtc01.heatPower,Good,5,
4667,2026-09-15 23:46:28.078,GW-LINE-B,mtc01.tempAvg,Good,994.2604,
4668,2026-09-15 23:46:28.078,ENV-01,env01.roomTemp,Good,23.8,
4669,2026-09-15 23:46:28.078,ENV-01,env01.noise,Good,72,
4670,2026-09-15 23:46:28.078,ENV-01,env01.pm25,Good,57,
4671,2026-09-15 23:46:28.078,ENV-01,env01.pressureDiff,Good,0,
4672,2026-09-15 23:46:28.078,ENV-01,env01.illuminance,Good,429,
4673,2026-09-15 23:46:28.078,ENV-01,env01.tempFluctuation,Good,12.16506,
4674,2026-09-15 23:46:28.084,GW-LINE-B,dry01.dewPoint,Good,-34.6,
4675,2026-09-15 23:46:28.084,GW-LINE-B,dry01.heatPower,Good,6,
4676,2026-09-15 23:46:28.084,GW-LINE-B,dry01.fanCurrent,Good,1.2,
4677,2026-09-15 23:46:28.085,GW-LINE-B,dry01.levelTrend,Good,-4.049655,
4678,2026-09-15 23:46:28.090,GW-LINE-B,rob01.cycleTime,Good,2.9,
4679,2026-09-15 23:46:28.090,GW-LINE-B,rob01.posY,Good,4,
4680,2026-09-15 23:46:28.090,GW-LINE-B,rob01.trajectory,Good,-0.295599,
4681,2026-09-15 23:46:28.108,IM-01,im01.prodTime,Good,09/15/2026 23:46:28,
4682,2026-09-15 23:46:29.028,IM-01,im01.clampForceDev,Good,-56,
4683,2026-09-15 23:46:29.029,GW-LINE-B,mtc01.runSeconds,Good,3940,
4684,2026-09-15 23:46:29.029,GW-LINE-B,mtc01.energyTotal,Good,0.596666666666672,
4685,2026-09-15 23:46:29.029,ENV-01,env01.runSeconds,Good,3940,
4686,2026-09-15 23:46:29.029,ENV-01,env01.sampleTime,Good,09/15/2026 23:46:28,
4687,2026-09-15 23:46:29.031,GW-LINE-B,mtc01.tempDeviation,Good,-0.6,
4688,2026-09-15 23:46:29.035,GW-LINE-B,dry01.drySeconds,Good,3728,
4689,2026-09-15 23:46:29.035,GW-LINE-B,dry01.energyTotal,Good,0.602277777777784,
4690,2026-09-15 23:46:29.037,GW-LINE-B,dry01.dewDeviation,Good,-0.2,
4691,2026-09-15 23:46:29.037,EM-01,em01.readTime,Good,09/15/2026 23:46:28,
4692,2026-09-15 23:46:29.041,GW-LINE-B,rob01.runSeconds,Good,3940,
4693,2026-09-15 23:46:29.043,GW-LINE-B,rob01.energyTotal,Good,0.550277777777778,
4694,2026-09-15 23:46:29.065,IM-01,im01.oilTemp,Good,44.6,
4695,2026-09-15 23:46:29.065,IM-01,im01.energyTotal,Good,1.01347222222222,
4696,2026-09-15 23:46:29.070,EM-01,em01.totalEnergy,Good,1223.55,
4697,2026-09-15 23:46:29.070,EM-01,em01.forwardEnergy,Good,1223.55,
4698,2026-09-15 23:46:29.070,EM-01,em01.voltageA,Good,384,
4699,2026-09-15 23:46:29.070,EM-01,em01.voltageB,Good,383,
4700,2026-09-15 23:46:29.070,EM-01,em01.voltageC,Good,378,
4701,2026-09-15 23:46:29.070,EM-01,em01.currentA,Good,197.1,
4702,2026-09-15 23:46:29.070,EM-01,em01.activePower,Good,112,
4703,2026-09-15 23:46:29.070,EM-01,em01.reactivePower,Good,33,
4704,2026-09-15 23:46:29.070,EM-01,em01.powerFactor,Good,0.911,
4705,2026-09-15 23:46:29.070,EM-01,em01.frequency,Good,49.97,
4706,2026-09-15 23:46:29.070,EM-01,em01.demand,Good,112,
4707,2026-09-15 23:46:29.070,EM-01,em01.energyF64,Good,12.4223055555555,
4708,2026-09-15 23:46:29.070,EM-01,em01.unbalance,Good,1.578947,
4709,2026-09-15 23:46:29.078,GW-LINE-B,mtc01.actualTemp,Good,99.5,
4710,2026-09-15 23:46:29.078,ENV-01,env01.roomTemp,Good,23.9,
4711,2026-09-15 23:46:29.078,ENV-01,env01.dewPoint,Good,15.3,
4712,2026-09-15 23:46:29.078,GW-LINE-B,mtc01.pumpFlow,Good,28,
4713,2026-09-15 23:46:29.078,ENV-01,env01.noise,Good,74,
4714,2026-09-15 23:46:29.078,GW-LINE-B,mtc01.pumpCurrent,Good,3,
4715,2026-09-15 23:46:29.078,ENV-01,env01.pm25,Good,33,
4716,2026-09-15 23:46:29.078,GW-LINE-B,mtc01.outletTemp,Good,100,
4717,2026-09-15 23:46:29.078,ENV-01,env01.pressureDiff,Good,8,
4718,2026-09-15 23:46:29.078,GW-LINE-B,mtc01.tempAvg,Good,994.7429,
4719,2026-09-15 23:46:29.078,ENV-01,env01.illuminance,Good,452,
4720,2026-09-15 23:46:29.078,ENV-01,env01.tempFluctuation,Good,11.88622,
4721,2026-09-15 23:46:29.084,GW-LINE-B,dry01.dewPoint,Good,-35.1,
4722,2026-09-15 23:46:29.084,GW-LINE-B,dry01.heatPower,Good,3,
4723,2026-09-15 23:46:29.084,GW-LINE-B,dry01.fanCurrent,Good,1.8,
4724,2026-09-15 23:46:29.086,GW-LINE-B,dry01.levelTrend,Good,-4.0817,
4725,2026-09-15 23:46:29.091,GW-LINE-B,rob01.cycleTime,Good,2.8,
4726,2026-09-15 23:46:29.091,GW-LINE-B,rob01.trajectory,Good,0.2347496,
4727,2026-09-15 23:46:29.109,IM-01,im01.prodTime,Good,09/15/2026 23:46:29,
4728,2026-09-15 23:46:30.065,IM-01,im01.oilTemp,Good,44.8,
4729,2026-09-15 23:46:30.065,IM-01,im01.energyTotal,Good,1.01430555555555,
4730,2026-09-15 23:46:30.071,EM-01,em01.totalEnergy,Good,1226.51,
4731,2026-09-15 23:46:30.071,EM-01,em01.forwardEnergy,Good,1226.51,
4732,2026-09-15 23:46:30.071,EM-01,em01.voltageA,Good,378,
4733,2026-09-15 23:46:30.071,EM-01,em01.voltageB,Good,385,
4734,2026-09-15 23:46:30.071,EM-01,em01.voltageC,Good,374,
4735,2026-09-15 23:46:30.071,EM-01,em01.currentA,Good,198.6,
4736,2026-09-15 23:46:30.071,EM-01,em01.activePower,Good,119,
4737,2026-09-15 23:46:30.071,EM-01,em01.reactivePower,Good,37,
4738,2026-09-15 23:46:30.071,EM-01,em01.powerFactor,Good,0.94,
4739,2026-09-15 23:46:30.071,EM-01,em01.frequency,Good,50.1,
4740,2026-09-15 23:46:30.071,EM-01,em01.demand,Good,119,
4741,2026-09-15 23:46:30.071,EM-01,em01.energyF64,Good,12.4523333333333,
4742,2026-09-15 23:46:30.071,EM-01,em01.unbalance,Good,2.894737,
4743,2026-09-15 23:46:30.079,ENV-01,env01.roomTemp,Good,24,
4744,2026-09-15 23:46:30.079,ENV-01,env01.humidity,Good,55,
4746,2026-09-15 23:46:30.079,ENV-01,env01.dewPoint,Good,15.1,
4745,2026-09-15 23:46:30.079,GW-LINE-B,mtc01.pumpPressure,Good,2,
4747,2026-09-15 23:46:30.079,ENV-01,env01.noise,Good,78,
4748,2026-09-15 23:46:30.079,ENV-01,env01.pm25,Good,29,
4749,2026-09-15 23:46:30.079,GW-LINE-B,mtc01.pumpFlow,Good,20,
4750,2026-09-15 23:46:30.079,ENV-01,env01.pressureDiff,Good,2,
4751,2026-09-15 23:46:30.079,ENV-01,env01.illuminance,Good,315,
4752,2026-09-15 23:46:30.079,GW-LINE-B,mtc01.pumpCurrent,Good,4.3,
4753,2026-09-15 23:46:30.079,GW-LINE-B,mtc01.heatPower,Good,4,
4754,2026-09-15 23:46:30.079,ENV-01,env01.tempFluctuation,Good,12.40248,
4755,2026-09-15 23:46:30.079,GW-LINE-B,mtc01.tempAvg,Good,994.5267,
4756,2026-09-15 23:46:30.085,GW-LINE-B,dry01.dewPoint,Good,-34.9,
4757,2026-09-15 23:46:30.085,GW-LINE-B,dry01.materialLevel,Good,43,
4758,2026-09-15 23:46:30.085,GW-LINE-B,dry01.heatPower,Good,4,
4759,2026-09-15 23:46:30.085,GW-LINE-B,dry01.fanCurrent,Good,1.9,
4760,2026-09-15 23:46:30.087,GW-LINE-B,dry01.levelTrend,Good,-4.115279,
4761,2026-09-15 23:46:30.091,GW-LINE-B,rob01.cycleTime,Good,3,
4762,2026-09-15 23:46:30.091,GW-LINE-B,rob01.posX,Good,1,
4763,2026-09-15 23:46:30.091,GW-LINE-B,rob01.posY,Good,3,
4764,2026-09-15 23:46:30.091,GW-LINE-B,rob01.trajectory,Good,1.234147,
4765,2026-09-15 23:46:30.109,IM-01,im01.prodTime,Good,09/15/2026 23:46:30,
4766,2026-09-15 23:46:31.066,IM-01,im01.oilTemp,Good,44.7,
4767,2026-09-15 23:46:31.066,IM-01,im01.energyTotal,Good,1.01513888888889,
4768,2026-09-15 23:46:31.071,EM-01,em01.totalEnergy,Good,1229.75,
4769,2026-09-15 23:46:31.071,EM-01,em01.forwardEnergy,Good,1229.75,
4770,2026-09-15 23:46:31.071,EM-01,em01.voltageA,Good,375,
4771,2026-09-15 23:46:31.071,EM-01,em01.voltageB,Good,382,
4772,2026-09-15 23:46:31.071,EM-01,em01.voltageC,Good,382,
4773,2026-09-15 23:46:31.071,EM-01,em01.currentA,Good,147.9,
4774,2026-09-15 23:46:31.071,EM-01,em01.activePower,Good,114,
4775,2026-09-15 23:46:31.071,EM-01,em01.reactivePower,Good,34,
4776,2026-09-15 23:46:31.071,EM-01,em01.powerFactor,Good,0.897,
4777,2026-09-15 23:46:31.071,EM-01,em01.frequency,Good,50.05,
4778,2026-09-15 23:46:31.071,EM-01,em01.demand,Good,114,
4779,2026-09-15 23:46:31.071,EM-01,em01.energyF64,Good,12.4850277777778,
4780,2026-09-15 23:46:31.071,EM-01,em01.unbalance,Good,1.842105,
4781,2026-09-15 23:46:31.078,GW-LINE-B,mtc01.actualTemp,Good,99.4,
4782,2026-09-15 23:46:31.078,GW-LINE-B,mtc01.pumpPressure,Good,4,
4783,2026-09-15 23:46:31.078,GW-LINE-B,mtc01.pumpFlow,Good,39,
4784,2026-09-15 23:46:31.078,GW-LINE-B,mtc01.pumpCurrent,Good,4.5,
4785,2026-09-15 23:46:31.078,GW-LINE-B,mtc01.heatPower,Good,6,
4786,2026-09-15 23:46:31.078,GW-LINE-B,mtc01.outletTemp,Good,99.9,
4787,2026-09-15 23:46:31.078,GW-LINE-B,mtc01.tempAvg,Good,993.6793,
4788,2026-09-15 23:46:31.079,ENV-01,env01.roomTemp,Good,23.9,
4789,2026-09-15 23:46:31.079,ENV-01,env01.humidity,Good,56,
4790,2026-09-15 23:46:31.079,ENV-01,env01.dewPoint,Good,15.2,
4791,2026-09-15 23:46:31.079,ENV-01,env01.pm25,Good,55,
4792,2026-09-15 23:46:31.079,ENV-01,env01.pressureDiff,Good,0,
4793,2026-09-15 23:46:31.079,ENV-01,env01.illuminance,Good,416,
4794,2026-09-15 23:46:31.079,ENV-01,env01.tempFluctuation,Good,12.32906,
4795,2026-09-15 23:46:31.085,GW-LINE-B,dry01.dewPoint,Good,-35.1,
4796,2026-09-15 23:46:31.085,GW-LINE-B,dry01.heatPower,Good,5,
4797,2026-09-15 23:46:31.085,GW-LINE-B,dry01.fanCurrent,Good,1.1,
4798,2026-09-15 23:46:31.086,GW-LINE-B,dry01.levelTrend,Good,-4.142671,
4799,2026-09-15 23:46:31.091,GW-LINE-B,rob01.cycleTime,Good,3.2,
4800,2026-09-15 23:46:31.091,GW-LINE-B,rob01.posX,Good,2,
4801,2026-09-15 23:46:31.091,GW-LINE-B,rob01.trajectory,Good,2.272771,
4802,2026-09-15 23:46:31.110,IM-01,im01.prodTime,Good,09/15/2026 23:46:31,
4803,2026-09-15 23:46:32.066,IM-01,im01.energyTotal,Good,1.01597222222222,
4804,2026-09-15 23:46:32.071,EM-01,em01.totalEnergy,Good,1233.06,
4805,2026-09-15 23:46:32.071,EM-01,em01.forwardEnergy,Good,1233.06,
4806,2026-09-15 23:46:32.071,EM-01,em01.voltageA,Good,384,
4807,2026-09-15 23:46:32.071,EM-01,em01.voltageB,Good,378,
4808,2026-09-15 23:46:32.071,EM-01,em01.voltageC,Good,376,
4809,2026-09-15 23:46:32.071,EM-01,em01.currentA,Good,180.8,
4810,2026-09-15 23:46:32.071,EM-01,em01.activePower,Good,128,
4811,2026-09-15 23:46:32.071,EM-01,em01.reactivePower,Good,38,
4812,2026-09-15 23:46:32.071,EM-01,em01.powerFactor,Good,0.88,
4813,2026-09-15 23:46:32.071,EM-01,em01.frequency,Good,50.08,
4814,2026-09-15 23:46:32.071,EM-01,em01.demand,Good,128,
4815,2026-09-15 23:46:32.071,EM-01,em01.energyF64,Good,12.5185277777778,
4816,2026-09-15 23:46:32.071,EM-01,em01.unbalance,Good,2.105263,
4817,2026-09-15 23:46:32.079,GW-LINE-B,mtc01.actualTemp,Good,99.3,
4818,2026-09-15 23:46:32.079,GW-LINE-B,mtc01.pumpPressure,Good,2,
4819,2026-09-15 23:46:32.079,GW-LINE-B,mtc01.pumpFlow,Good,26,
4820,2026-09-15 23:46:32.079,GW-LINE-B,mtc01.pumpCurrent,Good,3.7,
4821,2026-09-15 23:46:32.079,GW-LINE-B,mtc01.heatPower,Good,8,
4822,2026-09-15 23:46:32.079,GW-LINE-B,mtc01.outletTemp,Good,99.8,
4823,2026-09-15 23:46:32.079,GW-LINE-B,mtc01.tempAvg,Good,992.6687,
4824,2026-09-15 23:46:32.079,ENV-01,env01.roomTemp,Good,24,
4825,2026-09-15 23:46:32.079,ENV-01,env01.noise,Good,75,
4826,2026-09-15 23:46:32.079,ENV-01,env01.pm25,Good,43,
4827,2026-09-15 23:46:32.079,ENV-01,env01.illuminance,Good,455,
4828,2026-09-15 23:46:32.079,ENV-01,env01.tempFluctuation,Good,12.36995,
4829,2026-09-15 23:46:32.085,GW-LINE-B,dry01.dewPoint,Good,-34.7,
4830,2026-09-15 23:46:32.085,GW-LINE-B,dry01.heatPower,Good,4,
4831,2026-09-15 23:46:32.085,GW-LINE-B,dry01.fanCurrent,Good,1.6,
4832,2026-09-15 23:46:32.087,GW-LINE-B,dry01.levelTrend,Good,-4.178672,
4833,2026-09-15 23:46:32.091,GW-LINE-B,rob01.cycleTime,Good,2.9,
4834,2026-09-15 23:46:32.091,GW-LINE-B,rob01.posY,Good,2,
4835,2026-09-15 23:46:32.091,GW-LINE-B,rob01.trajectory,Good,1.827335,
4836,2026-09-15 23:46:32.111,IM-01,im01.prodTime,Good,09/15/2026 23:46:32,
4837,2026-09-15 23:46:33.066,IM-01,im01.moldTemp,Good,84.5,
4838,2026-09-15 23:46:33.066,IM-01,im01.oilTemp,Good,44.5,
4839,2026-09-15 23:46:33.066,IM-01,im01.energyTotal,Good,1.01680555555556,
4840,2026-09-15 23:46:33.071,EM-01,em01.totalEnergy,Good,1236.42,
4841,2026-09-15 23:46:33.071,EM-01,em01.forwardEnergy,Good,1236.42,
4842,2026-09-15 23:46:33.071,EM-01,em01.voltageA,Good,375,
4843,2026-09-15 23:46:33.071,EM-01,em01.voltageB,Good,386,
4844,2026-09-15 23:46:33.071,EM-01,em01.voltageC,Good,382,
4845,2026-09-15 23:46:33.071,EM-01,em01.currentA,Good,150.9,
4846,2026-09-15 23:46:33.071,EM-01,em01.activePower,Good,122,
4847,2026-09-15 23:46:33.071,EM-01,em01.reactivePower,Good,36,
4848,2026-09-15 23:46:33.071,EM-01,em01.powerFactor,Good,0.874,
4849,2026-09-15 23:46:33.071,EM-01,em01.frequency,Good,49.91,
4850,2026-09-15 23:46:33.071,EM-01,em01.demand,Good,122,
4851,2026-09-15 23:46:33.071,EM-01,em01.energyF64,Good,12.5525277777778,
4852,2026-09-15 23:46:33.071,EM-01,em01.unbalance,Good,2.894737,
4853,2026-09-15 23:46:33.079,GW-LINE-B,mtc01.actualTemp,Good,99.5,
4854,2026-09-15 23:46:33.079,GW-LINE-B,mtc01.pumpPressure,Good,5,
4855,2026-09-15 23:46:33.079,GW-LINE-B,mtc01.pumpFlow,Good,35,
4856,2026-09-15 23:46:33.079,GW-LINE-B,mtc01.heatPower,Good,4,
4857,2026-09-15 23:46:33.079,GW-LINE-B,mtc01.outletTemp,Good,100,
4858,2026-09-15 23:46:33.079,GW-LINE-B,mtc01.tempAvg,Good,994.5556,
4859,2026-09-15 23:46:33.080,ENV-01,env01.roomTemp,Good,23.9,
4860,2026-09-15 23:46:33.080,ENV-01,env01.humidity,Good,54,
4861,2026-09-15 23:46:33.080,ENV-01,env01.dewPoint,Good,14.9,
4862,2026-09-15 23:46:33.080,ENV-01,env01.noise,Good,78,
4863,2026-09-15 23:46:33.080,ENV-01,env01.pm25,Good,34,
4864,2026-09-15 23:46:33.080,ENV-01,env01.pressureDiff,Good,11,
4865,2026-09-15 23:46:33.080,ENV-01,env01.illuminance,Good,403,
4866,2026-09-15 23:46:33.080,ENV-01,env01.tempFluctuation,Good,12.25059,
4867,2026-09-15 23:46:33.085,GW-LINE-B,dry01.dewPoint,Good,-34.3,
4868,2026-09-15 23:46:33.085,GW-LINE-B,dry01.materialLevel,Good,42,
4869,2026-09-15 23:46:33.085,GW-LINE-B,dry01.fanCurrent,Good,1.1,
4870,2026-09-15 23:46:33.087,GW-LINE-B,dry01.levelTrend,Good,-4.203319,
4871,2026-09-15 23:46:33.091,GW-LINE-B,rob01.posX,Good,4,
4872,2026-09-15 23:46:33.091,GW-LINE-B,rob01.posY,Good,1,
4873,2026-09-15 23:46:33.091,GW-LINE-B,rob01.trajectory,Good,4.046598,
4874,2026-09-15 23:46:33.113,IM-01,im01.prodTime,Good,09/15/2026 23:46:33,
4875,2026-09-15 23:46:34.028,IM-01,im01.clampForceDev,Good,-52,
4876,2026-09-15 23:46:34.029,GW-LINE-B,mtc01.runSeconds,Good,3990,
4877,2026-09-15 23:46:34.029,GW-LINE-B,mtc01.energyTotal,Good,0.604611111111116,
4878,2026-09-15 23:46:34.030,ENV-01,env01.runSeconds,Good,3990,
4879,2026-09-15 23:46:34.030,ENV-01,env01.sampleTime,Good,09/15/2026 23:46:33,
4880,2026-09-15 23:46:34.031,GW-LINE-B,mtc01.tempDeviation,Good,-0.7,
4881,2026-09-15 23:46:34.033,ENV-01,env01.tempDeviation,Good,0,
4882,2026-09-15 23:46:34.035,GW-LINE-B,dry01.drySeconds,Good,3778,
4883,2026-09-15 23:46:34.035,GW-LINE-B,dry01.energyTotal,Good,0.610166666666673,
4884,2026-09-15 23:46:34.037,GW-LINE-B,dry01.dewDeviation,Good,0.3,
4885,2026-09-15 23:46:34.038,EM-01,em01.readTime,Good,09/15/2026 23:46:33,
4886,2026-09-15 23:46:34.041,GW-LINE-B,rob01.runSeconds,Good,3990,
4887,2026-09-15 23:46:34.043,GW-LINE-B,rob01.energyTotal,Good,0.556305555555556,
4888,2026-09-15 23:46:34.044,GW-LINE-B,rob01.posDeviation,Good,-95,
4889,2026-09-15 23:46:34.067,IM-01,im01.moldTemp,Good,84.6,
4890,2026-09-15 23:46:34.067,IM-01,im01.energyTotal,Good,1.01763888888889,
4891,2026-09-15 23:46:34.071,EM-01,em01.totalEnergy,Good,1239.63,
4892,2026-09-15 23:46:34.071,EM-01,em01.forwardEnergy,Good,1239.63,
4893,2026-09-15 23:46:34.071,EM-01,em01.voltageA,Good,384,
4894,2026-09-15 23:46:34.071,EM-01,em01.voltageB,Good,382,
4895,2026-09-15 23:46:34.071,EM-01,em01.voltageC,Good,375,
4896,2026-09-15 23:46:34.071,EM-01,em01.currentA,Good,185,
4897,2026-09-15 23:46:34.071,EM-01,em01.activePower,Good,106,
4898,2026-09-15 23:46:34.071,EM-01,em01.reactivePower,Good,33,
4899,2026-09-15 23:46:34.071,EM-01,em01.powerFactor,Good,0.865,
4900,2026-09-15 23:46:34.071,EM-01,em01.frequency,Good,50.02,
4901,2026-09-15 23:46:34.071,EM-01,em01.demand,Good,106,
4902,2026-09-15 23:46:34.071,EM-01,em01.energyF64,Good,12.5851666666666,
4903,2026-09-15 23:46:34.071,EM-01,em01.unbalance,Good,2.368421,
4904,2026-09-15 23:46:34.079,GW-LINE-B,mtc01.actualTemp,Good,99.3,
4905,2026-09-15 23:46:34.079,GW-LINE-B,mtc01.pumpPressure,Good,3,
4906,2026-09-15 23:46:34.079,GW-LINE-B,mtc01.pumpFlow,Good,21,
4907,2026-09-15 23:46:34.079,GW-LINE-B,mtc01.pumpCurrent,Good,5.6,
4908,2026-09-15 23:46:34.079,GW-LINE-B,mtc01.heatPower,Good,6,
4909,2026-09-15 23:46:34.079,GW-LINE-B,mtc01.outletTemp,Good,99.8,
4910,2026-09-15 23:46:34.079,GW-LINE-B,mtc01.tempAvg,Good,993.238,
4911,2026-09-15 23:46:34.080,ENV-01,env01.roomTemp,Good,24,
4912,2026-09-15 23:46:34.080,ENV-01,env01.humidity,Good,53,
4913,2026-09-15 23:46:34.080,ENV-01,env01.dewPoint,Good,14.8,
4914,2026-09-15 23:46:34.080,ENV-01,env01.noise,Good,75,
4915,2026-09-15 23:46:34.080,ENV-01,env01.pressureDiff,Good,12,
4916,2026-09-15 23:46:34.080,ENV-01,env01.illuminance,Good,335,
4917,2026-09-15 23:46:34.080,ENV-01,env01.tempFluctuation,Good,11.90784,
4918,2026-09-15 23:46:34.085,GW-LINE-B,dry01.dewPoint,Good,-34.5,
4919,2026-09-15 23:46:34.085,GW-LINE-B,dry01.heatPower,Good,6,
4920,2026-09-15 23:46:34.085,GW-LINE-B,dry01.fanCurrent,Good,1.8,
4921,2026-09-15 23:46:34.087,GW-LINE-B,dry01.levelTrend,Good,-4.236205,
4922,2026-09-15 23:46:34.091,GW-LINE-B,rob01.posX,Good,5,
4923,2026-09-15 23:46:34.091,GW-LINE-B,rob01.posY,Good,0,
4924,2026-09-15 23:46:34.091,GW-LINE-B,rob01.trajectory,Good,4.739151,
4925,2026-09-15 23:46:34.113,IM-01,im01.prodTime,Good,09/15/2026 23:46:34,
4926,2026-09-15 23:46:35.067,IM-01,im01.moldTemp,Good,84.5,
4927,2026-09-15 23:46:35.067,IM-01,im01.oilTemp,Good,44.4,
4928,2026-09-15 23:46:35.067,IM-01,im01.energyTotal,Good,1.01847222222223,
4929,2026-09-15 23:46:35.071,EM-01,em01.totalEnergy,Good,1242.65,
4930,2026-09-15 23:46:35.071,EM-01,em01.forwardEnergy,Good,1242.65,
4931,2026-09-15 23:46:35.071,EM-01,em01.voltageA,Good,381,
4932,2026-09-15 23:46:35.071,EM-01,em01.voltageB,Good,384,
4933,2026-09-15 23:46:35.071,EM-01,em01.voltageC,Good,378,
4934,2026-09-15 23:46:35.071,EM-01,em01.currentA,Good,195.7,
4935,2026-09-15 23:46:35.071,EM-01,em01.activePower,Good,124,
4936,2026-09-15 23:46:35.071,EM-01,em01.reactivePower,Good,24,
4937,2026-09-15 23:46:35.071,EM-01,em01.powerFactor,Good,0.868,
4938,2026-09-15 23:46:35.071,EM-01,em01.frequency,Good,50.09,
4939,2026-09-15 23:46:35.071,EM-01,em01.demand,Good,124,
4940,2026-09-15 23:46:35.071,EM-01,em01.energyF64,Good,12.6158333333333,
4941,2026-09-15 23:46:35.071,EM-01,em01.unbalance,Good,1.578947,
4942,2026-09-15 23:46:35.079,GW-LINE-B,mtc01.pumpPressure,Good,2,
4943,2026-09-15 23:46:35.079,GW-LINE-B,mtc01.pumpFlow,Good,37,
4944,2026-09-15 23:46:35.079,GW-LINE-B,mtc01.pumpCurrent,Good,4.5,
4945,2026-09-15 23:46:35.079,GW-LINE-B,mtc01.tempAvg,Good,992.9153,
4946,2026-09-15 23:46:35.080,ENV-01,env01.humidity,Good,54,
4947,2026-09-15 23:46:35.080,ENV-01,env01.noise,Good,72,
4948,2026-09-15 23:46:35.080,ENV-01,env01.pm25,Good,58,
4949,2026-09-15 23:46:35.080,ENV-01,env01.pressureDiff,Good,10,
4950,2026-09-15 23:46:35.080,ENV-01,env01.illuminance,Good,303,
4951,2026-09-15 23:46:35.080,ENV-01,env01.tempFluctuation,Good,12.56628,
4952,2026-09-15 23:46:35.086,GW-LINE-B,dry01.dewPoint,Good,-34,
4953,2026-09-15 23:46:35.086,GW-LINE-B,dry01.heatPower,Good,8,
4954,2026-09-15 23:46:35.087,GW-LINE-B,dry01.levelTrend,Good,-4.273849,
4955,2026-09-15 23:46:35.092,GW-LINE-B,rob01.cycleTime,Good,2.7,
4956,2026-09-15 23:46:35.092,GW-LINE-B,rob01.posX,Good,4,
4957,2026-09-15 23:46:35.092,GW-LINE-B,rob01.trajectory,Good,3.909706,
4958,2026-09-15 23:46:35.113,IM-01,im01.prodTime,Good,09/15/2026 23:46:35,
4959,2026-09-15 23:46:36.067,IM-01,im01.moldTemp,Good,84.6,
4960,2026-09-15 23:46:36.067,IM-01,im01.oilTemp,Good,44.5,
4961,2026-09-15 23:46:36.067,IM-01,im01.energyTotal,Good,1.01930555555556,
4962,2026-09-15 23:46:36.071,EM-01,em01.totalEnergy,Good,1245.83,
4963,2026-09-15 23:46:36.071,EM-01,em01.forwardEnergy,Good,1245.83,
4964,2026-09-15 23:46:36.071,EM-01,em01.voltageA,Good,385,
4965,2026-09-15 23:46:36.071,EM-01,em01.voltageC,Good,374,
4966,2026-09-15 23:46:36.071,EM-01,em01.currentA,Good,119.6,
4967,2026-09-15 23:46:36.071,EM-01,em01.activePower,Good,114,
4968,2026-09-15 23:46:36.071,EM-01,em01.reactivePower,Good,25,
4969,2026-09-15 23:46:36.071,EM-01,em01.powerFactor,Good,0.874,
4970,2026-09-15 23:46:36.071,EM-01,em01.frequency,Good,49.93,
4971,2026-09-15 23:46:36.071,EM-01,em01.demand,Good,114,
4972,2026-09-15 23:46:36.071,EM-01,em01.energyF64,Good,12.6481388888889,
4973,2026-09-15 23:46:36.071,EM-01,em01.unbalance,Good,2.894737,
4974,2026-09-15 23:46:36.079,GW-LINE-B,mtc01.actualTemp,Good,99.2,
4975,2026-09-15 23:46:36.079,GW-LINE-B,mtc01.pumpFlow,Good,22,
4976,2026-09-15 23:46:36.079,GW-LINE-B,mtc01.pumpCurrent,Good,3.8,
4977,2026-09-15 23:46:36.079,GW-LINE-B,mtc01.heatPower,Good,3,
4978,2026-09-15 23:46:36.079,GW-LINE-B,mtc01.outletTemp,Good,99.7,
4979,2026-09-15 23:46:36.079,GW-LINE-B,mtc01.tempAvg,Good,992.1445,
4980,2026-09-15 23:46:36.080,ENV-01,env01.humidity,Good,53,
4981,2026-09-15 23:46:36.080,ENV-01,env01.dewPoint,Good,14.7,
4982,2026-09-15 23:46:36.080,ENV-01,env01.noise,Good,73,
4983,2026-09-15 23:46:36.080,ENV-01,env01.pm25,Good,35,
4984,2026-09-15 23:46:36.080,ENV-01,env01.pressureDiff,Good,8,
4985,2026-09-15 23:46:36.080,ENV-01,env01.illuminance,Good,457,
4986,2026-09-15 23:46:36.080,ENV-01,env01.tempFluctuation,Good,12.60204,
4987,2026-09-15 23:46:36.085,GW-LINE-B,dry01.dewPoint,Good,-34.4,
4988,2026-09-15 23:46:36.085,GW-LINE-B,dry01.materialLevel,Good,41,
4989,2026-09-15 23:46:36.085,GW-LINE-B,dry01.heatPower,Good,6,
4990,2026-09-15 23:46:36.085,GW-LINE-B,dry01.fanCurrent,Good,1.5,
4991,2026-09-15 23:46:36.087,GW-LINE-B,dry01.levelTrend,Good,-4.301739,
4992,2026-09-15 23:46:36.091,GW-LINE-B,rob01.cycleTime,Good,3.2,
4993,2026-09-15 23:46:36.091,GW-LINE-B,rob01.posX,Good,5,
4994,2026-09-15 23:46:36.091,GW-LINE-B,rob01.trajectory,Good,5.151887,
4995,2026-09-15 23:46:36.114,IM-01,im01.prodTime,Good,09/15/2026 23:46:36,
4996,2026-09-15 23:46:37.067,IM-01,im01.moldTemp,Good,84.5,
4997,2026-09-15 23:46:37.067,IM-01,im01.oilTemp,Good,44.8,
4998,2026-09-15 23:46:37.067,IM-01,im01.energyTotal,Good,1.02013888888889,
4999,2026-09-15 23:46:37.072,EM-01,em01.totalEnergy,Good,1248.86,
5000,2026-09-15 23:46:37.072,EM-01,em01.forwardEnergy,Good,1248.86,
5001,2026-09-15 23:46:37.072,EM-01,em01.voltageC,Good,383,
5002,2026-09-15 23:46:37.072,EM-01,em01.currentA,Good,206,
5003,2026-09-15 23:46:37.072,EM-01,em01.activePower,Good,107,
5004,2026-09-15 23:46:37.072,EM-01,em01.reactivePower,Good,39,
5005,2026-09-15 23:46:37.072,EM-01,em01.powerFactor,Good,0.891,
5006,2026-09-15 23:46:37.072,EM-01,em01.frequency,Good,49.98,
5007,2026-09-15 23:46:37.072,EM-01,em01.demand,Good,107,
5008,2026-09-15 23:46:37.072,EM-01,em01.energyF64,Good,12.6788055555555,
5009,2026-09-15 23:46:37.072,EM-01,em01.unbalance,Good,0.5263158,
5010,2026-09-15 23:46:37.080,GW-LINE-B,mtc01.actualTemp,Good,99.3,
5011,2026-09-15 23:46:37.080,GW-LINE-B,mtc01.pumpPressure,Good,5,
5012,2026-09-15 23:46:37.080,GW-LINE-B,mtc01.pumpFlow,Good,18,
5013,2026-09-15 23:46:37.080,GW-LINE-B,mtc01.pumpCurrent,Good,5.3,
5014,2026-09-15 23:46:37.080,GW-LINE-B,mtc01.heatPower,Good,4,
5015,2026-09-15 23:46:37.080,GW-LINE-B,mtc01.outletTemp,Good,99.8,
5016,2026-09-15 23:46:37.080,GW-LINE-B,mtc01.tempAvg,Good,992.7621,
5017,2026-09-15 23:46:37.081,ENV-01,env01.roomTemp,Good,24.1,
5018,2026-09-15 23:46:37.081,ENV-01,env01.humidity,Good,55,
5019,2026-09-15 23:46:37.081,ENV-01,env01.dewPoint,Good,15.1,
5020,2026-09-15 23:46:37.081,ENV-01,env01.noise,Good,78,
5021,2026-09-15 23:46:37.081,ENV-01,env01.pm25,Good,54,
5022,2026-09-15 23:46:37.081,ENV-01,env01.pressureDiff,Good,-3,
5023,2026-09-15 23:46:37.081,ENV-01,env01.illuminance,Good,359,
5024,2026-09-15 23:46:37.081,ENV-01,env01.tempFluctuation,Good,12.61719,
5025,2026-09-15 23:46:37.086,GW-LINE-B,dry01.heatPower,Good,8,
5026,2026-09-15 23:46:37.086,GW-LINE-B,dry01.fanCurrent,Good,2,
5027,2026-09-15 23:46:37.088,GW-LINE-B,dry01.levelTrend,Good,-4.332795,
5028,2026-09-15 23:46:37.092,GW-LINE-B,rob01.trajectory,Good,4.704994,
5029,2026-09-15 23:46:37.115,IM-01,im01.prodTime,Good,09/15/2026 23:46:37,
5030,2026-09-15 23:46:38.067,IM-01,im01.moldTemp,Good,84.6,
5031,2026-09-15 23:46:38.067,IM-01,im01.energyTotal,Good,1.02097222222223,
5032,2026-09-15 23:46:38.072,EM-01,em01.totalEnergy,Good,1252.1,
5033,2026-09-15 23:46:38.072,EM-01,em01.forwardEnergy,Good,1252.1,
5034,2026-09-15 23:46:38.072,EM-01,em01.voltageB,Good,386,
5035,2026-09-15 23:46:38.072,EM-01,em01.voltageC,Good,378,
5036,2026-09-15 23:46:38.072,EM-01,em01.currentA,Good,219.9,
5037,2026-09-15 23:46:38.072,EM-01,em01.activePower,Good,113,
5038,2026-09-15 23:46:38.072,EM-01,em01.powerFactor,Good,0.896,
5039,2026-09-15 23:46:38.072,EM-01,em01.frequency,Good,49.97,
5040,2026-09-15 23:46:38.072,EM-01,em01.demand,Good,113,
5041,2026-09-15 23:46:38.072,EM-01,em01.energyF64,Good,12.7116388888889,
5042,2026-09-15 23:46:38.072,EM-01,em01.unbalance,Good,2.105263,
5043,2026-09-15 23:46:38.081,GW-LINE-B,mtc01.actualTemp,Good,99,
5044,2026-09-15 23:46:38.081,ENV-01,env01.humidity,Good,54,
5045,2026-09-15 23:46:38.081,ENV-01,env01.dewPoint,Good,15,
5046,2026-09-15 23:46:38.081,ENV-01,env01.noise,Good,73,
5047,2026-09-15 23:46:38.081,GW-LINE-B,mtc01.pumpPressure,Good,2,
5048,2026-09-15 23:46:38.081,ENV-01,env01.pm25,Good,46,
5049,2026-09-15 23:46:38.081,GW-LINE-B,mtc01.pumpFlow,Good,39,
5050,2026-09-15 23:46:38.081,ENV-01,env01.pressureDiff,Good,9,
5051,2026-09-15 23:46:38.081,GW-LINE-B,mtc01.pumpCurrent,Good,5.5,
5052,2026-09-15 23:46:38.081,GW-LINE-B,mtc01.heatPower,Good,8,
5053,2026-09-15 23:46:38.081,ENV-01,env01.illuminance,Good,420,
5054,2026-09-15 23:46:38.081,GW-LINE-B,mtc01.outletTemp,Good,99.5,
5055,2026-09-15 23:46:38.081,GW-LINE-B,mtc01.tempAvg,Good,990.0836,
5056,2026-09-15 23:46:38.081,ENV-01,env01.tempFluctuation,Good,13.17418,
5057,2026-09-15 23:46:38.087,GW-LINE-B,dry01.dewPoint,Good,-34.2,
5058,2026-09-15 23:46:38.087,GW-LINE-B,dry01.heatPower,Good,3,
5059,2026-09-15 23:46:38.087,GW-LINE-B,dry01.fanCurrent,Good,1.1,
5060,2026-09-15 23:46:38.088,GW-LINE-B,dry01.levelTrend,Good,-4.364395,
5061,2026-09-15 23:46:38.093,GW-LINE-B,rob01.cycleTime,Good,3,
5062,2026-09-15 23:46:38.093,GW-LINE-B,rob01.trajectory,Good,5.022355,
5063,2026-09-15 23:46:38.116,IM-01,im01.prodTime,Good,09/15/2026 23:46:38,
5064,2026-09-15 23:46:39.028,IM-01,im01.clampForceDev,Good,-40,
5065,2026-09-15 23:46:39.029,GW-LINE-B,mtc01.runSeconds,Good,4040,
5066,2026-09-15 23:46:39.029,GW-LINE-B,mtc01.energyTotal,Good,0.612027777777783,
5067,2026-09-15 23:46:39.030,ENV-01,env01.runSeconds,Good,4040,
5068,2026-09-15 23:46:39.030,ENV-01,env01.sampleTime,Good,09/15/2026 23:46:38,
5069,2026-09-15 23:46:39.031,GW-LINE-B,mtc01.tempDeviation,Good,-0.8,
5070,2026-09-15 23:46:39.033,ENV-01,env01.tempDeviation,Good,0.1,
5071,2026-09-15 23:46:39.035,GW-LINE-B,dry01.drySeconds,Good,3828,
5072,2026-09-15 23:46:39.035,GW-LINE-B,dry01.energyTotal,Good,0.618138888888895,
5073,2026-09-15 23:46:39.037,GW-LINE-B,dry01.dewDeviation,Good,0.1,
5074,2026-09-15 23:46:39.038,EM-01,em01.readTime,Good,09/15/2026 23:46:38,
5075,2026-09-15 23:46:39.042,GW-LINE-B,rob01.runSeconds,Good,4040,
5076,2026-09-15 23:46:39.043,GW-LINE-B,rob01.energyTotal,Good,0.563527777777778,
5077,2026-09-15 23:46:39.045,GW-LINE-B,rob01.posDeviation,Good,-96,
5078,2026-09-15 23:46:39.068,IM-01,im01.moldTemp,Good,84.5,
5079,2026-09-15 23:46:39.068,IM-01,im01.oilTemp,Good,44.6,
5080,2026-09-15 23:46:39.068,IM-01,im01.energyTotal,Good,1.02180555555556,
5081,2026-09-15 23:46:39.073,EM-01,em01.totalEnergy,Good,1255.19,
5082,2026-09-15 23:46:39.073,EM-01,em01.forwardEnergy,Good,1255.19,
5083,2026-09-15 23:46:39.073,EM-01,em01.voltageA,Good,382,
5084,2026-09-15 23:46:39.073,EM-01,em01.voltageB,Good,384,
5085,2026-09-15 23:46:39.073,EM-01,em01.voltageC,Good,376,
5086,2026-09-15 23:46:39.073,EM-01,em01.currentA,Good,178.2,
5087,2026-09-15 23:46:39.073,EM-01,em01.activePower,Good,108,
5088,2026-09-15 23:46:39.073,EM-01,em01.reactivePower,Good,22,
5089,2026-09-15 23:46:39.073,EM-01,em01.powerFactor,Good,0.935,
5090,2026-09-15 23:46:39.073,EM-01,em01.frequency,Good,49.93,
5091,2026-09-15 23:46:39.073,EM-01,em01.demand,Good,108,
5092,2026-09-15 23:46:39.073,EM-01,em01.energyF64,Good,12.7429166666667,
5093,2026-09-15 23:46:39.081,GW-LINE-B,mtc01.actualTemp,Good,99.3,
5094,2026-09-15 23:46:39.081,GW-LINE-B,mtc01.pumpPressure,Good,3,
5095,2026-09-15 23:46:39.081,GW-LINE-B,mtc01.pumpFlow,Good,15,
5096,2026-09-15 23:46:39.081,GW-LINE-B,mtc01.pumpCurrent,Good,5,
5097,2026-09-15 23:46:39.081,GW-LINE-B,mtc01.outletTemp,Good,99.8,
5098,2026-09-15 23:46:39.081,GW-LINE-B,mtc01.tempAvg,Good,993.2015,
5099,2026-09-15 23:46:39.081,ENV-01,env01.dewPoint,Good,15.1,
5100,2026-09-15 23:46:39.081,ENV-01,env01.noise,Good,72,
5101,2026-09-15 23:46:39.081,ENV-01,env01.pm25,Good,29,
5102,2026-09-15 23:46:39.081,ENV-01,env01.illuminance,Good,424,
5103,2026-09-15 23:46:39.081,ENV-01,env01.tempFluctuation,Good,12.56229,
5104,2026-09-15 23:46:39.087,GW-LINE-B,dry01.dewPoint,Good,-34.9,
5105,2026-09-15 23:46:39.087,GW-LINE-B,dry01.heatPower,Good,5,
5106,2026-09-15 23:46:39.087,GW-LINE-B,dry01.fanCurrent,Good,0.9,
5107,2026-09-15 23:46:39.088,GW-LINE-B,dry01.levelTrend,Good,-4.39432,
5108,2026-09-15 23:46:39.093,GW-LINE-B,rob01.cycleTime,Good,2.7,
5109,2026-09-15 23:46:39.093,GW-LINE-B,rob01.posX,Good,4,
5110,2026-09-15 23:46:39.093,GW-LINE-B,rob01.trajectory,Good,3.800733,
5111,2026-09-15 23:46:39.117,IM-01,im01.prodTime,Good,09/15/2026 23:46:39,
5112,2026-09-15 23:46:40.068,IM-01,im01.energyTotal,Good,1.0226388888889,
5113,2026-09-15 23:46:40.073,EM-01,em01.totalEnergy,Good,1258.23,
5114,2026-09-15 23:46:40.073,EM-01,em01.forwardEnergy,Good,1258.23,
5115,2026-09-15 23:46:40.073,EM-01,em01.voltageA,Good,378,
5116,2026-09-15 23:46:40.073,EM-01,em01.voltageB,Good,376,
5117,2026-09-15 23:46:40.073,EM-01,em01.voltageC,Good,377,
5118,2026-09-15 23:46:40.073,EM-01,em01.currentA,Good,211.3,
5119,2026-09-15 23:46:40.073,EM-01,em01.activePower,Good,116,
5120,2026-09-15 23:46:40.073,EM-01,em01.reactivePower,Good,23,
5121,2026-09-15 23:46:40.073,EM-01,em01.powerFactor,Good,0.945,
5122,2026-09-15 23:46:40.073,EM-01,em01.frequency,Good,50.04,
5123,2026-09-15 23:46:40.073,EM-01,em01.demand,Good,116,
5124,2026-09-15 23:46:40.073,EM-01,em01.energyF64,Good,12.77375,
5125,2026-09-15 23:46:40.073,EM-01,em01.unbalance,Good,0.5263158,
5126,2026-09-15 23:46:40.081,ENV-01,env01.roomTemp,Good,24,
5127,2026-09-15 23:46:40.081,GW-LINE-B,mtc01.pumpPressure,Good,5,
5128,2026-09-15 23:46:40.081,ENV-01,env01.humidity,Good,53,
5130,2026-09-15 23:46:40.081,ENV-01,env01.dewPoint,Good,14.7,
5129,2026-09-15 23:46:40.081,GW-LINE-B,mtc01.pumpFlow,Good,22,
5131,2026-09-15 23:46:40.081,ENV-01,env01.noise,Good,78,
5132,2026-09-15 23:46:40.081,GW-LINE-B,mtc01.pumpCurrent,Good,5.3,
5133,2026-09-15 23:46:40.081,GW-LINE-B,mtc01.heatPower,Good,6,
5134,2026-09-15 23:46:40.081,ENV-01,env01.pm25,Good,46,
5135,2026-09-15 23:46:40.081,ENV-01,env01.pressureDiff,Good,12,
5136,2026-09-15 23:46:40.081,GW-LINE-B,mtc01.tempAvg,Good,992.9387,
5137,2026-09-15 23:46:40.081,ENV-01,env01.illuminance,Good,313,
5138,2026-09-15 23:46:40.081,ENV-01,env01.tempFluctuation,Good,12.3654,
5139,2026-09-15 23:46:40.087,GW-LINE-B,dry01.dewPoint,Good,-34.7,
5140,2026-09-15 23:46:40.087,GW-LINE-B,dry01.materialLevel,Good,40,
5141,2026-09-15 23:46:40.087,GW-LINE-B,dry01.fanCurrent,Good,1.4,
5142,2026-09-15 23:46:40.088,GW-LINE-B,dry01.levelTrend,Good,-4.425986,
5143,2026-09-15 23:46:40.093,GW-LINE-B,rob01.cycleTime,Good,2.8,
5144,2026-09-15 23:46:40.093,GW-LINE-B,rob01.posY,Good,1,
5145,2026-09-15 23:46:40.093,GW-LINE-B,rob01.trajectory,Good,4.205506,
5146,2026-09-15 23:46:40.117,IM-01,im01.prodTime,Good,09/15/2026 23:46:40,
5147,2026-09-15 23:46:41.068,IM-01,im01.moldTemp,Good,84.6,
5148,2026-09-15 23:46:41.068,IM-01,im01.oilTemp,Good,44.7,
5149,2026-09-15 23:46:41.068,IM-01,im01.energyTotal,Good,1.02347222222223,
5150,2026-09-15 23:46:41.073,EM-01,em01.totalEnergy,Good,1261.11,
5151,2026-09-15 23:46:41.073,EM-01,em01.forwardEnergy,Good,1261.11,
5152,2026-09-15 23:46:41.073,EM-01,em01.voltageA,Good,375,
5153,2026-09-15 23:46:41.073,EM-01,em01.voltageB,Good,378,
5154,2026-09-15 23:46:41.073,EM-01,em01.voltageC,Good,375,
5155,2026-09-15 23:46:41.073,EM-01,em01.currentA,Good,153,
5156,2026-09-15 23:46:41.073,EM-01,em01.activePower,Good,106,
5157,2026-09-15 23:46:41.073,EM-01,em01.reactivePower,Good,36,
5158,2026-09-15 23:46:41.073,EM-01,em01.powerFactor,Good,0.927,
5159,2026-09-15 23:46:41.073,EM-01,em01.frequency,Good,50.07,
5160,2026-09-15 23:46:41.073,EM-01,em01.demand,Good,106,
5161,2026-09-15 23:46:41.073,EM-01,em01.energyF64,Good,12.8030277777778,
5162,2026-09-15 23:46:41.073,EM-01,em01.unbalance,Good,0.7894737,
5163,2026-09-15 23:46:41.081,GW-LINE-B,mtc01.pumpPressure,Good,3,
5164,2026-09-15 23:46:41.081,ENV-01,env01.noise,Good,71,
5165,2026-09-15 23:46:41.081,GW-LINE-B,mtc01.pumpFlow,Good,39,
5166,2026-09-15 23:46:41.081,GW-LINE-B,mtc01.pumpCurrent,Good,3.7,
5167,2026-09-15 23:46:41.081,GW-LINE-B,mtc01.heatPower,Good,5,
5168,2026-09-15 23:46:41.081,ENV-01,env01.pm25,Good,54,
5169,2026-09-15 23:46:41.081,GW-LINE-B,mtc01.tempAvg,Good,993.1653,
5170,2026-09-15 23:46:41.081,ENV-01,env01.pressureDiff,Good,5,
5171,2026-09-15 23:46:41.081,ENV-01,env01.illuminance,Good,400,
5172,2026-09-15 23:46:41.081,ENV-01,env01.tempFluctuation,Good,12.01136,
5173,2026-09-15 23:46:41.087,GW-LINE-B,dry01.dewPoint,Good,-34.1,
5174,2026-09-15 23:46:41.087,GW-LINE-B,dry01.heatPower,Good,6,
5175,2026-09-15 23:46:41.087,GW-LINE-B,dry01.fanCurrent,Good,0.8,
5176,2026-09-15 23:46:41.088,GW-LINE-B,dry01.levelTrend,Good,-4.451278,
5177,2026-09-15 23:46:41.093,GW-LINE-B,rob01.posX,Good,3,
5178,2026-09-15 23:46:41.093,GW-LINE-B,rob01.trajectory,Good,3.113023,
5179,2026-09-15 23:46:41.118,IM-01,im01.prodTime,Good,09/15/2026 23:46:41,
5180,2026-09-15 23:46:42.068,IM-01,im01.moldTemp,Good,84.5,
5181,2026-09-15 23:46:42.068,IM-01,im01.oilTemp,Good,44.3,
5182,2026-09-15 23:46:42.068,IM-01,im01.energyTotal,Good,1.02430555555557,
5183,2026-09-15 23:46:42.073,EM-01,em01.totalEnergy,Good,1264.31,
5184,2026-09-15 23:46:42.073,EM-01,em01.forwardEnergy,Good,1264.31,
5185,2026-09-15 23:46:42.073,EM-01,em01.voltageA,Good,383,
5186,2026-09-15 23:46:42.073,EM-01,em01.voltageC,Good,376,
5187,2026-09-15 23:46:42.073,EM-01,em01.currentA,Good,150.5,
5188,2026-09-15 23:46:42.073,EM-01,em01.activePower,Good,128,
5189,2026-09-15 23:46:42.073,EM-01,em01.reactivePower,Good,40,
5190,2026-09-15 23:46:42.073,EM-01,em01.powerFactor,Good,0.869,
5191,2026-09-15 23:46:42.073,EM-01,em01.frequency,Good,49.95,
5192,2026-09-15 23:46:42.073,EM-01,em01.demand,Good,128,
5193,2026-09-15 23:46:42.073,EM-01,em01.energyF64,Good,12.8355555555555,
5194,2026-09-15 23:46:42.073,EM-01,em01.unbalance,Good,1.842105,
5195,2026-09-15 23:46:42.081,GW-LINE-B,mtc01.actualTemp,Good,99.2,
5196,2026-09-15 23:46:42.081,GW-LINE-B,mtc01.pumpPressure,Good,4,
5197,2026-09-15 23:46:42.081,GW-LINE-B,mtc01.pumpFlow,Good,24,
5198,2026-09-15 23:46:42.081,GW-LINE-B,mtc01.pumpCurrent,Good,3.9,
5199,2026-09-15 23:46:42.081,GW-LINE-B,mtc01.heatPower,Good,8,
5200,2026-09-15 23:46:42.081,GW-LINE-B,mtc01.outletTemp,Good,99.7,
5201,2026-09-15 23:46:42.081,GW-LINE-B,mtc01.tempAvg,Good,992.039,
5202,2026-09-15 23:46:42.081,ENV-01,env01.humidity,Good,55,
5203,2026-09-15 23:46:42.081,ENV-01,env01.dewPoint,Good,15.1,
5204,2026-09-15 23:46:42.081,ENV-01,env01.noise,Good,75,
5205,2026-09-15 23:46:42.081,ENV-01,env01.pm25,Good,41,
5206,2026-09-15 23:46:42.081,ENV-01,env01.pressureDiff,Good,2,
5207,2026-09-15 23:46:42.081,ENV-01,env01.illuminance,Good,317,
5208,2026-09-15 23:46:42.081,ENV-01,env01.tempFluctuation,Good,12.36162,
5209,2026-09-15 23:46:42.087,GW-LINE-B,dry01.dewPoint,Good,-34.5,
5210,2026-09-15 23:46:42.087,GW-LINE-B,dry01.heatPower,Good,3,
5211,2026-09-15 23:46:42.087,GW-LINE-B,dry01.fanCurrent,Good,1.4,
5212,2026-09-15 23:46:42.089,GW-LINE-B,dry01.levelTrend,Good,-4.483552,
5213,2026-09-15 23:46:42.094,GW-LINE-B,rob01.cycleTime,Good,3.2,
5214,2026-09-15 23:46:42.094,GW-LINE-B,rob01.posX,Good,4,
5215,2026-09-15 23:46:42.094,GW-LINE-B,rob01.posY,Good,2,
5216,2026-09-15 23:46:42.094,GW-LINE-B,rob01.trajectory,Good,3.767261,
5217,2026-09-15 23:46:42.118,IM-01,im01.prodTime,Good,09/15/2026 23:46:42,
5218,2026-09-15 23:46:43.069,IM-01,im01.moldTemp,Good,84.6,
5219,2026-09-15 23:46:43.069,IM-01,im01.oilTemp,Good,44.7,
5220,2026-09-15 23:46:43.069,IM-01,im01.energyTotal,Good,1.0251388888889,
5221,2026-09-15 23:46:43.074,EM-01,em01.totalEnergy,Good,1267.7,
5222,2026-09-15 23:46:43.074,EM-01,em01.forwardEnergy,Good,1267.7,
5223,2026-09-15 23:46:43.074,EM-01,em01.voltageB,Good,376,
5224,2026-09-15 23:46:43.074,EM-01,em01.voltageC,Good,383,
5225,2026-09-15 23:46:43.074,EM-01,em01.currentA,Good,172.3,
5226,2026-09-15 23:46:43.074,EM-01,em01.activePower,Good,121,
5227,2026-09-15 23:46:43.074,EM-01,em01.powerFactor,Good,0.865,
5228,2026-09-15 23:46:43.074,EM-01,em01.frequency,Good,50.1,
5229,2026-09-15 23:46:43.074,EM-01,em01.demand,Good,121,
5230,2026-09-15 23:46:43.074,EM-01,em01.energyF64,Good,12.8699166666666,
5231,2026-09-15 23:46:43.081,GW-LINE-B,mtc01.pumpPressure,Good,3,
5232,2026-09-15 23:46:43.081,GW-LINE-B,mtc01.pumpFlow,Good,38,
5233,2026-09-15 23:46:43.081,GW-LINE-B,mtc01.pumpCurrent,Good,5.8,
5234,2026-09-15 23:46:43.081,GW-LINE-B,mtc01.heatPower,Good,4,
5235,2026-09-15 23:46:43.081,GW-LINE-B,mtc01.tempAvg,Good,991.8036,
5236,2026-09-15 23:46:43.082,ENV-01,env01.dewPoint,Good,15,
5237,2026-09-15 23:46:43.082,ENV-01,env01.noise,Good,71,
5238,2026-09-15 23:46:43.082,ENV-01,env01.pm25,Good,24,
5239,2026-09-15 23:46:43.082,ENV-01,env01.pressureDiff,Good,11,
5240,2026-09-15 23:46:43.082,ENV-01,env01.illuminance,Good,472,
5241,2026-09-15 23:46:43.082,ENV-01,env01.tempFluctuation,Good,12.15474,
5242,2026-09-15 23:46:43.088,GW-LINE-B,dry01.dewPoint,Good,-34.6,
5243,2026-09-15 23:46:43.088,GW-LINE-B,dry01.materialLevel,Good,39,
5244,2026-09-15 23:46:43.088,GW-LINE-B,dry01.fanCurrent,Good,1.6,
5245,2026-09-15 23:46:43.089,GW-LINE-B,dry01.levelTrend,Good,-4.515773,
5246,2026-09-15 23:46:43.094,GW-LINE-B,rob01.cycleTime,Good,3.1,
5247,2026-09-15 23:46:43.094,GW-LINE-B,rob01.posY,Good,0,
5248,2026-09-15 23:46:43.094,GW-LINE-B,rob01.trajectory,Good,4.201203,
5249,2026-09-15 23:46:43.119,IM-01,im01.prodTime,Good,09/15/2026 23:46:43,
5250,2026-09-15 23:46:44.030,GW-LINE-B,mtc01.runSeconds,Good,4090,
5251,2026-09-15 23:46:44.030,GW-LINE-B,mtc01.energyTotal,Good,0.619611111111116,
5252,2026-09-15 23:46:44.032,ENV-01,env01.runSeconds,Good,4090,
5253,2026-09-15 23:46:44.032,ENV-01,env01.sampleTime,Good,09/15/2026 23:46:43,
5254,2026-09-15 23:46:44.035,ENV-01,env01.tempDeviation,Good,-0.1,
5255,2026-09-15 23:46:44.036,GW-LINE-B,dry01.drySeconds,Good,3878,
5256,2026-09-15 23:46:44.036,GW-LINE-B,dry01.energyTotal,Good,0.62558333333334,
5257,2026-09-15 23:46:44.037,GW-LINE-B,dry01.dewDeviation,Good,0.8,
5258,2026-09-15 23:46:44.041,EM-01,em01.readTime,Good,09/15/2026 23:46:43,
5259,2026-09-15 23:46:44.042,GW-LINE-B,rob01.runSeconds,Good,4090,
5260,2026-09-15 23:46:44.044,GW-LINE-B,rob01.energyTotal,Good,0.570333333333333,
5261,2026-09-15 23:46:44.069,IM-01,im01.moldTemp,Good,84.5,
5262,2026-09-15 23:46:44.069,IM-01,im01.oilTemp,Good,44.6,
5263,2026-09-15 23:46:44.069,IM-01,im01.energyTotal,Good,1.02597222222223,
5264,2026-09-15 23:46:44.074,EM-01,em01.totalEnergy,Good,1270.84,
5265,2026-09-15 23:46:44.074,EM-01,em01.forwardEnergy,Good,1270.84,
5266,2026-09-15 23:46:44.074,EM-01,em01.voltageA,Good,382,
5267,2026-09-15 23:46:44.074,EM-01,em01.voltageB,Good,378,
5268,2026-09-15 23:46:44.074,EM-01,em01.currentA,Good,158.2,
5269,2026-09-15 23:46:44.074,EM-01,em01.activePower,Good,122,
5270,2026-09-15 23:46:44.074,EM-01,em01.reactivePower,Good,38,
5271,2026-09-15 23:46:44.074,EM-01,em01.powerFactor,Good,0.95,
5272,2026-09-15 23:46:44.074,EM-01,em01.frequency,Good,49.95,
5273,2026-09-15 23:46:44.074,EM-01,em01.demand,Good,122,
5274,2026-09-15 23:46:44.074,EM-01,em01.energyF64,Good,12.9016944444444,
5275,2026-09-15 23:46:44.074,EM-01,em01.unbalance,Good,1.315789,
5276,2026-09-15 23:46:44.082,GW-LINE-B,mtc01.pumpPressure,Good,2,
5277,2026-09-15 23:46:44.082,GW-LINE-B,mtc01.pumpFlow,Good,37,
5278,2026-09-15 23:46:44.082,GW-LINE-B,mtc01.pumpCurrent,Good,3.4,
5279,2026-09-15 23:46:44.082,GW-LINE-B,mtc01.heatPower,Good,3,
5280,2026-09-15 23:46:44.082,GW-LINE-B,mtc01.tempAvg,Good,991.6167,
5281,2026-09-15 23:46:44.082,ENV-01,env01.roomTemp,Good,23.9,
5282,2026-09-15 23:46:44.082,ENV-01,env01.humidity,Good,54,
5283,2026-09-15 23:46:44.082,ENV-01,env01.dewPoint,Good,14.9,
5284,2026-09-15 23:46:44.082,ENV-01,env01.noise,Good,78,
5285,2026-09-15 23:46:44.082,ENV-01,env01.pm25,Good,36,
5286,2026-09-15 23:46:44.082,ENV-01,env01.pressureDiff,Good,2,
5287,2026-09-15 23:46:44.082,ENV-01,env01.illuminance,Good,326,
5288,2026-09-15 23:46:44.082,ENV-01,env01.tempFluctuation,Good,12.29914,
5289,2026-09-15 23:46:44.088,GW-LINE-B,dry01.dewPoint,Good,-34.3,
5290,2026-09-15 23:46:44.088,GW-LINE-B,dry01.heatPower,Good,7,
5291,2026-09-15 23:46:44.088,GW-LINE-B,dry01.fanCurrent,Good,1.5,
5292,2026-09-15 23:46:44.089,GW-LINE-B,dry01.levelTrend,Good,-4.542262,
5293,2026-09-15 23:46:44.094,GW-LINE-B,rob01.cycleTime,Good,3,
5294,2026-09-15 23:46:44.094,GW-LINE-B,rob01.trajectory,Good,4.267679,
5295,2026-09-15 23:46:44.119,IM-01,im01.prodTime,Good,09/15/2026 23:46:44,
5296,2026-09-15 23:46:45.069,IM-01,im01.oilTemp,Good,44.5,
5297,2026-09-15 23:46:45.069,IM-01,im01.energyTotal,Good,1.02680555555557,
5298,2026-09-15 23:46:45.074,EM-01,em01.totalEnergy,Good,1274.03,
5299,2026-09-15 23:46:45.074,EM-01,em01.forwardEnergy,Good,1274.03,
5300,2026-09-15 23:46:45.074,EM-01,em01.voltageA,Good,385,
5301,2026-09-15 23:46:45.074,EM-01,em01.voltageB,Good,385,
5302,2026-09-15 23:46:45.074,EM-01,em01.voltageC,Good,381,
5303,2026-09-15 23:46:45.074,EM-01,em01.currentA,Good,213,
5304,2026-09-15 23:46:45.074,EM-01,em01.activePower,Good,110,
5305,2026-09-15 23:46:45.074,EM-01,em01.powerFactor,Good,0.948,
5306,2026-09-15 23:46:45.074,EM-01,em01.demand,Good,110,
5307,2026-09-15 23:46:45.074,EM-01,em01.energyF64,Good,12.9339722222222,
5308,2026-09-15 23:46:45.074,EM-01,em01.unbalance,Good,1.052632,
5309,2026-09-15 23:46:45.083,ENV-01,env01.roomTemp,Good,23.8,
5310,2026-09-15 23:46:45.083,ENV-01,env01.humidity,Good,55,
5311,2026-09-15 23:46:45.083,ENV-01,env01.pm25,Good,20,
5312,2026-09-15 23:46:45.083,ENV-01,env01.pressureDiff,Good,4,
5313,2026-09-15 23:46:45.083,ENV-01,env01.illuminance,Good,404,
5314,2026-09-15 23:46:45.083,ENV-01,env01.tempFluctuation,Good,11.77787,
5315,2026-09-15 23:46:45.084,GW-LINE-B,mtc01.actualTemp,Good,99.3,
5316,2026-09-15 23:46:45.084,GW-LINE-B,mtc01.pumpPressure,Good,4,
5317,2026-09-15 23:46:45.084,GW-LINE-B,mtc01.pumpFlow,Good,36,
5318,2026-09-15 23:46:45.084,GW-LINE-B,mtc01.pumpCurrent,Good,3.7,
5319,2026-09-15 23:46:45.084,GW-LINE-B,mtc01.heatPower,Good,4,
5320,2026-09-15 23:46:45.084,GW-LINE-B,mtc01.outletTemp,Good,99.8,
5321,2026-09-15 23:46:45.084,GW-LINE-B,mtc01.tempAvg,Good,993.4724,
5322,2026-09-15 23:46:45.090,GW-LINE-B,dry01.dewPoint,Good,-34.8,
5323,2026-09-15 23:46:45.090,GW-LINE-B,dry01.heatPower,Good,8,
5324,2026-09-15 23:46:45.090,GW-LINE-B,dry01.fanCurrent,Good,1.8,
5325,2026-09-15 23:46:45.091,GW-LINE-B,dry01.levelTrend,Good,-4.572225,
5326,2026-09-15 23:46:45.096,GW-LINE-B,rob01.cycleTime,Good,2.9,
5327,2026-09-15 23:46:45.096,GW-LINE-B,rob01.posX,Good,3,
5328,2026-09-15 23:46:45.096,GW-LINE-B,rob01.trajectory,Good,2.883704,
5329,2026-09-15 23:46:45.119,IM-01,im01.prodTime,Good,09/15/2026 23:46:45,
5330,2026-09-15 23:46:46.069,IM-01,im01.moldTemp,Good,84.6,
5331,2026-09-15 23:46:46.069,IM-01,im01.oilTemp,Good,44.4,
5332,2026-09-15 23:46:46.069,IM-01,im01.energyTotal,Good,1.0276388888889,
5333,2026-09-15 23:46:46.074,EM-01,em01.totalEnergy,Good,1277.2,
5334,2026-09-15 23:46:46.074,EM-01,em01.forwardEnergy,Good,1277.2,
5335,2026-09-15 23:46:46.074,EM-01,em01.voltageA,Good,377,
5336,2026-09-15 23:46:46.074,EM-01,em01.voltageB,Good,378,
5337,2026-09-15 23:46:46.074,EM-01,em01.voltageC,Good,379,
5338,2026-09-15 23:46:46.074,EM-01,em01.currentA,Good,125.5,
5339,2026-09-15 23:46:46.074,EM-01,em01.activePower,Good,128,
5340,2026-09-15 23:46:46.074,EM-01,em01.reactivePower,Good,23,
5341,2026-09-15 23:46:46.074,EM-01,em01.powerFactor,Good,0.902,
5342,2026-09-15 23:46:46.074,EM-01,em01.frequency,Good,50,
5343,2026-09-15 23:46:46.074,EM-01,em01.demand,Good,128,
5344,2026-09-15 23:46:46.074,EM-01,em01.energyF64,Good,12.9661111111111,
5345,2026-09-15 23:46:46.074,EM-01,em01.unbalance,Good,0.5263158,
5346,2026-09-15 23:46:46.082,GW-LINE-B,mtc01.actualTemp,Good,99.2,
5347,2026-09-15 23:46:46.082,GW-LINE-B,mtc01.pumpPressure,Good,3,
5348,2026-09-15 23:46:46.082,GW-LINE-B,mtc01.pumpFlow,Good,21,
5349,2026-09-15 23:46:46.082,GW-LINE-B,mtc01.pumpCurrent,Good,5.4,
5350,2026-09-15 23:46:46.082,GW-LINE-B,mtc01.heatPower,Good,8,
5351,2026-09-15 23:46:46.082,GW-LINE-B,mtc01.outletTemp,Good,99.7,
5352,2026-09-15 23:46:46.082,GW-LINE-B,mtc01.tempAvg,Good,992.3448,
5353,2026-09-15 23:46:46.083,ENV-01,env01.roomTemp,Good,23.9,
5354,2026-09-15 23:46:46.083,ENV-01,env01.dewPoint,Good,15,
5355,2026-09-15 23:46:46.083,ENV-01,env01.noise,Good,77,
5356,2026-09-15 23:46:46.083,ENV-01,env01.pm25,Good,26,
5357,2026-09-15 23:46:46.083,ENV-01,env01.illuminance,Good,302,
5358,2026-09-15 23:46:46.083,ENV-01,env01.tempFluctuation,Good,11.83083,
5359,2026-09-15 23:46:46.089,GW-LINE-B,dry01.dewPoint,Good,-34.6,
5360,2026-09-15 23:46:46.089,GW-LINE-B,dry01.materialLevel,Good,38,
5361,2026-09-15 23:46:46.089,GW-LINE-B,dry01.heatPower,Good,4,
5362,2026-09-15 23:46:46.089,GW-LINE-B,dry01.fanCurrent,Good,1.9,
5363,2026-09-15 23:46:46.091,GW-LINE-B,dry01.levelTrend,Good,-4.608716,
5364,2026-09-15 23:46:46.096,GW-LINE-B,rob01.cycleTime,Good,2.8,
5365,2026-09-15 23:46:46.096,GW-LINE-B,rob01.posX,Good,2,
5366,2026-09-15 23:46:46.096,GW-LINE-B,rob01.trajectory,Good,2.123835,
5367,2026-09-15 23:46:46.120,IM-01,im01.prodTime,Good,09/15/2026 23:46:46,
5368,2026-09-15 23:46:47.070,IM-01,im01.moldTemp,Good,84.5,
5369,2026-09-15 23:46:47.070,IM-01,im01.oilTemp,Good,44.1,
5370,2026-09-15 23:46:47.070,IM-01,im01.energyTotal,Good,1.02847222222224,
5371,2026-09-15 23:46:47.075,EM-01,em01.totalEnergy,Good,1280.62,
5372,2026-09-15 23:46:47.075,EM-01,em01.forwardEnergy,Good,1280.62,
5373,2026-09-15 23:46:47.075,EM-01,em01.voltageA,Good,382,
5374,2026-09-15 23:46:47.075,EM-01,em01.voltageB,Good,384,
5375,2026-09-15 23:46:47.075,EM-01,em01.currentA,Good,167.3,
5376,2026-09-15 23:46:47.075,EM-01,em01.activePower,Good,118,
5377,2026-09-15 23:46:47.075,EM-01,em01.reactivePower,Good,37,
5378,2026-09-15 23:46:47.075,EM-01,em01.powerFactor,Good,0.886,
5379,2026-09-15 23:46:47.075,EM-01,em01.frequency,Good,50.08,
5380,2026-09-15 23:46:47.075,EM-01,em01.demand,Good,118,
5381,2026-09-15 23:46:47.075,EM-01,em01.energyF64,Good,13.0007777777778,
5382,2026-09-15 23:46:47.075,EM-01,em01.unbalance,Good,1.315789,
5383,2026-09-15 23:46:47.082,GW-LINE-B,mtc01.actualTemp,Good,99.4,
5384,2026-09-15 23:46:47.082,GW-LINE-B,mtc01.pumpPressure,Good,2,
5385,2026-09-15 23:46:47.082,GW-LINE-B,mtc01.pumpFlow,Good,26,
5386,2026-09-15 23:46:47.082,GW-LINE-B,mtc01.pumpCurrent,Good,5.1,
5387,2026-09-15 23:46:47.082,GW-LINE-B,mtc01.outletTemp,Good,99.9,
5388,2026-09-15 23:46:47.082,GW-LINE-B,mtc01.tempAvg,Good,994.3329,
5389,2026-09-15 23:46:47.083,ENV-01,env01.humidity,Good,54,
5390,2026-09-15 23:46:47.083,ENV-01,env01.dewPoint,Good,14.9,
5391,2026-09-15 23:46:47.083,ENV-01,env01.noise,Good,74,
5392,2026-09-15 23:46:47.083,ENV-01,env01.pm25,Good,43,
5393,2026-09-15 23:46:47.083,ENV-01,env01.pressureDiff,Good,-1,
5394,2026-09-15 23:46:47.083,ENV-01,env01.illuminance,Good,323,
5395,2026-09-15 23:46:47.083,ENV-01,env01.tempFluctuation,Good,11.69017,
5396,2026-09-15 23:46:47.088,GW-LINE-B,dry01.dewPoint,Good,-34.9,
5397,2026-09-15 23:46:47.088,GW-LINE-B,dry01.fanCurrent,Good,1.2,
5398,2026-09-15 23:46:47.090,GW-LINE-B,dry01.levelTrend,Good,-4.640162,
5399,2026-09-15 23:46:47.094,GW-LINE-B,rob01.cycleTime,Good,2.9,
5400,2026-09-15 23:46:47.094,GW-LINE-B,rob01.posX,Good,3,
5401,2026-09-15 23:46:47.094,GW-LINE-B,rob01.trajectory,Good,3.105167,
5402,2026-09-15 23:46:47.121,IM-01,im01.prodTime,Good,09/15/2026 23:46:47,
5403,2026-09-15 23:46:48.071,IM-01,im01.oilTemp,Good,44.4,
5404,2026-09-15 23:46:48.071,IM-01,im01.energyTotal,Good,1.02930555555557,
5405,2026-09-15 23:46:48.075,EM-01,em01.totalEnergy,Good,1283.72,
5406,2026-09-15 23:46:48.075,EM-01,em01.forwardEnergy,Good,1283.72,
5407,2026-09-15 23:46:48.075,EM-01,em01.voltageA,Good,378,
5408,2026-09-15 23:46:48.075,EM-01,em01.voltageB,Good,382,
5409,2026-09-15 23:46:48.075,EM-01,em01.voltageC,Good,384,
5410,2026-09-15 23:46:48.075,EM-01,em01.currentA,Good,126.2,
5411,2026-09-15 23:46:48.075,EM-01,em01.activePower,Good,125,
5412,2026-09-15 23:46:48.075,EM-01,em01.powerFactor,Good,0.935,
5413,2026-09-15 23:46:48.075,EM-01,em01.frequency,Good,50.1,
5414,2026-09-15 23:46:48.075,EM-01,em01.demand,Good,125,
5415,2026-09-15 23:46:48.075,EM-01,em01.energyF64,Good,13.0323611111111,
5416,2026-09-15 23:46:48.075,EM-01,em01.unbalance,Good,1.578947,
5417,2026-09-15 23:46:48.083,GW-LINE-B,mtc01.actualTemp,Good,99.6,
5418,2026-09-15 23:46:48.083,GW-LINE-B,mtc01.pumpPressure,Good,4,
5419,2026-09-15 23:46:48.083,GW-LINE-B,mtc01.pumpFlow,Good,38,
5420,2026-09-15 23:46:48.083,GW-LINE-B,mtc01.pumpCurrent,Good,5.9,
5421,2026-09-15 23:46:48.083,GW-LINE-B,mtc01.heatPower,Good,3,
5422,2026-09-15 23:46:48.083,GW-LINE-B,mtc01.outletTemp,Good,100.1,
5423,2026-09-15 23:46:48.083,GW-LINE-B,mtc01.tempAvg,Good,995.9341,
5424,2026-09-15 23:46:48.084,ENV-01,env01.humidity,Good,55,
5425,2026-09-15 23:46:48.084,ENV-01,env01.dewPoint,Good,15,
5426,2026-09-15 23:46:48.084,ENV-01,env01.noise,Good,71,
5427,2026-09-15 23:46:48.084,ENV-01,env01.pm25,Good,30,
5428,2026-09-15 23:46:48.084,ENV-01,env01.pressureDiff,Good,13,
5429,2026-09-15 23:46:48.084,ENV-01,env01.illuminance,Good,476,
5430,2026-09-15 23:46:48.084,ENV-01,env01.tempFluctuation,Good,12.19798,
5431,2026-09-15 23:46:48.089,GW-LINE-B,dry01.dewPoint,Good,-34.6,
5432,2026-09-15 23:46:48.089,GW-LINE-B,dry01.heatPower,Good,7,
5433,2026-09-15 23:46:48.089,GW-LINE-B,dry01.fanCurrent,Good,2,
5434,2026-09-15 23:46:48.091,GW-LINE-B,dry01.levelTrend,Good,-4.667196,
5435,2026-09-15 23:46:48.095,GW-LINE-B,rob01.cycleTime,Good,3.1,
5436,2026-09-15 23:46:48.095,GW-LINE-B,rob01.trajectory,Good,2.87969,
5437,2026-09-15 23:46:48.121,IM-01,im01.prodTime,Good,09/15/2026 23:46:48,
5438,2026-09-15 23:46:49.029,IM-01,im01.clampForceDev,Good,-44,
5439,2026-09-15 23:46:49.031,GW-LINE-B,mtc01.runSeconds,Good,4140,
5440,2026-09-15 23:46:49.031,GW-LINE-B,mtc01.energyTotal,Good,0.627611111111116,
5441,2026-09-15 23:46:49.031,EM-01,em01.readTime,Good,09/15/2026 23:46:48,
5442,2026-09-15 23:46:49.032,GW-LINE-B,mtc01.tempDeviation,Good,-0.6,
5443,2026-09-15 23:46:49.036,ENV-01,env01.runSeconds,Good,4140,
5444,2026-09-15 23:46:49.036,ENV-01,env01.sampleTime,Good,09/15/2026 23:46:48,
5445,2026-09-15 23:46:49.037,GW-LINE-B,dry01.drySeconds,Good,3928,
5446,2026-09-15 23:46:49.037,GW-LINE-B,dry01.energyTotal,Good,0.633388888888896,
5447,2026-09-15 23:46:49.038,GW-LINE-B,dry01.dewDeviation,Good,0.1,
5448,2026-09-15 23:46:49.043,GW-LINE-B,rob01.runSeconds,Good,4140,
5449,2026-09-15 23:46:49.044,GW-LINE-B,rob01.energyTotal,Good,0.577444444444445,
5450,2026-09-15 23:46:49.070,IM-01,im01.moldTemp,Good,84.6,
5451,2026-09-15 23:46:49.070,IM-01,im01.oilTemp,Good,44.6,
5452,2026-09-15 23:46:49.070,IM-01,im01.energyTotal,Good,1.03013888888891,
5453,2026-09-15 23:46:49.075,EM-01,em01.totalEnergy,Good,1286.79,
5454,2026-09-15 23:46:49.075,EM-01,em01.forwardEnergy,Good,1286.79,
5455,2026-09-15 23:46:49.075,EM-01,em01.voltageA,Good,382,
5456,2026-09-15 23:46:49.075,EM-01,em01.voltageB,Good,381,
5457,2026-09-15 23:46:49.075,EM-01,em01.voltageC,Good,379,
5458,2026-09-15 23:46:49.075,EM-01,em01.currentA,Good,217.3,
5459,2026-09-15 23:46:49.075,EM-01,em01.activePower,Good,96,
5460,2026-09-15 23:46:49.075,EM-01,em01.reactivePower,Good,31,
5461,2026-09-15 23:46:49.075,EM-01,em01.frequency,Good,50.01,
5462,2026-09-15 23:46:49.075,EM-01,em01.demand,Good,96,
5463,2026-09-15 23:46:49.075,EM-01,em01.energyF64,Good,13.0634722222222,
5464,2026-09-15 23:46:49.075,EM-01,em01.unbalance,Good,0.7894737,
5465,2026-09-15 23:46:49.084,GW-LINE-B,mtc01.actualTemp,Good,99.4,
5466,2026-09-15 23:46:49.084,GW-LINE-B,mtc01.pumpPressure,Good,3,
5467,2026-09-15 23:46:49.084,GW-LINE-B,mtc01.pumpFlow,Good,24,
5468,2026-09-15 23:46:49.084,GW-LINE-B,mtc01.pumpCurrent,Good,5.5,
5469,2026-09-15 23:46:49.084,GW-LINE-B,mtc01.heatPower,Good,6,
5470,2026-09-15 23:46:49.084,GW-LINE-B,mtc01.outletTemp,Good,99.9,
5471,2026-09-15 23:46:49.084,GW-LINE-B,mtc01.tempAvg,Good,994.3818,
5472,2026-09-15 23:46:49.085,ENV-01,env01.humidity,Good,54,
5473,2026-09-15 23:46:49.085,ENV-01,env01.dewPoint,Good,14.9,
5474,2026-09-15 23:46:49.085,ENV-01,env01.noise,Good,74,
5475,2026-09-15 23:46:49.085,ENV-01,env01.pm25,Good,24,
5476,2026-09-15 23:46:49.085,ENV-01,env01.pressureDiff,Good,1,
5477,2026-09-15 23:46:49.085,ENV-01,env01.illuminance,Good,397,
5478,2026-09-15 23:46:49.085,ENV-01,env01.tempFluctuation,Good,11.91984,
5479,2026-09-15 23:46:49.090,GW-LINE-B,dry01.heatPower,Good,6,
5480,2026-09-15 23:46:49.090,GW-LINE-B,dry01.fanCurrent,Good,1.4,
5481,2026-09-15 23:46:49.091,GW-LINE-B,dry01.levelTrend,Good,-4.694685,
5482,2026-09-15 23:46:49.096,GW-LINE-B,rob01.posX,Good,4,
5483,2026-09-15 23:46:49.096,GW-LINE-B,rob01.trajectory,Good,3.978157,
5484,2026-09-15 23:46:49.121,IM-01,im01.prodTime,Good,09/15/2026 23:46:49,
5485,2026-09-15 23:46:50.071,IM-01,im01.oilTemp,Good,44.5,
5486,2026-09-15 23:46:50.071,IM-01,im01.energyTotal,Good,1.03097222222224,
5487,2026-09-15 23:46:50.076,EM-01,em01.totalEnergy,Good,1289.88,
5488,2026-09-15 23:46:50.076,EM-01,em01.forwardEnergy,Good,1289.88,
5489,2026-09-15 23:46:50.076,EM-01,em01.voltageA,Good,381,
5490,2026-09-15 23:46:50.076,EM-01,em01.voltageB,Good,384,
5491,2026-09-15 23:46:50.076,EM-01,em01.voltageC,Good,381,
5492,2026-09-15 23:46:50.076,EM-01,em01.currentA,Good,183.3,
5493,2026-09-15 23:46:50.076,EM-01,em01.activePower,Good,109,
5494,2026-09-15 23:46:50.076,EM-01,em01.reactivePower,Good,22,
5495,2026-09-15 23:46:50.076,EM-01,em01.powerFactor,Good,0.901,
5496,2026-09-15 23:46:50.076,EM-01,em01.frequency,Good,49.97,
5497,2026-09-15 23:46:50.076,EM-01,em01.demand,Good,109,
5498,2026-09-15 23:46:50.076,EM-01,em01.energyF64,Good,13.0947777777778,
5499,2026-09-15 23:46:50.084,GW-LINE-B,mtc01.actualTemp,Good,99.5,
5500,2026-09-15 23:46:50.084,GW-LINE-B,mtc01.pumpPressure,Good,5,
5501,2026-09-15 23:46:50.084,GW-LINE-B,mtc01.pumpFlow,Good,30,
5502,2026-09-15 23:46:50.084,GW-LINE-B,mtc01.pumpCurrent,Good,5.7,
5503,2026-09-15 23:46:50.084,GW-LINE-B,mtc01.heatPower,Good,8,
5504,2026-09-15 23:46:50.084,GW-LINE-B,mtc01.outletTemp,Good,100,
5505,2026-09-15 23:46:50.084,GW-LINE-B,mtc01.tempAvg,Good,995.4211,
5506,2026-09-15 23:46:50.085,ENV-01,env01.dewPoint,Good,14.8,
5507,2026-09-15 23:46:50.085,ENV-01,env01.pm25,Good,46,
5508,2026-09-15 23:46:50.085,ENV-01,env01.pressureDiff,Good,-2,
5509,2026-09-15 23:46:50.085,ENV-01,env01.illuminance,Good,384,
5510,2026-09-15 23:46:50.085,ENV-01,env01.tempFluctuation,Good,11.74228,
5511,2026-09-15 23:46:50.091,GW-LINE-B,dry01.dewPoint,Good,-34.2,
5512,2026-09-15 23:46:50.091,GW-LINE-B,dry01.materialLevel,Good,37,
5513,2026-09-15 23:46:50.091,GW-LINE-B,dry01.heatPower,Good,3,
5514,2026-09-15 23:46:50.091,GW-LINE-B,dry01.fanCurrent,Good,0.9,
5515,2026-09-15 23:46:50.092,GW-LINE-B,dry01.levelTrend,Good,-4.7264,
5516,2026-09-15 23:46:50.095,GW-LINE-B,rob01.inPlace,Good,False,
5517,2026-09-15 23:46:50.097,GW-LINE-B,rob01.cycleTime,Good,2.8,
5518,2026-09-15 23:46:50.097,GW-LINE-B,rob01.posX,Good,98,
5519,2026-09-15 23:46:50.097,GW-LINE-B,rob01.posY,Good,305,
5520,2026-09-15 23:46:50.097,GW-LINE-B,rob01.posZ,Good,84,
5521,2026-09-15 23:46:50.097,GW-LINE-B,rob01.gripState,Good,1,
5522,2026-09-15 23:46:50.097,GW-LINE-B,rob01.trajectory,Good,97.72923,
5523,2026-09-15 23:46:50.122,IM-01,im01.prodTime,Good,09/15/2026 23:46:50,
5524,2026-09-15 23:46:51.071,IM-01,im01.moldTemp,Good,84.5,
5525,2026-09-15 23:46:51.071,IM-01,im01.oilTemp,Good,44.8,
5526,2026-09-15 23:46:51.071,IM-01,im01.energyTotal,Good,1.03180555555558,
5527,2026-09-15 23:46:51.076,EM-01,em01.totalEnergy,Good,1293.04,
5528,2026-09-15 23:46:51.076,EM-01,em01.forwardEnergy,Good,1293.04,
5529,2026-09-15 23:46:51.076,EM-01,em01.voltageA,Good,377,
5530,2026-09-15 23:46:51.076,EM-01,em01.voltageB,Good,382,
5531,2026-09-15 23:46:51.076,EM-01,em01.voltageC,Good,384,
5532,2026-09-15 23:46:51.076,EM-01,em01.currentA,Good,192,
5533,2026-09-15 23:46:51.076,EM-01,em01.activePower,Good,116,
5534,2026-09-15 23:46:51.076,EM-01,em01.reactivePower,Good,37,
5535,2026-09-15 23:46:51.076,EM-01,em01.powerFactor,Good,0.928,
5536,2026-09-15 23:46:51.076,EM-01,em01.frequency,Good,49.92,
5537,2026-09-15 23:46:51.076,EM-01,em01.demand,Good,116,
5538,2026-09-15 23:46:51.076,EM-01,em01.energyF64,Good,13.1269444444444,
5539,2026-09-15 23:46:51.076,EM-01,em01.unbalance,Good,1.842105,
5540,2026-09-15 23:46:51.084,GW-LINE-B,mtc01.actualTemp,Good,99.6,
5541,2026-09-15 23:46:51.084,GW-LINE-B,mtc01.pumpFlow,Good,20,
5542,2026-09-15 23:46:51.084,GW-LINE-B,mtc01.pumpCurrent,Good,5.8,
5543,2026-09-15 23:46:51.084,GW-LINE-B,mtc01.outletTemp,Good,100.1,
5544,2026-09-15 23:46:51.084,GW-LINE-B,mtc01.tempAvg,Good,995.8464,
5545,2026-09-15 23:46:51.085,ENV-01,env01.humidity,Good,53,
5546,2026-09-15 23:46:51.085,ENV-01,env01.dewPoint,Good,14.6,
5547,2026-09-15 23:46:51.085,ENV-01,env01.noise,Good,73,
5548,2026-09-15 23:46:51.085,ENV-01,env01.pm25,Good,33,
5549,2026-09-15 23:46:51.085,ENV-01,env01.pressureDiff,Good,7,
5550,2026-09-15 23:46:51.085,ENV-01,env01.illuminance,Good,495,
5551,2026-09-15 23:46:51.085,ENV-01,env01.tempFluctuation,Good,12.33642,
5552,2026-09-15 23:46:51.091,GW-LINE-B,dry01.dewPoint,Good,-33.5,
5553,2026-09-15 23:46:51.091,GW-LINE-B,dry01.heatPower,Good,8,
5554,2026-09-15 23:46:51.091,GW-LINE-B,dry01.fanCurrent,Good,1.4,
5555,2026-09-15 23:46:51.092,GW-LINE-B,dry01.levelTrend,Good,-4.753465,
5556,2026-09-15 23:46:51.097,GW-LINE-B,rob01.cycleTime,Good,2.9,
5557,2026-09-15 23:46:51.097,GW-LINE-B,rob01.posX,Good,95,
5558,2026-09-15 23:46:51.097,GW-LINE-B,rob01.posY,Good,304,
5559,2026-09-15 23:46:51.097,GW-LINE-B,rob01.posZ,Good,80,
5560,2026-09-15 23:46:51.097,GW-LINE-B,rob01.trajectory,Good,94.95219,
5561,2026-09-15 23:46:51.122,IM-01,im01.prodTime,Good,09/15/2026 23:46:51,
5562,2026-09-15 23:46:52.071,IM-01,im01.oilTemp,Good,44.4,
5563,2026-09-15 23:46:52.071,IM-01,im01.energyTotal,Good,1.03263888888891,
5564,2026-09-15 23:46:52.076,EM-01,em01.totalEnergy,Good,1296.25,
5565,2026-09-15 23:46:52.076,EM-01,em01.forwardEnergy,Good,1296.25,
5566,2026-09-15 23:46:52.076,EM-01,em01.voltageA,Good,380,
5567,2026-09-15 23:46:52.076,EM-01,em01.voltageB,Good,385,
5568,2026-09-15 23:46:52.076,EM-01,em01.voltageC,Good,375,
5569,2026-09-15 23:46:52.076,EM-01,em01.currentA,Good,153.5,
5570,2026-09-15 23:46:52.076,EM-01,em01.activePower,Good,113,
5571,2026-09-15 23:46:52.076,EM-01,em01.reactivePower,Good,35,
5572,2026-09-15 23:46:52.076,EM-01,em01.powerFactor,Good,0.917,
5573,2026-09-15 23:46:52.076,EM-01,em01.demand,Good,113,
5574,2026-09-15 23:46:52.076,EM-01,em01.energyF64,Good,13.1595833333333,
5575,2026-09-15 23:46:52.076,EM-01,em01.unbalance,Good,2.631579,
5576,2026-09-15 23:46:52.084,GW-LINE-B,mtc01.pumpPressure,Good,2,
5577,2026-09-15 23:46:52.084,GW-LINE-B,mtc01.pumpFlow,Good,21,
5578,2026-09-15 23:46:52.084,GW-LINE-B,mtc01.pumpCurrent,Good,4.6,
5579,2026-09-15 23:46:52.084,GW-LINE-B,mtc01.heatPower,Good,7,
5580,2026-09-15 23:46:52.084,GW-LINE-B,mtc01.tempAvg,Good,996.397,
5581,2026-09-15 23:46:52.085,ENV-01,env01.roomTemp,Good,24,
5582,2026-09-15 23:46:52.085,ENV-01,env01.humidity,Good,55,
5583,2026-09-15 23:46:52.085,ENV-01,env01.dewPoint,Good,15.1,
5584,2026-09-15 23:46:52.085,ENV-01,env01.noise,Good,74,
5585,2026-09-15 23:46:52.085,ENV-01,env01.pm25,Good,48,
5586,2026-09-15 23:46:52.085,ENV-01,env01.pressureDiff,Good,3,
5587,2026-09-15 23:46:52.085,ENV-01,env01.illuminance,Good,497,
5588,2026-09-15 23:46:52.085,ENV-01,env01.tempFluctuation,Good,12.48851,
5589,2026-09-15 23:46:52.090,GW-LINE-B,dry01.dewPoint,Good,-34.1,
5590,2026-09-15 23:46:52.090,GW-LINE-B,dry01.heatPower,Good,5,
5591,2026-09-15 23:46:52.092,GW-LINE-B,dry01.levelTrend,Good,-4.779138,
5592,2026-09-15 23:46:52.097,GW-LINE-B,rob01.cycleTime,Good,2.8,
5593,2026-09-15 23:46:52.097,GW-LINE-B,rob01.posX,Good,0,
5594,2026-09-15 23:46:52.097,GW-LINE-B,rob01.posY,Good,404,
5595,2026-09-15 23:46:52.097,GW-LINE-B,rob01.posZ,Good,200,
5596,2026-09-15 23:46:52.097,GW-LINE-B,rob01.trajectory,Good,0.09164463,
5597,2026-09-15 23:46:52.123,IM-01,im01.prodTime,Good,09/15/2026 23:46:52,
5598,2026-09-15 23:46:53.071,IM-01,im01.oilTemp,Good,44.5,
5599,2026-09-15 23:46:53.071,IM-01,im01.energyTotal,Good,1.03347222222224,
5600,2026-09-15 23:46:53.077,EM-01,em01.totalEnergy,Good,1299.29,
5601,2026-09-15 23:46:53.077,EM-01,em01.forwardEnergy,Good,1299.29,
5602,2026-09-15 23:46:53.077,EM-01,em01.voltageA,Good,385,
5603,2026-09-15 23:46:53.077,EM-01,em01.voltageB,Good,380,
5604,2026-09-15 23:46:53.077,EM-01,em01.voltageC,Good,383,
5605,2026-09-15 23:46:53.077,EM-01,em01.currentA,Good,161,
5606,2026-09-15 23:46:53.077,EM-01,em01.activePower,Good,116,
5607,2026-09-15 23:46:53.077,EM-01,em01.reactivePower,Good,30,
5608,2026-09-15 23:46:53.077,EM-01,em01.powerFactor,Good,0.921,
5609,2026-09-15 23:46:53.077,EM-01,em01.frequency,Good,49.95,
5610,2026-09-15 23:46:53.077,EM-01,em01.demand,Good,116,
5611,2026-09-15 23:46:53.077,EM-01,em01.energyF64,Good,13.1904166666667,
5612,2026-09-15 23:46:53.077,EM-01,em01.unbalance,Good,1.315789,
5613,2026-09-15 23:46:53.085,GW-LINE-B,mtc01.pumpFlow,Good,37,
5614,2026-09-15 23:46:53.085,GW-LINE-B,mtc01.pumpCurrent,Good,4.2,
5615,2026-09-15 23:46:53.085,GW-LINE-B,mtc01.tempAvg,Good,995.6344,
5616,2026-09-15 23:46:53.086,ENV-01,env01.humidity,Good,53,
5617,2026-09-15 23:46:53.086,ENV-01,env01.dewPoint,Good,14.8,
5618,2026-09-15 23:46:53.086,ENV-01,env01.noise,Good,75,
5619,2026-09-15 23:46:53.086,ENV-01,env01.pm25,Good,22,
5620,2026-09-15 23:46:53.086,ENV-01,env01.pressureDiff,Good,2,
5621,2026-09-15 23:46:53.086,ENV-01,env01.illuminance,Good,495,
5622,2026-09-15 23:46:53.086,ENV-01,env01.tempFluctuation,Good,12.85025,
5623,2026-09-15 23:46:53.091,GW-LINE-B,dry01.dewPoint,Good,-34.4,
5624,2026-09-15 23:46:53.091,GW-LINE-B,dry01.materialLevel,Good,36,
5625,2026-09-15 23:46:53.091,GW-LINE-B,dry01.heatPower,Good,7,
5626,2026-09-15 23:46:53.091,GW-LINE-B,dry01.fanCurrent,Good,2,
5627,2026-09-15 23:46:53.092,GW-LINE-B,dry01.levelTrend,Good,-4.81259,
5628,2026-09-15 23:46:53.097,GW-LINE-B,rob01.cycleTime,Good,2.7,
5629,2026-09-15 23:46:53.097,GW-LINE-B,rob01.posY,Good,399,
5630,2026-09-15 23:46:53.097,GW-LINE-B,rob01.posZ,Good,202,
5631,2026-09-15 23:46:53.097,GW-LINE-B,rob01.trajectory,Good,0.2091868,
5632,2026-09-15 23:46:53.124,IM-01,im01.prodTime,Good,09/15/2026 23:46:53,
5633,2026-09-15 23:46:54.030,IM-01,im01.clampForceDev,Good,-48,
5634,2026-09-15 23:46:54.031,GW-LINE-B,mtc01.runSeconds,Good,4190,
5635,2026-09-15 23:46:54.031,GW-LINE-B,mtc01.energyTotal,Good,0.635805555555561,
5636,2026-09-15 23:46:54.031,EM-01,em01.readTime,Good,09/15/2026 23:46:53,
5637,2026-09-15 23:46:54.036,ENV-01,env01.runSeconds,Good,4190,
5638,2026-09-15 23:46:54.036,ENV-01,env01.sampleTime,Good,09/15/2026 23:46:53,
5639,2026-09-15 23:46:54.037,GW-LINE-B,dry01.drySeconds,Good,3978,
5640,2026-09-15 23:46:54.037,GW-LINE-B,dry01.energyTotal,Good,0.640750000000007,
5641,2026-09-15 23:46:54.038,GW-LINE-B,dry01.dewDeviation,Good,0.6,
5642,2026-09-15 23:46:54.039,ENV-01,env01.tempDeviation,Good,0,
5643,2026-09-15 23:46:54.043,GW-LINE-B,rob01.runSeconds,Good,4190,
5644,2026-09-15 23:46:54.045,GW-LINE-B,rob01.energyTotal,Good,0.584416666666667,
5645,2026-09-15 23:46:54.046,GW-LINE-B,rob01.posDeviation,Good,-95,
5646,2026-09-15 23:46:54.072,IM-01,im01.oilTemp,Good,44.4,
5647,2026-09-15 23:46:54.072,IM-01,im01.energyTotal,Good,1.03430555555558,
5648,2026-09-15 23:46:54.077,EM-01,em01.totalEnergy,Good,1302.35,
5649,2026-09-15 23:46:54.077,EM-01,em01.forwardEnergy,Good,1302.35,
5650,2026-09-15 23:46:54.077,EM-01,em01.voltageA,Good,379,
5651,2026-09-15 23:46:54.077,EM-01,em01.voltageC,Good,377,
5652,2026-09-15 23:46:54.077,EM-01,em01.currentA,Good,196,
5653,2026-09-15 23:46:54.077,EM-01,em01.activePower,Good,118,
5654,2026-09-15 23:46:54.077,EM-01,em01.reactivePower,Good,28,
5655,2026-09-15 23:46:54.077,EM-01,em01.powerFactor,Good,0.913,
5656,2026-09-15 23:46:54.077,EM-01,em01.frequency,Good,49.96,
5657,2026-09-15 23:46:54.077,EM-01,em01.demand,Good,118,
5658,2026-09-15 23:46:54.077,EM-01,em01.energyF64,Good,13.2215277777778,
5659,2026-09-15 23:46:54.077,EM-01,em01.unbalance,Good,0.7894737,
5660,2026-09-15 23:46:54.086,GW-LINE-B,mtc01.actualTemp,Good,99.4,
5661,2026-09-15 23:46:54.086,GW-LINE-B,mtc01.pumpPressure,Good,4,
5662,2026-09-15 23:46:54.086,GW-LINE-B,mtc01.pumpFlow,Good,15,
5663,2026-09-15 23:46:54.086,GW-LINE-B,mtc01.pumpCurrent,Good,5.5,
5664,2026-09-15 23:46:54.086,GW-LINE-B,mtc01.heatPower,Good,8,
5665,2026-09-15 23:46:54.086,GW-LINE-B,mtc01.outletTemp,Good,99.9,
5666,2026-09-15 23:46:54.086,GW-LINE-B,mtc01.tempAvg,Good,993.5148,
5667,2026-09-15 23:46:54.086,ENV-01,env01.pm25,Good,42,
5668,2026-09-15 23:46:54.086,ENV-01,env01.pressureDiff,Good,-1,
5669,2026-09-15 23:46:54.086,ENV-01,env01.illuminance,Good,401,
5670,2026-09-15 23:46:54.086,ENV-01,env01.tempFluctuation,Good,12.20154,
5671,2026-09-15 23:46:54.092,GW-LINE-B,dry01.heatPower,Good,3,
5672,2026-09-15 23:46:54.092,GW-LINE-B,dry01.fanCurrent,Good,1.2,
5673,2026-09-15 23:46:54.094,GW-LINE-B,dry01.levelTrend,Good,-4.837803,
5674,2026-09-15 23:46:54.097,GW-LINE-B,rob01.inPlace,Good,True,
5675,2026-09-15 23:46:54.098,GW-LINE-B,rob01.totalPicks,Good,14,
5676,2026-09-15 23:46:54.098,GW-LINE-B,rob01.successPicks,Good,14,
5677,2026-09-15 23:46:54.098,GW-LINE-B,rob01.posX,Good,5,
5678,2026-09-15 23:46:54.098,GW-LINE-B,rob01.posY,Good,0,
5679,2026-09-15 23:46:54.098,GW-LINE-B,rob01.posZ,Good,8,
5680,2026-09-15 23:46:54.098,GW-LINE-B,rob01.gripState,Good,0,
5681,2026-09-15 23:46:54.098,GW-LINE-B,rob01.trajectory,Good,5.174045,
5682,2026-09-15 23:46:54.124,IM-01,im01.prodTime,Good,09/15/2026 23:46:54,
5683,2026-09-15 23:46:55.072,IM-01,im01.energyTotal,Good,1.03513888888891,
5684,2026-09-15 23:46:55.077,EM-01,em01.totalEnergy,Good,1305.43,
5685,2026-09-15 23:46:55.077,EM-01,em01.forwardEnergy,Good,1305.43,
5686,2026-09-15 23:46:55.077,EM-01,em01.voltageA,Good,377,
5687,2026-09-15 23:46:55.077,EM-01,em01.voltageB,Good,384,
5688,2026-09-15 23:46:55.077,EM-01,em01.voltageC,Good,383,
5689,2026-09-15 23:46:55.077,EM-01,em01.currentA,Good,204.5,
5690,2026-09-15 23:46:55.077,EM-01,em01.activePower,Good,113,
5691,2026-09-15 23:46:55.077,EM-01,em01.powerFactor,Good,0.914,
5692,2026-09-15 23:46:55.077,EM-01,em01.frequency,Good,49.99,
5693,2026-09-15 23:46:55.077,EM-01,em01.demand,Good,113,
5694,2026-09-15 23:46:55.077,EM-01,em01.energyF64,Good,13.2528888888889,
5695,2026-09-15 23:46:55.077,EM-01,em01.unbalance,Good,1.842105,
5696,2026-09-15 23:46:55.086,GW-LINE-B,mtc01.actualTemp,Good,99.3,
5697,2026-09-15 23:46:55.086,GW-LINE-B,mtc01.pumpFlow,Good,35,
5698,2026-09-15 23:46:55.086,GW-LINE-B,mtc01.pumpCurrent,Good,3.9,
5699,2026-09-15 23:46:55.086,GW-LINE-B,mtc01.heatPower,Good,4,
5700,2026-09-15 23:46:55.086,GW-LINE-B,mtc01.outletTemp,Good,99.8,
5701,2026-09-15 23:46:55.086,GW-LINE-B,mtc01.tempAvg,Good,992.8769,
5702,2026-09-15 23:46:55.086,ENV-01,env01.humidity,Good,55,
5703,2026-09-15 23:46:55.086,ENV-01,env01.dewPoint,Good,15.1,
5704,2026-09-15 23:46:55.086,ENV-01,env01.noise,Good,78,
5705,2026-09-15 23:46:55.086,ENV-01,env01.pm25,Good,29,
5706,2026-09-15 23:46:55.086,ENV-01,env01.pressureDiff,Good,0,
5707,2026-09-15 23:46:55.086,ENV-01,env01.illuminance,Good,392,
5708,2026-09-15 23:46:55.086,ENV-01,env01.tempFluctuation,Good,12.54336,
5709,2026-09-15 23:46:55.092,GW-LINE-B,dry01.dewPoint,Good,-34.3,
5710,2026-09-15 23:46:55.092,GW-LINE-B,dry01.heatPower,Good,7,
5711,2026-09-15 23:46:55.092,GW-LINE-B,dry01.fanCurrent,Good,1.5,
5712,2026-09-15 23:46:55.094,GW-LINE-B,dry01.levelTrend,Good,-4.869002,
5713,2026-09-15 23:46:55.098,GW-LINE-B,rob01.cycleTime,Good,2.9,
5714,2026-09-15 23:46:55.098,GW-LINE-B,rob01.posX,Good,4,
5715,2026-09-15 23:46:55.098,GW-LINE-B,rob01.trajectory,Good,3.957356,
5716,2026-09-15 23:46:55.125,IM-01,im01.prodTime,Good,09/15/2026 23:46:55,
5717,2026-09-15 23:46:56.072,IM-01,im01.moldTemp,Good,84.6,
5718,2026-09-15 23:46:56.072,IM-01,im01.oilTemp,Good,44.7,
5719,2026-09-15 23:46:56.072,IM-01,im01.energyTotal,Good,1.03597222222225,
5720,2026-09-15 23:46:56.077,EM-01,em01.totalEnergy,Good,1308.66,
5721,2026-09-15 23:46:56.077,EM-01,em01.forwardEnergy,Good,1308.66,
5722,2026-09-15 23:46:56.077,EM-01,em01.voltageA,Good,384,
5723,2026-09-15 23:46:56.077,EM-01,em01.voltageB,Good,383,
5724,2026-09-15 23:46:56.077,EM-01,em01.voltageC,Good,377,
5725,2026-09-15 23:46:56.077,EM-01,em01.currentA,Good,210.7,
5726,2026-09-15 23:46:56.077,EM-01,em01.activePower,Good,130,
5727,2026-09-15 23:46:56.077,EM-01,em01.reactivePower,Good,35,
5728,2026-09-15 23:46:56.077,EM-01,em01.powerFactor,Good,0.904,
5729,2026-09-15 23:46:56.077,EM-01,em01.frequency,Good,50.07,
5730,2026-09-15 23:46:56.077,EM-01,em01.demand,Good,130,
5731,2026-09-15 23:46:56.077,EM-01,em01.energyF64,Good,13.2855833333333,
5732,2026-09-15 23:46:56.086,GW-LINE-B,mtc01.pumpPressure,Good,2,
5733,2026-09-15 23:46:56.086,GW-LINE-B,mtc01.pumpFlow,Good,28,
5734,2026-09-15 23:46:56.086,GW-LINE-B,mtc01.pumpCurrent,Good,3.4,
5735,2026-09-15 23:46:56.086,GW-LINE-B,mtc01.tempAvg,Good,992.9755,
5736,2026-09-15 23:46:56.087,ENV-01,env01.roomTemp,Good,24.1,
5737,2026-09-15 23:46:56.087,ENV-01,env01.humidity,Good,54,
5738,2026-09-15 23:46:56.087,ENV-01,env01.dewPoint,Good,15,
5739,2026-09-15 23:46:56.087,ENV-01,env01.noise,Good,70,
5740,2026-09-15 23:46:56.087,ENV-01,env01.pm25,Good,33,
5741,2026-09-15 23:46:56.087,ENV-01,env01.pressureDiff,Good,4,
5742,2026-09-15 23:46:56.087,ENV-01,env01.illuminance,Good,491,
5743,2026-09-15 23:46:56.087,ENV-01,env01.tempFluctuation,Good,12.4079,
5744,2026-09-15 23:46:56.092,GW-LINE-B,dry01.dewPoint,Good,-34.6,
5745,2026-09-15 23:46:56.092,GW-LINE-B,dry01.heatPower,Good,3,
5746,2026-09-15 23:46:56.092,GW-LINE-B,dry01.fanCurrent,Good,1.2,
5747,2026-09-15 23:46:56.094,GW-LINE-B,dry01.levelTrend,Good,-4.89963,
5748,2026-09-15 23:46:56.099,GW-LINE-B,rob01.cycleTime,Good,3.2,
5749,2026-09-15 23:46:56.099,GW-LINE-B,rob01.trajectory,Good,4.250139,
5750,2026-09-15 23:46:56.125,IM-01,im01.prodTime,Good,09/15/2026 23:46:56,
5751,2026-09-15 23:46:57.073,IM-01,im01.moldTemp,Good,84.5,
5752,2026-09-15 23:46:57.073,IM-01,im01.energyTotal,Good,1.03680555555558,
5753,2026-09-15 23:46:57.078,EM-01,em01.totalEnergy,Good,1311.61,
5754,2026-09-15 23:46:57.078,EM-01,em01.forwardEnergy,Good,1311.61,
5755,2026-09-15 23:46:57.078,EM-01,em01.voltageA,Good,378,
5756,2026-09-15 23:46:57.078,EM-01,em01.voltageB,Good,379,
5757,2026-09-15 23:46:57.078,EM-01,em01.voltageC,Good,382,
5758,2026-09-15 23:46:57.078,EM-01,em01.currentA,Good,179,
5759,2026-09-15 23:46:57.078,EM-01,em01.activePower,Good,115,
5760,2026-09-15 23:46:57.078,EM-01,em01.reactivePower,Good,34,
5761,2026-09-15 23:46:57.078,EM-01,em01.powerFactor,Good,0.945,
5762,2026-09-15 23:46:57.078,EM-01,em01.frequency,Good,49.99,
5763,2026-09-15 23:46:57.078,EM-01,em01.demand,Good,115,
5764,2026-09-15 23:46:57.078,EM-01,em01.energyF64,Good,13.3157777777778,
5765,2026-09-15 23:46:57.078,EM-01,em01.unbalance,Good,1.052632,
5766,2026-09-15 23:46:57.086,GW-LINE-B,mtc01.pumpPressure,Good,5,
5767,2026-09-15 23:46:57.086,GW-LINE-B,mtc01.pumpFlow,Good,25,
5768,2026-09-15 23:46:57.086,GW-LINE-B,mtc01.pumpCurrent,Good,4.5,
5769,2026-09-15 23:46:57.086,GW-LINE-B,mtc01.heatPower,Good,7,
5770,2026-09-15 23:46:57.086,GW-LINE-B,mtc01.tempAvg,Good,992.7807,
5771,2026-09-15 23:46:57.087,ENV-01,env01.roomTemp,Good,24.2,
5772,2026-09-15 23:46:57.087,ENV-01,env01.dewPoint,Good,15.1,
5773,2026-09-15 23:46:57.087,ENV-01,env01.noise,Good,75,
5774,2026-09-15 23:46:57.087,ENV-01,env01.pm25,Good,35,
5775,2026-09-15 23:46:57.087,ENV-01,env01.pressureDiff,Good,2,
5776,2026-09-15 23:46:57.087,ENV-01,env01.illuminance,Good,358,
5777,2026-09-15 23:46:57.087,ENV-01,env01.tempFluctuation,Good,12.87903,
5778,2026-09-15 23:46:57.093,GW-LINE-B,dry01.dewPoint,Good,-34.5,
5779,2026-09-15 23:46:57.093,GW-LINE-B,dry01.materialLevel,Good,35,
5780,2026-09-15 23:46:57.093,GW-LINE-B,dry01.heatPower,Good,8,
5781,2026-09-15 23:46:57.093,GW-LINE-B,dry01.fanCurrent,Good,1.1,
5782,2026-09-15 23:46:57.094,GW-LINE-B,dry01.levelTrend,Good,-4.926548,
5783,2026-09-15 23:46:57.099,GW-LINE-B,rob01.cycleTime,Good,2.9,
5784,2026-09-15 23:46:57.099,GW-LINE-B,rob01.posX,Good,3,
5785,2026-09-15 23:46:57.099,GW-LINE-B,rob01.trajectory,Good,2.771598,
5786,2026-09-15 23:46:57.126,IM-01,im01.prodTime,Good,09/15/2026 23:46:57,
5787,2026-09-15 23:46:58.073,IM-01,im01.energyTotal,Good,1.03763888888892,
5788,2026-09-15 23:46:58.078,EM-01,em01.totalEnergy,Good,1314.66,
5789,2026-09-15 23:46:58.078,EM-01,em01.forwardEnergy,Good,1314.66,
5790,2026-09-15 23:46:58.078,EM-01,em01.voltageA,Good,380,
5791,2026-09-15 23:46:58.078,EM-01,em01.voltageB,Good,380,
5792,2026-09-15 23:46:58.078,EM-01,em01.voltageC,Good,379,
5793,2026-09-15 23:46:58.078,EM-01,em01.currentA,Good,155.5,
5794,2026-09-15 23:46:58.078,EM-01,em01.activePower,Good,108,
5795,2026-09-15 23:46:58.078,EM-01,em01.reactivePower,Good,20,
5796,2026-09-15 23:46:58.078,EM-01,em01.powerFactor,Good,0.874,
5797,2026-09-15 23:46:58.078,EM-01,em01.frequency,Good,49.94,
5798,2026-09-15 23:46:58.078,EM-01,em01.demand,Good,108,
5799,2026-09-15 23:46:58.078,EM-01,em01.energyF64,Good,13.3467222222222,
5800,2026-09-15 23:46:58.078,EM-01,em01.unbalance,Good,0.2631579,
5801,2026-09-15 23:46:58.086,GW-LINE-B,mtc01.pumpFlow,Good,26,
5802,2026-09-15 23:46:58.086,GW-LINE-B,mtc01.pumpCurrent,Good,4.9,
5803,2026-09-15 23:46:58.086,GW-LINE-B,mtc01.tempAvg,Good,992.676,
5804,2026-09-15 23:46:58.088,ENV-01,env01.dewPoint,Good,15,
5805,2026-09-15 23:46:58.088,ENV-01,env01.noise,Good,78,
5806,2026-09-15 23:46:58.088,ENV-01,env01.pm25,Good,24,
5807,2026-09-15 23:46:58.088,ENV-01,env01.pressureDiff,Good,8,
5808,2026-09-15 23:46:58.088,ENV-01,env01.illuminance,Good,460,
5809,2026-09-15 23:46:58.088,ENV-01,env01.tempFluctuation,Good,13.06331,
5810,2026-09-15 23:46:58.092,GW-LINE-B,dry01.heatPower,Good,6,
5811,2026-09-15 23:46:58.092,GW-LINE-B,dry01.fanCurrent,Good,1,
5812,2026-09-15 23:46:58.094,GW-LINE-B,dry01.levelTrend,Good,-4.95951,
5813,2026-09-15 23:46:58.099,GW-LINE-B,rob01.cycleTime,Good,3,
5814,2026-09-15 23:46:58.099,GW-LINE-B,rob01.trajectory,Good,2.782535,
5815,2026-09-15 23:46:58.126,IM-01,im01.prodTime,Good,09/15/2026 23:46:58,
5816,2026-09-15 23:46:59.031,GW-LINE-B,mtc01.runSeconds,Good,4240,
5817,2026-09-15 23:46:59.031,GW-LINE-B,mtc01.energyTotal,Good,0.643527777777783,
5818,2026-09-15 23:46:59.032,EM-01,em01.readTime,Good,09/15/2026 23:46:58,
5819,2026-09-15 23:46:59.033,GW-LINE-B,mtc01.tempDeviation,Good,-0.8,
5820,2026-09-15 23:46:59.036,ENV-01,env01.runSeconds,Good,4240,
5821,2026-09-15 23:46:59.036,ENV-01,env01.sampleTime,Good,09/15/2026 23:46:58,
5822,2026-09-15 23:46:59.037,GW-LINE-B,dry01.drySeconds,Good,4028,
5823,2026-09-15 23:46:59.037,GW-LINE-B,dry01.energyTotal,Good,0.648833333333341,
5824,2026-09-15 23:46:59.039,GW-LINE-B,dry01.dewDeviation,Good,0.7,
5825,2026-09-15 23:46:59.039,ENV-01,env01.tempDeviation,Good,0.2,
5826,2026-09-15 23:46:59.043,GW-LINE-B,rob01.runSeconds,Good,4240,
5827,2026-09-15 23:46:59.045,GW-LINE-B,rob01.energyTotal,Good,0.591750000000001,
5828,2026-09-15 23:46:59.046,GW-LINE-B,rob01.posDeviation,Good,-96,
5829,2026-09-15 23:46:59.073,IM-01,im01.moldTemp,Good,84.6,
5830,2026-09-15 23:46:59.073,IM-01,im01.oilTemp,Good,44.5,
5831,2026-09-15 23:46:59.073,IM-01,im01.energyTotal,Good,1.03847222222225,
5832,2026-09-15 23:46:59.078,EM-01,em01.totalEnergy,Good,1317.76,
5833,2026-09-15 23:46:59.078,EM-01,em01.forwardEnergy,Good,1317.76,
5834,2026-09-15 23:46:59.078,EM-01,em01.voltageA,Good,381,
5835,2026-09-15 23:46:59.078,EM-01,em01.voltageB,Good,381,
5836,2026-09-15 23:46:59.078,EM-01,em01.currentA,Good,219.1,
5837,2026-09-15 23:46:59.078,EM-01,em01.activePower,Good,121,
5838,2026-09-15 23:46:59.078,EM-01,em01.reactivePower,Good,25,
5839,2026-09-15 23:46:59.078,EM-01,em01.powerFactor,Good,0.934,
5840,2026-09-15 23:46:59.078,EM-01,em01.frequency,Good,49.95,
5841,2026-09-15 23:46:59.078,EM-01,em01.demand,Good,121,
5842,2026-09-15 23:46:59.078,EM-01,em01.energyF64,Good,13.3783055555555,
5843,2026-09-15 23:46:59.078,EM-01,em01.unbalance,Good,0.5263158,
5844,2026-09-15 23:46:59.087,GW-LINE-B,mtc01.actualTemp,Good,99.2,
5845,2026-09-15 23:46:59.087,GW-LINE-B,mtc01.pumpFlow,Good,35,
5846,2026-09-15 23:46:59.087,GW-LINE-B,mtc01.pumpCurrent,Good,5.8,
5847,2026-09-15 23:46:59.087,GW-LINE-B,mtc01.outletTemp,Good,99.7,
5848,2026-09-15 23:46:59.087,GW-LINE-B,mtc01.tempAvg,Good,992.2075,
5849,2026-09-15 23:46:59.088,ENV-01,env01.humidity,Good,53,
5850,2026-09-15 23:46:59.088,ENV-01,env01.dewPoint,Good,14.8,
5851,2026-09-15 23:46:59.088,ENV-01,env01.noise,Good,70,
5852,2026-09-15 23:46:59.088,ENV-01,env01.pm25,Good,49,
5853,2026-09-15 23:46:59.088,ENV-01,env01.pressureDiff,Good,0,
5854,2026-09-15 23:46:59.088,ENV-01,env01.illuminance,Good,451,
5855,2026-09-15 23:46:59.088,ENV-01,env01.tempFluctuation,Good,13.33108,
5856,2026-09-15 23:46:59.093,GW-LINE-B,dry01.dewPoint,Good,-34.1,
5857,2026-09-15 23:46:59.093,GW-LINE-B,dry01.heatPower,Good,7,
5858,2026-09-15 23:46:59.093,GW-LINE-B,dry01.fanCurrent,Good,2,
5859,2026-09-15 23:46:59.095,GW-LINE-B,dry01.levelTrend,Good,-4.988595,
5860,2026-09-15 23:46:59.099,GW-LINE-B,rob01.trajectory,Good,2.936714,
5861,2026-09-15 23:46:59.127,IM-01,im01.prodTime,Good,09/15/2026 23:46:59,
5862,2026-09-15 23:47:00.074,IM-01,im01.moldTemp,Good,84.5,
5863,2026-09-15 23:47:00.074,IM-01,im01.oilTemp,Good,44.7,
5864,2026-09-15 23:47:00.074,IM-01,im01.energyTotal,Good,1.03930555555558,
5865,2026-09-15 23:47:00.079,EM-01,em01.totalEnergy,Good,1320.86,
5866,2026-09-15 23:47:00.079,EM-01,em01.forwardEnergy,Good,1320.86,
5867,2026-09-15 23:47:00.079,EM-01,em01.voltageA,Good,382,
5868,2026-09-15 23:47:00.079,EM-01,em01.voltageB,Good,380,
5869,2026-09-15 23:47:00.079,EM-01,em01.voltageC,Good,383,
5870,2026-09-15 23:47:00.079,EM-01,em01.currentA,Good,181.7,
5871,2026-09-15 23:47:00.079,EM-01,em01.activePower,Good,125,
5872,2026-09-15 23:47:00.079,EM-01,em01.reactivePower,Good,33,
5873,2026-09-15 23:47:00.079,EM-01,em01.powerFactor,Good,0.87,
5874,2026-09-15 23:47:00.079,EM-01,em01.frequency,Good,49.97,
5875,2026-09-15 23:47:00.079,EM-01,em01.demand,Good,125,
5876,2026-09-15 23:47:00.079,EM-01,em01.energyF64,Good,13.4098055555555,
5877,2026-09-15 23:47:00.079,EM-01,em01.unbalance,Good,0.7894737,
5878,2026-09-15 23:47:00.088,GW-LINE-B,mtc01.actualTemp,Good,99.3,
5879,2026-09-15 23:47:00.088,GW-LINE-B,mtc01.pumpPressure,Good,4,
5880,2026-09-15 23:47:00.088,GW-LINE-B,mtc01.pumpFlow,Good,15,
5881,2026-09-15 23:47:00.088,GW-LINE-B,mtc01.pumpCurrent,Good,3.6,
5882,2026-09-15 23:47:00.088,GW-LINE-B,mtc01.outletTemp,Good,99.8,
5883,2026-09-15 23:47:00.088,GW-LINE-B,mtc01.tempAvg,Good,993.0122,
5884,2026-09-15 23:47:00.088,ENV-01,env01.roomTemp,Good,24.1,
5885,2026-09-15 23:47:00.088,ENV-01,env01.humidity,Good,54,
5886,2026-09-15 23:47:00.088,ENV-01,env01.dewPoint,Good,15.1,
5887,2026-09-15 23:47:00.088,ENV-01,env01.noise,Good,72,
5888,2026-09-15 23:47:00.088,ENV-01,env01.pm25,Good,42,
5889,2026-09-15 23:47:00.088,ENV-01,env01.pressureDiff,Good,11,
5890,2026-09-15 23:47:00.088,ENV-01,env01.tempFluctuation,Good,12.58556,
5891,2026-09-15 23:47:00.094,GW-LINE-B,dry01.dewPoint,Good,-34.2,
5892,2026-09-15 23:47:00.094,GW-LINE-B,dry01.materialLevel,Good,34,
5893,2026-09-15 23:47:00.094,GW-LINE-B,dry01.heatPower,Good,6,
5894,2026-09-15 23:47:00.094,GW-LINE-B,dry01.fanCurrent,Good,0.8,
5895,2026-09-15 23:47:00.096,GW-LINE-B,dry01.levelTrend,Good,-5.020913,
5896,2026-09-15 23:47:00.101,GW-LINE-B,rob01.cycleTime,Good,2.7,
5897,2026-09-15 23:47:00.101,GW-LINE-B,rob01.posX,Good,2,
5898,2026-09-15 23:47:00.101,GW-LINE-B,rob01.trajectory,Good,2.233759,
5899,2026-09-15 23:47:00.128,IM-01,im01.prodTime,Good,09/15/2026 23:47:00,
5900,2026-09-15 23:47:01.074,IM-01,im01.energyTotal,Good,1.04013888888892,
5901,2026-09-15 23:47:01.079,EM-01,em01.totalEnergy,Good,1323.93,
5902,2026-09-15 23:47:01.079,EM-01,em01.forwardEnergy,Good,1323.93,
5903,2026-09-15 23:47:01.079,EM-01,em01.voltageA,Good,381,
5904,2026-09-15 23:47:01.079,EM-01,em01.voltageB,Good,385,
5905,2026-09-15 23:47:01.079,EM-01,em01.voltageC,Good,384,
5906,2026-09-15 23:47:01.079,EM-01,em01.currentA,Good,218.9,
5907,2026-09-15 23:47:01.079,EM-01,em01.activePower,Good,114,
5908,2026-09-15 23:47:01.079,EM-01,em01.reactivePower,Good,23,
5909,2026-09-15 23:47:01.079,EM-01,em01.powerFactor,Good,0.883,
5910,2026-09-15 23:47:01.079,EM-01,em01.frequency,Good,50.03,
5911,2026-09-15 23:47:01.079,EM-01,em01.demand,Good,114,
5912,2026-09-15 23:47:01.079,EM-01,em01.energyF64,Good,13.4410555555555,
5913,2026-09-15 23:47:01.079,EM-01,em01.unbalance,Good,1.052632,
5914,2026-09-15 23:47:01.088,GW-LINE-B,mtc01.actualTemp,Good,99.2,
5915,2026-09-15 23:47:01.088,GW-LINE-B,mtc01.pumpPressure,Good,3,
5916,2026-09-15 23:47:01.088,GW-LINE-B,mtc01.pumpFlow,Good,37,
5917,2026-09-15 23:47:01.088,GW-LINE-B,mtc01.pumpCurrent,Good,4.7,
5918,2026-09-15 23:47:01.088,GW-LINE-B,mtc01.heatPower,Good,4,
5919,2026-09-15 23:47:01.088,GW-LINE-B,mtc01.outletTemp,Good,99.7,
5920,2026-09-15 23:47:01.088,GW-LINE-B,mtc01.tempAvg,Good,992.0826,
5921,2026-09-15 23:47:01.089,ENV-01,env01.humidity,Good,53,
5922,2026-09-15 23:47:01.089,ENV-01,env01.dewPoint,Good,14.8,
5923,2026-09-15 23:47:01.089,ENV-01,env01.noise,Good,70,
5924,2026-09-15 23:47:01.089,ENV-01,env01.pm25,Good,39,
5925,2026-09-15 23:47:01.089,ENV-01,env01.pressureDiff,Good,1,
5926,2026-09-15 23:47:01.089,ENV-01,env01.illuminance,Good,372,
5927,2026-09-15 23:47:01.089,ENV-01,env01.tempFluctuation,Good,13.18344,
5928,2026-09-15 23:47:01.094,GW-LINE-B,dry01.dewPoint,Good,-34.5,
5929,2026-09-15 23:47:01.094,GW-LINE-B,dry01.heatPower,Good,5,
5930,2026-09-15 23:47:01.094,GW-LINE-B,dry01.fanCurrent,Good,1.7,
5931,2026-09-15 23:47:01.095,GW-LINE-B,dry01.levelTrend,Good,-5.055743,
5932,2026-09-15 23:47:01.101,GW-LINE-B,rob01.posX,Good,3,
5933,2026-09-15 23:47:01.101,GW-LINE-B,rob01.trajectory,Good,3.060659,
5934,2026-09-15 23:47:01.128,IM-01,im01.prodTime,Good,09/15/2026 23:47:01,
5935,2026-09-15 23:47:02.074,IM-01,im01.oilTemp,Good,44.6,
5936,2026-09-15 23:47:02.074,IM-01,im01.energyTotal,Good,1.04097222222225,
5937,2026-09-15 23:47:02.079,EM-01,em01.totalEnergy,Good,1327.41,
5938,2026-09-15 23:47:02.079,EM-01,em01.forwardEnergy,Good,1327.41,
5939,2026-09-15 23:47:02.079,EM-01,em01.voltageA,Good,376,
5940,2026-09-15 23:47:02.079,EM-01,em01.voltageB,Good,376,
5941,2026-09-15 23:47:02.079,EM-01,em01.voltageC,Good,374,
5942,2026-09-15 23:47:02.079,EM-01,em01.currentA,Good,188.8,
5943,2026-09-15 23:47:02.079,EM-01,em01.activePower,Good,106,
5944,2026-09-15 23:47:02.079,EM-01,em01.powerFactor,Good,0.926,
5945,2026-09-15 23:47:02.079,EM-01,em01.frequency,Good,49.99,
5946,2026-09-15 23:47:02.079,EM-01,em01.demand,Good,106,
5947,2026-09-15 23:47:02.079,EM-01,em01.energyF64,Good,13.4763055555555,
5948,2026-09-15 23:47:02.079,EM-01,em01.unbalance,Good,0.5263158,
5949,2026-09-15 23:47:02.088,GW-LINE-B,mtc01.actualTemp,Good,99.4,
5950,2026-09-15 23:47:02.088,GW-LINE-B,mtc01.pumpFlow,Good,40,
5951,2026-09-15 23:47:02.088,GW-LINE-B,mtc01.pumpCurrent,Good,4.1,
5952,2026-09-15 23:47:02.088,GW-LINE-B,mtc01.heatPower,Good,7,
5953,2026-09-15 23:47:02.088,GW-LINE-B,mtc01.outletTemp,Good,99.9,
5954,2026-09-15 23:47:02.088,GW-LINE-B,mtc01.tempAvg,Good,993.7923,
5955,2026-09-15 23:47:02.089,ENV-01,env01.noise,Good,75,
5956,2026-09-15 23:47:02.089,ENV-01,env01.pm25,Good,33,
5957,2026-09-15 23:47:02.089,ENV-01,env01.pressureDiff,Good,10,
5958,2026-09-15 23:47:02.089,ENV-01,env01.illuminance,Good,437,
5959,2026-09-15 23:47:02.089,ENV-01,env01.tempFluctuation,Good,12.48491,
5960,2026-09-15 23:47:02.094,GW-LINE-B,dry01.heatPower,Good,3,
5961,2026-09-15 23:47:02.094,GW-LINE-B,dry01.fanCurrent,Good,1.1,
5962,2026-09-15 23:47:02.095,GW-LINE-B,dry01.levelTrend,Good,-5.088872,
5963,2026-09-15 23:47:02.100,GW-LINE-B,rob01.cycleTime,Good,2.9,
5964,2026-09-15 23:47:02.100,GW-LINE-B,rob01.trajectory,Good,2.892938,
5965,2026-09-15 23:47:02.129,IM-01,im01.prodTime,Good,09/15/2026 23:47:02,
5966,2026-09-15 23:47:03.074,IM-01,im01.moldTemp,Good,84.6,
5967,2026-09-15 23:47:03.074,IM-01,im01.oilTemp,Good,44.3,
5968,2026-09-15 23:47:03.074,IM-01,im01.energyTotal,Good,1.04180555555559,
5969,2026-09-15 23:47:03.079,EM-01,em01.totalEnergy,Good,1330.22,
5970,2026-09-15 23:47:03.079,EM-01,em01.forwardEnergy,Good,1330.22,
5971,2026-09-15 23:47:03.079,EM-01,em01.voltageA,Good,380,
5972,2026-09-15 23:47:03.079,EM-01,em01.voltageB,Good,383,
5973,2026-09-15 23:47:03.079,EM-01,em01.voltageC,Good,384,
5974,2026-09-15 23:47:03.079,EM-01,em01.currentA,Good,126,
5975,2026-09-15 23:47:03.079,EM-01,em01.activePower,Good,100,
5976,2026-09-15 23:47:03.079,EM-01,em01.reactivePower,Good,25,
5977,2026-09-15 23:47:03.079,EM-01,em01.powerFactor,Good,0.873,
5978,2026-09-15 23:47:03.079,EM-01,em01.frequency,Good,49.93,
5979,2026-09-15 23:47:03.079,EM-01,em01.demand,Good,100,
5980,2026-09-15 23:47:03.079,EM-01,em01.energyF64,Good,13.5049166666666,
5981,2026-09-15 23:47:03.079,EM-01,em01.unbalance,Good,1.052632,
5982,2026-09-15 23:47:03.088,GW-LINE-B,mtc01.pumpPressure,Good,2,
5983,2026-09-15 23:47:03.088,GW-LINE-B,mtc01.pumpFlow,Good,29,
5984,2026-09-15 23:47:03.088,GW-LINE-B,mtc01.pumpCurrent,Good,3.1,
5985,2026-09-15 23:47:03.088,GW-LINE-B,mtc01.heatPower,Good,8,
5986,2026-09-15 23:47:03.088,GW-LINE-B,mtc01.tempAvg,Good,994.4634,
5987,2026-09-15 23:47:03.089,ENV-01,env01.roomTemp,Good,24.2,
5988,2026-09-15 23:47:03.089,ENV-01,env01.humidity,Good,55,
5989,2026-09-15 23:47:03.089,ENV-01,env01.dewPoint,Good,15.2,
5990,2026-09-15 23:47:03.089,ENV-01,env01.noise,Good,74,
5991,2026-09-15 23:47:03.089,ENV-01,env01.pm25,Good,51,
5992,2026-09-15 23:47:03.089,ENV-01,env01.pressureDiff,Good,5,
5993,2026-09-15 23:47:03.089,ENV-01,env01.illuminance,Good,355,
5994,2026-09-15 23:47:03.089,ENV-01,env01.tempFluctuation,Good,12.85972,
5995,2026-09-15 23:47:03.094,GW-LINE-B,dry01.dewPoint,Good,-34,
5996,2026-09-15 23:47:03.094,GW-LINE-B,dry01.materialLevel,Good,33,
5997,2026-09-15 23:47:03.094,GW-LINE-B,dry01.heatPower,Good,8,
5998,2026-09-15 23:47:03.094,GW-LINE-B,dry01.fanCurrent,Good,1.5,
5999,2026-09-15 23:47:03.095,GW-LINE-B,dry01.levelTrend,Good,-5.121497,
6000,2026-09-15 23:47:03.100,GW-LINE-B,rob01.cycleTime,Good,2.8,
6001,2026-09-15 23:47:03.100,GW-LINE-B,rob01.posX,Good,2,
6002,2026-09-15 23:47:03.100,GW-LINE-B,rob01.trajectory,Good,1.809095,
6003,2026-09-15 23:47:03.129,IM-01,im01.prodTime,Good,09/15/2026 23:47:03,
6004,2026-09-15 23:47:04.030,IM-01,im01.clampForceDev,Good,-44,
6005,2026-09-15 23:47:04.031,GW-LINE-B,mtc01.runSeconds,Good,4290,
6006,2026-09-15 23:47:04.031,GW-LINE-B,mtc01.energyTotal,Good,0.651416666666672,
6007,2026-09-15 23:47:04.032,GW-LINE-B,mtc01.tempDeviation,Good,-0.7,
6008,2026-09-15 23:47:04.032,ENV-01,env01.runSeconds,Good,4290,
6009,2026-09-15 23:47:04.032,ENV-01,env01.sampleTime,Good,09/15/2026 23:47:03,
6010,2026-09-15 23:47:04.036,EM-01,em01.readTime,Good,09/15/2026 23:47:03,
6011,2026-09-15 23:47:04.038,GW-LINE-B,dry01.drySeconds,Good,4078,
6012,2026-09-15 23:47:04.038,GW-LINE-B,dry01.energyTotal,Good,0.656888888888897,
6013,2026-09-15 23:47:04.039,GW-LINE-B,dry01.dewDeviation,Good,0.5,
6014,2026-09-15 23:47:04.044,GW-LINE-B,rob01.runSeconds,Good,4290,
6015,2026-09-15 23:47:04.045,GW-LINE-B,rob01.energyTotal,Good,0.598250000000001,
6016,2026-09-15 23:47:04.047,GW-LINE-B,rob01.posDeviation,Good,-97,
6017,2026-09-15 23:47:04.075,IM-01,im01.oilTemp,Good,44.5,
6018,2026-09-15 23:47:04.075,IM-01,im01.energyTotal,Good,1.04263888888892,
6019,2026-09-15 23:47:04.080,EM-01,em01.totalEnergy,Good,1333.2,
6020,2026-09-15 23:47:04.080,EM-01,em01.forwardEnergy,Good,1333.2,
6021,2026-09-15 23:47:04.080,EM-01,em01.voltageA,Good,377,
6022,2026-09-15 23:47:04.080,EM-01,em01.voltageC,Good,377,
6023,2026-09-15 23:47:04.080,EM-01,em01.currentA,Good,178.9,
6024,2026-09-15 23:47:04.080,EM-01,em01.activePower,Good,108,
6025,2026-09-15 23:47:04.080,EM-01,em01.reactivePower,Good,27,
6026,2026-09-15 23:47:04.080,EM-01,em01.powerFactor,Good,0.944,
6027,2026-09-15 23:47:04.080,EM-01,em01.frequency,Good,50.08,
6028,2026-09-15 23:47:04.080,EM-01,em01.demand,Good,108,
6029,2026-09-15 23:47:04.080,EM-01,em01.energyF64,Good,13.5350555555555,
6030,2026-09-15 23:47:04.080,EM-01,em01.unbalance,Good,1.578947,
6031,2026-09-15 23:47:04.088,GW-LINE-B,mtc01.actualTemp,Good,99.3,
6032,2026-09-15 23:47:04.088,GW-LINE-B,mtc01.pumpFlow,Good,34,
6033,2026-09-15 23:47:04.088,GW-LINE-B,mtc01.pumpCurrent,Good,3.2,
6034,2026-09-15 23:47:04.088,GW-LINE-B,mtc01.heatPower,Good,3,
6035,2026-09-15 23:47:04.088,GW-LINE-B,mtc01.outletTemp,Good,99.8,
6036,2026-09-15 23:47:04.088,GW-LINE-B,mtc01.tempAvg,Good,992.7571,
6037,2026-09-15 23:47:04.089,ENV-01,env01.dewPoint,Good,15.4,
6038,2026-09-15 23:47:04.089,ENV-01,env01.noise,Good,77,
6039,2026-09-15 23:47:04.089,ENV-01,env01.pm25,Good,23,
6040,2026-09-15 23:47:04.089,ENV-01,env01.pressureDiff,Good,1,
6041,2026-09-15 23:47:04.089,ENV-01,env01.illuminance,Good,388,
6042,2026-09-15 23:47:04.089,ENV-01,env01.tempFluctuation,Good,13.13296,
6043,2026-09-15 23:47:04.094,GW-LINE-B,dry01.dewPoint,Good,-34.4,
6044,2026-09-15 23:47:04.094,GW-LINE-B,dry01.heatPower,Good,4,
6045,2026-09-15 23:47:04.094,GW-LINE-B,dry01.fanCurrent,Good,2,
6046,2026-09-15 23:47:04.096,GW-LINE-B,dry01.levelTrend,Good,-5.156147,
6047,2026-09-15 23:47:04.101,GW-LINE-B,rob01.cycleTime,Good,3.2,
6048,2026-09-15 23:47:04.101,GW-LINE-B,rob01.trajectory,Good,2.216356,
6049,2026-09-15 23:47:04.130,IM-01,im01.prodTime,Good,09/15/2026 23:47:04,
6050,2026-09-15 23:47:05.075,IM-01,im01.oilTemp,Good,44.3,
6051,2026-09-15 23:47:05.075,IM-01,im01.energyTotal,Good,1.04347222222226,
6052,2026-09-15 23:47:05.080,EM-01,em01.totalEnergy,Good,1336.41,
6053,2026-09-15 23:47:05.080,EM-01,em01.forwardEnergy,Good,1336.41,
6054,2026-09-15 23:47:05.080,EM-01,em01.voltageA,Good,379,
6055,2026-09-15 23:47:05.080,EM-01,em01.voltageB,Good,381,
6056,2026-09-15 23:47:05.080,EM-01,em01.currentA,Good,173.5,
6057,2026-09-15 23:47:05.080,EM-01,em01.activePower,Good,110,
6058,2026-09-15 23:47:05.080,EM-01,em01.reactivePower,Good,37,
6059,2026-09-15 23:47:05.080,EM-01,em01.powerFactor,Good,0.909,
6060,2026-09-15 23:47:05.080,EM-01,em01.frequency,Good,49.98,
6061,2026-09-15 23:47:05.080,EM-01,em01.demand,Good,110,
6062,2026-09-15 23:47:05.080,EM-01,em01.energyF64,Good,13.5678055555555,
6063,2026-09-15 23:47:05.080,EM-01,em01.unbalance,Good,1.052632,
6064,2026-09-15 23:47:05.089,GW-LINE-B,mtc01.pumpPressure,Good,3,
6065,2026-09-15 23:47:05.089,GW-LINE-B,mtc01.pumpFlow,Good,32,
6066,2026-09-15 23:47:05.089,GW-LINE-B,mtc01.pumpCurrent,Good,4.7,
6067,2026-09-15 23:47:05.089,GW-LINE-B,mtc01.heatPower,Good,8,
6068,2026-09-15 23:47:05.089,GW-LINE-B,mtc01.tempAvg,Good,992.8474,
6069,2026-09-15 23:47:05.089,ENV-01,env01.humidity,Good,56,
6070,2026-09-15 23:47:05.089,ENV-01,env01.noise,Good,72,
6071,2026-09-15 23:47:05.089,ENV-01,env01.pm25,Good,24,
6072,2026-09-15 23:47:05.089,ENV-01,env01.pressureDiff,Good,8,
6073,2026-09-15 23:47:05.089,ENV-01,env01.illuminance,Good,489,
6074,2026-09-15 23:47:05.089,ENV-01,env01.tempFluctuation,Good,12.72667,
6075,2026-09-15 23:47:05.095,GW-LINE-B,dry01.dewPoint,Good,-35.1,
6076,2026-09-15 23:47:05.095,GW-LINE-B,dry01.heatPower,Good,5,
6077,2026-09-15 23:47:05.095,GW-LINE-B,dry01.fanCurrent,Good,1.6,
6078,2026-09-15 23:47:05.097,GW-LINE-B,dry01.levelTrend,Good,-5.184931,
6079,2026-09-15 23:47:05.101,GW-LINE-B,rob01.posX,Good,3,
6080,2026-09-15 23:47:05.101,GW-LINE-B,rob01.trajectory,Good,3.238666,
6081,2026-09-15 23:47:05.131,IM-01,im01.prodTime,Good,09/15/2026 23:47:05,
6082,2026-09-15 23:47:06.075,IM-01,im01.oilTemp,Good,44.6,
6083,2026-09-15 23:47:06.075,IM-01,im01.energyTotal,Good,1.04430555555559,
6084,2026-09-15 23:47:06.080,EM-01,em01.totalEnergy,Good,1339.42,
6085,2026-09-15 23:47:06.080,EM-01,em01.forwardEnergy,Good,1339.42,
6086,2026-09-15 23:47:06.080,EM-01,em01.voltageA,Good,377,
6087,2026-09-15 23:47:06.080,EM-01,em01.voltageB,Good,385,
6088,2026-09-15 23:47:06.080,EM-01,em01.voltageC,Good,374,
6089,2026-09-15 23:47:06.080,EM-01,em01.currentA,Good,220.2,
6090,2026-09-15 23:47:06.080,EM-01,em01.activePower,Good,111,
6091,2026-09-15 23:47:06.080,EM-01,em01.reactivePower,Good,40,
6092,2026-09-15 23:47:06.080,EM-01,em01.powerFactor,Good,0.9,
6093,2026-09-15 23:47:06.080,EM-01,em01.frequency,Good,50.01,
6094,2026-09-15 23:47:06.080,EM-01,em01.demand,Good,111,
6095,2026-09-15 23:47:06.080,EM-01,em01.energyF64,Good,13.5984166666666,
6096,2026-09-15 23:47:06.080,EM-01,em01.unbalance,Good,2.894737,
6097,2026-09-15 23:47:06.088,GW-LINE-B,mtc01.pumpFlow,Good,25,
6098,2026-09-15 23:47:06.088,GW-LINE-B,mtc01.pumpCurrent,Good,5.9,
6099,2026-09-15 23:47:06.088,GW-LINE-B,mtc01.heatPower,Good,5,
6100,2026-09-15 23:47:06.088,GW-LINE-B,mtc01.tempAvg,Good,993.1014,
6101,2026-09-15 23:47:06.090,ENV-01,env01.humidity,Good,55,
6102,2026-09-15 23:47:06.090,ENV-01,env01.dewPoint,Good,15.3,
6103,2026-09-15 23:47:06.090,ENV-01,env01.noise,Good,78,
6104,2026-09-15 23:47:06.090,ENV-01,env01.pressureDiff,Good,-3,
6105,2026-09-15 23:47:06.090,ENV-01,env01.illuminance,Good,315,
6106,2026-09-15 23:47:06.090,ENV-01,env01.tempFluctuation,Good,12.59964,
6107,2026-09-15 23:47:06.095,GW-LINE-B,dry01.materialLevel,Good,32,
6108,2026-09-15 23:47:06.095,GW-LINE-B,dry01.heatPower,Good,7,
6109,2026-09-15 23:47:06.095,GW-LINE-B,dry01.fanCurrent,Good,1.8,
6110,2026-09-15 23:47:06.096,GW-LINE-B,dry01.levelTrend,Good,-5.223736,
6111,2026-09-15 23:47:06.101,GW-LINE-B,rob01.cycleTime,Good,2.7,
6112,2026-09-15 23:47:06.101,GW-LINE-B,rob01.posX,Good,2,
6113,2026-09-15 23:47:06.101,GW-LINE-B,rob01.trajectory,Good,2.03521,
6114,2026-09-15 23:47:06.132,IM-01,im01.prodTime,Good,09/15/2026 23:47:06,
6115,2026-09-15 23:47:07.075,IM-01,im01.oilTemp,Good,44.9,
6116,2026-09-15 23:47:07.075,IM-01,im01.energyTotal,Good,1.04513888888892,
6117,2026-09-15 23:47:07.081,EM-01,em01.totalEnergy,Good,1342.39,
6118,2026-09-15 23:47:07.081,EM-01,em01.forwardEnergy,Good,1342.39,
6119,2026-09-15 23:47:07.081,EM-01,em01.voltageA,Good,381,
6120,2026-09-15 23:47:07.081,EM-01,em01.voltageB,Good,383,
6121,2026-09-15 23:47:07.081,EM-01,em01.voltageC,Good,384,
6122,2026-09-15 23:47:07.081,EM-01,em01.currentA,Good,190.6,
6123,2026-09-15 23:47:07.081,EM-01,em01.activePower,Good,106,
6124,2026-09-15 23:47:07.081,EM-01,em01.reactivePower,Good,34,
6125,2026-09-15 23:47:07.081,EM-01,em01.powerFactor,Good,0.901,
6126,2026-09-15 23:47:07.081,EM-01,em01.frequency,Good,50.08,
6127,2026-09-15 23:47:07.081,EM-01,em01.demand,Good,106,
6128,2026-09-15 23:47:07.081,EM-01,em01.energyF64,Good,13.6286388888889,
6129,2026-09-15 23:47:07.081,EM-01,em01.unbalance,Good,0.7894737,
6130,2026-09-15 23:47:07.089,GW-LINE-B,mtc01.pumpPressure,Good,2,
6131,2026-09-15 23:47:07.089,GW-LINE-B,mtc01.pumpCurrent,Good,5.8,
6132,2026-09-15 23:47:07.089,GW-LINE-B,mtc01.heatPower,Good,7,
6133,2026-09-15 23:47:07.089,GW-LINE-B,mtc01.tempAvg,Good,993.4691,
6134,2026-09-15 23:47:07.090,ENV-01,env01.humidity,Good,54,
6135,2026-09-15 23:47:07.090,ENV-01,env01.dewPoint,Good,15.2,
6136,2026-09-15 23:47:07.090,ENV-01,env01.noise,Good,75,
6137,2026-09-15 23:47:07.090,ENV-01,env01.pm25,Good,36,
6138,2026-09-15 23:47:07.090,ENV-01,env01.pressureDiff,Good,1,
6139,2026-09-15 23:47:07.090,ENV-01,env01.illuminance,Good,387,
6140,2026-09-15 23:47:07.090,ENV-01,env01.tempFluctuation,Good,12.84824,
6141,2026-09-15 23:47:07.095,GW-LINE-B,dry01.dewPoint,Good,-35.3,
6142,2026-09-15 23:47:07.095,GW-LINE-B,dry01.heatPower,Good,4,
6143,2026-09-15 23:47:07.095,GW-LINE-B,dry01.fanCurrent,Good,1.1,
6144,2026-09-15 23:47:07.097,GW-LINE-B,dry01.levelTrend,Good,-5.251727,
6145,2026-09-15 23:47:07.101,GW-LINE-B,rob01.cycleTime,Good,3.2,
6146,2026-09-15 23:47:07.101,GW-LINE-B,rob01.posX,Good,3,
6147,2026-09-15 23:47:07.101,GW-LINE-B,rob01.trajectory,Good,2.942484,
6148,2026-09-15 23:47:07.132,IM-01,im01.prodTime,Good,09/15/2026 23:47:07,
6149,2026-09-15 23:47:08.075,IM-01,im01.moldTemp,Good,84.5,
6150,2026-09-15 23:47:08.075,IM-01,im01.oilTemp,Good,44.5,
6151,2026-09-15 23:47:08.075,IM-01,im01.energyTotal,Good,1.04597222222226,
6152,2026-09-15 23:47:08.080,EM-01,em01.totalEnergy,Good,1345.24,
6153,2026-09-15 23:47:08.080,EM-01,em01.forwardEnergy,Good,1345.24,
6154,2026-09-15 23:47:08.080,EM-01,em01.voltageA,Good,377,
6155,2026-09-15 23:47:08.080,EM-01,em01.voltageB,Good,379,
6156,2026-09-15 23:47:08.080,EM-01,em01.voltageC,Good,380,
6157,2026-09-15 23:47:08.080,EM-01,em01.currentA,Good,126.6,
6158,2026-09-15 23:47:08.080,EM-01,em01.activePower,Good,111,
6159,2026-09-15 23:47:08.080,EM-01,em01.reactivePower,Good,40,
6160,2026-09-15 23:47:08.080,EM-01,em01.powerFactor,Good,0.92,
6161,2026-09-15 23:47:08.080,EM-01,em01.frequency,Good,50,
6162,2026-09-15 23:47:08.080,EM-01,em01.demand,Good,111,
6163,2026-09-15 23:47:08.080,EM-01,em01.energyF64,Good,13.6575555555555,
6164,2026-09-15 23:47:08.089,GW-LINE-B,mtc01.actualTemp,Good,99.5,
6165,2026-09-15 23:47:08.089,GW-LINE-B,mtc01.pumpPressure,Good,4,
6166,2026-09-15 23:47:08.089,GW-LINE-B,mtc01.pumpFlow,Good,34,
6167,2026-09-15 23:47:08.089,GW-LINE-B,mtc01.pumpCurrent,Good,4.5,
6168,2026-09-15 23:47:08.089,GW-LINE-B,mtc01.heatPower,Good,6,
6169,2026-09-15 23:47:08.089,GW-LINE-B,mtc01.outletTemp,Good,100,
6170,2026-09-15 23:47:08.089,GW-LINE-B,mtc01.tempAvg,Good,995.2028,
6171,2026-09-15 23:47:08.090,ENV-01,env01.humidity,Good,55,
6172,2026-09-15 23:47:08.090,ENV-01,env01.dewPoint,Good,15.3,
6173,2026-09-15 23:47:08.090,ENV-01,env01.noise,Good,72,
6174,2026-09-15 23:47:08.090,ENV-01,env01.pm25,Good,38,
6175,2026-09-15 23:47:08.090,ENV-01,env01.pressureDiff,Good,-2,
6176,2026-09-15 23:47:08.090,ENV-01,env01.illuminance,Good,350,
6177,2026-09-15 23:47:08.090,ENV-01,env01.tempFluctuation,Good,13.41608,
6178,2026-09-15 23:47:08.095,GW-LINE-B,dry01.dewPoint,Good,-34.8,
6179,2026-09-15 23:47:08.095,GW-LINE-B,dry01.heatPower,Good,7,
6180,2026-09-15 23:47:08.096,GW-LINE-B,dry01.levelTrend,Good,-5.278584,
6181,2026-09-15 23:47:08.101,GW-LINE-B,rob01.cycleTime,Good,2.8,
6182,2026-09-15 23:47:08.101,GW-LINE-B,rob01.trajectory,Good,3.022658,
6183,2026-09-15 23:47:08.132,IM-01,im01.prodTime,Good,09/15/2026 23:47:08,
6184,2026-09-15 23:47:09.031,IM-01,im01.clampForceDev,Good,-40,
6185,2026-09-15 23:47:09.031,EM-01,em01.readTime,Good,09/15/2026 23:47:08,
6186,2026-09-15 23:47:09.031,GW-LINE-B,mtc01.runSeconds,Good,4340,
6187,2026-09-15 23:47:09.031,GW-LINE-B,mtc01.energyTotal,Good,0.658638888888895,
6188,2026-09-15 23:47:09.032,ENV-01,env01.runSeconds,Good,4340,
6189,2026-09-15 23:47:09.032,ENV-01,env01.sampleTime,Good,09/15/2026 23:47:08,
6190,2026-09-15 23:47:09.033,GW-LINE-B,mtc01.tempDeviation,Good,-0.5,
6191,2026-09-15 23:47:09.037,GW-LINE-B,dry01.drySeconds,Good,4128,
6192,2026-09-15 23:47:09.037,GW-LINE-B,dry01.energyTotal,Good,0.664944444444452,
6193,2026-09-15 23:47:09.039,GW-LINE-B,dry01.dewDeviation,Good,0.2,
6194,2026-09-15 23:47:09.044,GW-LINE-B,rob01.runSeconds,Good,4340,
6195,2026-09-15 23:47:09.046,GW-LINE-B,rob01.energyTotal,Good,0.605722222222223,
6196,2026-09-15 23:47:09.047,GW-LINE-B,rob01.posDeviation,Good,-96,
6197,2026-09-15 23:47:09.076,IM-01,im01.moldTemp,Good,84.6,
6198,2026-09-15 23:47:09.076,IM-01,im01.oilTemp,Good,44.7,
6199,2026-09-15 23:47:09.076,IM-01,im01.energyTotal,Good,1.04680555555559,
6200,2026-09-15 23:47:09.081,EM-01,em01.totalEnergy,Good,1348.38,
6201,2026-09-15 23:47:09.081,EM-01,em01.forwardEnergy,Good,1348.38,
6202,2026-09-15 23:47:09.081,EM-01,em01.voltageA,Good,382,
6203,2026-09-15 23:47:09.081,EM-01,em01.voltageB,Good,382,
6204,2026-09-15 23:47:09.081,EM-01,em01.voltageC,Good,377,
6205,2026-09-15 23:47:09.081,EM-01,em01.currentA,Good,192.4,
6206,2026-09-15 23:47:09.081,EM-01,em01.activePower,Good,103,
6207,2026-09-15 23:47:09.081,EM-01,em01.reactivePower,Good,36,
6208,2026-09-15 23:47:09.081,EM-01,em01.powerFactor,Good,0.919,
6209,2026-09-15 23:47:09.081,EM-01,em01.frequency,Good,50.06,
6210,2026-09-15 23:47:09.081,EM-01,em01.demand,Good,103,
6211,2026-09-15 23:47:09.081,EM-01,em01.energyF64,Good,13.6893333333333,
6212,2026-09-15 23:47:09.081,EM-01,em01.unbalance,Good,1.315789,
6213,2026-09-15 23:47:09.090,ENV-01,env01.humidity,Good,56,
6214,2026-09-15 23:47:09.090,ENV-01,env01.dewPoint,Good,15.5,
6215,2026-09-15 23:47:09.090,ENV-01,env01.noise,Good,76,
6216,2026-09-15 23:47:09.090,GW-LINE-B,mtc01.pumpPressure,Good,3,
6217,2026-09-15 23:47:09.090,ENV-01,env01.pm25,Good,35,
6218,2026-09-15 23:47:09.090,GW-LINE-B,mtc01.pumpFlow,Good,38,
6219,2026-09-15 23:47:09.090,ENV-01,env01.pressureDiff,Good,6,
6220,2026-09-15 23:47:09.090,ENV-01,env01.illuminance,Good,351,
6221,2026-09-15 23:47:09.090,GW-LINE-B,mtc01.pumpCurrent,Good,4.6,
6222,2026-09-15 23:47:09.090,GW-LINE-B,mtc01.heatPower,Good,3,
6223,2026-09-15 23:47:09.090,ENV-01,env01.tempFluctuation,Good,12.61467,
6224,2026-09-15 23:47:09.090,GW-LINE-B,mtc01.tempAvg,Good,995.4113,
6225,2026-09-15 23:47:09.098,GW-LINE-B,dry01.dewPoint,Good,-34.6,
6226,2026-09-15 23:47:09.098,GW-LINE-B,dry01.materialLevel,Good,31,
6227,2026-09-15 23:47:09.098,GW-LINE-B,dry01.heatPower,Good,3,
6228,2026-09-15 23:47:09.098,GW-LINE-B,dry01.fanCurrent,Good,1.2,
6229,2026-09-15 23:47:09.100,GW-LINE-B,dry01.levelTrend,Good,-5.310892,
6230,2026-09-15 23:47:09.105,GW-LINE-B,rob01.cycleTime,Good,2.9,
6231,2026-09-15 23:47:09.105,GW-LINE-B,rob01.trajectory,Good,2.842313,
6232,2026-09-15 23:47:09.133,IM-01,im01.prodTime,Good,09/15/2026 23:47:09,
