seq,host_time,device,point,quality,value,reason
1,2026-09-15 23:33:57.975,IM-01,im01.statusWord,Good,1,
2,2026-09-15 23:33:57.975,GW-LINE-B,mtc01.ready,Good,True,
3,2026-09-15 23:33:57.976,EM-01,em01.totalEnergy,Good,3383.75,
4,2026-09-15 23:33:57.976,IM-01,im01.alarmCode,Good,0,
5,2026-09-15 23:33:57.977,GW-LINE-B,mtc01.heating,Good,False,
6,2026-09-15 23:33:57.977,EM-01,em01.forwardEnergy,Good,3383.75,
7,2026-09-15 23:33:57.977,EM-01,em01.voltageA,Good,375,
8,2026-09-15 23:33:57.977,ENV-01,env01.roomTemp,Good,24.2,
9,2026-09-15 23:33:57.979,GW-LINE-B,mtc01.actualTemp,Good,99.3,
10,2026-09-15 23:33:57.979,GW-LINE-B,mtc01.returnTemp,Good,95,
11,2026-09-15 23:33:57.979,GW-LINE-B,mtc01.pumpPressure,Good,0,
12,2026-09-15 23:33:57.979,IM-01,im01.totalMolds,Good,2,
13,2026-09-15 23:33:57.979,EM-01,em01.voltageB,Good,381,
14,2026-09-15 23:33:57.979,EM-01,em01.voltageC,Good,383,
15,2026-09-15 23:33:57.979,IM-01,im01.goodParts,Good,2,
16,2026-09-15 23:33:57.979,IM-01,im01.rejectParts,Good,0,
17,2026-09-15 23:33:57.979,EM-01,em01.currentA,Good,122.4,
18,2026-09-15 23:33:57.979,EM-01,em01.activePower,Good,101,
19,2026-09-15 23:33:57.979,IM-01,im01.cycleTime,Good,40.5,
20,2026-09-15 23:33:57.979,EM-01,em01.reactivePower,Good,26,
21,2026-09-15 23:33:57.979,EM-01,em01.powerFactor,Good,0.886,
22,2026-09-15 23:33:57.979,IM-01,im01.avgCycleTime,Good,37.7,
23,2026-09-15 23:33:57.979,EM-01,em01.frequency,Good,49.95,
24,2026-09-15 23:33:57.979,EM-01,em01.alarmCode,Good,0,
25,2026-09-15 23:33:57.979,IM-01,im01.oee,Good,10,
26,2026-09-15 23:33:57.979,EM-01,em01.demand,Good,101,
27,2026-09-15 23:33:57.979,IM-01,im01.stage,Good,0,
28,2026-09-15 23:33:57.979,EM-01,em01.energyF64,Good,34.3538888888888,
29,2026-09-15 23:33:57.979,EM-01,em01.unbalance,Good,2.105263,
30,2026-09-15 23:33:57.979,EM-01,em01.energyDual,Good,0,
31,2026-09-15 23:33:57.979,GW-LINE-B,mtc01.pumpFlow,Good,0,
32,2026-09-15 23:33:57.979,GW-LINE-B,mtc01.pumpCurrent,Good,0,
33,2026-09-15 23:33:57.979,GW-LINE-B,mtc01.heatPower,Good,0,
34,2026-09-15 23:33:57.979,GW-LINE-B,mtc01.outletTemp,Good,99.8,
35,2026-09-15 23:33:57.979,GW-LINE-B,mtc01.tempAvg,Good,993.2745,
36,2026-09-15 23:33:57.979,ENV-01,env01.humidity,Good,55,
37,2026-09-15 23:33:57.979,ENV-01,env01.dewPoint,Good,15.3,
38,2026-09-15 23:33:57.979,ENV-01,env01.noise,Good,74,
39,2026-09-15 23:33:57.979,ENV-01,env01.co2,Good,450,
40,2026-09-15 23:33:57.979,ENV-01,env01.pm25,Good,49,
41,2026-09-15 23:33:57.979,ENV-01,env01.pressureDiff,Good,9,
42,2026-09-15 23:33:57.979,ENV-01,env01.illuminance,Good,493,
43,2026-09-15 23:33:57.979,ENV-01,env01.roomTempDual,Good,0,
44,2026-09-15 23:33:57.979,ENV-01,env01.tempFluctuation,Good,13.2743,
45,2026-09-15 23:33:57.979,IM-01,im01.batchNo,Good,2002,
46,2026-09-15 23:33:57.980,IM-01,im01.prodTime,Good,09/15/2026 23:33:57,
47,2026-09-15 23:33:57.981,EM-01,em01.overDemand,Good,False,
48,2026-09-15 23:33:57.981,GW-LINE-B,mtc01.tempDual,Good,0,
49,2026-09-15 23:33:57.982,IM-01,im01.ready,Good,True,
50,2026-09-15 23:33:57.982,IM-01,im01.producing,Good,False,
51,2026-09-15 23:33:57.982,IM-01,im01.faultAlarm,Good,False,
52,2026-09-15 23:33:57.983,GW-LINE-B,mtc01.setTemp,Good,100,
53,2026-09-15 23:33:57.983,EM-01,em01.meterModel,Good,EM-2026-0001,
54,2026-09-15 23:33:57.983,EM-01,em01.readTime,Good,09/15/2026 23:33:57,
55,2026-09-15 23:33:57.984,IM-01,im01.barrel1Temp,Good,191.8,
56,2026-09-15 23:33:57.984,IM-01,im01.barrel5Temp,Good,147.6,
57,2026-09-15 23:33:57.984,IM-01,im01.moldTemp,Good,84.5,
58,2026-09-15 23:33:57.984,IM-01,im01.oilTemp,Good,44.2,
59,2026-09-15 23:33:57.984,IM-01,im01.injectPressure,Good,0,
60,2026-09-15 23:33:57.984,IM-01,im01.injectSpeed,Good,0,
61,2026-09-15 23:33:57.984,IM-01,im01.screwSpeed,Good,0,
62,2026-09-15 23:33:57.984,IM-01,im01.clampPressure,Good,0,
63,2026-09-15 23:33:57.984,IM-01,im01.pumpCurrent,Good,0,
64,2026-09-15 23:33:57.984,IM-01,im01.hydraulicPressure,Good,0,
65,2026-09-15 23:33:57.984,IM-01,im01.power,Good,3,
66,2026-09-15 23:33:57.984,IM-01,im01.meltEnergy,Good,0,
67,2026-09-15 23:33:57.984,IM-01,im01.energyTotal,Good,1.36275000000039,
68,2026-09-15 23:33:57.984,IM-01,im01.moldTempDual,Good,0,
70,2026-09-15 23:33:57.984,ENV-01,env01.highTempAlarm,Good,False,
69,2026-09-15 23:33:57.984,GW-LINE-B,dry01.drying,Good,True,
71,2026-09-15 23:33:57.984,GW-LINE-B,dry01.levelLow,Good,False,
72,2026-09-15 23:33:57.985,IM-01,im01.moldCloseJog,Good,False,
73,2026-09-15 23:33:57.985,IM-01,im01.start,Good,False,
74,2026-09-15 23:33:57.985,IM-01,im01.stop,Good,False,
75,2026-09-15 23:33:57.985,IM-01,im01.estop,Good,False,
76,2026-09-15 23:33:57.986,ENV-01,env01.acSetTemp,Good,24,
77,2026-09-15 23:33:57.986,GW-LINE-B,dry01.dryTemp,Good,79.4,
78,2026-09-15 23:33:57.986,GW-LINE-B,dry01.dewPoint,Good,-34.6,
79,2026-09-15 23:33:57.986,GW-LINE-B,dry01.materialLevel,Good,57,
80,2026-09-15 23:33:57.986,GW-LINE-B,dry01.heatPower,Good,5,
81,2026-09-15 23:33:57.986,GW-LINE-B,dry01.fanCurrent,Good,1,
82,2026-09-15 23:33:57.986,GW-LINE-B,dry01.inTemp,Good,444,
83,2026-09-15 23:33:57.986,GW-LINE-B,dry01.outTemp,Good,594,
84,2026-09-15 23:33:57.987,IM-01,im01.workMode,Good,3,
85,2026-09-15 23:33:57.987,IM-01,im01.targetOutput,Good,50000,
86,2026-09-15 23:33:57.987,IM-01,im01.cavitySetTemp,Good,234,
87,2026-09-15 23:33:57.987,IM-01,im01.moldSetTemp,Good,85,
88,2026-09-15 23:33:57.987,IM-01,im01.holdTime,Good,2.5,
89,2026-09-15 23:33:57.987,IM-01,im01.coolTime,Good,15,
90,2026-09-15 23:33:57.987,IM-01,im01.overTempLimit,Good,260,
91,2026-09-15 23:33:57.987,IM-01,im01.moldTempDualSet,Good,25,
92,2026-09-15 23:33:57.987,IM-01,im01.energyBudget,Good,1500,
93,2026-09-15 23:33:57.987,IM-01,im01.planHours,Good,28800,
94,2026-09-15 23:33:57.987,IM-01,im01.ratedPower,Good,45.5,
95,2026-09-15 23:33:57.988,GW-LINE-B,dry01.levelDual,Good,0,
96,2026-09-15 23:33:57.988,GW-LINE-B,dry01.levelTrend,Good,-2.707094,
97,2026-09-15 23:33:57.988,IM-01,im01.clampForceDev,Good,-56,
98,2026-09-15 23:33:57.988,ENV-01,env01.runSeconds,Good,10909,
99,2026-09-15 23:33:57.988,ENV-01,env01.sampleTime,Good,09/15/2026 23:33:57,
100,2026-09-15 23:33:57.988,ENV-01,env01.areaName,Good,注塑车间A区,
101,2026-09-15 23:33:57.988,ENV-01,env01.alarmCode,Good,0,
102,2026-09-15 23:33:57.990,GW-LINE-B,dry01.setTemp,Good,80,
103,2026-09-15 23:33:57.990,ENV-01,env01.acRunning,Good,True,
104,2026-09-15 23:33:57.990,IM-01,im01.recipeName,Good,PC-ABS-757 ??????,
105,2026-09-15 23:33:57.990,IM-01,im01.bootTime,Good,09/15/2026 23:15:45,
106,2026-09-15 23:33:57.992,GW-LINE-B,rob01.inPlace,Good,True,
107,2026-09-15 23:33:57.992,ENV-01,env01.tempDeviation,Good,0.2,
108,2026-09-15 23:33:57.994,ENV-01,env01.tempAlarmLimit,Good,32,
109,2026-09-15 23:33:57.994,ENV-01,env01.co2Threshold,Good,1000,
110,2026-09-15 23:33:57.994,GW-LINE-B,rob01.cycleTime,Good,2.9,
111,2026-09-15 23:33:57.994,GW-LINE-B,rob01.totalPicks,Good,35,
112,2026-09-15 23:33:57.994,GW-LINE-B,rob01.successPicks,Good,35,
113,2026-09-15 23:33:57.994,GW-LINE-B,rob01.failPicks,Good,0,
114,2026-09-15 23:33:57.994,GW-LINE-B,rob01.posX,Good,8,
115,2026-09-15 23:33:57.994,GW-LINE-B,rob01.posY,Good,2,
116,2026-09-15 23:33:57.994,GW-LINE-B,rob01.posZ,Good,8,
117,2026-09-15 23:33:57.994,GW-LINE-B,rob01.gripState,Good,0,
118,2026-09-15 23:33:57.994,GW-LINE-B,rob01.beat,Good,1161,
119,2026-09-15 23:33:57.994,GW-LINE-B,rob01.posDual,Good,0,
120,2026-09-15 23:33:57.994,GW-LINE-B,rob01.trajectory,Good,7.820692,
121,2026-09-15 23:33:57.996,GW-LINE-B,mtc01.runSeconds,Good,10909,
122,2026-09-15 23:33:57.996,EM-01,em01.ctRatio,Good,20,
123,2026-09-15 23:33:57.996,GW-LINE-B,mtc01.energyTotal,Good,1.65083333333334,
124,2026-09-15 23:33:57.996,EM-01,em01.demandThreshold,Good,320,
125,2026-09-15 23:33:57.998,GW-LINE-B,mtc01.tempDeviation,Good,-0.7,
126,2026-09-15 23:33:57.998,EM-01,em01.meterNo,Good,EM-2026-0001,
127,2026-09-15 23:33:58.000,GW-LINE-B,mtc01.heatingMode,Good,1,
128,2026-09-15 23:33:58.000,ENV-01,env01.areaNameW,Good,注塑车间A区,
129,2026-09-15 23:33:58.002,GW-LINE-B,mtc01.serialNo,Good,MTC-2026-0001,
130,2026-09-15 23:33:58.002,GW-LINE-B,mtc01.calibTime,Good,09/15/2026 23:15:45,
131,2026-09-15 23:33:58.004,GW-LINE-B,dry01.drySeconds,Good,10285,
132,2026-09-15 23:33:58.004,GW-LINE-B,dry01.energyTotal,Good,1.67208333333335,
133,2026-09-15 23:33:58.007,GW-LINE-B,dry01.dewDeviation,Good,0.4,
134,2026-09-15 23:33:58.008,GW-LINE-B,dry01.materialBatch,Good,BATCH-2026W38,
135,2026-09-15 23:33:58.010,GW-LINE-B,dry01.batchBcd,Good,910,
136,2026-09-15 23:33:58.012,GW-LINE-B,rob01.runSeconds,Good,10909,
137,2026-09-15 23:33:58.014,GW-LINE-B,rob01.energyTotal,Good,1.5179722222222,
138,2026-09-15 23:33:58.016,GW-LINE-B,rob01.posDeviation,Good,-92,
139,2026-09-15 23:33:58.018,GW-LINE-B,rob01.pickDelay,Good,2,
140,2026-09-15 23:33:58.020,GW-LINE-B,rob01.programName,Good,PICK-STD-01,
141,2026-09-15 23:33:58.457,IM-01,im01.prodTime,Good,09/15/2026 23:33:58,
142,2026-09-15 23:33:58.957,ENV-01,env01.roomTemp,Good,24.1,
143,2026-09-15 23:33:58.957,ENV-01,env01.humidity,Good,54,
144,2026-09-15 23:33:58.957,ENV-01,env01.dewPoint,Good,15.1,
145,2026-09-15 23:33:58.957,ENV-01,env01.noise,Good,73,
146,2026-09-15 23:33:58.957,ENV-01,env01.pm25,Good,55,
147,2026-09-15 23:33:58.957,ENV-01,env01.pressureDiff,Good,-1,
148,2026-09-15 23:33:58.957,ENV-01,env01.illuminance,Good,444,
149,2026-09-15 23:33:58.957,ENV-01,env01.tempFluctuation,Good,12.45778,
150,2026-09-15 23:33:58.959,GW-LINE-B,mtc01.actualTemp,Good,99.4,
151,2026-09-15 23:33:58.959,GW-LINE-B,mtc01.outletTemp,Good,99.9,
152,2026-09-15 23:33:58.959,GW-LINE-B,mtc01.tempAvg,Good,994.1304,
153,2026-09-15 23:33:58.961,IM-01,im01.moldTemp,Good,84.6,
154,2026-09-15 23:33:58.961,IM-01,im01.oilTemp,Good,44.4,
155,2026-09-15 23:33:58.961,IM-01,im01.energyTotal,Good,1.36358333333373,
156,2026-09-15 23:33:58.963,EM-01,em01.totalEnergy,Good,3386.56,
157,2026-09-15 23:33:58.963,EM-01,em01.forwardEnergy,Good,3386.56,
158,2026-09-15 23:33:58.963,EM-01,em01.voltageA,Good,384,
159,2026-09-15 23:33:58.963,EM-01,em01.voltageB,Good,376,
160,2026-09-15 23:33:58.963,EM-01,em01.currentA,Good,171.4,
161,2026-09-15 23:33:58.963,EM-01,em01.activePower,Good,107,
162,2026-09-15 23:33:58.963,EM-01,em01.powerFactor,Good,0.894,
163,2026-09-15 23:33:58.963,EM-01,em01.frequency,Good,50.02,
164,2026-09-15 23:33:58.963,EM-01,em01.demand,Good,107,
165,2026-09-15 23:33:58.963,EM-01,em01.energyF64,Good,34.3825,
166,2026-09-15 23:33:58.967,GW-LINE-B,dry01.dewPoint,Good,-34.3,
167,2026-09-15 23:33:58.967,GW-LINE-B,dry01.heatPower,Good,8,
168,2026-09-15 23:33:58.967,GW-LINE-B,dry01.fanCurrent,Good,1.5,
169,2026-09-15 23:33:58.968,GW-LINE-B,dry01.levelTrend,Good,-2.735858,
170,2026-09-15 23:33:58.974,GW-LINE-B,rob01.cycleTime,Good,2.7,
171,2026-09-15 23:33:58.974,GW-LINE-B,rob01.trajectory,Good,8.016363,
172,2026-09-15 23:33:59.458,IM-01,im01.prodTime,Good,09/15/2026 23:33:59,
173,2026-09-15 23:33:59.957,ENV-01,env01.roomTemp,Good,24.2,
174,2026-09-15 23:33:59.957,ENV-01,env01.humidity,Good,55,
176,2026-09-15 23:33:59.957,ENV-01,env01.dewPoint,Good,15.2,
177,2026-09-15 23:33:59.957,ENV-01,env01.noise,Good,74,
175,2026-09-15 23:33:59.957,IM-01,im01.moldTemp,Good,84.5,
178,2026-09-15 23:33:59.957,ENV-01,env01.pm25,Good,53,
179,2026-09-15 23:33:59.957,IM-01,im01.oilTemp,Good,44.5,
180,2026-09-15 23:33:59.957,ENV-01,env01.illuminance,Good,468,
181,2026-09-15 23:33:59.957,ENV-01,env01.tempFluctuation,Good,12.62243,
182,2026-09-15 23:33:59.957,IM-01,im01.energyTotal,Good,1.36441666666706,
183,2026-09-15 23:33:59.959,GW-LINE-B,mtc01.actualTemp,Good,99.3,
184,2026-09-15 23:33:59.959,GW-LINE-B,mtc01.outletTemp,Good,99.8,
185,2026-09-15 23:33:59.959,GW-LINE-B,mtc01.tempAvg,Good,992.7285,
186,2026-09-15 23:33:59.963,EM-01,em01.totalEnergy,Good,3389.52,
187,2026-09-15 23:33:59.963,EM-01,em01.forwardEnergy,Good,3389.52,
188,2026-09-15 23:33:59.963,EM-01,em01.voltageA,Good,377,
189,2026-09-15 23:33:59.963,EM-01,em01.voltageB,Good,383,
190,2026-09-15 23:33:59.963,EM-01,em01.voltageC,Good,382,
191,2026-09-15 23:33:59.963,EM-01,em01.currentA,Good,216.7,
192,2026-09-15 23:33:59.963,EM-01,em01.activePower,Good,101,
193,2026-09-15 23:33:59.963,EM-01,em01.reactivePower,Good,30,
194,2026-09-15 23:33:59.963,EM-01,em01.powerFactor,Good,0.919,
195,2026-09-15 23:33:59.963,EM-01,em01.frequency,Good,50.05,
196,2026-09-15 23:33:59.963,EM-01,em01.demand,Good,101,
197,2026-09-15 23:33:59.963,EM-01,em01.energyF64,Good,34.4125277777777,
198,2026-09-15 23:33:59.963,EM-01,em01.unbalance,Good,1.578947,
199,2026-09-15 23:33:59.967,GW-LINE-B,dry01.dewPoint,Good,-34.7,
200,2026-09-15 23:33:59.970,GW-LINE-B,dry01.levelTrend,Good,-2.769402,
201,2026-09-15 23:33:59.976,GW-LINE-B,rob01.cycleTime,Good,2.9,
202,2026-09-15 23:33:59.976,GW-LINE-B,rob01.posY,Good,1,
203,2026-09-15 23:33:59.976,GW-LINE-B,rob01.trajectory,Good,8.26869,
204,2026-09-15 23:34:00.461,IM-01,im01.prodTime,Good,09/15/2026 23:34:00,
205,2026-09-15 23:34:00.958,EM-01,em01.totalEnergy,Good,3392.63,
206,2026-09-15 23:34:00.958,IM-01,im01.energyTotal,Good,1.3652500000004,
207,2026-09-15 23:34:00.958,EM-01,em01.forwardEnergy,Good,3392.63,
208,2026-09-15 23:34:00.958,EM-01,em01.voltageA,Good,383,
209,2026-09-15 23:34:00.958,EM-01,em01.voltageB,Good,386,
210,2026-09-15 23:34:00.958,EM-01,em01.voltageC,Good,375,
211,2026-09-15 23:34:00.958,EM-01,em01.currentA,Good,209.2,
212,2026-09-15 23:34:00.958,EM-01,em01.activePower,Good,122,
213,2026-09-15 23:34:00.958,EM-01,em01.reactivePower,Good,23,
214,2026-09-15 23:34:00.958,EM-01,em01.powerFactor,Good,0.866,
215,2026-09-15 23:34:00.958,EM-01,em01.frequency,Good,50.1,
216,2026-09-15 23:34:00.958,EM-01,em01.demand,Good,122,
217,2026-09-15 23:34:00.958,EM-01,em01.energyF64,Good,34.4441666666666,
218,2026-09-15 23:34:00.958,EM-01,em01.unbalance,Good,2.894737,
219,2026-09-15 23:34:00.960,GW-LINE-B,mtc01.tempAvg,Good,993.4966,
220,2026-09-15 23:34:00.960,ENV-01,env01.roomTemp,Good,24.1,
221,2026-09-15 23:34:00.960,ENV-01,env01.humidity,Good,56,
222,2026-09-15 23:34:00.960,ENV-01,env01.dewPoint,Good,15.5,
223,2026-09-15 23:34:00.960,ENV-01,env01.noise,Good,78,
224,2026-09-15 23:34:00.960,ENV-01,env01.pm25,Good,51,
225,2026-09-15 23:34:00.960,ENV-01,env01.pressureDiff,Good,7,
226,2026-09-15 23:34:00.960,ENV-01,env01.illuminance,Good,434,
227,2026-09-15 23:34:00.960,ENV-01,env01.tempFluctuation,Good,13.06637,
228,2026-09-15 23:34:00.967,GW-LINE-B,dry01.dewPoint,Good,-34.2,
229,2026-09-15 23:34:00.967,GW-LINE-B,dry01.heatPower,Good,4,
230,2026-09-15 23:34:00.967,GW-LINE-B,dry01.fanCurrent,Good,1,
231,2026-09-15 23:34:00.969,GW-LINE-B,dry01.levelTrend,Good,-2.799015,
232,2026-09-15 23:34:00.975,GW-LINE-B,rob01.cycleTime,Good,3.2,
233,2026-09-15 23:34:00.975,GW-LINE-B,rob01.trajectory,Good,8.229746,
234,2026-09-15 23:34:01.462,IM-01,im01.prodTime,Good,09/15/2026 23:34:01,
235,2026-09-15 23:34:01.957,EM-01,em01.totalEnergy,Good,3395.73,
237,2026-09-15 23:34:01.957,EM-01,em01.forwardEnergy,Good,3395.73,
236,2026-09-15 23:34:01.957,IM-01,im01.oilTemp,Good,44.6,
238,2026-09-15 23:34:01.957,EM-01,em01.voltageA,Good,384,
239,2026-09-15 23:34:01.957,EM-01,em01.voltageC,Good,376,
240,2026-09-15 23:34:01.957,EM-01,em01.currentA,Good,203.5,
241,2026-09-15 23:34:01.957,EM-01,em01.activePower,Good,121,
243,2026-09-15 23:34:01.957,EM-01,em01.reactivePower,Good,40,
244,2026-09-15 23:34:01.957,EM-01,em01.powerFactor,Good,0.877,
245,2026-09-15 23:34:01.957,EM-01,em01.frequency,Good,49.95,
246,2026-09-15 23:34:01.957,EM-01,em01.demand,Good,121,
242,2026-09-15 23:34:01.957,IM-01,im01.energyTotal,Good,1.36608333333373,
247,2026-09-15 23:34:01.957,EM-01,em01.energyF64,Good,34.4755277777777,
248,2026-09-15 23:34:01.957,EM-01,em01.unbalance,Good,2.631579,
249,2026-09-15 23:34:01.959,GW-LINE-B,mtc01.actualTemp,Good,99.4,
250,2026-09-15 23:34:01.959,GW-LINE-B,mtc01.outletTemp,Good,99.9,
251,2026-09-15 23:34:01.959,GW-LINE-B,mtc01.tempAvg,Good,993.8375,
252,2026-09-15 23:34:01.961,ENV-01,env01.humidity,Good,55,
253,2026-09-15 23:34:01.961,ENV-01,env01.dewPoint,Good,15.2,
254,2026-09-15 23:34:01.961,ENV-01,env01.noise,Good,70,
255,2026-09-15 23:34:01.961,ENV-01,env01.pm25,Good,25,
256,2026-09-15 23:34:01.961,ENV-01,env01.pressureDiff,Good,6,
257,2026-09-15 23:34:01.961,ENV-01,env01.illuminance,Good,331,
258,2026-09-15 23:34:01.961,ENV-01,env01.tempFluctuation,Good,13.20635,
259,2026-09-15 23:34:01.967,GW-LINE-B,dry01.dewPoint,Good,-33.8,
260,2026-09-15 23:34:01.967,GW-LINE-B,dry01.materialLevel,Good,56,
261,2026-09-15 23:34:01.967,GW-LINE-B,dry01.heatPower,Good,3,
262,2026-09-15 23:34:01.967,GW-LINE-B,dry01.fanCurrent,Good,2,
263,2026-09-15 23:34:01.969,GW-LINE-B,dry01.levelTrend,Good,-2.835958,
264,2026-09-15 23:34:01.974,GW-LINE-B,rob01.cycleTime,Good,2.9,
265,2026-09-15 23:34:01.974,GW-LINE-B,rob01.trajectory,Good,7.851499,
266,2026-09-15 23:34:02.462,IM-01,im01.prodTime,Good,09/15/2026 23:34:02,
267,2026-09-15 23:34:02.957,GW-LINE-B,mtc01.runSeconds,Good,10959,
268,2026-09-15 23:34:02.957,EM-01,em01.readTime,Good,09/15/2026 23:34:02,
269,2026-09-15 23:34:02.959,IM-01,im01.clampForceDev,Good,-52,
270,2026-09-15 23:34:02.959,GW-LINE-B,mtc01.tempDeviation,Good,-0.8,
271,2026-09-15 23:34:02.963,EM-01,em01.totalEnergy,Good,3398.74,
272,2026-09-15 23:34:02.963,EM-01,em01.forwardEnergy,Good,3398.74,
273,2026-09-15 23:34:02.963,EM-01,em01.voltageA,Good,379,
274,2026-09-15 23:34:02.963,EM-01,em01.voltageB,Good,385,
275,2026-09-15 23:34:02.963,EM-01,em01.voltageC,Good,379,
276,2026-09-15 23:34:02.963,EM-01,em01.currentA,Good,202.2,
277,2026-09-15 23:34:02.963,EM-01,em01.activePower,Good,101,
278,2026-09-15 23:34:02.963,EM-01,em01.reactivePower,Good,27,
279,2026-09-15 23:34:02.963,EM-01,em01.powerFactor,Good,0.905,
280,2026-09-15 23:34:02.963,EM-01,em01.frequency,Good,49.9,
281,2026-09-15 23:34:02.963,EM-01,em01.demand,Good,101,
282,2026-09-15 23:34:02.963,EM-01,em01.energyF64,Good,34.506,
283,2026-09-15 23:34:02.963,EM-01,em01.unbalance,Good,1.578947,
284,2026-09-15 23:34:02.965,GW-LINE-B,dry01.drySeconds,Good,10335,
285,2026-09-15 23:34:02.965,GW-LINE-B,dry01.energyTotal,Good,1.67952777777779,
286,2026-09-15 23:34:02.967,ENV-01,env01.runSeconds,Good,10959,
287,2026-09-15 23:34:02.967,ENV-01,env01.sampleTime,Good,09/15/2026 23:34:02,
288,2026-09-15 23:34:02.967,IM-01,im01.moldTemp,Good,84.6,
289,2026-09-15 23:34:02.967,IM-01,im01.oilTemp,Good,44.3,
290,2026-09-15 23:34:02.967,IM-01,im01.energyTotal,Good,1.36691666666706,
291,2026-09-15 23:34:02.970,ENV-01,env01.tempDeviation,Good,0,
292,2026-09-15 23:34:02.972,GW-LINE-B,rob01.runSeconds,Good,10959,
293,2026-09-15 23:34:02.974,GW-LINE-B,rob01.energyTotal,Good,1.52538888888887,
294,2026-09-15 23:34:02.976,ENV-01,env01.roomTemp,Good,24,
295,2026-09-15 23:34:02.976,ENV-01,env01.humidity,Good,56,
296,2026-09-15 23:34:02.976,ENV-01,env01.dewPoint,Good,15.3,
297,2026-09-15 23:34:02.976,ENV-01,env01.noise,Good,74,
298,2026-09-15 23:34:02.976,ENV-01,env01.pm25,Good,29,
299,2026-09-15 23:34:02.976,ENV-01,env01.pressureDiff,Good,11,
300,2026-09-15 23:34:02.976,ENV-01,env01.illuminance,Good,476,
301,2026-09-15 23:34:02.976,ENV-01,env01.tempFluctuation,Good,12.3366,
302,2026-09-15 23:34:02.984,GW-LINE-B,mtc01.actualTemp,Good,99.2,
303,2026-09-15 23:34:02.984,GW-LINE-B,mtc01.outletTemp,Good,99.7,
304,2026-09-15 23:34:02.984,GW-LINE-B,mtc01.tempAvg,Good,992.3352,
305,2026-09-15 23:34:02.991,GW-LINE-B,dry01.dewPoint,Good,-34.6,
306,2026-09-15 23:34:02.991,GW-LINE-B,dry01.heatPower,Good,7,
307,2026-09-15 23:34:02.991,GW-LINE-B,dry01.fanCurrent,Good,0.8,
308,2026-09-15 23:34:02.993,GW-LINE-B,dry01.levelTrend,Good,-2.870364,
309,2026-09-15 23:34:02.999,GW-LINE-B,rob01.cycleTime,Good,3,
310,2026-09-15 23:34:02.999,GW-LINE-B,rob01.posY,Good,2,
311,2026-09-15 23:34:02.999,GW-LINE-B,rob01.trajectory,Good,7.876264,
312,2026-09-15 23:34:03.464,IM-01,im01.prodTime,Good,09/15/2026 23:34:03,
313,2026-09-15 23:34:03.963,EM-01,em01.totalEnergy,Good,3402.04,
314,2026-09-15 23:34:03.963,IM-01,im01.moldTemp,Good,84.5,
315,2026-09-15 23:34:03.963,EM-01,em01.forwardEnergy,Good,3402.04,
316,2026-09-15 23:34:03.963,EM-01,em01.voltageA,Good,375,
317,2026-09-15 23:34:03.963,EM-01,em01.voltageB,Good,380,
318,2026-09-15 23:34:03.963,IM-01,im01.oilTemp,Good,44.6,
319,2026-09-15 23:34:03.963,EM-01,em01.voltageC,Good,378,
320,2026-09-15 23:34:03.963,EM-01,em01.currentA,Good,127.1,
321,2026-09-15 23:34:03.963,EM-01,em01.activePower,Good,129,
322,2026-09-15 23:34:03.963,IM-01,im01.energyTotal,Good,1.3677500000004,
323,2026-09-15 23:34:03.963,EM-01,em01.reactivePower,Good,23,
324,2026-09-15 23:34:03.963,EM-01,em01.powerFactor,Good,0.875,
325,2026-09-15 23:34:03.963,EM-01,em01.frequency,Good,50,
326,2026-09-15 23:34:03.963,EM-01,em01.demand,Good,129,
327,2026-09-15 23:34:03.963,EM-01,em01.energyF64,Good,34.5395,
328,2026-09-15 23:34:03.963,EM-01,em01.unbalance,Good,1.315789,
329,2026-09-15 23:34:03.976,ENV-01,env01.humidity,Good,55,
330,2026-09-15 23:34:03.976,ENV-01,env01.dewPoint,Good,15.2,
331,2026-09-15 23:34:03.976,ENV-01,env01.noise,Good,75,
332,2026-09-15 23:34:03.976,ENV-01,env01.pm25,Good,27,
333,2026-09-15 23:34:03.976,ENV-01,env01.pressureDiff,Good,0,
334,2026-09-15 23:34:03.976,ENV-01,env01.illuminance,Good,488,
335,2026-09-15 23:34:03.976,ENV-01,env01.tempFluctuation,Good,12.88902,
336,2026-09-15 23:34:03.983,GW-LINE-B,mtc01.actualTemp,Good,99.4,
337,2026-09-15 23:34:03.983,GW-LINE-B,mtc01.outletTemp,Good,99.9,
338,2026-09-15 23:34:03.983,GW-LINE-B,mtc01.tempAvg,Good,994.4556,
339,2026-09-15 23:34:03.991,GW-LINE-B,dry01.dewPoint,Good,-34.4,
340,2026-09-15 23:34:03.991,GW-LINE-B,dry01.materialLevel,Good,55,
341,2026-09-15 23:34:03.991,GW-LINE-B,dry01.heatPower,Good,6,
342,2026-09-15 23:34:03.991,GW-LINE-B,dry01.fanCurrent,Good,1.6,
343,2026-09-15 23:34:03.993,GW-LINE-B,dry01.levelTrend,Good,-2.903809,
344,2026-09-15 23:34:03.999,GW-LINE-B,rob01.posY,Good,1,
345,2026-09-15 23:34:03.999,GW-LINE-B,rob01.trajectory,Good,7.714996,
346,2026-09-15 23:34:04.467,IM-01,im01.prodTime,Good,09/15/2026 23:34:04,
347,2026-09-15 23:34:04.964,EM-01,em01.totalEnergy,Good,3405.27,
348,2026-09-15 23:34:04.964,IM-01,im01.moldTemp,Good,84.6,
349,2026-09-15 23:34:04.964,IM-01,im01.oilTemp,Good,44.8,
350,2026-09-15 23:34:04.964,EM-01,em01.forwardEnergy,Good,3405.27,
351,2026-09-15 23:34:04.964,EM-01,em01.voltageA,Good,380,
352,2026-09-15 23:34:04.964,EM-01,em01.voltageB,Good,379,
353,2026-09-15 23:34:04.964,EM-01,em01.voltageC,Good,383,
354,2026-09-15 23:34:04.964,EM-01,em01.currentA,Good,150.6,
355,2026-09-15 23:34:04.964,EM-01,em01.activePower,Good,118,
356,2026-09-15 23:34:04.964,IM-01,im01.energyTotal,Good,1.36858333333373,
357,2026-09-15 23:34:04.964,EM-01,em01.reactivePower,Good,26,
358,2026-09-15 23:34:04.964,EM-01,em01.powerFactor,Good,0.923,
359,2026-09-15 23:34:04.964,EM-01,em01.frequency,Good,50.08,
360,2026-09-15 23:34:04.964,EM-01,em01.demand,Good,118,
361,2026-09-15 23:34:04.964,EM-01,em01.energyF64,Good,34.5724166666666,
362,2026-09-15 23:34:04.964,EM-01,em01.unbalance,Good,1.052632,
363,2026-09-15 23:34:04.977,ENV-01,env01.roomTemp,Good,24.1,
364,2026-09-15 23:34:04.977,ENV-01,env01.dewPoint,Good,15.3,
365,2026-09-15 23:34:04.977,ENV-01,env01.noise,Good,78,
366,2026-09-15 23:34:04.977,ENV-01,env01.pm25,Good,51,
367,2026-09-15 23:34:04.977,ENV-01,env01.pressureDiff,Good,7,
368,2026-09-15 23:34:04.977,ENV-01,env01.illuminance,Good,384,
369,2026-09-15 23:34:04.977,ENV-01,env01.tempFluctuation,Good,12.69305,
370,2026-09-15 23:34:04.985,GW-LINE-B,mtc01.actualTemp,Good,99.3,
371,2026-09-15 23:34:04.985,GW-LINE-B,mtc01.outletTemp,Good,99.8,
372,2026-09-15 23:34:04.985,GW-LINE-B,mtc01.tempAvg,Good,993.4916,
373,2026-09-15 23:34:04.993,GW-LINE-B,dry01.dewPoint,Good,-34.8,
374,2026-09-15 23:34:04.993,GW-LINE-B,dry01.heatPower,Good,3,
375,2026-09-15 23:34:04.993,GW-LINE-B,dry01.fanCurrent,Good,1.5,
376,2026-09-15 23:34:04.995,GW-LINE-B,dry01.levelTrend,Good,-2.938335,
377,2026-09-15 23:34:04.999,GW-LINE-B,rob01.inPlace,Good,False,
378,2026-09-15 23:34:05.001,GW-LINE-B,rob01.cycleTime,Good,2.9,
379,2026-09-15 23:34:05.001,GW-LINE-B,rob01.posX,Good,102,
380,2026-09-15 23:34:05.001,GW-LINE-B,rob01.posY,Good,299,
381,2026-09-15 23:34:05.001,GW-LINE-B,rob01.posZ,Good,84,
382,2026-09-15 23:34:05.001,GW-LINE-B,rob01.gripState,Good,1,
383,2026-09-15 23:34:05.001,GW-LINE-B,rob01.trajectory,Good,102.2811,
384,2026-09-15 23:34:05.469,IM-01,im01.prodTime,Good,09/15/2026 23:34:05,
385,2026-09-15 23:34:05.964,EM-01,em01.totalEnergy,Good,3408.31,
386,2026-09-15 23:34:05.964,IM-01,im01.oilTemp,Good,44.6,
387,2026-09-15 23:34:05.964,EM-01,em01.forwardEnergy,Good,3408.31,
388,2026-09-15 23:34:05.964,EM-01,em01.voltageA,Good,378,
389,2026-09-15 23:34:05.964,EM-01,em01.voltageB,Good,384,
390,2026-09-15 23:34:05.964,EM-01,em01.currentA,Good,190.1,
391,2026-09-15 23:34:05.964,IM-01,im01.energyTotal,Good,1.36941666666707,
392,2026-09-15 23:34:05.964,EM-01,em01.activePower,Good,112,
393,2026-09-15 23:34:05.964,EM-01,em01.reactivePower,Good,24,
394,2026-09-15 23:34:05.964,EM-01,em01.powerFactor,Good,0.9,
395,2026-09-15 23:34:05.964,EM-01,em01.frequency,Good,49.91,
396,2026-09-15 23:34:05.964,EM-01,em01.demand,Good,112,
397,2026-09-15 23:34:05.964,EM-01,em01.energyF64,Good,34.6034166666666,
398,2026-09-15 23:34:05.964,EM-01,em01.unbalance,Good,1.578947,
399,2026-09-15 23:34:05.978,ENV-01,env01.roomTemp,Good,24,
400,2026-09-15 23:34:05.978,ENV-01,env01.humidity,Good,57,
401,2026-09-15 23:34:05.978,ENV-01,env01.dewPoint,Good,15.5,
402,2026-09-15 23:34:05.978,ENV-01,env01.noise,Good,70,
403,2026-09-15 23:34:05.978,ENV-01,env01.pm25,Good,41,
404,2026-09-15 23:34:05.978,ENV-01,env01.pressureDiff,Good,3,
405,2026-09-15 23:34:05.978,ENV-01,env01.illuminance,Good,377,
406,2026-09-15 23:34:05.978,ENV-01,env01.tempFluctuation,Good,12.6096,
407,2026-09-15 23:34:05.985,GW-LINE-B,mtc01.tempAvg,Good,993.1415,
408,2026-09-15 23:34:05.993,GW-LINE-B,dry01.dewPoint,Good,-34.9,
409,2026-09-15 23:34:05.993,GW-LINE-B,dry01.heatPower,Good,8,
410,2026-09-15 23:34:05.993,GW-LINE-B,dry01.fanCurrent,Good,1,
411,2026-09-15 23:34:05.995,GW-LINE-B,dry01.levelTrend,Good,-2.96556,
412,2026-09-15 23:34:06.001,GW-LINE-B,rob01.cycleTime,Good,3.2,
413,2026-09-15 23:34:06.001,GW-LINE-B,rob01.posX,Good,103,
414,2026-09-15 23:34:06.001,GW-LINE-B,rob01.posY,Good,295,
415,2026-09-15 23:34:06.001,GW-LINE-B,rob01.posZ,Good,83,
416,2026-09-15 23:34:06.001,GW-LINE-B,rob01.trajectory,Good,102.8188,
417,2026-09-15 23:34:06.471,IM-01,im01.prodTime,Good,09/15/2026 23:34:06,
418,2026-09-15 23:34:06.964,EM-01,em01.totalEnergy,Good,3411.66,
419,2026-09-15 23:34:06.964,EM-01,em01.forwardEnergy,Good,3411.66,
421,2026-09-15 23:34:06.964,EM-01,em01.voltageB,Good,378,
420,2026-09-15 23:34:06.964,IM-01,im01.moldTemp,Good,84.5,
422,2026-09-15 23:34:06.964,EM-01,em01.voltageC,Good,380,
423,2026-09-15 23:34:06.964,IM-01,im01.oilTemp,Good,44.7,
424,2026-09-15 23:34:06.964,EM-01,em01.currentA,Good,167.2,
425,2026-09-15 23:34:06.964,EM-01,em01.activePower,Good,127,
426,2026-09-15 23:34:06.964,EM-01,em01.reactivePower,Good,33,
427,2026-09-15 23:34:06.964,EM-01,em01.powerFactor,Good,0.931,
428,2026-09-15 23:34:06.964,EM-01,em01.frequency,Good,50.01,
429,2026-09-15 23:34:06.964,EM-01,em01.demand,Good,127,
430,2026-09-15 23:34:06.964,IM-01,im01.energyTotal,Good,1.3702500000004,
431,2026-09-15 23:34:06.964,EM-01,em01.energyF64,Good,34.6373611111111,
432,2026-09-15 23:34:06.964,EM-01,em01.unbalance,Good,0.5263158,
433,2026-09-15 23:34:06.978,ENV-01,env01.roomTemp,Good,24.1,
434,2026-09-15 23:34:06.978,ENV-01,env01.humidity,Good,56,
435,2026-09-15 23:34:06.978,ENV-01,env01.dewPoint,Good,15.4,
436,2026-09-15 23:34:06.978,ENV-01,env01.noise,Good,75,
437,2026-09-15 23:34:06.978,ENV-01,env01.pm25,Good,48,
438,2026-09-15 23:34:06.978,ENV-01,env01.pressureDiff,Good,9,
439,2026-09-15 23:34:06.978,ENV-01,env01.illuminance,Good,317,
440,2026-09-15 23:34:06.978,ENV-01,env01.tempFluctuation,Good,12.78844,
441,2026-09-15 23:34:06.986,GW-LINE-B,mtc01.actualTemp,Good,99.5,
442,2026-09-15 23:34:06.986,GW-LINE-B,mtc01.outletTemp,Good,100,
443,2026-09-15 23:34:06.986,GW-LINE-B,mtc01.tempAvg,Good,994.8317,
444,2026-09-15 23:34:06.994,GW-LINE-B,dry01.dewPoint,Good,-34.2,
445,2026-09-15 23:34:06.994,GW-LINE-B,dry01.heatPower,Good,3,
446,2026-09-15 23:34:06.994,GW-LINE-B,dry01.fanCurrent,Good,1.9,
447,2026-09-15 23:34:06.996,GW-LINE-B,dry01.levelTrend,Good,-2.993917,
448,2026-09-15 23:34:07.001,GW-LINE-B,rob01.cycleTime,Good,3,
449,2026-09-15 23:34:07.001,GW-LINE-B,rob01.posX,Good,0,
450,2026-09-15 23:34:07.001,GW-LINE-B,rob01.posY,Good,404,
451,2026-09-15 23:34:07.001,GW-LINE-B,rob01.posZ,Good,199,
452,2026-09-15 23:34:07.001,GW-LINE-B,rob01.trajectory,Good,0.1613221,
453,2026-09-15 23:34:07.472,IM-01,im01.prodTime,Good,09/15/2026 23:34:07,
454,2026-09-15 23:34:07.957,GW-LINE-B,mtc01.runSeconds,Good,11009,
455,2026-09-15 23:34:07.957,ENV-01,env01.runSeconds,Good,11009,
456,2026-09-15 23:34:07.957,ENV-01,env01.sampleTime,Good,09/15/2026 23:34:07,
457,2026-09-15 23:34:07.959,GW-LINE-B,mtc01.tempDeviation,Good,-0.6,
458,2026-09-15 23:34:07.959,IM-01,im01.clampForceDev,Good,-48,
459,2026-09-15 23:34:07.961,ENV-01,env01.tempDeviation,Good,0.1,
460,2026-09-15 23:34:07.965,GW-LINE-B,dry01.drySeconds,Good,10385,
461,2026-09-15 23:34:07.965,GW-LINE-B,dry01.energyTotal,Good,1.68702777777779,
462,2026-09-15 23:34:07.965,IM-01,im01.moldTemp,Good,84.6,
463,2026-09-15 23:34:07.965,IM-01,im01.oilTemp,Good,44.6,
464,2026-09-15 23:34:07.965,IM-01,im01.energyTotal,Good,1.37108333333374,
465,2026-09-15 23:34:07.968,GW-LINE-B,dry01.dewDeviation,Good,0.5,
466,2026-09-15 23:34:07.968,EM-01,em01.readTime,Good,09/15/2026 23:34:07,
467,2026-09-15 23:34:07.973,GW-LINE-B,rob01.runSeconds,Good,11009,
468,2026-09-15 23:34:07.973,EM-01,em01.totalEnergy,Good,3414.87,
469,2026-09-15 23:34:07.973,EM-01,em01.forwardEnergy,Good,3414.87,
470,2026-09-15 23:34:07.973,EM-01,em01.voltageB,Good,384,
471,2026-09-15 23:34:07.973,EM-01,em01.voltageC,Good,374,
472,2026-09-15 23:34:07.973,EM-01,em01.currentA,Good,181.5,
473,2026-09-15 23:34:07.973,EM-01,em01.activePower,Good,121,
474,2026-09-15 23:34:07.973,EM-01,em01.reactivePower,Good,36,
475,2026-09-15 23:34:07.973,EM-01,em01.powerFactor,Good,0.874,
476,2026-09-15 23:34:07.973,EM-01,em01.frequency,Good,49.96,
477,2026-09-15 23:34:07.973,EM-01,em01.demand,Good,121,
478,2026-09-15 23:34:07.973,EM-01,em01.energyF64,Good,34.67,
479,2026-09-15 23:34:07.973,EM-01,em01.unbalance,Good,2.631579,
480,2026-09-15 23:34:07.975,GW-LINE-B,rob01.energyTotal,Good,1.5319722222222,
481,2026-09-15 23:34:07.977,GW-LINE-B,rob01.posDeviation,Good,-97,
482,2026-09-15 23:34:07.979,ENV-01,env01.dewPoint,Good,15.5,
483,2026-09-15 23:34:07.979,ENV-01,env01.noise,Good,72,
484,2026-09-15 23:34:07.979,ENV-01,env01.pm25,Good,51,
485,2026-09-15 23:34:07.979,ENV-01,env01.pressureDiff,Good,4,
486,2026-09-15 23:34:07.979,ENV-01,env01.illuminance,Good,403,
487,2026-09-15 23:34:07.979,ENV-01,env01.tempFluctuation,Good,13.19847,
488,2026-09-15 23:34:07.987,GW-LINE-B,mtc01.actualTemp,Good,99.4,
489,2026-09-15 23:34:07.987,GW-LINE-B,mtc01.outletTemp,Good,99.9,
490,2026-09-15 23:34:07.987,GW-LINE-B,mtc01.tempAvg,Good,994.196,
491,2026-09-15 23:34:07.994,GW-LINE-B,dry01.dewPoint,Good,-34.5,
492,2026-09-15 23:34:07.994,GW-LINE-B,dry01.materialLevel,Good,54,
493,2026-09-15 23:34:07.994,GW-LINE-B,dry01.heatPower,Good,6,
494,2026-09-15 23:34:07.994,GW-LINE-B,dry01.fanCurrent,Good,1.8,
495,2026-09-15 23:34:07.996,GW-LINE-B,dry01.levelTrend,Good,-3.0222,
496,2026-09-15 23:34:08.003,GW-LINE-B,rob01.cycleTime,Good,2.7,
497,2026-09-15 23:34:08.003,GW-LINE-B,rob01.posX,Good,3,
498,2026-09-15 23:34:08.003,GW-LINE-B,rob01.posY,Good,4,
499,2026-09-15 23:34:08.003,GW-LINE-B,rob01.posZ,Good,8,
500,2026-09-15 23:34:08.003,GW-LINE-B,rob01.gripState,Good,0,
501,2026-09-15 23:34:08.003,GW-LINE-B,rob01.trajectory,Good,3.097593,
502,2026-09-15 23:34:08.475,IM-01,im01.prodTime,Good,09/15/2026 23:34:08,
503,2026-09-15 23:34:08.966,IM-01,im01.oilTemp,Good,44.7,
504,2026-09-15 23:34:08.966,IM-01,im01.energyTotal,Good,1.37191666666707,
505,2026-09-15 23:34:08.974,EM-01,em01.totalEnergy,Good,3418.13,
506,2026-09-15 23:34:08.974,EM-01,em01.forwardEnergy,Good,3418.13,
507,2026-09-15 23:34:08.974,EM-01,em01.voltageA,Good,382,
508,2026-09-15 23:34:08.974,EM-01,em01.voltageB,Good,385,
509,2026-09-15 23:34:08.974,EM-01,em01.voltageC,Good,376,
510,2026-09-15 23:34:08.974,EM-01,em01.currentA,Good,185.4,
511,2026-09-15 23:34:08.974,EM-01,em01.activePower,Good,129,
512,2026-09-15 23:34:08.974,EM-01,em01.reactivePower,Good,21,
513,2026-09-15 23:34:08.974,EM-01,em01.powerFactor,Good,0.915,
514,2026-09-15 23:34:08.974,EM-01,em01.frequency,Good,50.09,
515,2026-09-15 23:34:08.974,EM-01,em01.demand,Good,129,
516,2026-09-15 23:34:08.974,EM-01,em01.energyF64,Good,34.7030833333333,
517,2026-09-15 23:34:08.974,EM-01,em01.unbalance,Good,2.368421,
518,2026-09-15 23:34:08.980,ENV-01,env01.humidity,Good,57,
519,2026-09-15 23:34:08.980,ENV-01,env01.noise,Good,74,
520,2026-09-15 23:34:08.980,ENV-01,env01.pm25,Good,27,
521,2026-09-15 23:34:08.980,ENV-01,env01.pressureDiff,Good,2,
522,2026-09-15 23:34:08.980,ENV-01,env01.illuminance,Good,380,
523,2026-09-15 23:34:08.980,ENV-01,env01.tempFluctuation,Good,12.76979,
524,2026-09-15 23:34:08.988,GW-LINE-B,mtc01.tempAvg,Good,994.0103,
525,2026-09-15 23:34:08.995,GW-LINE-B,dry01.heatPower,Good,8,
526,2026-09-15 23:34:08.995,GW-LINE-B,dry01.fanCurrent,Good,0.8,
527,2026-09-15 23:34:08.997,GW-LINE-B,dry01.levelTrend,Good,-3.051549,
528,2026-09-15 23:34:09.001,GW-LINE-B,rob01.inPlace,Good,True,
529,2026-09-15 23:34:09.003,GW-LINE-B,rob01.cycleTime,Good,3.2,
530,2026-09-15 23:34:09.003,GW-LINE-B,rob01.totalPicks,Good,36,
531,2026-09-15 23:34:09.003,GW-LINE-B,rob01.successPicks,Good,36,
532,2026-09-15 23:34:09.003,GW-LINE-B,rob01.posX,Good,8,
533,2026-09-15 23:34:09.003,GW-LINE-B,rob01.posY,Good,2,
534,2026-09-15 23:34:09.003,GW-LINE-B,rob01.trajectory,Good,8.08788,
535,2026-09-15 23:34:09.476,IM-01,im01.prodTime,Good,09/15/2026 23:34:09,
536,2026-09-15 23:34:09.966,IM-01,im01.oilTemp,Good,44.6,
537,2026-09-15 23:34:09.966,IM-01,im01.energyTotal,Good,1.3727500000004,
538,2026-09-15 23:34:09.974,EM-01,em01.totalEnergy,Good,3421.27,
539,2026-09-15 23:34:09.974,EM-01,em01.forwardEnergy,Good,3421.27,
540,2026-09-15 23:34:09.974,EM-01,em01.voltageA,Good,377,
541,2026-09-15 23:34:09.974,EM-01,em01.voltageB,Good,378,
542,2026-09-15 23:34:09.974,EM-01,em01.voltageC,Good,378,
543,2026-09-15 23:34:09.974,EM-01,em01.currentA,Good,121,
544,2026-09-15 23:34:09.974,EM-01,em01.activePower,Good,97,
545,2026-09-15 23:34:09.974,EM-01,em01.reactivePower,Good,24,
546,2026-09-15 23:34:09.974,EM-01,em01.powerFactor,Good,0.866,
547,2026-09-15 23:34:09.974,EM-01,em01.frequency,Good,49.99,
548,2026-09-15 23:34:09.974,EM-01,em01.demand,Good,97,
549,2026-09-15 23:34:09.974,EM-01,em01.energyF64,Good,34.7349166666666,
550,2026-09-15 23:34:09.974,EM-01,em01.unbalance,Good,0.2631579,
551,2026-09-15 23:34:09.980,ENV-01,env01.roomTemp,Good,24,
552,2026-09-15 23:34:09.980,ENV-01,env01.humidity,Good,56,
553,2026-09-15 23:34:09.980,ENV-01,env01.dewPoint,Good,15.3,
554,2026-09-15 23:34:09.980,ENV-01,env01.noise,Good,71,
555,2026-09-15 23:34:09.980,ENV-01,env01.pm25,Good,58,
556,2026-09-15 23:34:09.980,ENV-01,env01.pressureDiff,Good,8,
557,2026-09-15 23:34:09.980,ENV-01,env01.illuminance,Good,438,
558,2026-09-15 23:34:09.980,ENV-01,env01.tempFluctuation,Good,12.19592,
559,2026-09-15 23:34:09.989,GW-LINE-B,mtc01.actualTemp,Good,99.1,
560,2026-09-15 23:34:09.989,GW-LINE-B,mtc01.outletTemp,Good,99.6,
561,2026-09-15 23:34:09.989,GW-LINE-B,mtc01.tempAvg,Good,991.4812,
562,2026-09-15 23:34:09.996,GW-LINE-B,dry01.heatPower,Good,7,
563,2026-09-15 23:34:09.996,GW-LINE-B,dry01.fanCurrent,Good,1.2,
564,2026-09-15 23:34:09.998,GW-LINE-B,dry01.levelTrend,Good,-3.081158,
565,2026-09-15 23:34:10.004,GW-LINE-B,rob01.cycleTime,Good,2.7,
566,2026-09-15 23:34:10.004,GW-LINE-B,rob01.trajectory,Good,8.108095,
567,2026-09-15 23:34:10.477,IM-01,im01.prodTime,Good,09/15/2026 23:34:10,
568,2026-09-15 23:34:10.966,IM-01,im01.moldTemp,Good,84.5,
569,2026-09-15 23:34:10.966,IM-01,im01.energyTotal,Good,1.37358333333374,
570,2026-09-15 23:34:10.975,EM-01,em01.totalEnergy,Good,3424.43,
571,2026-09-15 23:34:10.975,EM-01,em01.forwardEnergy,Good,3424.43,
572,2026-09-15 23:34:10.975,EM-01,em01.voltageA,Good,376,
573,2026-09-15 23:34:10.975,EM-01,em01.voltageB,Good,382,
574,2026-09-15 23:34:10.975,EM-01,em01.voltageC,Good,380,
575,2026-09-15 23:34:10.975,EM-01,em01.currentA,Good,127.8,
576,2026-09-15 23:34:10.975,EM-01,em01.activePower,Good,114,
577,2026-09-15 23:34:10.975,EM-01,em01.reactivePower,Good,33,
578,2026-09-15 23:34:10.975,EM-01,em01.powerFactor,Good,0.921,
579,2026-09-15 23:34:10.975,EM-01,em01.frequency,Good,49.97,
580,2026-09-15 23:34:10.975,EM-01,em01.demand,Good,114,
581,2026-09-15 23:34:10.975,EM-01,em01.energyF64,Good,34.7669722222222,
582,2026-09-15 23:34:10.975,EM-01,em01.unbalance,Good,1.578947,
583,2026-09-15 23:34:10.980,ENV-01,env01.noise,Good,77,
584,2026-09-15 23:34:10.980,ENV-01,env01.pm25,Good,31,
585,2026-09-15 23:34:10.980,ENV-01,env01.pressureDiff,Good,3,
586,2026-09-15 23:34:10.980,ENV-01,env01.illuminance,Good,422,
587,2026-09-15 23:34:10.980,ENV-01,env01.tempFluctuation,Good,12.3657,
588,2026-09-15 23:34:10.989,GW-LINE-B,mtc01.actualTemp,Good,99.2,
589,2026-09-15 23:34:10.989,GW-LINE-B,mtc01.outletTemp,Good,99.7,
590,2026-09-15 23:34:10.989,GW-LINE-B,mtc01.tempAvg,Good,991.9766,
591,2026-09-15 23:34:10.997,GW-LINE-B,dry01.dewPoint,Good,-34.2,
592,2026-09-15 23:34:10.997,GW-LINE-B,dry01.materialLevel,Good,53,
593,2026-09-15 23:34:10.997,GW-LINE-B,dry01.fanCurrent,Good,1.3,
594,2026-09-15 23:34:10.999,GW-LINE-B,dry01.levelTrend,Good,-3.114435,
595,2026-09-15 23:34:11.004,GW-LINE-B,rob01.cycleTime,Good,3.2,
596,2026-09-15 23:34:11.004,GW-LINE-B,rob01.posY,Good,3,
597,2026-09-15 23:34:11.004,GW-LINE-B,rob01.trajectory,Good,7.862586,
598,2026-09-15 23:34:11.478,IM-01,im01.prodTime,Good,09/15/2026 23:34:11,
599,2026-09-15 23:34:11.967,IM-01,im01.oilTemp,Good,44.4,
600,2026-09-15 23:34:11.967,IM-01,im01.energyTotal,Good,1.37441666666707,
601,2026-09-15 23:34:11.975,EM-01,em01.totalEnergy,Good,3427.68,
602,2026-09-15 23:34:11.975,EM-01,em01.forwardEnergy,Good,3427.68,
603,2026-09-15 23:34:11.975,EM-01,em01.voltageA,Good,377,
604,2026-09-15 23:34:11.975,EM-01,em01.voltageB,Good,380,
605,2026-09-15 23:34:11.975,EM-01,em01.voltageC,Good,377,
606,2026-09-15 23:34:11.975,EM-01,em01.currentA,Good,204.6,
607,2026-09-15 23:34:11.975,EM-01,em01.activePower,Good,106,
608,2026-09-15 23:34:11.975,EM-01,em01.reactivePower,Good,39,
609,2026-09-15 23:34:11.975,EM-01,em01.powerFactor,Good,0.912,
610,2026-09-15 23:34:11.975,EM-01,em01.frequency,Good,49.98,
611,2026-09-15 23:34:11.975,EM-01,em01.demand,Good,106,
612,2026-09-15 23:34:11.975,EM-01,em01.energyF64,Good,34.7999444444444,
613,2026-09-15 23:34:11.975,EM-01,em01.unbalance,Good,0.7894737,
614,2026-09-15 23:34:11.981,ENV-01,env01.humidity,Good,55,
615,2026-09-15 23:34:11.981,ENV-01,env01.dewPoint,Good,15.1,
616,2026-09-15 23:34:11.981,ENV-01,env01.noise,Good,74,
617,2026-09-15 23:34:11.981,ENV-01,env01.pm25,Good,59,
618,2026-09-15 23:34:11.981,ENV-01,env01.pressureDiff,Good,4,
619,2026-09-15 23:34:11.981,ENV-01,env01.illuminance,Good,361,
620,2026-09-15 23:34:11.981,ENV-01,env01.tempFluctuation,Good,12.73121,
621,2026-09-15 23:34:11.989,GW-LINE-B,mtc01.actualTemp,Good,99.1,
622,2026-09-15 23:34:11.989,GW-LINE-B,mtc01.outletTemp,Good,99.6,
623,2026-09-15 23:34:11.989,GW-LINE-B,mtc01.tempAvg,Good,991.4323,
624,2026-09-15 23:34:11.996,GW-LINE-B,dry01.dewPoint,Good,-34.4,
625,2026-09-15 23:34:11.996,GW-LINE-B,dry01.heatPower,Good,3,
626,2026-09-15 23:34:11.996,GW-LINE-B,dry01.fanCurrent,Good,1.6,
627,2026-09-15 23:34:11.998,GW-LINE-B,dry01.levelTrend,Good,-3.142132,
628,2026-09-15 23:34:12.004,GW-LINE-B,rob01.cycleTime,Good,2.8,
629,2026-09-15 23:34:12.004,GW-LINE-B,rob01.posY,Good,1,
630,2026-09-15 23:34:12.004,GW-LINE-B,rob01.trajectory,Good,7.747769,
631,2026-09-15 23:34:12.480,IM-01,im01.prodTime,Good,09/15/2026 23:34:12,
632,2026-09-15 23:34:12.958,GW-LINE-B,mtc01.runSeconds,Good,11059,
633,2026-09-15 23:34:12.958,EM-01,em01.readTime,Good,09/15/2026 23:34:12,
634,2026-09-15 23:34:12.960,IM-01,im01.clampForceDev,Good,-36,
635,2026-09-15 23:34:12.960,GW-LINE-B,mtc01.tempDeviation,Good,-0.7,
636,2026-09-15 23:34:12.964,ENV-01,env01.runSeconds,Good,11059,
637,2026-09-15 23:34:12.964,ENV-01,env01.sampleTime,Good,09/15/2026 23:34:12,
638,2026-09-15 23:34:12.966,GW-LINE-B,dry01.drySeconds,Good,10435,
639,2026-09-15 23:34:12.966,GW-LINE-B,dry01.energyTotal,Good,1.69522222222224,
640,2026-09-15 23:34:12.968,GW-LINE-B,dry01.dewDeviation,Good,0.6,
641,2026-09-15 23:34:12.968,IM-01,im01.moldTemp,Good,84.6,
642,2026-09-15 23:34:12.968,IM-01,im01.oilTemp,Good,44.7,
643,2026-09-15 23:34:12.968,IM-01,im01.energyTotal,Good,1.37525000000041,
644,2026-09-15 23:34:12.973,GW-LINE-B,rob01.runSeconds,Good,11059,
645,2026-09-15 23:34:12.975,GW-LINE-B,rob01.energyTotal,Good,1.53891666666664,
646,2026-09-15 23:34:12.976,EM-01,em01.totalEnergy,Good,3430.68,
647,2026-09-15 23:34:12.976,EM-01,em01.forwardEnergy,Good,3430.68,
648,2026-09-15 23:34:12.976,EM-01,em01.voltageA,Good,383,
649,2026-09-15 23:34:12.976,EM-01,em01.voltageB,Good,384,
650,2026-09-15 23:34:12.976,EM-01,em01.voltageC,Good,382,
651,2026-09-15 23:34:12.976,EM-01,em01.currentA,Good,207.8,
652,2026-09-15 23:34:12.976,EM-01,em01.reactivePower,Good,36,
653,2026-09-15 23:34:12.976,EM-01,em01.powerFactor,Good,0.879,
654,2026-09-15 23:34:12.976,EM-01,em01.frequency,Good,50.09,
655,2026-09-15 23:34:12.976,EM-01,em01.energyF64,Good,34.8304444444444,
656,2026-09-15 23:34:12.976,EM-01,em01.unbalance,Good,0.5263158,
657,2026-09-15 23:34:12.977,GW-LINE-B,rob01.posDeviation,Good,-92,
658,2026-09-15 23:34:12.982,ENV-01,env01.roomTemp,Good,24.1,
659,2026-09-15 23:34:12.982,ENV-01,env01.dewPoint,Good,15.2,
660,2026-09-15 23:34:12.982,ENV-01,env01.noise,Good,71,
661,2026-09-15 23:34:12.982,ENV-01,env01.pm25,Good,40,
662,2026-09-15 23:34:12.982,ENV-01,env01.pressureDiff,Good,2,
663,2026-09-15 23:34:12.982,ENV-01,env01.illuminance,Good,322,
664,2026-09-15 23:34:12.982,ENV-01,env01.tempFluctuation,Good,13.10283,
665,2026-09-15 23:34:12.991,GW-LINE-B,mtc01.actualTemp,Good,99.3,
666,2026-09-15 23:34:12.991,GW-LINE-B,mtc01.outletTemp,Good,99.8,
667,2026-09-15 23:34:12.991,GW-LINE-B,mtc01.tempAvg,Good,993.2155,
668,2026-09-15 23:34:12.998,GW-LINE-B,dry01.fanCurrent,Good,0.8,
669,2026-09-15 23:34:13.000,GW-LINE-B,dry01.levelTrend,Good,-3.176596,
670,2026-09-15 23:34:13.006,GW-LINE-B,rob01.cycleTime,Good,2.9,
671,2026-09-15 23:34:13.006,GW-LINE-B,rob01.posY,Good,2,
672,2026-09-15 23:34:13.006,GW-LINE-B,rob01.trajectory,Good,7.71264,
673,2026-09-15 23:34:13.480,IM-01,im01.prodTime,Good,09/15/2026 23:34:13,
674,2026-09-15 23:34:13.969,IM-01,im01.moldTemp,Good,84.5,
675,2026-09-15 23:34:13.969,IM-01,im01.oilTemp,Good,44.4,
676,2026-09-15 23:34:13.969,IM-01,im01.energyTotal,Good,1.37608333333374,
677,2026-09-15 23:34:13.977,EM-01,em01.totalEnergy,Good,3433.66,
678,2026-09-15 23:34:13.977,EM-01,em01.forwardEnergy,Good,3433.66,
679,2026-09-15 23:34:13.977,EM-01,em01.voltageA,Good,376,
680,2026-09-15 23:34:13.977,EM-01,em01.voltageB,Good,385,
681,2026-09-15 23:34:13.977,EM-01,em01.voltageC,Good,384,
682,2026-09-15 23:34:13.977,EM-01,em01.currentA,Good,205.6,
683,2026-09-15 23:34:13.977,EM-01,em01.activePower,Good,101,
684,2026-09-15 23:34:13.977,EM-01,em01.reactivePower,Good,31,
685,2026-09-15 23:34:13.977,EM-01,em01.powerFactor,Good,0.93,
686,2026-09-15 23:34:13.977,EM-01,em01.frequency,Good,49.95,
687,2026-09-15 23:34:13.977,EM-01,em01.demand,Good,101,
688,2026-09-15 23:34:13.977,EM-01,em01.energyF64,Good,34.8606388888889,
689,2026-09-15 23:34:13.977,EM-01,em01.unbalance,Good,2.368421,
690,2026-09-15 23:34:13.983,ENV-01,env01.dewPoint,Good,15.1,
691,2026-09-15 23:34:13.983,ENV-01,env01.noise,Good,77,
692,2026-09-15 23:34:13.983,ENV-01,env01.pm25,Good,22,
693,2026-09-15 23:34:13.983,ENV-01,env01.pressureDiff,Good,3,
694,2026-09-15 23:34:13.983,ENV-01,env01.illuminance,Good,408,
695,2026-09-15 23:34:13.983,ENV-01,env01.tempFluctuation,Good,12.56207,
696,2026-09-15 23:34:13.991,GW-LINE-B,mtc01.tempAvg,Good,993.325,
697,2026-09-15 23:34:13.999,GW-LINE-B,dry01.dewPoint,Good,-34.5,
698,2026-09-15 23:34:13.999,GW-LINE-B,dry01.materialLevel,Good,52,
699,2026-09-15 23:34:13.999,GW-LINE-B,dry01.heatPower,Good,4,
700,2026-09-15 23:34:13.999,GW-LINE-B,dry01.fanCurrent,Good,1.4,
701,2026-09-15 23:34:14.001,GW-LINE-B,dry01.levelTrend,Good,-3.210192,
702,2026-09-15 23:34:14.007,GW-LINE-B,rob01.cycleTime,Good,3,
703,2026-09-15 23:34:14.007,GW-LINE-B,rob01.posY,Good,3,
704,2026-09-15 23:34:14.007,GW-LINE-B,rob01.trajectory,Good,8.1712,
705,2026-09-15 23:34:14.481,IM-01,im01.prodTime,Good,09/15/2026 23:34:14,
706,2026-09-15 23:34:14.970,IM-01,im01.moldTemp,Good,84.6,
707,2026-09-15 23:34:14.970,IM-01,im01.oilTemp,Good,44.5,
708,2026-09-15 23:34:14.970,IM-01,im01.energyTotal,Good,1.37691666666708,
709,2026-09-15 23:34:14.977,EM-01,em01.totalEnergy,Good,3436.66,
710,2026-09-15 23:34:14.977,EM-01,em01.forwardEnergy,Good,3436.66,
711,2026-09-15 23:34:14.977,EM-01,em01.voltageA,Good,384,
712,2026-09-15 23:34:14.977,EM-01,em01.voltageB,Good,384,
713,2026-09-15 23:34:14.977,EM-01,em01.voltageC,Good,378,
714,2026-09-15 23:34:14.977,EM-01,em01.currentA,Good,164.1,
715,2026-09-15 23:34:14.977,EM-01,em01.activePower,Good,109,
716,2026-09-15 23:34:14.977,EM-01,em01.reactivePower,Good,21,
717,2026-09-15 23:34:14.977,EM-01,em01.powerFactor,Good,0.887,
718,2026-09-15 23:34:14.977,EM-01,em01.frequency,Good,50.08,
719,2026-09-15 23:34:14.977,EM-01,em01.demand,Good,109,
720,2026-09-15 23:34:14.977,EM-01,em01.energyF64,Good,34.8911666666667,
721,2026-09-15 23:34:14.977,EM-01,em01.unbalance,Good,1.578947,
722,2026-09-15 23:34:14.984,ENV-01,env01.roomTemp,Good,24,
723,2026-09-15 23:34:14.984,ENV-01,env01.humidity,Good,56,
724,2026-09-15 23:34:14.984,ENV-01,env01.dewPoint,Good,15.2,
725,2026-09-15 23:34:14.984,ENV-01,env01.noise,Good,75,
726,2026-09-15 23:34:14.984,ENV-01,env01.pm25,Good,28,
727,2026-09-15 23:34:14.984,ENV-01,env01.pressureDiff,Good,12,
728,2026-09-15 23:34:14.984,ENV-01,env01.illuminance,Good,434,
729,2026-09-15 23:34:14.984,ENV-01,env01.tempFluctuation,Good,12.29367,
730,2026-09-15 23:34:14.992,GW-LINE-B,mtc01.actualTemp,Good,99.4,
731,2026-09-15 23:34:14.992,GW-LINE-B,mtc01.outletTemp,Good,99.9,
732,2026-09-15 23:34:14.992,GW-LINE-B,mtc01.tempAvg,Good,994.2664,
733,2026-09-15 23:34:14.999,GW-LINE-B,dry01.dewPoint,Good,-34.8,
734,2026-09-15 23:34:14.999,GW-LINE-B,dry01.heatPower,Good,7,
735,2026-09-15 23:34:14.999,GW-LINE-B,dry01.fanCurrent,Good,1.3,
736,2026-09-15 23:34:15.001,GW-LINE-B,dry01.levelTrend,Good,-3.243746,
737,2026-09-15 23:34:15.007,GW-LINE-B,rob01.cycleTime,Good,2.8,
738,2026-09-15 23:34:15.007,GW-LINE-B,rob01.trajectory,Good,8.075117,
739,2026-09-15 23:34:15.482,IM-01,im01.prodTime,Good,09/15/2026 23:34:15,
740,2026-09-15 23:34:15.970,IM-01,im01.energyTotal,Good,1.37775000000041,
741,2026-09-15 23:34:15.978,EM-01,em01.totalEnergy,Good,3439.99,
742,2026-09-15 23:34:15.978,EM-01,em01.forwardEnergy,Good,3439.99,
743,2026-09-15 23:34:15.978,EM-01,em01.voltageA,Good,379,
744,2026-09-15 23:34:15.978,EM-01,em01.voltageB,Good,381,
745,2026-09-15 23:34:15.978,EM-01,em01.voltageC,Good,377,
746,2026-09-15 23:34:15.978,EM-01,em01.currentA,Good,164.3,
747,2026-09-15 23:34:15.978,EM-01,em01.activePower,Good,131,
748,2026-09-15 23:34:15.978,EM-01,em01.reactivePower,Good,24,
749,2026-09-15 23:34:15.978,EM-01,em01.powerFactor,Good,0.946,
750,2026-09-15 23:34:15.978,EM-01,em01.frequency,Good,49.95,
751,2026-09-15 23:34:15.978,EM-01,em01.demand,Good,131,
752,2026-09-15 23:34:15.978,EM-01,em01.energyF64,Good,34.9248888888889,
753,2026-09-15 23:34:15.978,EM-01,em01.unbalance,Good,1.052632,
754,2026-09-15 23:34:15.984,ENV-01,env01.roomTemp,Good,23.9,
755,2026-09-15 23:34:15.984,ENV-01,env01.humidity,Good,57,
756,2026-09-15 23:34:15.984,ENV-01,env01.dewPoint,Good,15.5,
757,2026-09-15 23:34:15.984,ENV-01,env01.noise,Good,71,
758,2026-09-15 23:34:15.984,ENV-01,env01.pm25,Good,24,
759,2026-09-15 23:34:15.984,ENV-01,env01.pressureDiff,Good,5,
760,2026-09-15 23:34:15.984,ENV-01,env01.illuminance,Good,394,
761,2026-09-15 23:34:15.984,ENV-01,env01.tempFluctuation,Good,12.33799,
762,2026-09-15 23:34:15.992,GW-LINE-B,mtc01.actualTemp,Good,99.5,
763,2026-09-15 23:34:15.992,GW-LINE-B,mtc01.outletTemp,Good,100,
764,2026-09-15 23:34:15.992,GW-LINE-B,mtc01.tempAvg,Good,994.532,
765,2026-09-15 23:34:16.000,GW-LINE-B,dry01.dewPoint,Good,-34.7,
766,2026-09-15 23:34:16.000,GW-LINE-B,dry01.heatPower,Good,8,
767,2026-09-15 23:34:16.000,GW-LINE-B,dry01.fanCurrent,Good,1.7,
768,2026-09-15 23:34:16.002,GW-LINE-B,dry01.levelTrend,Good,-3.276615,
769,2026-09-15 23:34:16.008,GW-LINE-B,rob01.cycleTime,Good,3.1,
770,2026-09-15 23:34:16.008,GW-LINE-B,rob01.posY,Good,4,
771,2026-09-15 23:34:16.008,GW-LINE-B,rob01.trajectory,Good,8.055923,
772,2026-09-15 23:34:16.483,IM-01,im01.prodTime,Good,09/15/2026 23:34:16,
773,2026-09-15 23:34:16.971,IM-01,im01.moldTemp,Good,84.5,
774,2026-09-15 23:34:16.971,IM-01,im01.oilTemp,Good,44.3,
775,2026-09-15 23:34:16.971,IM-01,im01.energyTotal,Good,1.37858333333375,
776,2026-09-15 23:34:16.978,EM-01,em01.totalEnergy,Good,3442.99,
777,2026-09-15 23:34:16.978,EM-01,em01.forwardEnergy,Good,3442.99,
778,2026-09-15 23:34:16.978,EM-01,em01.voltageA,Good,377,
779,2026-09-15 23:34:16.978,EM-01,em01.voltageB,Good,380,
780,2026-09-15 23:34:16.978,EM-01,em01.currentA,Good,134.3,
781,2026-09-15 23:34:16.978,EM-01,em01.activePower,Good,116,
782,2026-09-15 23:34:16.978,EM-01,em01.reactivePower,Good,25,
783,2026-09-15 23:34:16.978,EM-01,em01.powerFactor,Good,0.917,
784,2026-09-15 23:34:16.978,EM-01,em01.frequency,Good,50.09,
785,2026-09-15 23:34:16.978,EM-01,em01.demand,Good,116,
786,2026-09-15 23:34:16.978,EM-01,em01.energyF64,Good,34.9554166666667,
787,2026-09-15 23:34:16.978,EM-01,em01.unbalance,Good,0.7894737,
788,2026-09-15 23:34:16.984,ENV-01,env01.humidity,Good,55,
789,2026-09-15 23:34:16.984,ENV-01,env01.dewPoint,Good,15.1,
790,2026-09-15 23:34:16.984,ENV-01,env01.noise,Good,74,
791,2026-09-15 23:34:16.984,ENV-01,env01.pm25,Good,54,
792,2026-09-15 23:34:16.984,ENV-01,env01.illuminance,Good,316,
793,2026-09-15 23:34:16.984,ENV-01,env01.tempFluctuation,Good,11.9314,
794,2026-09-15 23:34:16.993,GW-LINE-B,mtc01.tempAvg,Good,995.4709,
795,2026-09-15 23:34:17.000,GW-LINE-B,dry01.dewPoint,Good,-34.1,
796,2026-09-15 23:34:17.000,GW-LINE-B,dry01.materialLevel,Good,51,
797,2026-09-15 23:34:17.002,GW-LINE-B,dry01.levelTrend,Good,-3.305256,
798,2026-09-15 23:34:17.009,GW-LINE-B,rob01.cycleTime,Good,2.8,
799,2026-09-15 23:34:17.009,GW-LINE-B,rob01.posY,Good,3,
800,2026-09-15 23:34:17.009,GW-LINE-B,rob01.trajectory,Good,8.183899,
801,2026-09-15 23:34:17.960,GW-LINE-B,mtc01.runSeconds,Good,11109,
802,2026-09-15 23:34:17.960,ENV-01,env01.runSeconds,Good,11109,
803,2026-09-15 23:34:17.960,ENV-01,env01.sampleTime,Good,09/15/2026 23:34:17,
804,2026-09-15 23:34:17.962,GW-LINE-B,mtc01.tempDeviation,Good,-0.5,
805,2026-09-15 23:34:17.962,EM-01,em01.readTime,Good,09/15/2026 23:34:17,
806,2026-09-15 23:34:17.967,GW-LINE-B,dry01.drySeconds,Good,10485,
807,2026-09-15 23:34:17.967,GW-LINE-B,dry01.energyTotal,Good,1.70319444444446,
808,2026-09-15 23:34:17.969,ENV-01,env01.tempDeviation,Good,-0.2,
809,2026-09-15 23:34:17.969,GW-LINE-B,dry01.dewDeviation,Good,0.9,
810,2026-09-15 23:34:17.975,GW-LINE-B,rob01.runSeconds,Good,11109,
811,2026-09-15 23:34:17.977,GW-LINE-B,rob01.energyTotal,Good,1.54613888888886,
812,2026-09-15 23:34:17.979,EM-01,em01.totalEnergy,Good,3446.37,
813,2026-09-15 23:34:17.979,EM-01,em01.forwardEnergy,Good,3446.37,
814,2026-09-15 23:34:17.979,EM-01,em01.voltageA,Good,378,
815,2026-09-15 23:34:17.979,EM-01,em01.voltageC,Good,380,
816,2026-09-15 23:34:17.979,EM-01,em01.currentA,Good,178.2,
817,2026-09-15 23:34:17.979,EM-01,em01.reactivePower,Good,38,
818,2026-09-15 23:34:17.979,EM-01,em01.powerFactor,Good,0.815,
819,2026-09-15 23:34:17.979,EM-01,em01.frequency,Good,50.06,
820,2026-09-15 23:34:17.979,EM-01,em01.alarmCode,Good,2,
821,2026-09-15 23:34:17.979,EM-01,em01.energyF64,Good,34.9896944444444,
822,2026-09-15 23:34:17.979,EM-01,em01.unbalance,Good,0.5263158,
823,2026-09-15 23:34:17.981,EM-01,em01.overDemand,Good,True,
824,2026-09-15 23:34:17.985,ENV-01,env01.roomTemp,Good,23.8,
825,2026-09-15 23:34:17.985,ENV-01,env01.humidity,Good,53,
826,2026-09-15 23:34:17.985,ENV-01,env01.dewPoint,Good,14.5,
827,2026-09-15 23:34:17.985,ENV-01,env01.noise,Good,71,
828,2026-09-15 23:34:17.985,ENV-01,env01.pm25,Good,31,
829,2026-09-15 23:34:17.985,ENV-01,env01.pressureDiff,Good,13,
830,2026-09-15 23:34:17.985,ENV-01,env01.illuminance,Good,394,
831,2026-09-15 23:34:17.985,ENV-01,env01.tempFluctuation,Good,11.2989,
832,2026-09-15 23:34:17.993,GW-LINE-B,mtc01.tempAvg,Good,995.3522,
833,2026-09-15 23:34:18.000,GW-LINE-B,dry01.heatPower,Good,5,
834,2026-09-15 23:34:18.000,GW-LINE-B,dry01.fanCurrent,Good,1.2,
835,2026-09-15 23:34:18.002,GW-LINE-B,dry01.levelTrend,Good,-3.340256,
836,2026-09-15 23:34:18.008,GW-LINE-B,rob01.cycleTime,Good,3.1,
837,2026-09-15 23:34:18.008,GW-LINE-B,rob01.posY,Good,2,
838,2026-09-15 23:34:18.008,GW-LINE-B,rob01.trajectory,Good,7.935605,
840,2026-09-15 23:34:18.484,IM-01,im01.statusWord,Bad,,ss.reason.comm
841,2026-09-15 23:34:18.484,IM-01,im01.alarmCode,Bad,,ss.reason.comm
842,2026-09-15 23:34:18.484,IM-01,im01.totalMolds,Bad,,ss.reason.comm
843,2026-09-15 23:34:18.484,IM-01,im01.goodParts,Bad,,ss.reason.comm
844,2026-09-15 23:34:18.484,IM-01,im01.rejectParts,Bad,,ss.reason.comm
845,2026-09-15 23:34:18.484,IM-01,im01.cycleTime,Bad,,ss.reason.comm
846,2026-09-15 23:34:18.484,IM-01,im01.avgCycleTime,Bad,,ss.reason.comm
847,2026-09-15 23:34:18.484,IM-01,im01.oee,Bad,,ss.reason.comm
848,2026-09-15 23:34:18.484,IM-01,im01.stage,Bad,,ss.reason.comm
849,2026-09-15 23:34:18.484,IM-01,im01.batchNo,Bad,,ss.reason.comm
850,2026-09-15 23:34:18.484,IM-01,im01.prodTime,Bad,,ss.reason.comm
851,2026-09-15 23:34:18.979,EM-01,em01.totalEnergy,Good,3449.5,
852,2026-09-15 23:34:18.979,EM-01,em01.forwardEnergy,Good,3449.5,
853,2026-09-15 23:34:18.979,EM-01,em01.voltageA,Good,383,
854,2026-09-15 23:34:18.979,EM-01,em01.voltageB,Good,384,
855,2026-09-15 23:34:18.979,EM-01,em01.voltageC,Good,376,
856,2026-09-15 23:34:18.979,EM-01,em01.currentA,Good,212.8,
857,2026-09-15 23:34:18.979,EM-01,em01.activePower,Good,114,
858,2026-09-15 23:34:18.979,EM-01,em01.reactivePower,Good,40,
859,2026-09-15 23:34:18.979,EM-01,em01.powerFactor,Good,0.744,
860,2026-09-15 23:34:18.979,EM-01,em01.frequency,Good,50.02,
861,2026-09-15 23:34:18.979,EM-01,em01.demand,Good,114,
862,2026-09-15 23:34:18.979,EM-01,em01.energyF64,Good,35.0215277777778,
863,2026-09-15 23:34:18.979,EM-01,em01.unbalance,Good,2.105263,
864,2026-09-15 23:34:18.986,ENV-01,env01.roomTemp,Good,23.9,
865,2026-09-15 23:34:18.986,ENV-01,env01.dewPoint,Good,14.6,
866,2026-09-15 23:34:18.986,ENV-01,env01.noise,Good,72,
867,2026-09-15 23:34:18.986,ENV-01,env01.pm25,Good,60,
868,2026-09-15 23:34:18.986,ENV-01,env01.pressureDiff,Good,4,
869,2026-09-15 23:34:18.986,ENV-01,env01.illuminance,Good,401,
870,2026-09-15 23:34:18.986,ENV-01,env01.tempFluctuation,Good,11.6783,
871,2026-09-15 23:34:18.993,GW-LINE-B,mtc01.actualTemp,Good,99.6,
872,2026-09-15 23:34:18.993,GW-LINE-B,mtc01.pumpPressure,Good,4,
873,2026-09-15 23:34:18.993,GW-LINE-B,mtc01.pumpFlow,Good,32,
874,2026-09-15 23:34:18.993,GW-LINE-B,mtc01.pumpCurrent,Good,3.9,
875,2026-09-15 23:34:18.993,GW-LINE-B,mtc01.heatPower,Good,8,
876,2026-09-15 23:34:18.993,GW-LINE-B,mtc01.outletTemp,Good,100.1,
877,2026-09-15 23:34:18.993,GW-LINE-B,mtc01.tempAvg,Good,996.0978,
878,2026-09-15 23:34:19.002,GW-LINE-B,dry01.dewPoint,Good,-34.2,
879,2026-09-15 23:34:19.002,GW-LINE-B,dry01.heatPower,Good,3,
880,2026-09-15 23:34:19.002,GW-LINE-B,dry01.fanCurrent,Good,1.1,
881,2026-09-15 23:34:19.004,GW-LINE-B,dry01.levelTrend,Good,-3.369684,
882,2026-09-15 23:34:19.009,GW-LINE-B,rob01.cycleTime,Good,3,
883,2026-09-15 23:34:19.009,GW-LINE-B,rob01.trajectory,Good,8.118806,
884,2026-09-15 23:34:19.980,EM-01,em01.totalEnergy,Good,3452.62,
885,2026-09-15 23:34:19.980,EM-01,em01.forwardEnergy,Good,3452.62,
886,2026-09-15 23:34:19.980,EM-01,em01.voltageA,Good,381,
887,2026-09-15 23:34:19.980,EM-01,em01.voltageB,Good,386,
888,2026-09-15 23:34:19.980,EM-01,em01.voltageC,Good,383,
889,2026-09-15 23:34:19.980,EM-01,em01.currentA,Good,146.9,
890,2026-09-15 23:34:19.980,EM-01,em01.activePower,Good,107,
891,2026-09-15 23:34:19.980,EM-01,em01.powerFactor,Good,0.736,
892,2026-09-15 23:34:19.980,EM-01,em01.frequency,Good,49.95,
893,2026-09-15 23:34:19.980,EM-01,em01.demand,Good,107,
894,2026-09-15 23:34:19.980,EM-01,em01.energyF64,Good,35.0532777777778,
895,2026-09-15 23:34:19.980,EM-01,em01.unbalance,Good,1.315789,
896,2026-09-15 23:34:19.987,ENV-01,env01.roomTemp,Good,24,
897,2026-09-15 23:34:19.987,ENV-01,env01.humidity,Good,52,
898,2026-09-15 23:34:19.987,ENV-01,env01.noise,Good,78,
899,2026-09-15 23:34:19.987,ENV-01,env01.pm25,Good,34,
900,2026-09-15 23:34:19.987,ENV-01,env01.pressureDiff,Good,3,
901,2026-09-15 23:34:19.987,ENV-01,env01.illuminance,Good,476,
902,2026-09-15 23:34:19.987,ENV-01,env01.tempFluctuation,Good,12.67325,
903,2026-09-15 23:34:19.994,GW-LINE-B,mtc01.actualTemp,Good,99.4,
904,2026-09-15 23:34:19.994,GW-LINE-B,mtc01.pumpPressure,Good,2,
905,2026-09-15 23:34:19.994,GW-LINE-B,mtc01.pumpFlow,Good,20,
906,2026-09-15 23:34:19.994,GW-LINE-B,mtc01.heatPower,Good,7,
907,2026-09-15 23:34:19.994,GW-LINE-B,mtc01.outletTemp,Good,99.9,
908,2026-09-15 23:34:19.994,GW-LINE-B,mtc01.tempAvg,Good,993.5356,
909,2026-09-15 23:34:20.003,GW-LINE-B,dry01.dewPoint,Good,-33.8,
910,2026-09-15 23:34:20.003,GW-LINE-B,dry01.materialLevel,Good,50,
911,2026-09-15 23:34:20.003,GW-LINE-B,dry01.heatPower,Good,6,
912,2026-09-15 23:34:20.003,GW-LINE-B,dry01.fanCurrent,Good,2,
913,2026-09-15 23:34:20.004,GW-LINE-B,dry01.levelTrend,Good,-3.401081,
914,2026-09-15 23:34:20.010,GW-LINE-B,rob01.cycleTime,Good,2.9,
915,2026-09-15 23:34:20.010,GW-LINE-B,rob01.trajectory,Good,8.066061,
917,2026-09-15 23:34:20.590,IM-01,im01.statusWord,Good,1,
918,2026-09-15 23:34:20.590,IM-01,im01.alarmCode,Good,0,
919,2026-09-15 23:34:20.590,IM-01,im01.totalMolds,Good,2,
920,2026-09-15 23:34:20.590,IM-01,im01.goodParts,Good,2,
921,2026-09-15 23:34:20.590,IM-01,im01.rejectParts,Good,0,
922,2026-09-15 23:34:20.590,IM-01,im01.cycleTime,Good,40.5,
923,2026-09-15 23:34:20.590,IM-01,im01.avgCycleTime,Good,37.7,
924,2026-09-15 23:34:20.590,IM-01,im01.oee,Good,10,
925,2026-09-15 23:34:20.590,IM-01,im01.stage,Good,0,
926,2026-09-15 23:34:20.590,IM-01,im01.batchNo,Good,2002,
927,2026-09-15 23:34:20.590,IM-01,im01.prodTime,Good,09/15/2026 23:34:20,
928,2026-09-15 23:34:20.594,IM-01,im01.barrel1Temp,Good,192.5,
929,2026-09-15 23:34:20.594,IM-01,im01.moldTemp,Good,84.6,
930,2026-09-15 23:34:20.594,IM-01,im01.oilTemp,Good,44.6,
931,2026-09-15 23:34:20.594,IM-01,im01.energyTotal,Good,1.38158333333375,
932,2026-09-15 23:34:20.598,IM-01,im01.cavitySetTemp,Good,240,
933,2026-09-15 23:34:20.600,IM-01,im01.clampForceDev,Good,-44,
934,2026-09-15 23:34:20.980,EM-01,em01.totalEnergy,Good,3455.77,
935,2026-09-15 23:34:20.980,EM-01,em01.forwardEnergy,Good,3455.77,
936,2026-09-15 23:34:20.980,EM-01,em01.voltageA,Good,382,
937,2026-09-15 23:34:20.980,EM-01,em01.voltageB,Good,382,
938,2026-09-15 23:34:20.980,EM-01,em01.voltageC,Good,375,
939,2026-09-15 23:34:20.980,EM-01,em01.currentA,Good,145.7,
940,2026-09-15 23:34:20.980,EM-01,em01.activePower,Good,121,
941,2026-09-15 23:34:20.980,EM-01,em01.reactivePower,Good,25,
942,2026-09-15 23:34:20.980,EM-01,em01.powerFactor,Good,0.706,
943,2026-09-15 23:34:20.980,EM-01,em01.frequency,Good,49.94,
944,2026-09-15 23:34:20.980,EM-01,em01.demand,Good,121,
945,2026-09-15 23:34:20.980,EM-01,em01.energyF64,Good,35.0852222222222,
946,2026-09-15 23:34:20.980,EM-01,em01.unbalance,Good,1.842105,
947,2026-09-15 23:34:20.988,ENV-01,env01.humidity,Good,54,
948,2026-09-15 23:34:20.988,ENV-01,env01.dewPoint,Good,14.9,
949,2026-09-15 23:34:20.988,ENV-01,env01.noise,Good,75,
950,2026-09-15 23:34:20.988,ENV-01,env01.pm25,Good,58,
951,2026-09-15 23:34:20.988,ENV-01,env01.pressureDiff,Good,10,
952,2026-09-15 23:34:20.988,ENV-01,env01.illuminance,Good,387,
953,2026-09-15 23:34:20.988,ENV-01,env01.tempFluctuation,Good,12.79637,
954,2026-09-15 23:34:20.995,GW-LINE-B,mtc01.actualTemp,Good,99.6,
955,2026-09-15 23:34:20.995,GW-LINE-B,mtc01.pumpPressure,Good,4,
956,2026-09-15 23:34:20.995,GW-LINE-B,mtc01.pumpFlow,Good,37,
957,2026-09-15 23:34:20.995,GW-LINE-B,mtc01.pumpCurrent,Good,5.7,
958,2026-09-15 23:34:20.995,GW-LINE-B,mtc01.heatPower,Good,6,
959,2026-09-15 23:34:20.995,GW-LINE-B,mtc01.outletTemp,Good,100.1,
960,2026-09-15 23:34:20.995,GW-LINE-B,mtc01.tempAvg,Good,996.2892,
961,2026-09-15 23:34:21.003,GW-LINE-B,dry01.dewPoint,Good,-34.5,
962,2026-09-15 23:34:21.003,GW-LINE-B,dry01.fanCurrent,Good,0.9,
963,2026-09-15 23:34:21.005,GW-LINE-B,dry01.levelTrend,Good,-3.43311,
964,2026-09-15 23:34:21.011,GW-LINE-B,rob01.cycleTime,Good,2.8,
965,2026-09-15 23:34:21.011,GW-LINE-B,rob01.trajectory,Good,7.974819,
966,2026-09-15 23:34:21.091,IM-01,im01.prodTime,Good,09/15/2026 23:34:21,
967,2026-09-15 23:34:21.591,IM-01,im01.barrel1Temp,Good,195.6,
968,2026-09-15 23:34:21.591,IM-01,im01.moldTemp,Good,84.5,
969,2026-09-15 23:34:21.591,IM-01,im01.energyTotal,Good,1.38241666666708,
970,2026-09-15 23:34:21.981,EM-01,em01.totalEnergy,Good,3458.94,
971,2026-09-15 23:34:21.981,EM-01,em01.forwardEnergy,Good,3458.94,
972,2026-09-15 23:34:21.981,EM-01,em01.voltageA,Good,380,
973,2026-09-15 23:34:21.981,EM-01,em01.voltageB,Good,386,
974,2026-09-15 23:34:21.981,EM-01,em01.voltageC,Good,377,
975,2026-09-15 23:34:21.981,EM-01,em01.currentA,Good,202.1,
976,2026-09-15 23:34:21.981,EM-01,em01.activePower,Good,112,
977,2026-09-15 23:34:21.981,EM-01,em01.powerFactor,Good,0.733,
978,2026-09-15 23:34:21.981,EM-01,em01.frequency,Good,49.97,
979,2026-09-15 23:34:21.981,EM-01,em01.demand,Good,112,
980,2026-09-15 23:34:21.981,EM-01,em01.energyF64,Good,35.1174444444444,
981,2026-09-15 23:34:21.981,EM-01,em01.unbalance,Good,2.368421,
982,2026-09-15 23:34:21.988,ENV-01,env01.humidity,Good,56,
983,2026-09-15 23:34:21.988,ENV-01,env01.dewPoint,Good,15.3,
984,2026-09-15 23:34:21.988,ENV-01,env01.noise,Good,72,
985,2026-09-15 23:34:21.988,ENV-01,env01.pm25,Good,56,
986,2026-09-15 23:34:21.988,ENV-01,env01.pressureDiff,Good,11,
987,2026-09-15 23:34:21.988,ENV-01,env01.illuminance,Good,348,
988,2026-09-15 23:34:21.988,ENV-01,env01.tempFluctuation,Good,12.35298,
989,2026-09-15 23:34:21.996,GW-LINE-B,mtc01.pumpPressure,Good,5,
990,2026-09-15 23:34:21.996,GW-LINE-B,mtc01.pumpFlow,Good,31,
991,2026-09-15 23:34:21.996,GW-LINE-B,mtc01.pumpCurrent,Good,6,
992,2026-09-15 23:34:21.996,GW-LINE-B,mtc01.heatPower,Good,7,
993,2026-09-15 23:34:21.996,GW-LINE-B,mtc01.tempAvg,Good,996.2151,
994,2026-09-15 23:34:22.004,GW-LINE-B,dry01.dewPoint,Good,-34.9,
995,2026-09-15 23:34:22.004,GW-LINE-B,dry01.heatPower,Good,4,
996,2026-09-15 23:34:22.004,GW-LINE-B,dry01.fanCurrent,Good,1.3,
997,2026-09-15 23:34:22.006,GW-LINE-B,dry01.levelTrend,Good,-3.464285,
998,2026-09-15 23:34:22.012,GW-LINE-B,rob01.cycleTime,Good,3.1,
999,2026-09-15 23:34:22.012,GW-LINE-B,rob01.trajectory,Good,7.866185,
1000,2026-09-15 23:34:22.095,IM-01,im01.prodTime,Good,09/15/2026 23:34:22,
1001,2026-09-15 23:34:22.591,IM-01,im01.barrel1Temp,Good,196.1,
1002,2026-09-15 23:34:22.591,IM-01,im01.moldTemp,Good,84.6,
1003,2026-09-15 23:34:22.591,IM-01,im01.oilTemp,Good,44.4,
1004,2026-09-15 23:34:22.591,IM-01,im01.energyTotal,Good,1.38325000000042,
1005,2026-09-15 23:34:22.960,GW-LINE-B,mtc01.runSeconds,Good,11159,
1006,2026-09-15 23:34:22.960,GW-LINE-B,mtc01.energyTotal,Good,1.65741666666667,
1007,2026-09-15 23:34:22.960,EM-01,em01.readTime,Good,09/15/2026 23:34:22,
1008,2026-09-15 23:34:22.962,GW-LINE-B,mtc01.tempDeviation,Good,-0.6,
1009,2026-09-15 23:34:22.966,ENV-01,env01.runSeconds,Good,11159,
1010,2026-09-15 23:34:22.966,ENV-01,env01.sampleTime,Good,09/15/2026 23:34:22,
1011,2026-09-15 23:34:22.969,GW-LINE-B,dry01.drySeconds,Good,10535,
1012,2026-09-15 23:34:22.969,GW-LINE-B,dry01.energyTotal,Good,1.71075000000001,
1013,2026-09-15 23:34:22.971,GW-LINE-B,dry01.dewDeviation,Good,0,
1014,2026-09-15 23:34:22.971,ENV-01,env01.tempDeviation,Good,0,
1015,2026-09-15 23:34:22.976,GW-LINE-B,rob01.runSeconds,Good,11159,
1016,2026-09-15 23:34:22.978,GW-LINE-B,rob01.energyTotal,Good,1.55319444444442,
1017,2026-09-15 23:34:22.982,EM-01,em01.totalEnergy,Good,3462.03,
1018,2026-09-15 23:34:22.982,EM-01,em01.forwardEnergy,Good,3462.03,
1019,2026-09-15 23:34:22.982,EM-01,em01.voltageA,Good,379,
1020,2026-09-15 23:34:22.982,EM-01,em01.voltageB,Good,385,
1021,2026-09-15 23:34:22.982,EM-01,em01.voltageC,Good,382,
1022,2026-09-15 23:34:22.982,EM-01,em01.currentA,Good,149.9,
1023,2026-09-15 23:34:22.982,EM-01,em01.activePower,Good,118,
1024,2026-09-15 23:34:22.982,EM-01,em01.powerFactor,Good,0.724,
1025,2026-09-15 23:34:22.982,EM-01,em01.frequency,Good,50.07,
1026,2026-09-15 23:34:22.982,EM-01,em01.demand,Good,118,
1027,2026-09-15 23:34:22.982,EM-01,em01.energyF64,Good,35.1487777777778,
1028,2026-09-15 23:34:22.982,EM-01,em01.unbalance,Good,1.578947,
1029,2026-09-15 23:34:22.989,ENV-01,env01.humidity,Good,55,
1030,2026-09-15 23:34:22.989,ENV-01,env01.dewPoint,Good,15.2,
1031,2026-09-15 23:34:22.989,ENV-01,env01.noise,Good,75,
1032,2026-09-15 23:34:22.989,ENV-01,env01.pm25,Good,47,
1033,2026-09-15 23:34:22.989,ENV-01,env01.pressureDiff,Good,4,
1034,2026-09-15 23:34:22.989,ENV-01,env01.illuminance,Good,375,
1035,2026-09-15 23:34:22.989,ENV-01,env01.tempFluctuation,Good,12.24972,
1036,2026-09-15 23:34:22.996,GW-LINE-B,mtc01.actualTemp,Good,99.4,
1037,2026-09-15 23:34:22.996,GW-LINE-B,mtc01.pumpPressure,Good,4,
1038,2026-09-15 23:34:22.996,GW-LINE-B,mtc01.pumpFlow,Good,23,
1039,2026-09-15 23:34:22.996,GW-LINE-B,mtc01.pumpCurrent,Good,5.8,
1040,2026-09-15 23:34:22.996,GW-LINE-B,mtc01.heatPower,Good,3,
1041,2026-09-15 23:34:22.996,GW-LINE-B,mtc01.outletTemp,Good,99.9,
1042,2026-09-15 23:34:22.996,GW-LINE-B,mtc01.tempAvg,Good,994.1483,
1043,2026-09-15 23:34:23.004,GW-LINE-B,dry01.dewPoint,Good,-35,
1044,2026-09-15 23:34:23.004,GW-LINE-B,dry01.fanCurrent,Good,1.1,
1045,2026-09-15 23:34:23.006,GW-LINE-B,dry01.levelTrend,Good,-3.492346,
1046,2026-09-15 23:34:23.012,GW-LINE-B,rob01.cycleTime,Good,2.8,
1047,2026-09-15 23:34:23.012,GW-LINE-B,rob01.trajectory,Good,7.710865,
1048,2026-09-15 23:34:23.096,IM-01,im01.prodTime,Good,09/15/2026 23:34:23,
1049,2026-09-15 23:34:23.591,IM-01,im01.energyTotal,Good,1.38408333333375,
1050,2026-09-15 23:34:23.983,EM-01,em01.totalEnergy,Good,3464.96,
1051,2026-09-15 23:34:23.983,EM-01,em01.forwardEnergy,Good,3464.96,
1052,2026-09-15 23:34:23.983,EM-01,em01.voltageA,Good,383,
1053,2026-09-15 23:34:23.983,EM-01,em01.voltageB,Good,380,
1054,2026-09-15 23:34:23.983,EM-01,em01.voltageC,Good,379,
1055,2026-09-15 23:34:23.983,EM-01,em01.currentA,Good,175.1,
1056,2026-09-15 23:34:23.983,EM-01,em01.activePower,Good,96,
1057,2026-09-15 23:34:23.983,EM-01,em01.reactivePower,Good,38,
1058,2026-09-15 23:34:23.983,EM-01,em01.powerFactor,Good,0.764,
1059,2026-09-15 23:34:23.983,EM-01,em01.frequency,Good,49.96,
1060,2026-09-15 23:34:23.983,EM-01,em01.demand,Good,96,
1061,2026-09-15 23:34:23.983,EM-01,em01.energyF64,Good,35.1786666666667,
1062,2026-09-15 23:34:23.983,EM-01,em01.unbalance,Good,1.052632,
1063,2026-09-15 23:34:23.989,ENV-01,env01.roomTemp,Good,24.1,
1064,2026-09-15 23:34:23.989,ENV-01,env01.humidity,Good,56,
1065,2026-09-15 23:34:23.989,ENV-01,env01.dewPoint,Good,15.5,
1066,2026-09-15 23:34:23.989,ENV-01,env01.noise,Good,72,
1067,2026-09-15 23:34:23.989,ENV-01,env01.pm25,Good,57,
1068,2026-09-15 23:34:23.989,ENV-01,env01.pressureDiff,Good,11,
1069,2026-09-15 23:34:23.989,ENV-01,env01.illuminance,Good,346,
1070,2026-09-15 23:34:23.989,ENV-01,env01.tempFluctuation,Good,12.45578,
1071,2026-09-15 23:34:23.997,GW-LINE-B,mtc01.actualTemp,Good,99.6,
1072,2026-09-15 23:34:23.997,GW-LINE-B,mtc01.pumpPressure,Good,5,
1073,2026-09-15 23:34:23.997,GW-LINE-B,mtc01.pumpFlow,Good,16,
1074,2026-09-15 23:34:23.997,GW-LINE-B,mtc01.pumpCurrent,Good,3.7,
1075,2026-09-15 23:34:23.997,GW-LINE-B,mtc01.heatPower,Good,7,
1076,2026-09-15 23:34:23.997,GW-LINE-B,mtc01.outletTemp,Good,100.1,
1077,2026-09-15 23:34:23.997,GW-LINE-B,mtc01.tempAvg,Good,996.1168,
1078,2026-09-15 23:34:24.004,GW-LINE-B,dry01.dewPoint,Good,-34.4,
1079,2026-09-15 23:34:24.004,GW-LINE-B,dry01.materialLevel,Good,49,
1080,2026-09-15 23:34:24.004,GW-LINE-B,dry01.heatPower,Good,8,
1081,2026-09-15 23:34:24.004,GW-LINE-B,dry01.fanCurrent,Good,1.6,
1082,2026-09-15 23:34:24.006,GW-LINE-B,dry01.levelTrend,Good,-3.52267,
1083,2026-09-15 23:34:24.012,GW-LINE-B,rob01.cycleTime,Good,2.7,
1084,2026-09-15 23:34:24.012,GW-LINE-B,rob01.posY,Good,1,
1085,2026-09-15 23:34:24.012,GW-LINE-B,rob01.trajectory,Good,8.146527,
1086,2026-09-15 23:34:24.096,IM-01,im01.prodTime,Good,09/15/2026 23:34:24,
1087,2026-09-15 23:34:24.592,IM-01,im01.oilTemp,Good,44.7,
1088,2026-09-15 23:34:24.592,IM-01,im01.energyTotal,Good,1.38491666666709,
1089,2026-09-15 23:34:24.983,EM-01,em01.totalEnergy,Good,3467.99,
1090,2026-09-15 23:34:24.983,EM-01,em01.forwardEnergy,Good,3467.99,
1091,2026-09-15 23:34:24.983,EM-01,em01.voltageA,Good,377,
1092,2026-09-15 23:34:24.983,EM-01,em01.voltageC,Good,381,
1093,2026-09-15 23:34:24.983,EM-01,em01.currentA,Good,197.3,
1094,2026-09-15 23:34:24.983,EM-01,em01.activePower,Good,110,
1095,2026-09-15 23:34:24.983,EM-01,em01.reactivePower,Good,24,
1096,2026-09-15 23:34:24.983,EM-01,em01.powerFactor,Good,0.747,
1097,2026-09-15 23:34:24.983,EM-01,em01.frequency,Good,49.94,
1098,2026-09-15 23:34:24.983,EM-01,em01.demand,Good,110,
1099,2026-09-15 23:34:24.983,EM-01,em01.energyF64,Good,35.2094722222222,
1100,2026-09-15 23:34:24.989,ENV-01,env01.dewPoint,Good,15.4,
1101,2026-09-15 23:34:24.989,ENV-01,env01.noise,Good,75,
1102,2026-09-15 23:34:24.989,ENV-01,env01.pm25,Good,43,
1103,2026-09-15 23:34:24.989,ENV-01,env01.pressureDiff,Good,5,
1104,2026-09-15 23:34:24.989,ENV-01,env01.illuminance,Good,467,
1105,2026-09-15 23:34:24.989,ENV-01,env01.tempFluctuation,Good,12.50622,
1106,2026-09-15 23:34:24.998,GW-LINE-B,mtc01.actualTemp,Good,99.4,
1107,2026-09-15 23:34:24.998,GW-LINE-B,mtc01.pumpPressure,Good,3,
1108,2026-09-15 23:34:24.998,GW-LINE-B,mtc01.pumpFlow,Good,30,
1109,2026-09-15 23:34:24.998,GW-LINE-B,mtc01.pumpCurrent,Good,3.4,
1110,2026-09-15 23:34:24.998,GW-LINE-B,mtc01.heatPower,Good,5,
1111,2026-09-15 23:34:24.998,GW-LINE-B,mtc01.outletTemp,Good,99.9,
1112,2026-09-15 23:34:24.998,GW-LINE-B,mtc01.tempAvg,Good,994.3394,
1113,2026-09-15 23:34:25.006,GW-LINE-B,dry01.dewPoint,Good,-34.1,
1114,2026-09-15 23:34:25.006,GW-LINE-B,dry01.heatPower,Good,3,
1115,2026-09-15 23:34:25.006,GW-LINE-B,dry01.fanCurrent,Good,1.8,
1116,2026-09-15 23:34:25.008,GW-LINE-B,dry01.levelTrend,Good,-3.551851,
1117,2026-09-15 23:34:25.014,GW-LINE-B,rob01.trajectory,Good,8.135002,
1118,2026-09-15 23:34:25.098,IM-01,im01.prodTime,Good,09/15/2026 23:34:25,
1119,2026-09-15 23:34:25.596,IM-01,im01.oilTemp,Good,44.5,
1120,2026-09-15 23:34:25.596,IM-01,im01.energyTotal,Good,1.38575000000042,
1121,2026-09-15 23:34:25.984,EM-01,em01.totalEnergy,Good,3470.98,
1122,2026-09-15 23:34:25.984,EM-01,em01.forwardEnergy,Good,3470.98,
1123,2026-09-15 23:34:25.984,EM-01,em01.voltageA,Good,375,
1124,2026-09-15 23:34:25.984,EM-01,em01.voltageB,Good,377,
1125,2026-09-15 23:34:25.984,EM-01,em01.voltageC,Good,374,
1126,2026-09-15 23:34:25.984,EM-01,em01.currentA,Good,133,
1127,2026-09-15 23:34:25.984,EM-01,em01.activePower,Good,107,
1128,2026-09-15 23:34:25.984,EM-01,em01.reactivePower,Good,34,
1129,2026-09-15 23:34:25.984,EM-01,em01.powerFactor,Good,0.708,
1130,2026-09-15 23:34:25.984,EM-01,em01.frequency,Good,49.98,
1131,2026-09-15 23:34:25.984,EM-01,em01.demand,Good,107,
1132,2026-09-15 23:34:25.984,EM-01,em01.energyF64,Good,35.2398055555555,
1133,2026-09-15 23:34:25.984,EM-01,em01.unbalance,Good,0.7894737,
1134,2026-09-15 23:34:25.990,ENV-01,env01.humidity,Good,54,
1135,2026-09-15 23:34:25.990,ENV-01,env01.dewPoint,Good,15,
1136,2026-09-15 23:34:25.990,ENV-01,env01.noise,Good,77,
1137,2026-09-15 23:34:25.990,ENV-01,env01.pm25,Good,29,
1138,2026-09-15 23:34:25.990,ENV-01,env01.pressureDiff,Good,2,
1139,2026-09-15 23:34:25.990,ENV-01,env01.illuminance,Good,421,
1140,2026-09-15 23:34:25.990,ENV-01,env01.tempFluctuation,Good,12.44301,
1141,2026-09-15 23:34:25.998,GW-LINE-B,mtc01.actualTemp,Good,99.6,
1142,2026-09-15 23:34:25.998,GW-LINE-B,mtc01.pumpPressure,Good,2,
1143,2026-09-15 23:34:25.998,GW-LINE-B,mtc01.pumpFlow,Good,35,
1144,2026-09-15 23:34:25.998,GW-LINE-B,mtc01.pumpCurrent,Good,4.7,
1145,2026-09-15 23:34:25.998,GW-LINE-B,mtc01.outletTemp,Good,100.1,
1146,2026-09-15 23:34:25.998,GW-LINE-B,mtc01.tempAvg,Good,995.7159,
1147,2026-09-15 23:34:26.006,GW-LINE-B,dry01.dewPoint,Good,-33.8,
1148,2026-09-15 23:34:26.006,GW-LINE-B,dry01.heatPower,Good,8,
1149,2026-09-15 23:34:26.006,GW-LINE-B,dry01.fanCurrent,Good,1.9,
1150,2026-09-15 23:34:26.008,GW-LINE-B,dry01.levelTrend,Good,-3.5846,
1151,2026-09-15 23:34:26.014,GW-LINE-B,rob01.cycleTime,Good,3.2,
1152,2026-09-15 23:34:26.014,GW-LINE-B,rob01.trajectory,Good,8.267561,
1153,2026-09-15 23:34:26.101,IM-01,im01.prodTime,Good,09/15/2026 23:34:26,
1154,2026-09-15 23:34:26.596,IM-01,im01.moldTemp,Good,84.5,
1155,2026-09-15 23:34:26.596,IM-01,im01.oilTemp,Good,44.7,
1156,2026-09-15 23:34:26.596,IM-01,im01.energyTotal,Good,1.38658333333375,
1157,2026-09-15 23:34:26.984,EM-01,em01.totalEnergy,Good,3474.12,
1158,2026-09-15 23:34:26.984,EM-01,em01.forwardEnergy,Good,3474.12,
1159,2026-09-15 23:34:26.984,EM-01,em01.voltageA,Good,380,
1160,2026-09-15 23:34:26.984,EM-01,em01.voltageB,Good,378,
1161,2026-09-15 23:34:26.984,EM-01,em01.voltageC,Good,379,
1162,2026-09-15 23:34:26.984,EM-01,em01.currentA,Good,205.3,
1163,2026-09-15 23:34:26.984,EM-01,em01.activePower,Good,116,
1164,2026-09-15 23:34:26.984,EM-01,em01.reactivePower,Good,35,
1165,2026-09-15 23:34:26.984,EM-01,em01.powerFactor,Good,0.782,
1166,2026-09-15 23:34:26.984,EM-01,em01.frequency,Good,50.08,
1167,2026-09-15 23:34:26.984,EM-01,em01.demand,Good,116,
1168,2026-09-15 23:34:26.984,EM-01,em01.energyF64,Good,35.2716388888889,
1169,2026-09-15 23:34:26.984,EM-01,em01.unbalance,Good,0.5263158,
1170,2026-09-15 23:34:26.990,ENV-01,env01.dewPoint,Good,14.9,
1171,2026-09-15 23:34:26.990,ENV-01,env01.noise,Good,78,
1172,2026-09-15 23:34:26.990,ENV-01,env01.pm25,Good,38,
1173,2026-09-15 23:34:26.990,ENV-01,env01.pressureDiff,Good,0,
1174,2026-09-15 23:34:26.990,ENV-01,env01.illuminance,Good,351,
1175,2026-09-15 23:34:26.990,ENV-01,env01.tempFluctuation,Good,12.30812,
1176,2026-09-15 23:34:26.998,GW-LINE-B,mtc01.actualTemp,Good,99.4,
1177,2026-09-15 23:34:26.998,GW-LINE-B,mtc01.pumpPressure,Good,3,
1178,2026-09-15 23:34:26.998,GW-LINE-B,mtc01.pumpFlow,Good,37,
1179,2026-09-15 23:34:26.998,GW-LINE-B,mtc01.pumpCurrent,Good,4.4,
1180,2026-09-15 23:34:26.998,GW-LINE-B,mtc01.heatPower,Good,4,
1181,2026-09-15 23:34:26.998,GW-LINE-B,mtc01.outletTemp,Good,99.9,
1182,2026-09-15 23:34:26.998,GW-LINE-B,mtc01.tempAvg,Good,994.4434,
1183,2026-09-15 23:34:27.005,GW-LINE-B,dry01.dewPoint,Good,-34.3,
1184,2026-09-15 23:34:27.005,GW-LINE-B,dry01.materialLevel,Good,48,
1185,2026-09-15 23:34:27.005,GW-LINE-B,dry01.heatPower,Good,4,
1186,2026-09-15 23:34:27.005,GW-LINE-B,dry01.fanCurrent,Good,1,
1187,2026-09-15 23:34:27.007,GW-LINE-B,dry01.levelTrend,Good,-3.610643,
1188,2026-09-15 23:34:27.013,GW-LINE-B,rob01.cycleTime,Good,3,
1189,2026-09-15 23:34:27.013,GW-LINE-B,rob01.trajectory,Good,8.080333,
1190,2026-09-15 23:34:27.102,IM-01,im01.prodTime,Good,09/15/2026 23:34:27,
1191,2026-09-15 23:34:27.597,IM-01,im01.oilTemp,Good,44.5,
1192,2026-09-15 23:34:27.597,IM-01,im01.energyTotal,Good,1.38741666666709,
1193,2026-09-15 23:34:27.961,GW-LINE-B,mtc01.runSeconds,Good,11209,
1194,2026-09-15 23:34:27.961,EM-01,em01.readTime,Good,09/15/2026 23:34:27,
1195,2026-09-15 23:34:27.961,GW-LINE-B,mtc01.energyTotal,Good,1.66450000000001,
1196,2026-09-15 23:34:27.963,GW-LINE-B,mtc01.tempDeviation,Good,-0.8,
1197,2026-09-15 23:34:27.967,ENV-01,env01.runSeconds,Good,11209,
1198,2026-09-15 23:34:27.967,ENV-01,env01.sampleTime,Good,09/15/2026 23:34:27,
1199,2026-09-15 23:34:27.969,GW-LINE-B,dry01.drySeconds,Good,10585,
1200,2026-09-15 23:34:27.969,GW-LINE-B,dry01.energyTotal,Good,1.71808333333335,
1201,2026-09-15 23:34:27.971,GW-LINE-B,dry01.dewDeviation,Good,0.6,
1202,2026-09-15 23:34:27.977,GW-LINE-B,rob01.runSeconds,Good,11209,
1203,2026-09-15 23:34:27.979,GW-LINE-B,rob01.energyTotal,Good,1.56041666666664,
1204,2026-09-15 23:34:27.984,EM-01,em01.totalEnergy,Good,3477.27,
1205,2026-09-15 23:34:27.984,EM-01,em01.forwardEnergy,Good,3477.27,
1206,2026-09-15 23:34:27.984,EM-01,em01.voltageA,Good,381,
1207,2026-09-15 23:34:27.984,EM-01,em01.voltageB,Good,381,
1208,2026-09-15 23:34:27.984,EM-01,em01.voltageC,Good,375,
1209,2026-09-15 23:34:27.984,EM-01,em01.currentA,Good,143.3,
1210,2026-09-15 23:34:27.984,EM-01,em01.reactivePower,Good,27,
1211,2026-09-15 23:34:27.984,EM-01,em01.powerFactor,Good,0.772,
1212,2026-09-15 23:34:27.984,EM-01,em01.frequency,Good,49.94,
1213,2026-09-15 23:34:27.984,EM-01,em01.energyF64,Good,35.3034722222222,
1214,2026-09-15 23:34:27.984,EM-01,em01.unbalance,Good,1.578947,
1215,2026-09-15 23:34:27.990,ENV-01,env01.roomTemp,Good,24,
1216,2026-09-15 23:34:27.990,ENV-01,env01.dewPoint,Good,14.8,
1217,2026-09-15 23:34:27.990,ENV-01,env01.noise,Good,74,
1218,2026-09-15 23:34:27.990,ENV-01,env01.pm25,Good,33,
1219,2026-09-15 23:34:27.990,ENV-01,env01.pressureDiff,Good,3,
1220,2026-09-15 23:34:27.990,ENV-01,env01.illuminance,Good,469,
1221,2026-09-15 23:34:27.990,ENV-01,env01.tempFluctuation,Good,12.77193,
1222,2026-09-15 23:34:27.998,GW-LINE-B,mtc01.actualTemp,Good,99.2,
1223,2026-09-15 23:34:27.998,GW-LINE-B,mtc01.pumpPressure,Good,2,
1224,2026-09-15 23:34:27.998,GW-LINE-B,mtc01.pumpFlow,Good,21,
1225,2026-09-15 23:34:27.998,GW-LINE-B,mtc01.pumpCurrent,Good,4.2,
1226,2026-09-15 23:34:27.998,GW-LINE-B,mtc01.heatPower,Good,7,
1227,2026-09-15 23:34:27.998,GW-LINE-B,mtc01.outletTemp,Good,99.7,
1228,2026-09-15 23:34:27.998,GW-LINE-B,mtc01.tempAvg,Good,992.255,
1229,2026-09-15 23:34:28.006,GW-LINE-B,dry01.dewPoint,Good,-34.4,
1230,2026-09-15 23:34:28.006,GW-LINE-B,dry01.heatPower,Good,3,
1231,2026-09-15 23:34:28.006,GW-LINE-B,dry01.fanCurrent,Good,1.6,
1232,2026-09-15 23:34:28.007,GW-LINE-B,dry01.levelTrend,Good,-3.647594,
1233,2026-09-15 23:34:28.013,GW-LINE-B,rob01.cycleTime,Good,2.7,
1234,2026-09-15 23:34:28.013,GW-LINE-B,rob01.posY,Good,3,
1235,2026-09-15 23:34:28.013,GW-LINE-B,rob01.trajectory,Good,8.167641,
1236,2026-09-15 23:34:28.103,IM-01,im01.prodTime,Good,09/15/2026 23:34:28,
1237,2026-09-15 23:34:28.597,IM-01,im01.oilTemp,Good,44.4,
1238,2026-09-15 23:34:28.597,IM-01,im01.energyTotal,Good,1.38825000000042,
1239,2026-09-15 23:34:28.984,EM-01,em01.totalEnergy,Good,3480.62,
1240,2026-09-15 23:34:28.984,EM-01,em01.forwardEnergy,Good,3480.62,
1241,2026-09-15 23:34:28.984,EM-01,em01.voltageA,Good,377,
1242,2026-09-15 23:34:28.984,EM-01,em01.voltageB,Good,379,
1243,2026-09-15 23:34:28.984,EM-01,em01.voltageC,Good,380,
1244,2026-09-15 23:34:28.984,EM-01,em01.currentA,Good,186.2,
1245,2026-09-15 23:34:28.984,EM-01,em01.activePower,Good,113,
1246,2026-09-15 23:34:28.984,EM-01,em01.reactivePower,Good,26,
1247,2026-09-15 23:34:28.984,EM-01,em01.powerFactor,Good,0.937,
1248,2026-09-15 23:34:28.984,EM-01,em01.frequency,Good,49.96,
1249,2026-09-15 23:34:28.984,EM-01,em01.alarmCode,Good,0,
1250,2026-09-15 23:34:28.984,EM-01,em01.demand,Good,113,
1251,2026-09-15 23:34:28.984,EM-01,em01.energyF64,Good,35.3375277777777,
1252,2026-09-15 23:34:28.984,EM-01,em01.unbalance,Good,0.7894737,
1253,2026-09-15 23:34:28.986,EM-01,em01.overDemand,Good,False,
1254,2026-09-15 23:34:28.991,ENV-01,env01.roomTemp,Good,24.1,
1255,2026-09-15 23:34:28.991,ENV-01,env01.humidity,Good,53,
1256,2026-09-15 23:34:28.991,ENV-01,env01.noise,Good,76,
1257,2026-09-15 23:34:28.991,ENV-01,env01.pm25,Good,28,
1258,2026-09-15 23:34:28.991,ENV-01,env01.pressureDiff,Good,-3,
1259,2026-09-15 23:34:28.991,ENV-01,env01.illuminance,Good,440,
1260,2026-09-15 23:34:28.991,ENV-01,env01.tempFluctuation,Good,12.53413,
1261,2026-09-15 23:34:28.998,GW-LINE-B,mtc01.actualTemp,Good,99.1,
1262,2026-09-15 23:34:28.998,GW-LINE-B,mtc01.pumpPressure,Good,3,
1263,2026-09-15 23:34:28.998,GW-LINE-B,mtc01.pumpFlow,Good,25,
1264,2026-09-15 23:34:28.998,GW-LINE-B,mtc01.pumpCurrent,Good,4.6,
1265,2026-09-15 23:34:28.998,GW-LINE-B,mtc01.heatPower,Good,4,
1266,2026-09-15 23:34:28.998,GW-LINE-B,mtc01.outletTemp,Good,99.6,
1267,2026-09-15 23:34:28.998,GW-LINE-B,mtc01.tempAvg,Good,990.5355,
1268,2026-09-15 23:34:29.007,GW-LINE-B,dry01.heatPower,Good,5,
1269,2026-09-15 23:34:29.007,GW-LINE-B,dry01.fanCurrent,Good,1.2,
1270,2026-09-15 23:34:29.008,GW-LINE-B,dry01.levelTrend,Good,-3.672027,
1271,2026-09-15 23:34:29.014,GW-LINE-B,rob01.cycleTime,Good,3,
1272,2026-09-15 23:34:29.014,GW-LINE-B,rob01.posY,Good,2,
1273,2026-09-15 23:34:29.014,GW-LINE-B,rob01.trajectory,Good,8.058819,
1274,2026-09-15 23:34:29.104,IM-01,im01.prodTime,Good,09/15/2026 23:34:29,
1275,2026-09-15 23:34:29.597,IM-01,im01.oilTemp,Good,44.7,
1276,2026-09-15 23:34:29.597,IM-01,im01.energyTotal,Good,1.38908333333376,
1277,2026-09-15 23:34:29.985,EM-01,em01.totalEnergy,Good,3483.62,
1278,2026-09-15 23:34:29.985,EM-01,em01.forwardEnergy,Good,3483.62,
1279,2026-09-15 23:34:29.985,EM-01,em01.voltageA,Good,385,
1280,2026-09-15 23:34:29.985,EM-01,em01.voltageB,Good,386,
1281,2026-09-15 23:34:29.985,EM-01,em01.voltageC,Good,379,
1282,2026-09-15 23:34:29.985,EM-01,em01.currentA,Good,165.9,
1283,2026-09-15 23:34:29.985,EM-01,em01.activePower,Good,115,
1284,2026-09-15 23:34:29.985,EM-01,em01.reactivePower,Good,38,
1285,2026-09-15 23:34:29.985,EM-01,em01.powerFactor,Good,0.942,
1286,2026-09-15 23:34:29.985,EM-01,em01.frequency,Good,50.05,
1287,2026-09-15 23:34:29.985,EM-01,em01.demand,Good,115,
1288,2026-09-15 23:34:29.985,EM-01,em01.energyF64,Good,35.3680555555555,
1289,2026-09-15 23:34:29.985,EM-01,em01.unbalance,Good,1.842105,
1290,2026-09-15 23:34:29.992,ENV-01,env01.roomTemp,Good,24,
1291,2026-09-15 23:34:29.992,ENV-01,env01.humidity,Good,52,
1292,2026-09-15 23:34:29.992,ENV-01,env01.dewPoint,Good,14.5,
1293,2026-09-15 23:34:29.992,ENV-01,env01.noise,Good,71,
1294,2026-09-15 23:34:29.992,ENV-01,env01.pm25,Good,50,
1295,2026-09-15 23:34:29.992,ENV-01,env01.pressureDiff,Good,4,
1296,2026-09-15 23:34:29.992,ENV-01,env01.illuminance,Good,376,
1297,2026-09-15 23:34:29.992,ENV-01,env01.tempFluctuation,Good,12.18325,
1298,2026-09-15 23:34:29.999,GW-LINE-B,mtc01.actualTemp,Good,99.5,
1299,2026-09-15 23:34:29.999,GW-LINE-B,mtc01.pumpFlow,Good,24,
1300,2026-09-15 23:34:29.999,GW-LINE-B,mtc01.pumpCurrent,Good,5.6,
1301,2026-09-15 23:34:29.999,GW-LINE-B,mtc01.heatPower,Good,6,
1302,2026-09-15 23:34:29.999,GW-LINE-B,mtc01.outletTemp,Good,100,
1303,2026-09-15 23:34:29.999,GW-LINE-B,mtc01.tempAvg,Good,994.7835,
1304,2026-09-15 23:34:30.006,GW-LINE-B,dry01.dewPoint,Good,-33.7,
1305,2026-09-15 23:34:30.006,GW-LINE-B,dry01.materialLevel,Good,47,
1306,2026-09-15 23:34:30.006,GW-LINE-B,dry01.fanCurrent,Good,1,
1307,2026-09-15 23:34:30.008,GW-LINE-B,dry01.levelTrend,Good,-3.705688,
1308,2026-09-15 23:34:30.014,GW-LINE-B,rob01.cycleTime,Good,2.7,
1309,2026-09-15 23:34:30.014,GW-LINE-B,rob01.posY,Good,3,
1310,2026-09-15 23:34:30.014,GW-LINE-B,rob01.trajectory,Good,8.174614,
1311,2026-09-15 23:34:30.106,IM-01,im01.prodTime,Good,09/15/2026 23:34:30,
1312,2026-09-15 23:34:30.593,IM-01,im01.clampForceDev,Good,-40,
1313,2026-09-15 23:34:30.598,IM-01,im01.oilTemp,Good,44.6,
1314,2026-09-15 23:34:30.598,IM-01,im01.energyTotal,Good,1.38991666666709,
1315,2026-09-15 23:34:30.985,EM-01,em01.totalEnergy,Good,3486.69,
1316,2026-09-15 23:34:30.985,EM-01,em01.forwardEnergy,Good,3486.69,
1317,2026-09-15 23:34:30.985,EM-01,em01.voltageA,Good,378,
1318,2026-09-15 23:34:30.985,EM-01,em01.voltageB,Good,379,
1319,2026-09-15 23:34:30.985,EM-01,em01.voltageC,Good,383,
1320,2026-09-15 23:34:30.985,EM-01,em01.currentA,Good,179.5,
1321,2026-09-15 23:34:30.985,EM-01,em01.activePower,Good,119,
1322,2026-09-15 23:34:30.985,EM-01,em01.reactivePower,Good,29,
1323,2026-09-15 23:34:30.985,EM-01,em01.powerFactor,Good,0.939,
1324,2026-09-15 23:34:30.985,EM-01,em01.frequency,Good,50.07,
1325,2026-09-15 23:34:30.985,EM-01,em01.demand,Good,119,
1326,2026-09-15 23:34:30.985,EM-01,em01.energyF64,Good,35.3991388888889,
1327,2026-09-15 23:34:30.985,EM-01,em01.unbalance,Good,1.315789,
1328,2026-09-15 23:34:30.992,ENV-01,env01.roomTemp,Good,24.1,
1329,2026-09-15 23:34:30.992,ENV-01,env01.noise,Good,72,
1330,2026-09-15 23:34:30.992,ENV-01,env01.pm25,Good,44,
1331,2026-09-15 23:34:30.992,ENV-01,env01.pressureDiff,Good,13,
1332,2026-09-15 23:34:30.992,ENV-01,env01.illuminance,Good,381,
1333,2026-09-15 23:34:30.992,ENV-01,env01.tempFluctuation,Good,12.61077,
1334,2026-09-15 23:34:30.999,GW-LINE-B,mtc01.pumpPressure,Good,5,
1335,2026-09-15 23:34:30.999,GW-LINE-B,mtc01.pumpFlow,Good,32,
1336,2026-09-15 23:34:30.999,GW-LINE-B,mtc01.pumpCurrent,Good,4.2,
1337,2026-09-15 23:34:30.999,GW-LINE-B,mtc01.heatPower,Good,3,
1338,2026-09-15 23:34:30.999,GW-LINE-B,mtc01.tempAvg,Good,994.9557,
1339,2026-09-15 23:34:31.007,GW-LINE-B,dry01.dewPoint,Good,-34.5,
1340,2026-09-15 23:34:31.007,GW-LINE-B,dry01.heatPower,Good,3,
1341,2026-09-15 23:34:31.007,GW-LINE-B,dry01.fanCurrent,Good,1.2,
1342,2026-09-15 23:34:31.009,GW-LINE-B,dry01.levelTrend,Good,-3.738336,
1343,2026-09-15 23:34:31.015,GW-LINE-B,rob01.posY,Good,2,
1344,2026-09-15 23:34:31.015,GW-LINE-B,rob01.trajectory,Good,7.867139,
1345,2026-09-15 23:34:31.107,IM-01,im01.prodTime,Good,09/15/2026 23:34:31,
1346,2026-09-15 23:34:31.599,IM-01,im01.moldTemp,Good,84.6,
1347,2026-09-15 23:34:31.599,IM-01,im01.energyTotal,Good,1.39075000000043,
1348,2026-09-15 23:34:31.986,EM-01,em01.totalEnergy,Good,3489.76,
1349,2026-09-15 23:34:31.986,EM-01,em01.forwardEnergy,Good,3489.76,
1350,2026-09-15 23:34:31.986,EM-01,em01.voltageA,Good,375,
1351,2026-09-15 23:34:31.986,EM-01,em01.voltageB,Good,377,
1352,2026-09-15 23:34:31.986,EM-01,em01.voltageC,Good,384,
1353,2026-09-15 23:34:31.986,EM-01,em01.currentA,Good,211.6,
1354,2026-09-15 23:34:31.986,EM-01,em01.activePower,Good,105,
1355,2026-09-15 23:34:31.986,EM-01,em01.reactivePower,Good,39,
1356,2026-09-15 23:34:31.986,EM-01,em01.powerFactor,Good,0.896,
1357,2026-09-15 23:34:31.986,EM-01,em01.frequency,Good,49.9,
1358,2026-09-15 23:34:31.986,EM-01,em01.demand,Good,105,
1359,2026-09-15 23:34:31.986,EM-01,em01.energyF64,Good,35.4303611111111,
1360,2026-09-15 23:34:31.986,EM-01,em01.unbalance,Good,2.368421,
1361,2026-09-15 23:34:31.992,ENV-01,env01.roomTemp,Good,24,
1362,2026-09-15 23:34:31.992,ENV-01,env01.noise,Good,71,
1363,2026-09-15 23:34:31.992,ENV-01,env01.pm25,Good,50,
1364,2026-09-15 23:34:31.992,ENV-01,env01.pressureDiff,Good,0,
1365,2026-09-15 23:34:31.992,ENV-01,env01.illuminance,Good,303,
1366,2026-09-15 23:34:31.992,ENV-01,env01.tempFluctuation,Good,12.55979,
1367,2026-09-15 23:34:32.000,GW-LINE-B,mtc01.pumpPressure,Good,2,
1368,2026-09-15 23:34:32.000,GW-LINE-B,mtc01.pumpFlow,Good,19,
1369,2026-09-15 23:34:32.000,GW-LINE-B,mtc01.pumpCurrent,Good,4.9,
1370,2026-09-15 23:34:32.000,GW-LINE-B,mtc01.heatPower,Good,5,
1371,2026-09-15 23:34:32.000,GW-LINE-B,mtc01.tempAvg,Good,995.222,
1372,2026-09-15 23:34:32.009,GW-LINE-B,dry01.dewPoint,Good,-34.4,
1373,2026-09-15 23:34:32.009,GW-LINE-B,dry01.heatPower,Good,7,
1374,2026-09-15 23:34:32.009,GW-LINE-B,dry01.fanCurrent,Good,1.6,
1375,2026-09-15 23:34:32.011,GW-LINE-B,dry01.levelTrend,Good,-3.773962,
1376,2026-09-15 23:34:32.016,GW-LINE-B,rob01.cycleTime,Good,2.9,
1377,2026-09-15 23:34:32.016,GW-LINE-B,rob01.trajectory,Good,7.717289,
1378,2026-09-15 23:34:32.108,IM-01,im01.prodTime,Good,09/15/2026 23:34:32,
1379,2026-09-15 23:34:32.599,IM-01,im01.moldTemp,Good,84.5,
1380,2026-09-15 23:34:32.599,IM-01,im01.energyTotal,Good,1.39158333333376,
1382,2026-09-15 23:34:32.962,GW-LINE-B,mtc01.runSeconds,Good,11259,
1383,2026-09-15 23:34:32.962,GW-LINE-B,mtc01.energyTotal,Good,1.67247222222223,
1384,2026-09-15 23:34:32.962,EM-01,em01.readTime,Good,09/15/2026 23:34:32,
1385,2026-09-15 23:34:32.964,GW-LINE-B,mtc01.tempDeviation,Good,-0.7,
1386,2026-09-15 23:34:32.967,ENV-01,env01.runSeconds,Good,11259,
1387,2026-09-15 23:34:32.967,ENV-01,env01.sampleTime,Good,09/15/2026 23:34:32,
1388,2026-09-15 23:34:32.970,GW-LINE-B,dry01.drySeconds,Good,10635,
1389,2026-09-15 23:34:32.970,GW-LINE-B,dry01.energyTotal,Good,1.72594444444446,
1390,2026-09-15 23:34:32.972,GW-LINE-B,dry01.dewDeviation,Good,0.2,
1391,2026-09-15 23:34:32.978,GW-LINE-B,rob01.runSeconds,Good,11259,
1392,2026-09-15 23:34:32.980,GW-LINE-B,rob01.energyTotal,Good,1.56816666666664,
1393,2026-09-15 23:34:32.987,EM-01,em01.totalEnergy,Good,3492.78,
1394,2026-09-15 23:34:32.987,EM-01,em01.forwardEnergy,Good,3492.78,
1395,2026-09-15 23:34:32.987,EM-01,em01.voltageA,Good,379,
1396,2026-09-15 23:34:32.987,EM-01,em01.voltageB,Good,381,
1397,2026-09-15 23:34:32.987,EM-01,em01.voltageC,Good,377,
1398,2026-09-15 23:34:32.987,EM-01,em01.currentA,Good,198.5,
1399,2026-09-15 23:34:32.987,EM-01,em01.activePower,Good,118,
1400,2026-09-15 23:34:32.987,EM-01,em01.reactivePower,Good,28,
1401,2026-09-15 23:34:32.987,EM-01,em01.powerFactor,Good,0.924,
1402,2026-09-15 23:34:32.987,EM-01,em01.frequency,Good,50.04,
1403,2026-09-15 23:34:32.987,EM-01,em01.demand,Good,118,
1404,2026-09-15 23:34:32.987,EM-01,em01.energyF64,Good,35.4611388888889,
1405,2026-09-15 23:34:32.987,EM-01,em01.unbalance,Good,1.052632,
1406,2026-09-15 23:34:32.993,ENV-01,env01.humidity,Good,51,
1407,2026-09-15 23:34:32.993,ENV-01,env01.dewPoint,Good,14.4,
1408,2026-09-15 23:34:32.993,ENV-01,env01.noise,Good,70,
1409,2026-09-15 23:34:32.993,ENV-01,env01.pm25,Good,22,
1410,2026-09-15 23:34:32.993,ENV-01,env01.pressureDiff,Good,-3,
1411,2026-09-15 23:34:32.993,ENV-01,env01.illuminance,Good,333,
1412,2026-09-15 23:34:32.993,ENV-01,env01.tempFluctuation,Good,12.1472,
1413,2026-09-15 23:34:33.001,GW-LINE-B,mtc01.actualTemp,Good,99.3,
1414,2026-09-15 23:34:33.001,GW-LINE-B,mtc01.pumpPressure,Good,4,
1415,2026-09-15 23:34:33.001,GW-LINE-B,mtc01.pumpFlow,Good,33,
1416,2026-09-15 23:34:33.001,GW-LINE-B,mtc01.pumpCurrent,Good,4.5,
1417,2026-09-15 23:34:33.001,GW-LINE-B,mtc01.heatPower,Good,3,
1418,2026-09-15 23:34:33.001,GW-LINE-B,mtc01.outletTemp,Good,99.8,
1419,2026-09-15 23:34:33.001,GW-LINE-B,mtc01.tempAvg,Good,992.6407,
1420,2026-09-15 23:34:33.008,GW-LINE-B,dry01.dewPoint,Good,-34.8,
1421,2026-09-15 23:34:33.008,GW-LINE-B,dry01.materialLevel,Good,46,
1422,2026-09-15 23:34:33.008,GW-LINE-B,dry01.heatPower,Good,5,
1423,2026-09-15 23:34:33.008,GW-LINE-B,dry01.fanCurrent,Good,1.4,
1424,2026-09-15 23:34:33.010,GW-LINE-B,dry01.levelTrend,Good,-3.806496,
1425,2026-09-15 23:34:33.016,GW-LINE-B,rob01.cycleTime,Good,2.8,
1426,2026-09-15 23:34:33.016,GW-LINE-B,rob01.trajectory,Good,8.222596,
1427,2026-09-15 23:34:33.110,IM-01,im01.prodTime,Good,09/15/2026 23:34:33,
1428,2026-09-15 23:34:33.599,IM-01,im01.barrel1Temp,Good,192.2,
1429,2026-09-15 23:34:33.599,IM-01,im01.oilTemp,Good,44.4,
1430,2026-09-15 23:34:33.599,IM-01,im01.energyTotal,Good,1.3924166666671,
1431,2026-09-15 23:34:33.987,EM-01,em01.totalEnergy,Good,3495.99,
1432,2026-09-15 23:34:33.987,EM-01,em01.forwardEnergy,Good,3495.99,
1433,2026-09-15 23:34:33.987,EM-01,em01.voltageA,Good,382,
1434,2026-09-15 23:34:33.987,EM-01,em01.voltageC,Good,384,
1435,2026-09-15 23:34:33.987,EM-01,em01.currentA,Good,144.1,
1436,2026-09-15 23:34:33.987,EM-01,em01.activePower,Good,108,
1437,2026-09-15 23:34:33.987,EM-01,em01.reactivePower,Good,35,
1438,2026-09-15 23:34:33.987,EM-01,em01.powerFactor,Good,0.935,
1439,2026-09-15 23:34:33.987,EM-01,em01.frequency,Good,49.95,
1440,2026-09-15 23:34:33.987,EM-01,em01.demand,Good,108,
1441,2026-09-15 23:34:33.987,EM-01,em01.energyF64,Good,35.4936944444444,
1442,2026-09-15 23:34:33.987,EM-01,em01.unbalance,Good,0.7894737,
1443,2026-09-15 23:34:33.993,ENV-01,env01.roomTemp,Good,23.9,
1444,2026-09-15 23:34:33.993,ENV-01,env01.humidity,Good,53,
1445,2026-09-15 23:34:33.993,ENV-01,env01.dewPoint,Good,14.6,
1446,2026-09-15 23:34:33.993,ENV-01,env01.pm25,Good,39,
1447,2026-09-15 23:34:33.993,ENV-01,env01.pressureDiff,Good,9,
1448,2026-09-15 23:34:33.993,ENV-01,env01.illuminance,Good,444,
1449,2026-09-15 23:34:33.993,ENV-01,env01.tempFluctuation,Good,12.28626,
1450,2026-09-15 23:34:34.001,GW-LINE-B,mtc01.actualTemp,Good,99.6,
1451,2026-09-15 23:34:34.001,GW-LINE-B,mtc01.pumpPressure,Good,3,
1452,2026-09-15 23:34:34.001,GW-LINE-B,mtc01.pumpCurrent,Good,3.7,
1453,2026-09-15 23:34:34.001,GW-LINE-B,mtc01.heatPower,Good,4,
1454,2026-09-15 23:34:34.001,GW-LINE-B,mtc01.outletTemp,Good,100.1,
1455,2026-09-15 23:34:34.001,GW-LINE-B,mtc01.tempAvg,Good,996.175,
1456,2026-09-15 23:34:34.009,GW-LINE-B,dry01.heatPower,Good,6,
1457,2026-09-15 23:34:34.009,GW-LINE-B,dry01.fanCurrent,Good,0.8,
1458,2026-09-15 23:34:34.011,GW-LINE-B,dry01.levelTrend,Good,-3.837009,
1459,2026-09-15 23:34:34.017,GW-LINE-B,rob01.cycleTime,Good,3.1,
1460,2026-09-15 23:34:34.017,GW-LINE-B,rob01.trajectory,Good,8.206321,
1461,2026-09-15 23:34:34.111,IM-01,im01.prodTime,Good,09/15/2026 23:34:34,
1462,2026-09-15 23:34:34.600,IM-01,im01.barrel1Temp,Good,190.3,
1463,2026-09-15 23:34:34.600,IM-01,im01.oilTemp,Good,44.5,
1464,2026-09-15 23:34:34.600,IM-01,im01.energyTotal,Good,1.39325000000043,
1465,2026-09-15 23:34:34.988,EM-01,em01.totalEnergy,Good,3499.07,
1466,2026-09-15 23:34:34.988,EM-01,em01.forwardEnergy,Good,3499.07,
1467,2026-09-15 23:34:34.988,EM-01,em01.voltageB,Good,382,
1468,2026-09-15 23:34:34.988,EM-01,em01.voltageC,Good,382,
1469,2026-09-15 23:34:34.988,EM-01,em01.currentA,Good,158.5,
1470,2026-09-15 23:34:34.988,EM-01,em01.activePower,Good,115,
1471,2026-09-15 23:34:34.988,EM-01,em01.reactivePower,Good,24,
1472,2026-09-15 23:34:34.988,EM-01,em01.powerFactor,Good,0.879,
1473,2026-09-15 23:34:34.988,EM-01,em01.frequency,Good,49.92,
1474,2026-09-15 23:34:34.988,EM-01,em01.demand,Good,115,
1475,2026-09-15 23:34:34.988,EM-01,em01.energyF64,Good,35.5249444444444,
1476,2026-09-15 23:34:34.988,EM-01,em01.unbalance,Good,0,
1477,2026-09-15 23:34:34.994,ENV-01,env01.humidity,Good,54,
1478,2026-09-15 23:34:34.994,ENV-01,env01.dewPoint,Good,14.8,
1479,2026-09-15 23:34:34.994,ENV-01,env01.noise,Good,76,
1480,2026-09-15 23:34:34.994,ENV-01,env01.pm25,Good,58,
1481,2026-09-15 23:34:34.994,ENV-01,env01.pressureDiff,Good,-1,
1482,2026-09-15 23:34:34.994,ENV-01,env01.illuminance,Good,376,
1483,2026-09-15 23:34:34.994,ENV-01,env01.tempFluctuation,Good,11.72251,
1484,2026-09-15 23:34:35.002,GW-LINE-B,mtc01.actualTemp,Good,99.4,
1485,2026-09-15 23:34:35.002,GW-LINE-B,mtc01.pumpFlow,Good,27,
1486,2026-09-15 23:34:35.002,GW-LINE-B,mtc01.pumpCurrent,Good,5.5,
1487,2026-09-15 23:34:35.002,GW-LINE-B,mtc01.heatPower,Good,7,
1488,2026-09-15 23:34:35.002,GW-LINE-B,mtc01.outletTemp,Good,99.9,
1489,2026-09-15 23:34:35.002,GW-LINE-B,mtc01.tempAvg,Good,993.7371,
1490,2026-09-15 23:34:35.009,GW-LINE-B,dry01.dewPoint,Good,-34.2,
1491,2026-09-15 23:34:35.009,GW-LINE-B,dry01.heatPower,Good,8,
1492,2026-09-15 23:34:35.009,GW-LINE-B,dry01.fanCurrent,Good,1.9,
1493,2026-09-15 23:34:35.011,GW-LINE-B,dry01.levelTrend,Good,-3.871398,
1494,2026-09-15 23:34:35.017,GW-LINE-B,rob01.cycleTime,Good,2.8,
1495,2026-09-15 23:34:35.017,GW-LINE-B,rob01.trajectory,Good,7.878922,
1496,2026-09-15 23:34:35.112,IM-01,im01.prodTime,Good,09/15/2026 23:34:35,
1497,2026-09-15 23:34:35.591,IM-01,im01.cavitySetTemp,Good,232,
1498,2026-09-15 23:34:35.593,IM-01,im01.clampForceDev,Good,-56,
1499,2026-09-15 23:34:35.600,IM-01,im01.barrel1Temp,Good,190.2,
1500,2026-09-15 23:34:35.600,IM-01,im01.moldTemp,Good,84.6,
1501,2026-09-15 23:34:35.600,IM-01,im01.oilTemp,Good,44.8,
1502,2026-09-15 23:34:35.600,IM-01,im01.energyTotal,Good,1.39408333333376,
1503,2026-09-15 23:34:35.988,EM-01,em01.totalEnergy,Good,3502.05,
1504,2026-09-15 23:34:35.988,EM-01,em01.forwardEnergy,Good,3502.05,
1505,2026-09-15 23:34:35.988,EM-01,em01.voltageA,Good,381,
1506,2026-09-15 23:34:35.988,EM-01,em01.voltageB,Good,379,
1507,2026-09-15 23:34:35.988,EM-01,em01.voltageC,Good,374,
1508,2026-09-15 23:34:35.988,EM-01,em01.currentA,Good,168,
1509,2026-09-15 23:34:35.988,EM-01,em01.activePower,Good,119,
1510,2026-09-15 23:34:35.988,EM-01,em01.reactivePower,Good,34,
1511,2026-09-15 23:34:35.988,EM-01,em01.powerFactor,Good,0.943,
1512,2026-09-15 23:34:35.988,EM-01,em01.frequency,Good,49.94,
1513,2026-09-15 23:34:35.988,EM-01,em01.demand,Good,119,
1514,2026-09-15 23:34:35.988,EM-01,em01.energyF64,Good,35.5553333333333,
1515,2026-09-15 23:34:35.988,EM-01,em01.unbalance,Good,1.842105,
1516,2026-09-15 23:34:35.994,ENV-01,env01.humidity,Good,56,
1517,2026-09-15 23:34:35.994,ENV-01,env01.dewPoint,Good,15.1,
1518,2026-09-15 23:34:35.994,ENV-01,env01.noise,Good,77,
1519,2026-09-15 23:34:35.994,ENV-01,env01.pm25,Good,41,
1520,2026-09-15 23:34:35.994,ENV-01,env01.pressureDiff,Good,4,
1521,2026-09-15 23:34:35.994,ENV-01,env01.illuminance,Good,308,
1522,2026-09-15 23:34:35.994,ENV-01,env01.tempFluctuation,Good,12.53365,
1523,2026-09-15 23:34:36.003,GW-LINE-B,mtc01.actualTemp,Good,99.3,
1524,2026-09-15 23:34:36.003,GW-LINE-B,mtc01.pumpPressure,Good,2,
1525,2026-09-15 23:34:36.003,GW-LINE-B,mtc01.pumpFlow,Good,24,
1526,2026-09-15 23:34:36.003,GW-LINE-B,mtc01.pumpCurrent,Good,5.2,
1527,2026-09-15 23:34:36.003,GW-LINE-B,mtc01.outletTemp,Good,99.8,
1528,2026-09-15 23:34:36.003,GW-LINE-B,mtc01.tempAvg,Good,992.8707,
1529,2026-09-15 23:34:36.010,GW-LINE-B,dry01.dewPoint,Good,-34.5,
1530,2026-09-15 23:34:36.010,GW-LINE-B,dry01.materialLevel,Good,45,
1531,2026-09-15 23:34:36.010,GW-LINE-B,dry01.heatPower,Good,6,
1532,2026-09-15 23:34:36.010,GW-LINE-B,dry01.fanCurrent,Good,1.3,
1533,2026-09-15 23:34:36.012,GW-LINE-B,dry01.levelTrend,Good,-3.904005,
1534,2026-09-15 23:34:36.016,GW-LINE-B,rob01.inPlace,Good,False,
1535,2026-09-15 23:34:36.018,GW-LINE-B,rob01.cycleTime,Good,2.9,
1536,2026-09-15 23:34:36.018,GW-LINE-B,rob01.posX,Good,103,
1537,2026-09-15 23:34:36.018,GW-LINE-B,rob01.posY,Good,303,
1538,2026-09-15 23:34:36.018,GW-LINE-B,rob01.posZ,Good,75,
1539,2026-09-15 23:34:36.018,GW-LINE-B,rob01.gripState,Good,1,
1540,2026-09-15 23:34:36.018,GW-LINE-B,rob01.trajectory,Good,103.0636,
1541,2026-09-15 23:34:36.113,IM-01,im01.prodTime,Good,09/15/2026 23:34:36,
1542,2026-09-15 23:34:36.600,IM-01,im01.oilTemp,Good,45,
1543,2026-09-15 23:34:36.600,IM-01,im01.energyTotal,Good,1.3949166666671,
1544,2026-09-15 23:34:36.989,EM-01,em01.totalEnergy,Good,3505.06,
1545,2026-09-15 23:34:36.989,EM-01,em01.forwardEnergy,Good,3505.06,
1546,2026-09-15 23:34:36.989,EM-01,em01.voltageB,Good,377,
1547,2026-09-15 23:34:36.989,EM-01,em01.voltageC,Good,383,
1548,2026-09-15 23:34:36.989,EM-01,em01.currentA,Good,176.4,
1549,2026-09-15 23:34:36.989,EM-01,em01.activePower,Good,117,
1550,2026-09-15 23:34:36.989,EM-01,em01.reactivePower,Good,28,
1551,2026-09-15 23:34:36.989,EM-01,em01.powerFactor,Good,0.926,
1552,2026-09-15 23:34:36.989,EM-01,em01.frequency,Good,50.03,
1553,2026-09-15 23:34:36.989,EM-01,em01.demand,Good,117,
1554,2026-09-15 23:34:36.989,EM-01,em01.energyF64,Good,35.5858611111111,
1555,2026-09-15 23:34:36.989,EM-01,em01.unbalance,Good,1.578947,
1556,2026-09-15 23:34:36.995,ENV-01,env01.humidity,Good,54,
1557,2026-09-15 23:34:36.995,ENV-01,env01.dewPoint,Good,14.8,
1558,2026-09-15 23:34:36.995,ENV-01,env01.noise,Good,74,
1559,2026-09-15 23:34:36.995,ENV-01,env01.pm25,Good,29,
1560,2026-09-15 23:34:36.995,ENV-01,env01.pressureDiff,Good,1,
1561,2026-09-15 23:34:36.995,ENV-01,env01.illuminance,Good,376,
1562,2026-09-15 23:34:36.995,ENV-01,env01.tempFluctuation,Good,11.63903,
1563,2026-09-15 23:34:37.002,GW-LINE-B,mtc01.actualTemp,Good,99.4,
1564,2026-09-15 23:34:37.002,GW-LINE-B,mtc01.pumpPressure,Good,5,
1565,2026-09-15 23:34:37.002,GW-LINE-B,mtc01.pumpFlow,Good,33,
1566,2026-09-15 23:34:37.002,GW-LINE-B,mtc01.pumpCurrent,Good,4.1,
1567,2026-09-15 23:34:37.002,GW-LINE-B,mtc01.heatPower,Good,8,
1568,2026-09-15 23:34:37.002,GW-LINE-B,mtc01.outletTemp,Good,99.9,
1569,2026-09-15 23:34:37.002,GW-LINE-B,mtc01.tempAvg,Good,994.4806,
1570,2026-09-15 23:34:37.010,GW-LINE-B,dry01.dewPoint,Good,-35,
1571,2026-09-15 23:34:37.010,GW-LINE-B,dry01.fanCurrent,Good,1.4,
1572,2026-09-15 23:34:37.012,GW-LINE-B,dry01.levelTrend,Good,-3.932956,
1573,2026-09-15 23:34:37.018,GW-LINE-B,rob01.cycleTime,Good,3.1,
1574,2026-09-15 23:34:37.018,GW-LINE-B,rob01.posX,Good,102,
1575,2026-09-15 23:34:37.018,GW-LINE-B,rob01.posY,Good,295,
1576,2026-09-15 23:34:37.018,GW-LINE-B,rob01.posZ,Good,83,
1577,2026-09-15 23:34:37.018,GW-LINE-B,rob01.trajectory,Good,101.9164,
1578,2026-09-15 23:34:37.114,IM-01,im01.prodTime,Good,09/15/2026 23:34:37,
1579,2026-09-15 23:34:37.601,IM-01,im01.moldTemp,Good,84.5,
1580,2026-09-15 23:34:37.601,IM-01,im01.energyTotal,Good,1.39575000000043,
1581,2026-09-15 23:34:37.962,GW-LINE-B,mtc01.runSeconds,Good,11309,
1582,2026-09-15 23:34:37.962,GW-LINE-B,mtc01.energyTotal,Good,1.68027777777778,
1583,2026-09-15 23:34:37.962,ENV-01,env01.runSeconds,Good,11309,
1584,2026-09-15 23:34:37.962,ENV-01,env01.sampleTime,Good,09/15/2026 23:34:37,
1585,2026-09-15 23:34:37.964,EM-01,em01.readTime,Good,09/15/2026 23:34:37,
1586,2026-09-15 23:34:37.968,ENV-01,env01.tempDeviation,Good,-0.1,
1587,2026-09-15 23:34:37.970,GW-LINE-B,dry01.drySeconds,Good,10685,
1588,2026-09-15 23:34:37.970,GW-LINE-B,dry01.energyTotal,Good,1.73397222222224,
1589,2026-09-15 23:34:37.971,GW-LINE-B,dry01.dewDeviation,Good,0.4,
1590,2026-09-15 23:34:37.978,GW-LINE-B,rob01.runSeconds,Good,11309,
1591,2026-09-15 23:34:37.980,GW-LINE-B,rob01.energyTotal,Good,1.57488888888886,
1592,2026-09-15 23:34:37.982,GW-LINE-B,rob01.posDeviation,Good,-100,
1593,2026-09-15 23:34:37.989,EM-01,em01.totalEnergy,Good,3507.98,
1594,2026-09-15 23:34:37.989,EM-01,em01.forwardEnergy,Good,3507.98,
1595,2026-09-15 23:34:37.989,EM-01,em01.voltageA,Good,384,
1596,2026-09-15 23:34:37.989,EM-01,em01.voltageC,Good,377,
1597,2026-09-15 23:34:37.989,EM-01,em01.currentA,Good,136.6,
1598,2026-09-15 23:34:37.989,EM-01,em01.activePower,Good,99,
1599,2026-09-15 23:34:37.989,EM-01,em01.reactivePower,Good,35,
1600,2026-09-15 23:34:37.989,EM-01,em01.powerFactor,Good,0.869,
1601,2026-09-15 23:34:37.989,EM-01,em01.frequency,Good,50.09,
1602,2026-09-15 23:34:37.989,EM-01,em01.demand,Good,99,
1603,2026-09-15 23:34:37.989,EM-01,em01.energyF64,Good,35.6153888888889,
1604,2026-09-15 23:34:37.989,EM-01,em01.unbalance,Good,1.842105,
1605,2026-09-15 23:34:37.995,ENV-01,env01.noise,Good,78,
1606,2026-09-15 23:34:37.995,ENV-01,env01.pm25,Good,35,
1607,2026-09-15 23:34:37.995,ENV-01,env01.pressureDiff,Good,13,
1608,2026-09-15 23:34:37.995,ENV-01,env01.illuminance,Good,439,
1609,2026-09-15 23:34:37.995,ENV-01,env01.tempFluctuation,Good,11.69219,
1610,2026-09-15 23:34:38.003,GW-LINE-B,mtc01.actualTemp,Good,99.3,
1611,2026-09-15 23:34:38.003,GW-LINE-B,mtc01.pumpPressure,Good,3,
1612,2026-09-15 23:34:38.003,GW-LINE-B,mtc01.pumpFlow,Good,36,
1613,2026-09-15 23:34:38.003,GW-LINE-B,mtc01.pumpCurrent,Good,5.7,
1614,2026-09-15 23:34:38.003,GW-LINE-B,mtc01.outletTemp,Good,99.8,
1615,2026-09-15 23:34:38.003,GW-LINE-B,mtc01.tempAvg,Good,993.3499,
1616,2026-09-15 23:34:38.010,GW-LINE-B,dry01.dewPoint,Good,-34.6,
1617,2026-09-15 23:34:38.010,GW-LINE-B,dry01.heatPower,Good,8,
1618,2026-09-15 23:34:38.010,GW-LINE-B,dry01.fanCurrent,Good,1.9,
1619,2026-09-15 23:34:38.012,GW-LINE-B,dry01.levelTrend,Good,-3.960335,
1620,2026-09-15 23:34:38.018,GW-LINE-B,rob01.cycleTime,Good,3.2,
1621,2026-09-15 23:34:38.018,GW-LINE-B,rob01.posX,Good,0,
1622,2026-09-15 23:34:38.018,GW-LINE-B,rob01.posY,Good,400,
1623,2026-09-15 23:34:38.018,GW-LINE-B,rob01.posZ,Good,196,
1624,2026-09-15 23:34:38.018,GW-LINE-B,rob01.trajectory,Good,0.1883274,
1625,2026-09-15 23:34:38.115,IM-01,im01.prodTime,Good,09/15/2026 23:34:38,
1626,2026-09-15 23:34:38.601,IM-01,im01.moldTemp,Good,84.6,
1627,2026-09-15 23:34:38.601,IM-01,im01.oilTemp,Good,44.5,
1628,2026-09-15 23:34:38.601,IM-01,im01.energyTotal,Good,1.39658333333377,
1629,2026-09-15 23:34:38.989,EM-01,em01.totalEnergy,Good,3510.87,
1630,2026-09-15 23:34:38.989,EM-01,em01.forwardEnergy,Good,3510.87,
1631,2026-09-15 23:34:38.989,EM-01,em01.voltageA,Good,381,
1632,2026-09-15 23:34:38.989,EM-01,em01.voltageB,Good,381,
1633,2026-09-15 23:34:38.989,EM-01,em01.voltageC,Good,379,
1634,2026-09-15 23:34:38.989,EM-01,em01.currentA,Good,204,
1635,2026-09-15 23:34:38.989,EM-01,em01.activePower,Good,116,
1636,2026-09-15 23:34:38.989,EM-01,em01.reactivePower,Good,24,
1637,2026-09-15 23:34:38.989,EM-01,em01.powerFactor,Good,0.913,
1638,2026-09-15 23:34:38.989,EM-01,em01.frequency,Good,49.9,
1639,2026-09-15 23:34:38.989,EM-01,em01.demand,Good,116,
1640,2026-09-15 23:34:38.989,EM-01,em01.energyF64,Good,35.6447777777777,
1641,2026-09-15 23:34:38.989,EM-01,em01.unbalance,Good,0.5263158,
1642,2026-09-15 23:34:38.995,ENV-01,env01.dewPoint,Good,14.9,
1643,2026-09-15 23:34:38.995,ENV-01,env01.noise,Good,76,
1644,2026-09-15 23:34:38.995,ENV-01,env01.pm25,Good,48,
1645,2026-09-15 23:34:38.995,ENV-01,env01.pressureDiff,Good,7,
1646,2026-09-15 23:34:38.995,ENV-01,env01.illuminance,Good,397,
1647,2026-09-15 23:34:38.995,ENV-01,env01.tempFluctuation,Good,12.09245,
1648,2026-09-15 23:34:39.003,GW-LINE-B,mtc01.actualTemp,Good,99.2,
1649,2026-09-15 23:34:39.003,GW-LINE-B,mtc01.pumpFlow,Good,38,
1650,2026-09-15 23:34:39.003,GW-LINE-B,mtc01.pumpCurrent,Good,5.4,
1651,2026-09-15 23:34:39.003,GW-LINE-B,mtc01.heatPower,Good,7,
1652,2026-09-15 23:34:39.003,GW-LINE-B,mtc01.outletTemp,Good,99.7,
1653,2026-09-15 23:34:39.003,GW-LINE-B,mtc01.tempAvg,Good,991.629,
1654,2026-09-15 23:34:39.011,GW-LINE-B,dry01.dewPoint,Good,-35.2,
1655,2026-09-15 23:34:39.011,GW-LINE-B,dry01.heatPower,Good,3,
1656,2026-09-15 23:34:39.013,GW-LINE-B,dry01.levelTrend,Good,-3.992257,
1657,2026-09-15 23:34:39.019,GW-LINE-B,rob01.cycleTime,Good,2.8,
1658,2026-09-15 23:34:39.019,GW-LINE-B,rob01.posX,Good,6,
1659,2026-09-15 23:34:39.019,GW-LINE-B,rob01.posY,Good,8,
1660,2026-09-15 23:34:39.019,GW-LINE-B,rob01.posZ,Good,0,
1661,2026-09-15 23:34:39.019,GW-LINE-B,rob01.gripState,Good,0,
1662,2026-09-15 23:34:39.019,GW-LINE-B,rob01.trajectory,Good,5.790315,
1663,2026-09-15 23:34:39.116,IM-01,im01.prodTime,Good,09/15/2026 23:34:39,
1664,2026-09-15 23:34:39.601,IM-01,im01.oilTemp,Good,44.3,
1665,2026-09-15 23:34:39.601,IM-01,im01.energyTotal,Good,1.3974166666671,
1666,2026-09-15 23:34:39.989,EM-01,em01.totalEnergy,Good,3514.1,
1667,2026-09-15 23:34:39.989,EM-01,em01.forwardEnergy,Good,3514.1,
1668,2026-09-15 23:34:39.989,EM-01,em01.voltageA,Good,376,
1669,2026-09-15 23:34:39.989,EM-01,em01.voltageB,Good,378,
1670,2026-09-15 23:34:39.989,EM-01,em01.voltageC,Good,377,
1671,2026-09-15 23:34:39.989,EM-01,em01.currentA,Good,140.2,
1672,2026-09-15 23:34:39.989,EM-01,em01.activePower,Good,124,
1673,2026-09-15 23:34:39.989,EM-01,em01.reactivePower,Good,32,
1674,2026-09-15 23:34:39.989,EM-01,em01.powerFactor,Good,0.947,
1675,2026-09-15 23:34:39.989,EM-01,em01.frequency,Good,50.03,
1676,2026-09-15 23:34:39.989,EM-01,em01.demand,Good,124,
1677,2026-09-15 23:34:39.989,EM-01,em01.energyF64,Good,35.6775555555555,
1678,2026-09-15 23:34:39.996,ENV-01,env01.roomTemp,Good,24,
1679,2026-09-15 23:34:39.996,ENV-01,env01.humidity,Good,53,
1680,2026-09-15 23:34:39.996,ENV-01,env01.dewPoint,Good,14.7,
1681,2026-09-15 23:34:39.996,ENV-01,env01.noise,Good,78,
1682,2026-09-15 23:34:39.996,ENV-01,env01.pm25,Good,58,
1683,2026-09-15 23:34:39.996,ENV-01,env01.illuminance,Good,302,
1684,2026-09-15 23:34:39.996,ENV-01,env01.tempFluctuation,Good,11.90818,
1685,2026-09-15 23:34:40.004,GW-LINE-B,mtc01.actualTemp,Good,99.5,
1686,2026-09-15 23:34:40.004,GW-LINE-B,mtc01.pumpPressure,Good,2,
1687,2026-09-15 23:34:40.004,GW-LINE-B,mtc01.pumpFlow,Good,22,
1688,2026-09-15 23:34:40.004,GW-LINE-B,mtc01.pumpCurrent,Good,3.4,
1689,2026-09-15 23:34:40.004,GW-LINE-B,mtc01.heatPower,Good,6,
1690,2026-09-15 23:34:40.004,GW-LINE-B,mtc01.outletTemp,Good,100,
1691,2026-09-15 23:34:40.004,GW-LINE-B,mtc01.tempAvg,Good,994.6734,
1692,2026-09-15 23:34:40.012,GW-LINE-B,dry01.dewPoint,Good,-34.6,
1693,2026-09-15 23:34:40.012,GW-LINE-B,dry01.materialLevel,Good,44,
1694,2026-09-15 23:34:40.012,GW-LINE-B,dry01.heatPower,Good,8,
1695,2026-09-15 23:34:40.012,GW-LINE-B,dry01.fanCurrent,Good,0.8,
1696,2026-09-15 23:34:40.014,GW-LINE-B,dry01.levelTrend,Good,-4.026619,
1697,2026-09-15 23:34:40.018,GW-LINE-B,rob01.inPlace,Good,True,
1698,2026-09-15 23:34:40.020,GW-LINE-B,rob01.cycleTime,Good,2.9,
1699,2026-09-15 23:34:40.020,GW-LINE-B,rob01.totalPicks,Good,37,
1700,2026-09-15 23:34:40.020,GW-LINE-B,rob01.successPicks,Good,37,
1701,2026-09-15 23:34:40.020,GW-LINE-B,rob01.posX,Good,8,
1702,2026-09-15 23:34:40.020,GW-LINE-B,rob01.posY,Good,4,
1703,2026-09-15 23:34:40.020,GW-LINE-B,rob01.posZ,Good,8,
1704,2026-09-15 23:34:40.020,GW-LINE-B,rob01.trajectory,Good,7.946845,
1705,2026-09-15 23:34:40.117,IM-01,im01.prodTime,Good,09/15/2026 23:34:40,
1706,2026-09-15 23:34:40.594,IM-01,im01.clampForceDev,Good,-48,
1707,2026-09-15 23:34:40.602,IM-01,im01.moldTemp,Good,84.5,
1708,2026-09-15 23:34:40.602,IM-01,im01.oilTemp,Good,44.5,
1709,2026-09-15 23:34:40.602,IM-01,im01.energyTotal,Good,1.39825000000044,
1710,2026-09-15 23:34:40.990,EM-01,em01.totalEnergy,Good,3517.45,
1711,2026-09-15 23:34:40.990,EM-01,em01.forwardEnergy,Good,3517.45,
1712,2026-09-15 23:34:40.990,EM-01,em01.voltageA,Good,375,
1713,2026-09-15 23:34:40.990,EM-01,em01.voltageB,Good,382,
1714,2026-09-15 23:34:40.990,EM-01,em01.voltageC,Good,384,
1715,2026-09-15 23:34:40.990,EM-01,em01.currentA,Good,170.5,
1716,2026-09-15 23:34:40.990,EM-01,em01.activePower,Good,109,
1717,2026-09-15 23:34:40.990,EM-01,em01.reactivePower,Good,34,
1718,2026-09-15 23:34:40.990,EM-01,em01.frequency,Good,49.94,
1719,2026-09-15 23:34:40.990,EM-01,em01.demand,Good,109,
1720,2026-09-15 23:34:40.990,EM-01,em01.energyF64,Good,35.7114166666667,
1721,2026-09-15 23:34:40.990,EM-01,em01.unbalance,Good,2.368421,
1722,2026-09-15 23:34:40.996,ENV-01,env01.humidity,Good,55,
1723,2026-09-15 23:34:40.996,ENV-01,env01.dewPoint,Good,15,
1724,2026-09-15 23:34:40.996,ENV-01,env01.noise,Good,74,
1725,2026-09-15 23:34:40.996,ENV-01,env01.pm25,Good,50,
1726,2026-09-15 23:34:40.996,ENV-01,env01.illuminance,Good,483,
1727,2026-09-15 23:34:40.996,ENV-01,env01.tempFluctuation,Good,12.68728,
1728,2026-09-15 23:34:41.003,GW-LINE-B,mtc01.pumpPressure,Good,5,
1729,2026-09-15 23:34:41.003,GW-LINE-B,mtc01.pumpFlow,Good,37,
1730,2026-09-15 23:34:41.003,GW-LINE-B,mtc01.pumpCurrent,Good,5.9,
1731,2026-09-15 23:34:41.003,GW-LINE-B,mtc01.heatPower,Good,8,
1732,2026-09-15 23:34:41.003,GW-LINE-B,mtc01.tempAvg,Good,994.7668,
1733,2026-09-15 23:34:41.011,GW-LINE-B,dry01.dewPoint,Good,-34.1,
1734,2026-09-15 23:34:41.011,GW-LINE-B,dry01.heatPower,Good,3,
1735,2026-09-15 23:34:41.011,GW-LINE-B,dry01.fanCurrent,Good,1.4,
1736,2026-09-15 23:34:41.013,GW-LINE-B,dry01.levelTrend,Good,-4.059302,
1737,2026-09-15 23:34:41.019,GW-LINE-B,rob01.cycleTime,Good,2.8,
1738,2026-09-15 23:34:41.019,GW-LINE-B,rob01.posY,Good,3,
1739,2026-09-15 23:34:41.019,GW-LINE-B,rob01.trajectory,Good,8.259875,
1740,2026-09-15 23:34:41.117,IM-01,im01.prodTime,Good,09/15/2026 23:34:41,
1741,2026-09-15 23:34:41.602,IM-01,im01.moldTemp,Good,84.6,
1742,2026-09-15 23:34:41.602,IM-01,im01.energyTotal,Good,1.39908333333377,
1743,2026-09-15 23:34:41.991,EM-01,em01.totalEnergy,Good,3520.73,
1744,2026-09-15 23:34:41.991,EM-01,em01.forwardEnergy,Good,3520.73,
1745,2026-09-15 23:34:41.991,EM-01,em01.voltageA,Good,385,
1746,2026-09-15 23:34:41.991,EM-01,em01.voltageB,Good,376,
1747,2026-09-15 23:34:41.991,EM-01,em01.voltageC,Good,378,
1748,2026-09-15 23:34:41.991,EM-01,em01.currentA,Good,207.7,
1749,2026-09-15 23:34:41.991,EM-01,em01.activePower,Good,130,
1750,2026-09-15 23:34:41.991,EM-01,em01.reactivePower,Good,24,
1751,2026-09-15 23:34:41.991,EM-01,em01.powerFactor,Good,0.914,
1752,2026-09-15 23:34:41.991,EM-01,em01.frequency,Good,50.01,
1753,2026-09-15 23:34:41.991,EM-01,em01.demand,Good,130,
1754,2026-09-15 23:34:41.991,EM-01,em01.energyF64,Good,35.7446111111111,
1755,2026-09-15 23:34:41.996,ENV-01,env01.pm25,Good,53,
1756,2026-09-15 23:34:41.996,ENV-01,env01.pressureDiff,Good,8,
1757,2026-09-15 23:34:41.996,ENV-01,env01.illuminance,Good,327,
1758,2026-09-15 23:34:41.996,ENV-01,env01.tempFluctuation,Good,12.41627,
1759,2026-09-15 23:34:42.004,GW-LINE-B,mtc01.actualTemp,Good,99.4,
1760,2026-09-15 23:34:42.004,GW-LINE-B,mtc01.pumpPressure,Good,2,
1761,2026-09-15 23:34:42.004,GW-LINE-B,mtc01.pumpFlow,Good,35,
1762,2026-09-15 23:34:42.004,GW-LINE-B,mtc01.pumpCurrent,Good,5.1,
1763,2026-09-15 23:34:42.004,GW-LINE-B,mtc01.heatPower,Good,7,
1764,2026-09-15 23:34:42.004,GW-LINE-B,mtc01.outletTemp,Good,99.9,
1765,2026-09-15 23:34:42.004,GW-LINE-B,mtc01.tempAvg,Good,993.6877,
1766,2026-09-15 23:34:42.012,GW-LINE-B,dry01.dewPoint,Good,-33.9,
1767,2026-09-15 23:34:42.012,GW-LINE-B,dry01.heatPower,Good,6,
1768,2026-09-15 23:34:42.012,GW-LINE-B,dry01.fanCurrent,Good,1.5,
1769,2026-09-15 23:34:42.014,GW-LINE-B,dry01.levelTrend,Good,-4.0922,
1770,2026-09-15 23:34:42.019,GW-LINE-B,rob01.posY,Good,2,
1771,2026-09-15 23:34:42.019,GW-LINE-B,rob01.trajectory,Good,7.900321,
1772,2026-09-15 23:34:42.118,IM-01,im01.prodTime,Good,09/15/2026 23:34:42,
1773,2026-09-15 23:34:42.962,GW-LINE-B,mtc01.runSeconds,Good,11359,
1774,2026-09-15 23:34:42.962,GW-LINE-B,mtc01.energyTotal,Good,1.68805555555556,
1775,2026-09-15 23:34:42.962,EM-01,em01.readTime,Good,09/15/2026 23:34:42,
1776,2026-09-15 23:34:42.964,GW-LINE-B,mtc01.tempDeviation,Good,-0.6,
1777,2026-09-15 23:34:42.968,ENV-01,env01.runSeconds,Good,11359,
1778,2026-09-15 23:34:42.968,ENV-01,env01.sampleTime,Good,09/15/2026 23:34:42,
1779,2026-09-15 23:34:42.970,GW-LINE-B,dry01.drySeconds,Good,10735,
1780,2026-09-15 23:34:42.970,GW-LINE-B,dry01.energyTotal,Good,1.7416388888889,
1781,2026-09-15 23:34:42.972,GW-LINE-B,dry01.dewDeviation,Good,1.1,
1782,2026-09-15 23:34:42.972,ENV-01,env01.tempDeviation,Good,0,
1783,2026-09-15 23:34:42.979,GW-LINE-B,rob01.runSeconds,Good,11359,
1784,2026-09-15 23:34:42.981,GW-LINE-B,rob01.energyTotal,Good,1.58155555555553,
1785,2026-09-15 23:34:42.983,GW-LINE-B,rob01.posDeviation,Good,-92,
1786,2026-09-15 23:34:42.992,EM-01,em01.totalEnergy,Good,3523.59,
1787,2026-09-15 23:34:42.992,EM-01,em01.forwardEnergy,Good,3523.59,
1788,2026-09-15 23:34:42.992,EM-01,em01.voltageA,Good,382,
1789,2026-09-15 23:34:42.992,EM-01,em01.voltageB,Good,384,
1790,2026-09-15 23:34:42.992,EM-01,em01.voltageC,Good,377,
1791,2026-09-15 23:34:42.992,EM-01,em01.currentA,Good,163.9,
1792,2026-09-15 23:34:42.992,EM-01,em01.activePower,Good,109,
1793,2026-09-15 23:34:42.992,EM-01,em01.reactivePower,Good,33,
1794,2026-09-15 23:34:42.992,EM-01,em01.powerFactor,Good,0.917,
1795,2026-09-15 23:34:42.992,EM-01,em01.frequency,Good,50.1,
1796,2026-09-15 23:34:42.992,EM-01,em01.demand,Good,109,
1797,2026-09-15 23:34:42.992,EM-01,em01.energyF64,Good,35.77375,
1798,2026-09-15 23:34:42.992,EM-01,em01.unbalance,Good,1.842105,
1799,2026-09-15 23:34:42.997,ENV-01,env01.dewPoint,Good,15.1,
1800,2026-09-15 23:34:42.997,ENV-01,env01.noise,Good,78,
1801,2026-09-15 23:34:42.997,ENV-01,env01.pm25,Good,43,
1802,2026-09-15 23:34:42.997,ENV-01,env01.pressureDiff,Good,-3,
1803,2026-09-15 23:34:42.997,ENV-01,env01.illuminance,Good,447,
1804,2026-09-15 23:34:42.997,ENV-01,env01.tempFluctuation,Good,12.44102,
1805,2026-09-15 23:34:43.005,GW-LINE-B,mtc01.pumpPressure,Good,5,
1806,2026-09-15 23:34:43.005,GW-LINE-B,mtc01.pumpFlow,Good,34,
1807,2026-09-15 23:34:43.005,GW-LINE-B,mtc01.pumpCurrent,Good,3.6,
1808,2026-09-15 23:34:43.005,GW-LINE-B,mtc01.heatPower,Good,6,
1809,2026-09-15 23:34:43.005,GW-LINE-B,mtc01.tempAvg,Good,993.6019,
1810,2026-09-15 23:34:43.013,GW-LINE-B,dry01.materialLevel,Good,43,
1811,2026-09-15 23:34:43.013,GW-LINE-B,dry01.fanCurrent,Good,1.4,
1812,2026-09-15 23:34:43.015,GW-LINE-B,dry01.levelTrend,Good,-4.117906,
1813,2026-09-15 23:34:43.021,GW-LINE-B,rob01.cycleTime,Good,2.7,
1814,2026-09-15 23:34:43.021,GW-LINE-B,rob01.trajectory,Good,7.98714,
1815,2026-09-15 23:34:43.992,EM-01,em01.totalEnergy,Good,3526.53,
1816,2026-09-15 23:34:43.992,EM-01,em01.forwardEnergy,Good,3526.53,
1817,2026-09-15 23:34:43.992,EM-01,em01.voltageA,Good,377,
1818,2026-09-15 23:34:43.992,EM-01,em01.voltageB,Good,380,
1819,2026-09-15 23:34:43.992,EM-01,em01.voltageC,Good,384,
1820,2026-09-15 23:34:43.992,EM-01,em01.currentA,Good,126.4,
1821,2026-09-15 23:34:43.992,EM-01,em01.activePower,Good,100,
1822,2026-09-15 23:34:43.992,EM-01,em01.reactivePower,Good,37,
1823,2026-09-15 23:34:43.992,EM-01,em01.powerFactor,Good,0.923,
1824,2026-09-15 23:34:43.992,EM-01,em01.frequency,Good,49.96,
1825,2026-09-15 23:34:43.992,EM-01,em01.demand,Good,100,
1826,2026-09-15 23:34:43.992,EM-01,em01.energyF64,Good,35.8035833333333,
1827,2026-09-15 23:34:43.997,ENV-01,env01.roomTemp,Good,23.9,
1828,2026-09-15 23:34:43.997,ENV-01,env01.humidity,Good,54,
1829,2026-09-15 23:34:43.997,ENV-01,env01.dewPoint,Good,14.8,
1830,2026-09-15 23:34:43.997,ENV-01,env01.pm25,Good,28,
1831,2026-09-15 23:34:43.997,ENV-01,env01.pressureDiff,Good,6,
1832,2026-09-15 23:34:43.997,ENV-01,env01.illuminance,Good,387,
1833,2026-09-15 23:34:43.997,ENV-01,env01.tempFluctuation,Good,11.93131,
1834,2026-09-15 23:34:44.005,GW-LINE-B,mtc01.actualTemp,Good,99.3,
1835,2026-09-15 23:34:44.005,GW-LINE-B,mtc01.pumpPressure,Good,2,
1836,2026-09-15 23:34:44.005,GW-LINE-B,mtc01.pumpFlow,Good,29,
1837,2026-09-15 23:34:44.005,GW-LINE-B,mtc01.pumpCurrent,Good,3.8,
1838,2026-09-15 23:34:44.005,GW-LINE-B,mtc01.heatPower,Good,8,
1839,2026-09-15 23:34:44.005,GW-LINE-B,mtc01.outletTemp,Good,99.8,
1840,2026-09-15 23:34:44.005,GW-LINE-B,mtc01.tempAvg,Good,992.7048,
1841,2026-09-15 23:34:44.013,GW-LINE-B,dry01.dewPoint,Good,-34.6,
1842,2026-09-15 23:34:44.015,GW-LINE-B,dry01.levelTrend,Good,-4.147102,
1843,2026-09-15 23:34:44.021,GW-LINE-B,rob01.cycleTime,Good,2.8,
1844,2026-09-15 23:34:44.021,GW-LINE-B,rob01.posY,Good,1,
1845,2026-09-15 23:34:44.021,GW-LINE-B,rob01.trajectory,Good,8.223353,
1847,2026-09-15 23:34:44.685,IM-01,im01.barrel1Temp,Bad,,ss.reason.comm
1848,2026-09-15 23:34:44.685,IM-01,im01.barrel5Temp,Bad,,ss.reason.comm
1849,2026-09-15 23:34:44.685,IM-01,im01.moldTemp,Bad,,ss.reason.comm
1850,2026-09-15 23:34:44.685,IM-01,im01.oilTemp,Bad,,ss.reason.comm
1851,2026-09-15 23:34:44.685,IM-01,im01.injectPressure,Bad,,ss.reason.comm
1852,2026-09-15 23:34:44.685,IM-01,im01.injectSpeed,Bad,,ss.reason.comm
1853,2026-09-15 23:34:44.685,IM-01,im01.screwSpeed,Bad,,ss.reason.comm
1854,2026-09-15 23:34:44.685,IM-01,im01.clampPressure,Bad,,ss.reason.comm
1855,2026-09-15 23:34:44.685,IM-01,im01.pumpCurrent,Bad,,ss.reason.comm
1856,2026-09-15 23:34:44.685,IM-01,im01.hydraulicPressure,Bad,,ss.reason.comm
1857,2026-09-15 23:34:44.685,IM-01,im01.power,Bad,,ss.reason.comm
1858,2026-09-15 23:34:44.685,IM-01,im01.meltEnergy,Bad,,ss.reason.comm
1859,2026-09-15 23:34:44.685,IM-01,im01.energyTotal,Bad,,ss.reason.comm
1860,2026-09-15 23:34:44.685,IM-01,im01.moldTempDual,Bad,,ss.reason.comm
1861,2026-09-15 23:34:44.992,EM-01,em01.totalEnergy,Good,3529.64,
1862,2026-09-15 23:34:44.992,EM-01,em01.forwardEnergy,Good,3529.64,
1863,2026-09-15 23:34:44.992,EM-01,em01.voltageA,Good,384,
1864,2026-09-15 23:34:44.992,EM-01,em01.voltageB,Good,384,
1865,2026-09-15 23:34:44.992,EM-01,em01.voltageC,Good,376,
1866,2026-09-15 23:34:44.992,EM-01,em01.currentA,Good,175,
1867,2026-09-15 23:34:44.992,EM-01,em01.activePower,Good,106,
1868,2026-09-15 23:34:44.992,EM-01,em01.reactivePower,Good,30,
1869,2026-09-15 23:34:44.992,EM-01,em01.powerFactor,Good,0.873,
1870,2026-09-15 23:34:44.992,EM-01,em01.demand,Good,106,
1871,2026-09-15 23:34:44.992,EM-01,em01.energyF64,Good,35.8351666666667,
1872,2026-09-15 23:34:44.992,EM-01,em01.unbalance,Good,2.105263,
1873,2026-09-15 23:34:44.997,ENV-01,env01.roomTemp,Good,24,
1874,2026-09-15 23:34:44.997,ENV-01,env01.dewPoint,Good,14.9,
1875,2026-09-15 23:34:44.997,ENV-01,env01.noise,Good,72,
1876,2026-09-15 23:34:44.997,ENV-01,env01.pm25,Good,23,
1877,2026-09-15 23:34:44.997,ENV-01,env01.pressureDiff,Good,0,
1878,2026-09-15 23:34:44.997,ENV-01,env01.illuminance,Good,465,
1879,2026-09-15 23:34:44.997,ENV-01,env01.tempFluctuation,Good,12.41701,
1880,2026-09-15 23:34:45.005,GW-LINE-B,mtc01.actualTemp,Good,99.2,
1881,2026-09-15 23:34:45.005,GW-LINE-B,mtc01.pumpFlow,Good,32,
1882,2026-09-15 23:34:45.005,GW-LINE-B,mtc01.pumpCurrent,Good,4.3,
1883,2026-09-15 23:34:45.005,GW-LINE-B,mtc01.heatPower,Good,4,
1884,2026-09-15 23:34:45.005,GW-LINE-B,mtc01.outletTemp,Good,99.7,
1885,2026-09-15 23:34:45.005,GW-LINE-B,mtc01.tempAvg,Good,992.4807,
1886,2026-09-15 23:34:45.014,GW-LINE-B,dry01.dewPoint,Good,-34.7,
1887,2026-09-15 23:34:45.014,GW-LINE-B,dry01.heatPower,Good,7,
1888,2026-09-15 23:34:45.014,GW-LINE-B,dry01.fanCurrent,Good,1.1,
1889,2026-09-15 23:34:45.015,GW-LINE-B,dry01.levelTrend,Good,-4.176111,
1890,2026-09-15 23:34:45.021,GW-LINE-B,rob01.cycleTime,Good,2.9,
1891,2026-09-15 23:34:45.021,GW-LINE-B,rob01.posY,Good,2,
1892,2026-09-15 23:34:45.021,GW-LINE-B,rob01.trajectory,Good,8.040494,
1893,2026-09-15 23:34:45.992,EM-01,em01.totalEnergy,Good,3532.64,
1894,2026-09-15 23:34:45.992,EM-01,em01.forwardEnergy,Good,3532.64,
1895,2026-09-15 23:34:45.992,EM-01,em01.voltageA,Good,380,
1896,2026-09-15 23:34:45.992,EM-01,em01.voltageB,Good,378,
1897,2026-09-15 23:34:45.992,EM-01,em01.voltageC,Good,380,
1898,2026-09-15 23:34:45.992,EM-01,em01.currentA,Good,186.2,
1899,2026-09-15 23:34:45.992,EM-01,em01.activePower,Good,120,
1900,2026-09-15 23:34:45.992,EM-01,em01.reactivePower,Good,20,
1901,2026-09-15 23:34:45.992,EM-01,em01.powerFactor,Good,0.892,
1902,2026-09-15 23:34:45.992,EM-01,em01.frequency,Good,50.07,
1903,2026-09-15 23:34:45.992,EM-01,em01.demand,Good,120,
1904,2026-09-15 23:34:45.992,EM-01,em01.energyF64,Good,35.8656944444444,
1905,2026-09-15 23:34:45.992,EM-01,em01.unbalance,Good,0.5263158,
1906,2026-09-15 23:34:45.998,ENV-01,env01.roomTemp,Good,23.9,
1907,2026-09-15 23:34:45.998,ENV-01,env01.dewPoint,Good,14.8,
1908,2026-09-15 23:34:45.998,ENV-01,env01.noise,Good,75,
1909,2026-09-15 23:34:45.998,ENV-01,env01.pm25,Good,24,
1910,2026-09-15 23:34:45.998,ENV-01,env01.pressureDiff,Good,1,
1911,2026-09-15 23:34:45.998,ENV-01,env01.illuminance,Good,470,
1912,2026-09-15 23:34:45.998,ENV-01,env01.tempFluctuation,Good,12.47876,
1913,2026-09-15 23:34:46.006,GW-LINE-B,mtc01.actualTemp,Good,99.1,
1914,2026-09-15 23:34:46.006,GW-LINE-B,mtc01.pumpPressure,Good,3,
1915,2026-09-15 23:34:46.006,GW-LINE-B,mtc01.pumpFlow,Good,18,
1916,2026-09-15 23:34:46.006,GW-LINE-B,mtc01.pumpCurrent,Good,5.6,
1917,2026-09-15 23:34:46.006,GW-LINE-B,mtc01.heatPower,Good,5,
1918,2026-09-15 23:34:46.006,GW-LINE-B,mtc01.outletTemp,Good,99.6,
1919,2026-09-15 23:34:46.006,GW-LINE-B,mtc01.tempAvg,Good,991.3412,
1920,2026-09-15 23:34:46.013,GW-LINE-B,dry01.materialLevel,Good,42,
1921,2026-09-15 23:34:46.013,GW-LINE-B,dry01.heatPower,Good,6,
1922,2026-09-15 23:34:46.013,GW-LINE-B,dry01.fanCurrent,Good,1.3,
1923,2026-09-15 23:34:46.015,GW-LINE-B,dry01.levelTrend,Good,-4.206727,
1924,2026-09-15 23:34:46.022,GW-LINE-B,rob01.trajectory,Good,7.819734,
1925,2026-09-15 23:34:46.994,EM-01,em01.totalEnergy,Good,3535.89,
1926,2026-09-15 23:34:46.994,EM-01,em01.forwardEnergy,Good,3535.89,
1927,2026-09-15 23:34:46.994,EM-01,em01.voltageA,Good,379,
1928,2026-09-15 23:34:46.994,EM-01,em01.voltageB,Good,379,
1929,2026-09-15 23:34:46.994,EM-01,em01.voltageC,Good,384,
1930,2026-09-15 23:34:46.994,EM-01,em01.currentA,Good,149.4,
1931,2026-09-15 23:34:46.994,EM-01,em01.activePower,Good,125,
1932,2026-09-15 23:34:46.994,EM-01,em01.reactivePower,Good,28,
1933,2026-09-15 23:34:46.994,EM-01,em01.powerFactor,Good,0.92,
1934,2026-09-15 23:34:46.994,EM-01,em01.frequency,Good,49.94,
1935,2026-09-15 23:34:46.994,EM-01,em01.demand,Good,125,
1936,2026-09-15 23:34:46.994,EM-01,em01.energyF64,Good,35.8986944444444,
1937,2026-09-15 23:34:46.994,EM-01,em01.unbalance,Good,1.315789,
1938,2026-09-15 23:34:46.998,ENV-01,env01.noise,Good,76,
1939,2026-09-15 23:34:46.998,ENV-01,env01.pm25,Good,38,
1940,2026-09-15 23:34:46.998,ENV-01,env01.pressureDiff,Good,13,
1941,2026-09-15 23:34:46.998,ENV-01,env01.illuminance,Good,428,
1942,2026-09-15 23:34:46.998,ENV-01,env01.tempFluctuation,Good,11.87589,
1943,2026-09-15 23:34:47.007,GW-LINE-B,mtc01.actualTemp,Good,99.4,
1944,2026-09-15 23:34:47.007,GW-LINE-B,mtc01.pumpPressure,Good,2,
1945,2026-09-15 23:34:47.007,GW-LINE-B,mtc01.pumpFlow,Good,29,
1946,2026-09-15 23:34:47.007,GW-LINE-B,mtc01.pumpCurrent,Good,3.2,
1947,2026-09-15 23:34:47.007,GW-LINE-B,mtc01.heatPower,Good,6,
1948,2026-09-15 23:34:47.007,GW-LINE-B,mtc01.outletTemp,Good,99.9,
1949,2026-09-15 23:34:47.007,GW-LINE-B,mtc01.tempAvg,Good,993.5502,
1950,2026-09-15 23:34:47.015,GW-LINE-B,dry01.dewPoint,Good,-34.8,
1951,2026-09-15 23:34:47.015,GW-LINE-B,dry01.heatPower,Good,4,
1952,2026-09-15 23:34:47.015,GW-LINE-B,dry01.fanCurrent,Good,0.9,
1953,2026-09-15 23:34:47.017,GW-LINE-B,dry01.levelTrend,Good,-4.240161,
1954,2026-09-15 23:34:47.022,GW-LINE-B,rob01.cycleTime,Good,2.7,
1955,2026-09-15 23:34:47.022,GW-LINE-B,rob01.trajectory,Good,7.817359,
1957,2026-09-15 23:34:47.687,IM-01,im01.moldCloseJog,Bad,,ss.reason.comm
1958,2026-09-15 23:34:47.687,IM-01,im01.start,Bad,,ss.reason.comm
1959,2026-09-15 23:34:47.687,IM-01,im01.stop,Bad,,ss.reason.comm
1960,2026-09-15 23:34:47.687,IM-01,im01.estop,Bad,,ss.reason.comm
1962,2026-09-15 23:34:47.692,IM-01,im01.prodTime,Good,09/15/2026 23:34:47,
1963,2026-09-15 23:34:47.696,IM-01,im01.barrel1Temp,Good,190.2,
1964,2026-09-15 23:34:47.696,IM-01,im01.barrel5Temp,Good,147.6,
1965,2026-09-15 23:34:47.696,IM-01,im01.moldTemp,Good,84.5,
1966,2026-09-15 23:34:47.696,IM-01,im01.oilTemp,Good,44.6,
1967,2026-09-15 23:34:47.696,IM-01,im01.injectPressure,Good,0,
1968,2026-09-15 23:34:47.696,IM-01,im01.injectSpeed,Good,0,
1969,2026-09-15 23:34:47.696,IM-01,im01.screwSpeed,Good,0,
1970,2026-09-15 23:34:47.696,IM-01,im01.clampPressure,Good,0,
1971,2026-09-15 23:34:47.696,IM-01,im01.pumpCurrent,Good,0,
1972,2026-09-15 23:34:47.696,IM-01,im01.hydraulicPressure,Good,0,
1973,2026-09-15 23:34:47.696,IM-01,im01.power,Good,3,
1974,2026-09-15 23:34:47.696,IM-01,im01.meltEnergy,Good,0,
1975,2026-09-15 23:34:47.696,IM-01,im01.energyTotal,Good,1.40416666666711,
1976,2026-09-15 23:34:47.696,IM-01,im01.moldTempDual,Good,0,
1977,2026-09-15 23:34:47.698,IM-01,im01.moldCloseJog,Good,False,
1978,2026-09-15 23:34:47.698,IM-01,im01.start,Good,False,
1979,2026-09-15 23:34:47.698,IM-01,im01.stop,Good,False,
1980,2026-09-15 23:34:47.698,IM-01,im01.estop,Good,False,
1981,2026-09-15 23:34:47.700,IM-01,im01.cavitySetTemp,Good,236,
1982,2026-09-15 23:34:47.702,IM-01,im01.clampForceDev,Good,-32,
1983,2026-09-15 23:34:47.963,GW-LINE-B,mtc01.runSeconds,Good,11409,
1984,2026-09-15 23:34:47.963,GW-LINE-B,mtc01.energyTotal,Good,1.69569444444445,
1985,2026-09-15 23:34:47.963,ENV-01,env01.runSeconds,Good,11409,
1986,2026-09-15 23:34:47.963,ENV-01,env01.sampleTime,Good,09/15/2026 23:34:47,
1987,2026-09-15 23:34:47.965,GW-LINE-B,mtc01.tempDeviation,Good,-0.5,
1988,2026-09-15 23:34:47.965,EM-01,em01.readTime,Good,09/15/2026 23:34:47,
1989,2026-09-15 23:34:47.971,GW-LINE-B,dry01.drySeconds,Good,10785,
1990,2026-09-15 23:34:47.971,GW-LINE-B,dry01.energyTotal,Good,1.74880555555557,
1991,2026-09-15 23:34:47.973,GW-LINE-B,dry01.dewDeviation,Good,0.3,
1992,2026-09-15 23:34:47.978,GW-LINE-B,rob01.runSeconds,Good,11409,
1993,2026-09-15 23:34:47.980,GW-LINE-B,rob01.energyTotal,Good,1.58886111111108,
1994,2026-09-15 23:34:47.994,EM-01,em01.totalEnergy,Good,3539.18,
1995,2026-09-15 23:34:47.994,EM-01,em01.forwardEnergy,Good,3539.18,
1996,2026-09-15 23:34:47.994,EM-01,em01.voltageA,Good,380,
1997,2026-09-15 23:34:47.994,EM-01,em01.voltageB,Good,376,
1998,2026-09-15 23:34:47.994,EM-01,em01.voltageC,Good,380,
1999,2026-09-15 23:34:47.994,EM-01,em01.currentA,Good,155.5,
2000,2026-09-15 23:34:47.994,EM-01,em01.activePower,Good,123,
2001,2026-09-15 23:34:47.994,EM-01,em01.reactivePower,Good,32,
2002,2026-09-15 23:34:47.994,EM-01,em01.powerFactor,Good,0.868,
2003,2026-09-15 23:34:47.994,EM-01,em01.frequency,Good,49.93,
2004,2026-09-15 23:34:47.994,EM-01,em01.demand,Good,123,
2005,2026-09-15 23:34:47.994,EM-01,em01.energyF64,Good,35.9318888888889,
2006,2026-09-15 23:34:47.994,EM-01,em01.unbalance,Good,1.052632,
2007,2026-09-15 23:34:47.998,ENV-01,env01.roomTemp,Good,24,
2008,2026-09-15 23:34:47.998,ENV-01,env01.humidity,Good,53,
2009,2026-09-15 23:34:47.998,ENV-01,env01.dewPoint,Good,14.7,
2010,2026-09-15 23:34:47.998,ENV-01,env01.noise,Good,74,
2011,2026-09-15 23:34:47.998,ENV-01,env01.pm25,Good,37,
2012,2026-09-15 23:34:47.998,ENV-01,env01.pressureDiff,Good,-1,
2013,2026-09-15 23:34:47.998,ENV-01,env01.illuminance,Good,430,
2014,2026-09-15 23:34:47.998,ENV-01,env01.tempFluctuation,Good,12.12129,
2015,2026-09-15 23:34:48.006,GW-LINE-B,mtc01.actualTemp,Good,99.5,
2016,2026-09-15 23:34:48.006,GW-LINE-B,mtc01.pumpFlow,Good,28,
2017,2026-09-15 23:34:48.006,GW-LINE-B,mtc01.pumpCurrent,Good,3.1,
2018,2026-09-15 23:34:48.006,GW-LINE-B,mtc01.heatPower,Good,5,
2019,2026-09-15 23:34:48.006,GW-LINE-B,mtc01.outletTemp,Good,100,
2020,2026-09-15 23:34:48.006,GW-LINE-B,mtc01.tempAvg,Good,994.5601,
2021,2026-09-15 23:34:48.015,GW-LINE-B,dry01.dewPoint,Good,-34.7,
2022,2026-09-15 23:34:48.017,GW-LINE-B,dry01.levelTrend,Good,-4.265006,
2023,2026-09-15 23:34:48.022,GW-LINE-B,rob01.posY,Good,4,
2024,2026-09-15 23:34:48.022,GW-LINE-B,rob01.trajectory,Good,7.953743,
2025,2026-09-15 23:34:48.189,IM-01,im01.prodTime,Good,09/15/2026 23:34:48,
2026,2026-09-15 23:34:48.689,IM-01,im01.barrel1Temp,Good,192.5,
2027,2026-09-15 23:34:48.689,IM-01,im01.oilTemp,Good,44.2,
2028,2026-09-15 23:34:48.689,IM-01,im01.energyTotal,Good,1.40500000000044,
2029,2026-09-15 23:34:48.995,EM-01,em01.totalEnergy,Good,3542.52,
2030,2026-09-15 23:34:48.995,EM-01,em01.forwardEnergy,Good,3542.52,
2031,2026-09-15 23:34:48.995,EM-01,em01.voltageA,Good,381,
2032,2026-09-15 23:34:48.995,EM-01,em01.voltageB,Good,380,
2033,2026-09-15 23:34:48.995,EM-01,em01.voltageC,Good,375,
2034,2026-09-15 23:34:48.995,EM-01,em01.currentA,Good,165.2,
2035,2026-09-15 23:34:48.995,EM-01,em01.activePower,Good,121,
2036,2026-09-15 23:34:48.995,EM-01,em01.reactivePower,Good,34,
2037,2026-09-15 23:34:48.995,EM-01,em01.powerFactor,Good,0.918,
2038,2026-09-15 23:34:48.995,EM-01,em01.frequency,Good,50.07,
2039,2026-09-15 23:34:48.995,EM-01,em01.demand,Good,121,
2040,2026-09-15 23:34:48.995,EM-01,em01.energyF64,Good,35.9659166666667,
2041,2026-09-15 23:34:48.995,EM-01,em01.unbalance,Good,1.578947,
2042,2026-09-15 23:34:48.999,ENV-01,env01.humidity,Good,52,
2043,2026-09-15 23:34:48.999,ENV-01,env01.dewPoint,Good,14.5,
2044,2026-09-15 23:34:48.999,ENV-01,env01.noise,Good,73,
2045,2026-09-15 23:34:48.999,ENV-01,env01.pm25,Good,51,
2046,2026-09-15 23:34:48.999,ENV-01,env01.pressureDiff,Good,13,
2047,2026-09-15 23:34:48.999,ENV-01,env01.illuminance,Good,351,
2048,2026-09-15 23:34:48.999,ENV-01,env01.tempFluctuation,Good,12.65154,
2049,2026-09-15 23:34:49.006,GW-LINE-B,mtc01.actualTemp,Good,99.4,
2050,2026-09-15 23:34:49.006,GW-LINE-B,mtc01.pumpPressure,Good,3,
2051,2026-09-15 23:34:49.006,GW-LINE-B,mtc01.pumpFlow,Good,18,
2052,2026-09-15 23:34:49.006,GW-LINE-B,mtc01.pumpCurrent,Good,3.9,
2053,2026-09-15 23:34:49.006,GW-LINE-B,mtc01.heatPower,Good,4,
2054,2026-09-15 23:34:49.006,GW-LINE-B,mtc01.outletTemp,Good,99.9,
2055,2026-09-15 23:34:49.006,GW-LINE-B,mtc01.tempAvg,Good,993.7704,
2056,2026-09-15 23:34:49.014,GW-LINE-B,dry01.dewPoint,Good,-34.2,
2057,2026-09-15 23:34:49.014,GW-LINE-B,dry01.heatPower,Good,7,
2058,2026-09-15 23:34:49.014,GW-LINE-B,dry01.fanCurrent,Good,1.5,
2059,2026-09-15 23:34:49.016,GW-LINE-B,dry01.levelTrend,Good,-4.29096,
2060,2026-09-15 23:34:49.022,GW-LINE-B,rob01.trajectory,Good,8.103368,
2061,2026-09-15 23:34:49.194,IM-01,im01.prodTime,Good,09/15/2026 23:34:49,
2062,2026-09-15 23:34:49.689,IM-01,im01.barrel1Temp,Good,192.9,
2063,2026-09-15 23:34:49.689,IM-01,im01.moldTemp,Good,84.6,
2064,2026-09-15 23:34:49.689,IM-01,im01.oilTemp,Good,44.5,
2065,2026-09-15 23:34:49.689,IM-01,im01.energyTotal,Good,1.40583333333378,
2066,2026-09-15 23:34:49.994,EM-01,em01.totalEnergy,Good,3545.72,
2067,2026-09-15 23:34:49.994,EM-01,em01.forwardEnergy,Good,3545.72,
2068,2026-09-15 23:34:49.994,EM-01,em01.voltageA,Good,383,
2069,2026-09-15 23:34:49.994,EM-01,em01.voltageB,Good,386,
2070,2026-09-15 23:34:49.994,EM-01,em01.voltageC,Good,380,
2071,2026-09-15 23:34:49.994,EM-01,em01.currentA,Good,184.9,
2072,2026-09-15 23:34:49.994,EM-01,em01.activePower,Good,110,
2073,2026-09-15 23:34:49.994,EM-01,em01.reactivePower,Good,39,
2074,2026-09-15 23:34:49.994,EM-01,em01.powerFactor,Good,0.926,
2075,2026-09-15 23:34:49.994,EM-01,em01.frequency,Good,50.02,
2076,2026-09-15 23:34:49.994,EM-01,em01.demand,Good,110,
2077,2026-09-15 23:34:49.994,EM-01,em01.energyF64,Good,35.9984444444444,
2078,2026-09-15 23:34:49.999,ENV-01,env01.roomTemp,Good,23.9,
2079,2026-09-15 23:34:49.999,ENV-01,env01.dewPoint,Good,14.4,
2080,2026-09-15 23:34:49.999,ENV-01,env01.noise,Good,76,
2081,2026-09-15 23:34:49.999,ENV-01,env01.pm25,Good,53,
2082,2026-09-15 23:34:49.999,ENV-01,env01.pressureDiff,Good,12,
2083,2026-09-15 23:34:49.999,ENV-01,env01.illuminance,Good,443,
2084,2026-09-15 23:34:49.999,ENV-01,env01.tempFluctuation,Good,12.37264,
2085,2026-09-15 23:34:50.007,GW-LINE-B,mtc01.actualTemp,Good,99.1,
2086,2026-09-15 23:34:50.007,GW-LINE-B,mtc01.pumpPressure,Good,2,
2087,2026-09-15 23:34:50.007,GW-LINE-B,mtc01.pumpFlow,Good,27,
2088,2026-09-15 23:34:50.007,GW-LINE-B,mtc01.pumpCurrent,Good,3.5,
2089,2026-09-15 23:34:50.007,GW-LINE-B,mtc01.outletTemp,Good,99.6,
2090,2026-09-15 23:34:50.007,GW-LINE-B,mtc01.tempAvg,Good,991.4416,
2091,2026-09-15 23:34:50.016,GW-LINE-B,dry01.dewPoint,Good,-34.4,
2092,2026-09-15 23:34:50.016,GW-LINE-B,dry01.materialLevel,Good,41,
2093,2026-09-15 23:34:50.016,GW-LINE-B,dry01.heatPower,Good,6,
2094,2026-09-15 23:34:50.016,GW-LINE-B,dry01.fanCurrent,Good,1.2,
2095,2026-09-15 23:34:50.017,GW-LINE-B,dry01.levelTrend,Good,-4.323012,
2096,2026-09-15 23:34:50.024,GW-LINE-B,rob01.posY,Good,5,
2097,2026-09-15 23:34:50.024,GW-LINE-B,rob01.trajectory,Good,7.916747,
2098,2026-09-15 23:34:50.195,IM-01,im01.prodTime,Good,09/15/2026 23:34:50,
2099,2026-09-15 23:34:50.689,IM-01,im01.oilTemp,Good,44.7,
2100,2026-09-15 23:34:50.689,IM-01,im01.energyTotal,Good,1.40666666666711,
2101,2026-09-15 23:34:50.995,EM-01,em01.totalEnergy,Good,3548.83,
2102,2026-09-15 23:34:50.995,EM-01,em01.forwardEnergy,Good,3548.83,
2103,2026-09-15 23:34:50.995,EM-01,em01.voltageB,Good,381,
2104,2026-09-15 23:34:50.995,EM-01,em01.voltageC,Good,378,
2105,2026-09-15 23:34:50.995,EM-01,em01.currentA,Good,189.7,
2106,2026-09-15 23:34:50.995,EM-01,em01.activePower,Good,124,
2107,2026-09-15 23:34:50.995,EM-01,em01.reactivePower,Good,25,
2108,2026-09-15 23:34:50.995,EM-01,em01.powerFactor,Good,0.933,
2109,2026-09-15 23:34:50.995,EM-01,em01.frequency,Good,49.94,
2110,2026-09-15 23:34:50.995,EM-01,em01.demand,Good,124,
2111,2026-09-15 23:34:50.995,EM-01,em01.energyF64,Good,36.03,
2112,2026-09-15 23:34:50.995,EM-01,em01.unbalance,Good,1.315789,
2113,2026-09-15 23:34:51.000,ENV-01,env01.roomTemp,Good,24,
2114,2026-09-15 23:34:51.000,ENV-01,env01.humidity,Good,54,
2115,2026-09-15 23:34:51.000,ENV-01,env01.dewPoint,Good,14.9,
2116,2026-09-15 23:34:51.000,ENV-01,env01.noise,Good,70,
2117,2026-09-15 23:34:51.000,ENV-01,env01.pm25,Good,24,
2118,2026-09-15 23:34:51.000,ENV-01,env01.pressureDiff,Good,5,
2119,2026-09-15 23:34:51.000,ENV-01,env01.illuminance,Good,470,
2120,2026-09-15 23:34:51.000,ENV-01,env01.tempFluctuation,Good,12.80539,
2121,2026-09-15 23:34:51.007,GW-LINE-B,mtc01.pumpPressure,Good,4,
2122,2026-09-15 23:34:51.007,GW-LINE-B,mtc01.pumpFlow,Good,24,
2123,2026-09-15 23:34:51.007,GW-LINE-B,mtc01.pumpCurrent,Good,3.7,
2124,2026-09-15 23:34:51.007,GW-LINE-B,mtc01.heatPower,Good,3,
2125,2026-09-15 23:34:51.007,GW-LINE-B,mtc01.tempAvg,Good,991.0302,
2126,2026-09-15 23:34:51.015,GW-LINE-B,dry01.dewPoint,Good,-34.8,
2127,2026-09-15 23:34:51.015,GW-LINE-B,dry01.fanCurrent,Good,1.1,
2128,2026-09-15 23:34:51.017,GW-LINE-B,dry01.levelTrend,Good,-4.356781,
2129,2026-09-15 23:34:51.023,GW-LINE-B,rob01.cycleTime,Good,3.2,
2130,2026-09-15 23:34:51.023,GW-LINE-B,rob01.trajectory,Good,7.821223,
2131,2026-09-15 23:34:51.197,IM-01,im01.prodTime,Good,09/15/2026 23:34:51,
2132,2026-09-15 23:34:51.690,IM-01,im01.oilTemp,Good,44.5,
2133,2026-09-15 23:34:51.690,IM-01,im01.energyTotal,Good,1.40750000000045,
2134,2026-09-15 23:34:51.996,EM-01,em01.totalEnergy,Good,3552.07,
2135,2026-09-15 23:34:51.996,EM-01,em01.forwardEnergy,Good,3552.07,
2136,2026-09-15 23:34:51.996,EM-01,em01.voltageA,Good,380,
2137,2026-09-15 23:34:51.996,EM-01,em01.voltageB,Good,376,
2138,2026-09-15 23:34:51.996,EM-01,em01.voltageC,Good,382,
2139,2026-09-15 23:34:51.996,EM-01,em01.currentA,Good,151.1,
2140,2026-09-15 23:34:51.996,EM-01,em01.activePower,Good,117,
2141,2026-09-15 23:34:51.996,EM-01,em01.reactivePower,Good,27,
2142,2026-09-15 23:34:51.996,EM-01,em01.powerFactor,Good,0.896,
2143,2026-09-15 23:34:51.996,EM-01,em01.frequency,Good,49.97,
2144,2026-09-15 23:34:51.996,EM-01,em01.demand,Good,117,
2145,2026-09-15 23:34:51.996,EM-01,em01.energyF64,Good,36.0628888888889,
2146,2026-09-15 23:34:51.996,EM-01,em01.unbalance,Good,1.578947,
2147,2026-09-15 23:34:52.001,ENV-01,env01.humidity,Good,53,
2148,2026-09-15 23:34:52.001,ENV-01,env01.dewPoint,Good,14.7,
2149,2026-09-15 23:34:52.001,ENV-01,env01.noise,Good,76,
2150,2026-09-15 23:34:52.001,ENV-01,env01.pm25,Good,55,
2151,2026-09-15 23:34:52.001,ENV-01,env01.pressureDiff,Good,8,
2152,2026-09-15 23:34:52.001,ENV-01,env01.illuminance,Good,471,
2153,2026-09-15 23:34:52.001,ENV-01,env01.tempFluctuation,Good,12.04663,
2154,2026-09-15 23:34:52.008,GW-LINE-B,mtc01.actualTemp,Good,99.5,
2155,2026-09-15 23:34:52.008,GW-LINE-B,mtc01.pumpFlow,Good,35,
2156,2026-09-15 23:34:52.008,GW-LINE-B,mtc01.heatPower,Good,8,
2157,2026-09-15 23:34:52.008,GW-LINE-B,mtc01.outletTemp,Good,100,
2158,2026-09-15 23:34:52.008,GW-LINE-B,mtc01.tempAvg,Good,994.8012,
2159,2026-09-15 23:34:52.016,GW-LINE-B,dry01.dewPoint,Good,-35.1,
2160,2026-09-15 23:34:52.016,GW-LINE-B,dry01.heatPower,Good,3,
2161,2026-09-15 23:34:52.018,GW-LINE-B,dry01.levelTrend,Good,-4.38897,
2162,2026-09-15 23:34:52.024,GW-LINE-B,rob01.cycleTime,Good,3,
2163,2026-09-15 23:34:52.024,GW-LINE-B,rob01.posY,Good,6,
2164,2026-09-15 23:34:52.024,GW-LINE-B,rob01.trajectory,Good,7.825577,
2165,2026-09-15 23:34:52.198,IM-01,im01.prodTime,Good,09/15/2026 23:34:52,
2166,2026-09-15 23:34:52.692,IM-01,im01.clampForceDev,Good,-56,
2167,2026-09-15 23:34:52.695,IM-01,im01.oilTemp,Good,44.3,
2168,2026-09-15 23:34:52.695,IM-01,im01.energyTotal,Good,1.40833333333378,
2169,2026-09-15 23:34:52.963,GW-LINE-B,mtc01.runSeconds,Good,11459,
2170,2026-09-15 23:34:52.963,ENV-01,env01.runSeconds,Good,11459,
2171,2026-09-15 23:34:52.963,GW-LINE-B,mtc01.energyTotal,Good,1.70280555555556,
2172,2026-09-15 23:34:52.963,ENV-01,env01.sampleTime,Good,09/15/2026 23:34:52,
2173,2026-09-15 23:34:52.965,EM-01,em01.readTime,Good,09/15/2026 23:34:52,
2174,2026-09-15 23:34:52.971,GW-LINE-B,dry01.drySeconds,Good,10835,
2175,2026-09-15 23:34:52.971,GW-LINE-B,dry01.energyTotal,Good,1.7566388888889,
2176,2026-09-15 23:34:52.973,ENV-01,env01.tempDeviation,Good,-0.1,
2177,2026-09-15 23:34:52.973,GW-LINE-B,dry01.dewDeviation,Good,0.1,
2178,2026-09-15 23:34:52.978,GW-LINE-B,rob01.runSeconds,Good,11459,
2179,2026-09-15 23:34:52.980,GW-LINE-B,rob01.energyTotal,Good,1.59572222222219,
2180,2026-09-15 23:34:52.997,EM-01,em01.totalEnergy,Good,3555.01,
2181,2026-09-15 23:34:52.997,EM-01,em01.forwardEnergy,Good,3555.01,
2182,2026-09-15 23:34:52.997,EM-01,em01.voltageA,Good,384,
2183,2026-09-15 23:34:52.997,EM-01,em01.voltageB,Good,382,
2184,2026-09-15 23:34:52.997,EM-01,em01.voltageC,Good,375,
2185,2026-09-15 23:34:52.997,EM-01,em01.currentA,Good,142.7,
2186,2026-09-15 23:34:52.997,EM-01,em01.activePower,Good,104,
2187,2026-09-15 23:34:52.997,EM-01,em01.reactivePower,Good,29,
2188,2026-09-15 23:34:52.997,EM-01,em01.powerFactor,Good,0.897,
2189,2026-09-15 23:34:52.997,EM-01,em01.frequency,Good,50.09,
2190,2026-09-15 23:34:52.997,EM-01,em01.demand,Good,104,
2191,2026-09-15 23:34:52.997,EM-01,em01.energyF64,Good,36.0927777777778,
2192,2026-09-15 23:34:52.997,EM-01,em01.unbalance,Good,2.368421,
2193,2026-09-15 23:34:53.001,ENV-01,env01.roomTemp,Good,23.9,
2194,2026-09-15 23:34:53.001,ENV-01,env01.humidity,Good,54,
2195,2026-09-15 23:34:53.001,ENV-01,env01.dewPoint,Good,14.9,
2196,2026-09-15 23:34:53.001,ENV-01,env01.noise,Good,72,
2197,2026-09-15 23:34:53.001,ENV-01,env01.pm25,Good,34,
2198,2026-09-15 23:34:53.001,ENV-01,env01.pressureDiff,Good,2,
2199,2026-09-15 23:34:53.001,ENV-01,env01.illuminance,Good,423,
2200,2026-09-15 23:34:53.001,ENV-01,env01.tempFluctuation,Good,12.32318,
2201,2026-09-15 23:34:53.009,GW-LINE-B,mtc01.pumpPressure,Good,5,
2202,2026-09-15 23:34:53.009,GW-LINE-B,mtc01.pumpFlow,Good,34,
2203,2026-09-15 23:34:53.009,GW-LINE-B,mtc01.pumpCurrent,Good,3.8,
2204,2026-09-15 23:34:53.009,GW-LINE-B,mtc01.heatPower,Good,3,
2205,2026-09-15 23:34:53.009,GW-LINE-B,mtc01.tempAvg,Good,995.1223,
2206,2026-09-15 23:34:53.017,GW-LINE-B,dry01.dewPoint,Good,-34.9,
2207,2026-09-15 23:34:53.017,GW-LINE-B,dry01.materialLevel,Good,40,
2208,2026-09-15 23:34:53.017,GW-LINE-B,dry01.fanCurrent,Good,1.8,
2209,2026-09-15 23:34:53.019,GW-LINE-B,dry01.levelTrend,Good,-4.419184,
2210,2026-09-15 23:34:53.024,GW-LINE-B,rob01.cycleTime,Good,2.8,
2211,2026-09-15 23:34:53.024,GW-LINE-B,rob01.trajectory,Good,7.947352,
2212,2026-09-15 23:34:53.200,IM-01,im01.prodTime,Good,09/15/2026 23:34:53,
2213,2026-09-15 23:34:53.696,IM-01,im01.oilTemp,Good,44.5,
2214,2026-09-15 23:34:53.696,IM-01,im01.energyTotal,Good,1.40916666666712,
2215,2026-09-15 23:34:53.997,EM-01,em01.totalEnergy,Good,3557.94,
2216,2026-09-15 23:34:53.997,EM-01,em01.forwardEnergy,Good,3557.94,
2217,2026-09-15 23:34:53.997,EM-01,em01.voltageA,Good,382,
2218,2026-09-15 23:34:53.997,EM-01,em01.voltageB,Good,376,
2219,2026-09-15 23:34:53.997,EM-01,em01.voltageC,Good,376,
2220,2026-09-15 23:34:53.997,EM-01,em01.currentA,Good,214.6,
2221,2026-09-15 23:34:53.997,EM-01,em01.activePower,Good,110,
2222,2026-09-15 23:34:53.997,EM-01,em01.reactivePower,Good,24,
2223,2026-09-15 23:34:53.997,EM-01,em01.powerFactor,Good,0.914,
2224,2026-09-15 23:34:53.997,EM-01,em01.frequency,Good,49.9,
2225,2026-09-15 23:34:53.997,EM-01,em01.demand,Good,110,
2226,2026-09-15 23:34:53.997,EM-01,em01.energyF64,Good,36.1225833333333,
2227,2026-09-15 23:34:53.997,EM-01,em01.unbalance,Good,1.578947,
2228,2026-09-15 23:34:54.002,ENV-01,env01.roomTemp,Good,23.8,
2229,2026-09-15 23:34:54.002,ENV-01,env01.dewPoint,Good,14.8,
2230,2026-09-15 23:34:54.002,ENV-01,env01.noise,Good,70,
2231,2026-09-15 23:34:54.002,ENV-01,env01.pm25,Good,43,
2232,2026-09-15 23:34:54.002,ENV-01,env01.pressureDiff,Good,1,
2233,2026-09-15 23:34:54.002,ENV-01,env01.illuminance,Good,477,
2234,2026-09-15 23:34:54.002,ENV-01,env01.tempFluctuation,Good,11.66585,
2235,2026-09-15 23:34:54.009,GW-LINE-B,mtc01.pumpPressure,Good,3,
2236,2026-09-15 23:34:54.009,GW-LINE-B,mtc01.pumpFlow,Good,22,
2237,2026-09-15 23:34:54.009,GW-LINE-B,mtc01.pumpCurrent,Good,5,
2238,2026-09-15 23:34:54.009,GW-LINE-B,mtc01.heatPower,Good,4,
2239,2026-09-15 23:34:54.009,GW-LINE-B,mtc01.tempAvg,Good,995.1445,
2240,2026-09-15 23:34:54.017,GW-LINE-B,dry01.dewPoint,Good,-35,
2241,2026-09-15 23:34:54.017,GW-LINE-B,dry01.heatPower,Good,8,
2242,2026-09-15 23:34:54.017,GW-LINE-B,dry01.fanCurrent,Good,1.2,
2243,2026-09-15 23:34:54.019,GW-LINE-B,dry01.levelTrend,Good,-4.450657,
2244,2026-09-15 23:34:54.024,GW-LINE-B,rob01.cycleTime,Good,2.7,
2245,2026-09-15 23:34:54.024,GW-LINE-B,rob01.trajectory,Good,7.860444,
2246,2026-09-15 23:34:54.201,IM-01,im01.prodTime,Good,09/15/2026 23:34:54,
2247,2026-09-15 23:34:54.697,IM-01,im01.energyTotal,Good,1.41000000000045,
2248,2026-09-15 23:34:54.997,EM-01,em01.totalEnergy,Good,3561.12,
2249,2026-09-15 23:34:54.997,EM-01,em01.forwardEnergy,Good,3561.12,
2250,2026-09-15 23:34:54.997,EM-01,em01.voltageA,Good,384,
2251,2026-09-15 23:34:54.997,EM-01,em01.voltageB,Good,381,
2252,2026-09-15 23:34:54.997,EM-01,em01.voltageC,Good,380,
2253,2026-09-15 23:34:54.997,EM-01,em01.currentA,Good,142.5,
2254,2026-09-15 23:34:54.997,EM-01,em01.activePower,Good,116,
2255,2026-09-15 23:34:54.997,EM-01,em01.reactivePower,Good,37,
2256,2026-09-15 23:34:54.997,EM-01,em01.powerFactor,Good,0.933,
2257,2026-09-15 23:34:54.997,EM-01,em01.frequency,Good,49.97,
2258,2026-09-15 23:34:54.997,EM-01,em01.demand,Good,116,
2259,2026-09-15 23:34:54.997,EM-01,em01.energyF64,Good,36.1547777777777,
2260,2026-09-15 23:34:54.997,EM-01,em01.unbalance,Good,1.052632,
2261,2026-09-15 23:34:55.002,ENV-01,env01.roomTemp,Good,23.9,
2262,2026-09-15 23:34:55.002,ENV-01,env01.humidity,Good,55,
2263,2026-09-15 23:34:55.002,ENV-01,env01.dewPoint,Good,15,
2264,2026-09-15 23:34:55.002,ENV-01,env01.noise,Good,71,
2265,2026-09-15 23:34:55.002,ENV-01,env01.pm25,Good,25,
2266,2026-09-15 23:34:55.002,ENV-01,env01.pressureDiff,Good,9,
2267,2026-09-15 23:34:55.002,ENV-01,env01.illuminance,Good,467,
2268,2026-09-15 23:34:55.002,ENV-01,env01.tempFluctuation,Good,11.75552,
2269,2026-09-15 23:34:55.011,GW-LINE-B,mtc01.actualTemp,Good,99.2,
2270,2026-09-15 23:34:55.011,GW-LINE-B,mtc01.pumpPressure,Good,5,
2271,2026-09-15 23:34:55.011,GW-LINE-B,mtc01.pumpFlow,Good,35,
2272,2026-09-15 23:34:55.011,GW-LINE-B,mtc01.pumpCurrent,Good,4.2,
2273,2026-09-15 23:34:55.011,GW-LINE-B,mtc01.heatPower,Good,6,
2274,2026-09-15 23:34:55.011,GW-LINE-B,mtc01.outletTemp,Good,99.7,
2275,2026-09-15 23:34:55.011,GW-LINE-B,mtc01.tempAvg,Good,992.3079,
2276,2026-09-15 23:34:55.019,GW-LINE-B,dry01.dewPoint,Good,-34.8,
2277,2026-09-15 23:34:55.019,GW-LINE-B,dry01.fanCurrent,Good,0.8,
2278,2026-09-15 23:34:55.020,GW-LINE-B,dry01.levelTrend,Good,-4.483048,
2279,2026-09-15 23:34:55.026,GW-LINE-B,rob01.posY,Good,5,
2280,2026-09-15 23:34:55.026,GW-LINE-B,rob01.trajectory,Good,8.083536,
2281,2026-09-15 23:34:55.202,IM-01,im01.prodTime,Good,09/15/2026 23:34:55,
2282,2026-09-15 23:34:55.697,IM-01,im01.energyTotal,Good,1.41083333333378,
2283,2026-09-15 23:34:55.998,EM-01,em01.totalEnergy,Good,3564.32,
2284,2026-09-15 23:34:55.998,EM-01,em01.forwardEnergy,Good,3564.32,
2285,2026-09-15 23:34:55.998,EM-01,em01.voltageA,Good,383,
2286,2026-09-15 23:34:55.998,EM-01,em01.voltageB,Good,379,
2287,2026-09-15 23:34:55.998,EM-01,em01.voltageC,Good,384,
2288,2026-09-15 23:34:55.998,EM-01,em01.currentA,Good,149.9,
2289,2026-09-15 23:34:55.998,EM-01,em01.activePower,Good,121,
2290,2026-09-15 23:34:55.998,EM-01,em01.reactivePower,Good,35,
2291,2026-09-15 23:34:55.998,EM-01,em01.powerFactor,Good,0.95,
2292,2026-09-15 23:34:55.998,EM-01,em01.frequency,Good,50.06,
2293,2026-09-15 23:34:55.998,EM-01,em01.demand,Good,121,
2294,2026-09-15 23:34:55.998,EM-01,em01.energyF64,Good,36.1872777777778,
2295,2026-09-15 23:34:55.998,EM-01,em01.unbalance,Good,1.315789,
2296,2026-09-15 23:34:56.003,ENV-01,env01.humidity,Good,54,
2297,2026-09-15 23:34:56.003,ENV-01,env01.dewPoint,Good,14.7,
2298,2026-09-15 23:34:56.003,ENV-01,env01.noise,Good,76,
2299,2026-09-15 23:34:56.003,ENV-01,env01.pm25,Good,45,
2300,2026-09-15 23:34:56.003,ENV-01,env01.pressureDiff,Good,7,
2301,2026-09-15 23:34:56.003,ENV-01,env01.illuminance,Good,300,
2302,2026-09-15 23:34:56.003,ENV-01,env01.tempFluctuation,Good,12.37583,
2303,2026-09-15 23:34:56.010,GW-LINE-B,mtc01.actualTemp,Good,99.7,
2304,2026-09-15 23:34:56.010,GW-LINE-B,mtc01.pumpPressure,Good,2,
2305,2026-09-15 23:34:56.010,GW-LINE-B,mtc01.pumpFlow,Good,29,
2306,2026-09-15 23:34:56.010,GW-LINE-B,mtc01.pumpCurrent,Good,4.9,
2307,2026-09-15 23:34:56.010,GW-LINE-B,mtc01.heatPower,Good,4,
2308,2026-09-15 23:34:56.010,GW-LINE-B,mtc01.outletTemp,Good,100.2,
2309,2026-09-15 23:34:56.010,GW-LINE-B,mtc01.tempAvg,Good,996.5018,
2310,2026-09-15 23:34:56.018,GW-LINE-B,dry01.dewPoint,Good,-34.1,
2311,2026-09-15 23:34:56.018,GW-LINE-B,dry01.materialLevel,Good,39,
2312,2026-09-15 23:34:56.018,GW-LINE-B,dry01.fanCurrent,Good,1,
2313,2026-09-15 23:34:56.020,GW-LINE-B,dry01.levelTrend,Good,-4.515298,
2314,2026-09-15 23:34:56.025,GW-LINE-B,rob01.posY,Good,6,
2315,2026-09-15 23:34:56.025,GW-LINE-B,rob01.trajectory,Good,8.256002,
2316,2026-09-15 23:34:56.203,IM-01,im01.prodTime,Good,09/15/2026 23:34:56,
2317,2026-09-15 23:34:56.697,IM-01,im01.energyTotal,Good,1.41166666666712,
2318,2026-09-15 23:34:56.999,EM-01,em01.totalEnergy,Good,3567.3,
2319,2026-09-15 23:34:56.999,EM-01,em01.forwardEnergy,Good,3567.3,
2320,2026-09-15 23:34:56.999,EM-01,em01.voltageA,Good,382,
2321,2026-09-15 23:34:56.999,EM-01,em01.voltageC,Good,376,
2322,2026-09-15 23:34:56.999,EM-01,em01.currentA,Good,177,
2323,2026-09-15 23:34:56.999,EM-01,em01.activePower,Good,110,
2324,2026-09-15 23:34:56.999,EM-01,em01.reactivePower,Good,25,
2325,2026-09-15 23:34:56.999,EM-01,em01.powerFactor,Good,0.928,
2326,2026-09-15 23:34:56.999,EM-01,em01.frequency,Good,50.01,
2327,2026-09-15 23:34:56.999,EM-01,em01.demand,Good,110,
2328,2026-09-15 23:34:56.999,EM-01,em01.energyF64,Good,36.2176388888889,
2329,2026-09-15 23:34:56.999,EM-01,em01.unbalance,Good,1.578947,
2330,2026-09-15 23:34:57.004,ENV-01,env01.roomTemp,Good,23.8,
2331,2026-09-15 23:34:57.004,ENV-01,env01.dewPoint,Good,14.6,
2332,2026-09-15 23:34:57.004,ENV-01,env01.noise,Good,78,
2333,2026-09-15 23:34:57.004,ENV-01,env01.pm25,Good,41,
2334,2026-09-15 23:34:57.004,ENV-01,env01.pressureDiff,Good,11,
2335,2026-09-15 23:34:57.004,ENV-01,env01.illuminance,Good,329,
2336,2026-09-15 23:34:57.004,ENV-01,env01.tempFluctuation,Good,11.54073,
2337,2026-09-15 23:34:57.011,GW-LINE-B,mtc01.actualTemp,Good,99.5,
2338,2026-09-15 23:34:57.011,GW-LINE-B,mtc01.pumpFlow,Good,28,
2339,2026-09-15 23:34:57.011,GW-LINE-B,mtc01.pumpCurrent,Good,5.1,
2340,2026-09-15 23:34:57.011,GW-LINE-B,mtc01.outletTemp,Good,100,
2341,2026-09-15 23:34:57.011,GW-LINE-B,mtc01.tempAvg,Good,994.929,
2342,2026-09-15 23:34:57.019,GW-LINE-B,dry01.heatPower,Good,4,
2343,2026-09-15 23:34:57.019,GW-LINE-B,dry01.fanCurrent,Good,2,
2344,2026-09-15 23:34:57.021,GW-LINE-B,dry01.levelTrend,Good,-4.54638,
2345,2026-09-15 23:34:57.027,GW-LINE-B,rob01.posY,Good,4,
2346,2026-09-15 23:34:57.027,GW-LINE-B,rob01.trajectory,Good,7.927915,
2347,2026-09-15 23:34:57.205,IM-01,im01.prodTime,Good,09/15/2026 23:34:57,
2348,2026-09-15 23:34:57.691,IM-01,im01.clampForceDev,Good,-32,
2349,2026-09-15 23:34:57.697,IM-01,im01.moldTemp,Good,84.5,
2350,2026-09-15 23:34:57.697,IM-01,im01.energyTotal,Good,1.41250000000045,
2351,2026-09-15 23:34:57.964,GW-LINE-B,mtc01.runSeconds,Good,11509,
2352,2026-09-15 23:34:57.964,GW-LINE-B,mtc01.energyTotal,Good,1.71036111111112,
2353,2026-09-15 23:34:57.964,ENV-01,env01.runSeconds,Good,11509,
2354,2026-09-15 23:34:57.964,ENV-01,env01.sampleTime,Good,09/15/2026 23:34:57,
2355,2026-09-15 23:34:57.966,GW-LINE-B,mtc01.tempDeviation,Good,-0.6,
2356,2026-09-15 23:34:57.972,GW-LINE-B,dry01.drySeconds,Good,10885,
2357,2026-09-15 23:34:57.972,GW-LINE-B,dry01.energyTotal,Good,1.76461111111113,
2358,2026-09-15 23:34:57.974,GW-LINE-B,dry01.dewDeviation,Good,0.5,
2359,2026-09-15 23:34:57.974,EM-01,em01.readTime,Good,09/15/2026 23:34:57,
2360,2026-09-15 23:34:57.980,GW-LINE-B,rob01.runSeconds,Good,11509,
2361,2026-09-15 23:34:57.982,GW-LINE-B,rob01.energyTotal,Good,1.60241666666664,
2362,2026-09-15 23:34:57.999,EM-01,em01.totalEnergy,Good,3570.25,
2363,2026-09-15 23:34:57.999,EM-01,em01.forwardEnergy,Good,3570.25,
2364,2026-09-15 23:34:57.999,EM-01,em01.voltageB,Good,382,
2365,2026-09-15 23:34:57.999,EM-01,em01.voltageC,Good,375,
2366,2026-09-15 23:34:57.999,EM-01,em01.currentA,Good,192.7,
2367,2026-09-15 23:34:57.999,EM-01,em01.activePower,Good,106,
2368,2026-09-15 23:34:57.999,EM-01,em01.reactivePower,Good,26,
2369,2026-09-15 23:34:57.999,EM-01,em01.powerFactor,Good,0.944,
2370,2026-09-15 23:34:57.999,EM-01,em01.frequency,Good,50.06,
2371,2026-09-15 23:34:57.999,EM-01,em01.demand,Good,106,
2372,2026-09-15 23:34:57.999,EM-01,em01.energyF64,Good,36.2475833333333,
2373,2026-09-15 23:34:57.999,EM-01,em01.unbalance,Good,1.842105,
2374,2026-09-15 23:34:58.004,ENV-01,env01.roomTemp,Good,23.9,
2375,2026-09-15 23:34:58.004,ENV-01,env01.dewPoint,Good,14.8,
2376,2026-09-15 23:34:58.004,ENV-01,env01.noise,Good,77,
2377,2026-09-15 23:34:58.004,ENV-01,env01.pm25,Good,43,
2378,2026-09-15 23:34:58.004,ENV-01,env01.pressureDiff,Good,3,
2379,2026-09-15 23:34:58.004,ENV-01,env01.illuminance,Good,317,
2380,2026-09-15 23:34:58.004,ENV-01,env01.tempFluctuation,Good,11.64767,
2381,2026-09-15 23:34:58.011,GW-LINE-B,mtc01.actualTemp,Good,99.4,
2382,2026-09-15 23:34:58.011,GW-LINE-B,mtc01.pumpPressure,Good,4,
2383,2026-09-15 23:34:58.011,GW-LINE-B,mtc01.pumpFlow,Good,35,
2384,2026-09-15 23:34:58.011,GW-LINE-B,mtc01.pumpCurrent,Good,4.3,
2385,2026-09-15 23:34:58.011,GW-LINE-B,mtc01.heatPower,Good,6,
2386,2026-09-15 23:34:58.011,GW-LINE-B,mtc01.outletTemp,Good,99.9,
2387,2026-09-15 23:34:58.011,GW-LINE-B,mtc01.tempAvg,Good,993.588,
2388,2026-09-15 23:34:58.019,GW-LINE-B,dry01.dewPoint,Good,-34.5,
2389,2026-09-15 23:34:58.019,GW-LINE-B,dry01.heatPower,Good,8,
2390,2026-09-15 23:34:58.019,GW-LINE-B,dry01.fanCurrent,Good,1.8,
2391,2026-09-15 23:34:58.021,GW-LINE-B,dry01.levelTrend,Good,-4.580182,
2392,2026-09-15 23:34:58.027,GW-LINE-B,rob01.cycleTime,Good,3,
2393,2026-09-15 23:34:58.027,GW-LINE-B,rob01.posY,Good,5,
2394,2026-09-15 23:34:58.027,GW-LINE-B,rob01.trajectory,Good,7.819509,
2395,2026-09-15 23:34:58.207,IM-01,im01.prodTime,Good,09/15/2026 23:34:58,
2396,2026-09-15 23:34:58.698,IM-01,im01.oilTemp,Good,44.6,
2397,2026-09-15 23:34:58.698,IM-01,im01.energyTotal,Good,1.41333333333379,
2398,2026-09-15 23:34:59.000,EM-01,em01.totalEnergy,Good,3573.42,
2399,2026-09-15 23:34:59.000,EM-01,em01.forwardEnergy,Good,3573.42,
2400,2026-09-15 23:34:59.000,EM-01,em01.voltageA,Good,376,
2401,2026-09-15 23:34:59.000,EM-01,em01.voltageB,Good,376,
2402,2026-09-15 23:34:59.000,EM-01,em01.voltageC,Good,383,
2403,2026-09-15 23:34:59.000,EM-01,em01.currentA,Good,174.6,
2404,2026-09-15 23:34:59.000,EM-01,em01.activePower,Good,110,
2405,2026-09-15 23:34:59.000,EM-01,em01.reactivePower,Good,22,
2406,2026-09-15 23:34:59.000,EM-01,em01.powerFactor,Good,0.874,
2407,2026-09-15 23:34:59.000,EM-01,em01.frequency,Good,50.01,
2408,2026-09-15 23:34:59.000,EM-01,em01.demand,Good,110,
2409,2026-09-15 23:34:59.000,EM-01,em01.energyF64,Good,36.2797222222222,
2410,2026-09-15 23:34:59.005,ENV-01,env01.noise,Good,76,
2411,2026-09-15 23:34:59.005,ENV-01,env01.pm25,Good,34,
2412,2026-09-15 23:34:59.005,ENV-01,env01.pressureDiff,Good,2,
2413,2026-09-15 23:34:59.005,ENV-01,env01.illuminance,Good,353,
2414,2026-09-15 23:34:59.005,ENV-01,env01.tempFluctuation,Good,12.23583,
2415,2026-09-15 23:34:59.012,GW-LINE-B,mtc01.actualTemp,Good,99.7,
2416,2026-09-15 23:34:59.012,GW-LINE-B,mtc01.pumpFlow,Good,17,
2417,2026-09-15 23:34:59.012,GW-LINE-B,mtc01.pumpCurrent,Good,4.4,
2418,2026-09-15 23:34:59.012,GW-LINE-B,mtc01.heatPower,Good,3,
2419,2026-09-15 23:34:59.012,GW-LINE-B,mtc01.outletTemp,Good,100.2,
2420,2026-09-15 23:34:59.012,GW-LINE-B,mtc01.tempAvg,Good,997.3004,
2421,2026-09-15 23:34:59.020,GW-LINE-B,dry01.dewPoint,Good,-34.7,
2422,2026-09-15 23:34:59.020,GW-LINE-B,dry01.materialLevel,Good,38,
2423,2026-09-15 23:34:59.020,GW-LINE-B,dry01.fanCurrent,Good,1.4,
2424,2026-09-15 23:34:59.022,GW-LINE-B,dry01.levelTrend,Good,-4.61116,
2425,2026-09-15 23:34:59.028,GW-LINE-B,rob01.cycleTime,Good,3.2,
2426,2026-09-15 23:34:59.028,GW-LINE-B,rob01.trajectory,Good,8.123387,
2427,2026-09-15 23:34:59.208,IM-01,im01.prodTime,Good,09/15/2026 23:34:59,
2428,2026-09-15 23:34:59.699,IM-01,im01.moldTemp,Good,84.6,
2429,2026-09-15 23:34:59.699,IM-01,im01.oilTemp,Good,44.4,
2430,2026-09-15 23:34:59.699,IM-01,im01.energyTotal,Good,1.41416666666712,
2432,2026-09-15 23:35:00.001,EM-01,em01.totalEnergy,Good,3576.47,
2433,2026-09-15 23:35:00.001,EM-01,em01.forwardEnergy,Good,3576.47,
2434,2026-09-15 23:35:00.001,EM-01,em01.voltageA,Good,379,
2435,2026-09-15 23:35:00.001,EM-01,em01.voltageC,Good,384,
2436,2026-09-15 23:35:00.001,EM-01,em01.currentA,Good,124.8,
2437,2026-09-15 23:35:00.001,EM-01,em01.activePower,Good,104,
2438,2026-09-15 23:35:00.001,EM-01,em01.reactivePower,Good,24,
2439,2026-09-15 23:35:00.001,EM-01,em01.powerFactor,Good,0.937,
2440,2026-09-15 23:35:00.001,EM-01,em01.frequency,Good,50.07,
2441,2026-09-15 23:35:00.001,EM-01,em01.demand,Good,104,
2442,2026-09-15 23:35:00.001,EM-01,em01.energyF64,Good,36.3104722222222,
2443,2026-09-15 23:35:00.001,EM-01,em01.unbalance,Good,2.105263,
2444,2026-09-15 23:35:00.006,ENV-01,env01.roomTemp,Good,23.8,
2445,2026-09-15 23:35:00.006,ENV-01,env01.humidity,Good,55,
2446,2026-09-15 23:35:00.006,ENV-01,env01.dewPoint,Good,14.9,
2447,2026-09-15 23:35:00.006,ENV-01,env01.noise,Good,74,
2448,2026-09-15 23:35:00.006,ENV-01,env01.pm25,Good,55,
2449,2026-09-15 23:35:00.006,ENV-01,env01.pressureDiff,Good,6,
2450,2026-09-15 23:35:00.006,ENV-01,env01.illuminance,Good,330,
2451,2026-09-15 23:35:00.006,ENV-01,env01.tempFluctuation,Good,12.23473,
2452,2026-09-15 23:35:00.013,GW-LINE-B,mtc01.actualTemp,Good,99.6,
2453,2026-09-15 23:35:00.013,GW-LINE-B,mtc01.pumpPressure,Good,2,
2454,2026-09-15 23:35:00.013,GW-LINE-B,mtc01.pumpFlow,Good,31,
2455,2026-09-15 23:35:00.013,GW-LINE-B,mtc01.pumpCurrent,Good,3.1,
2456,2026-09-15 23:35:00.013,GW-LINE-B,mtc01.heatPower,Good,5,
2457,2026-09-15 23:35:00.013,GW-LINE-B,mtc01.outletTemp,Good,100.1,
2458,2026-09-15 23:35:00.013,GW-LINE-B,mtc01.tempAvg,Good,995.5921,
2459,2026-09-15 23:35:00.021,GW-LINE-B,dry01.dewPoint,Good,-34.3,
2460,2026-09-15 23:35:00.021,GW-LINE-B,dry01.heatPower,Good,5,
2461,2026-09-15 23:35:00.021,GW-LINE-B,dry01.fanCurrent,Good,1.2,
2462,2026-09-15 23:35:00.023,GW-LINE-B,dry01.levelTrend,Good,-4.64189,
2463,2026-09-15 23:35:00.029,GW-LINE-B,rob01.cycleTime,Good,2.7,
2464,2026-09-15 23:35:00.029,GW-LINE-B,rob01.posY,Good,6,
2465,2026-09-15 23:35:00.029,GW-LINE-B,rob01.trajectory,Good,7.794426,
2466,2026-09-15 23:35:00.209,IM-01,im01.prodTime,Good,09/15/2026 23:35:00,
2467,2026-09-15 23:35:00.699,IM-01,im01.barrel1Temp,Good,191.9,
2468,2026-09-15 23:35:00.699,IM-01,im01.moldTemp,Good,84.5,
2469,2026-09-15 23:35:00.699,IM-01,im01.oilTemp,Good,44.6,
2470,2026-09-15 23:35:00.699,IM-01,im01.energyTotal,Good,1.41500000000046,
2471,2026-09-15 23:35:01.001,EM-01,em01.totalEnergy,Good,3579.49,
2472,2026-09-15 23:35:01.001,EM-01,em01.forwardEnergy,Good,3579.49,
2473,2026-09-15 23:35:01.001,EM-01,em01.voltageA,Good,384,
2474,2026-09-15 23:35:01.001,EM-01,em01.voltageB,Good,386,
2475,2026-09-15 23:35:01.001,EM-01,em01.voltageC,Good,378,
2476,2026-09-15 23:35:01.001,EM-01,em01.currentA,Good,202.3,
2477,2026-09-15 23:35:01.001,EM-01,em01.activePower,Good,114,
2478,2026-09-15 23:35:01.001,EM-01,em01.reactivePower,Good,39,
2479,2026-09-15 23:35:01.001,EM-01,em01.powerFactor,Good,0.935,
2480,2026-09-15 23:35:01.001,EM-01,em01.frequency,Good,50.03,
2481,2026-09-15 23:35:01.001,EM-01,em01.demand,Good,114,
2482,2026-09-15 23:35:01.001,EM-01,em01.energyF64,Good,36.3411666666667,
2483,2026-09-15 23:35:01.006,ENV-01,env01.humidity,Good,54,
2484,2026-09-15 23:35:01.006,ENV-01,env01.dewPoint,Good,14.8,
2485,2026-09-15 23:35:01.006,ENV-01,env01.noise,Good,71,
2486,2026-09-15 23:35:01.006,ENV-01,env01.pm25,Good,43,
2487,2026-09-15 23:35:01.006,ENV-01,env01.pressureDiff,Good,0,
2488,2026-09-15 23:35:01.006,ENV-01,env01.illuminance,Good,409,
2489,2026-09-15 23:35:01.006,ENV-01,env01.tempFluctuation,Good,11.87112,
2490,2026-09-15 23:35:01.013,GW-LINE-B,mtc01.actualTemp,Good,99.4,
2491,2026-09-15 23:35:01.013,GW-LINE-B,mtc01.pumpPressure,Good,3,
2492,2026-09-15 23:35:01.013,GW-LINE-B,mtc01.pumpFlow,Good,40,
2493,2026-09-15 23:35:01.013,GW-LINE-B,mtc01.pumpCurrent,Good,4.4,
2494,2026-09-15 23:35:01.013,GW-LINE-B,mtc01.heatPower,Good,4,
2495,2026-09-15 23:35:01.013,GW-LINE-B,mtc01.outletTemp,Good,99.9,
2496,2026-09-15 23:35:01.013,GW-LINE-B,mtc01.tempAvg,Good,994.2067,
2497,2026-09-15 23:35:01.021,GW-LINE-B,dry01.dewPoint,Good,-35.1,
2498,2026-09-15 23:35:01.021,GW-LINE-B,dry01.heatPower,Good,7,
2499,2026-09-15 23:35:01.021,GW-LINE-B,dry01.fanCurrent,Good,1.5,
2500,2026-09-15 23:35:01.023,GW-LINE-B,dry01.levelTrend,Good,-4.676163,
2501,2026-09-15 23:35:01.029,GW-LINE-B,rob01.posY,Good,5,
2502,2026-09-15 23:35:01.029,GW-LINE-B,rob01.trajectory,Good,8.274149,
2503,2026-09-15 23:35:01.210,IM-01,im01.prodTime,Good,09/15/2026 23:35:01,
2504,2026-09-15 23:35:01.699,IM-01,im01.barrel1Temp,Good,191.8,
2505,2026-09-15 23:35:01.699,IM-01,im01.moldTemp,Good,84.6,
2506,2026-09-15 23:35:01.699,IM-01,im01.oilTemp,Good,44.4,
2507,2026-09-15 23:35:01.699,IM-01,im01.energyTotal,Good,1.41583333333379,
2508,2026-09-15 23:35:02.001,EM-01,em01.totalEnergy,Good,3582.83,
2509,2026-09-15 23:35:02.001,EM-01,em01.forwardEnergy,Good,3582.83,
2510,2026-09-15 23:35:02.001,EM-01,em01.voltageA,Good,380,
2511,2026-09-15 23:35:02.001,EM-01,em01.voltageB,Good,385,
2512,2026-09-15 23:35:02.001,EM-01,em01.voltageC,Good,377,
2513,2026-09-15 23:35:02.001,EM-01,em01.currentA,Good,155.6,
2514,2026-09-15 23:35:02.001,EM-01,em01.activePower,Good,121,
2515,2026-09-15 23:35:02.001,EM-01,em01.reactivePower,Good,37,
2516,2026-09-15 23:35:02.001,EM-01,em01.powerFactor,Good,0.881,
2517,2026-09-15 23:35:02.001,EM-01,em01.frequency,Good,50.04,
2518,2026-09-15 23:35:02.001,EM-01,em01.demand,Good,121,
2519,2026-09-15 23:35:02.001,EM-01,em01.energyF64,Good,36.3751666666667,
2520,2026-09-15 23:35:02.006,ENV-01,env01.humidity,Good,56,
2521,2026-09-15 23:35:02.006,ENV-01,env01.dewPoint,Good,15.2,
2522,2026-09-15 23:35:02.006,ENV-01,env01.noise,Good,75,
2523,2026-09-15 23:35:02.006,ENV-01,env01.pm25,Good,37,
2524,2026-09-15 23:35:02.006,ENV-01,env01.pressureDiff,Good,6,
2525,2026-09-15 23:35:02.006,ENV-01,env01.illuminance,Good,328,
2526,2026-09-15 23:35:02.006,ENV-01,env01.tempFluctuation,Good,11.31506,
2527,2026-09-15 23:35:02.014,GW-LINE-B,mtc01.pumpPressure,Good,5,
2528,2026-09-15 23:35:02.014,GW-LINE-B,mtc01.pumpFlow,Good,17,
2529,2026-09-15 23:35:02.014,GW-LINE-B,mtc01.pumpCurrent,Good,4,
2530,2026-09-15 23:35:02.014,GW-LINE-B,mtc01.heatPower,Good,7,
2531,2026-09-15 23:35:02.014,GW-LINE-B,mtc01.tempAvg,Good,993.8523,
2532,2026-09-15 23:35:02.022,GW-LINE-B,dry01.dewPoint,Good,-34.6,
2533,2026-09-15 23:35:02.022,GW-LINE-B,dry01.materialLevel,Good,37,
2534,2026-09-15 23:35:02.022,GW-LINE-B,dry01.heatPower,Good,5,
2535,2026-09-15 23:35:02.024,GW-LINE-B,dry01.levelTrend,Good,-4.708725,
2536,2026-09-15 23:35:02.030,GW-LINE-B,rob01.cycleTime,Good,3.1,
2537,2026-09-15 23:35:02.030,GW-LINE-B,rob01.posY,Good,8,
2538,2026-09-15 23:35:02.030,GW-LINE-B,rob01.trajectory,Good,8.039779,
2539,2026-09-15 23:35:02.211,IM-01,im01.prodTime,Good,09/15/2026 23:35:02,
2540,2026-09-15 23:35:02.690,IM-01,im01.cavitySetTemp,Good,234,
2541,2026-09-15 23:35:02.692,IM-01,im01.clampForceDev,Good,-56,
2542,2026-09-15 23:35:02.700,IM-01,im01.oilTemp,Good,44.6,
2543,2026-09-15 23:35:02.700,IM-01,im01.energyTotal,Good,1.41666666666713,
2544,2026-09-15 23:35:02.964,GW-LINE-B,mtc01.runSeconds,Good,11559,
2545,2026-09-15 23:35:02.964,GW-LINE-B,mtc01.energyTotal,Good,1.71822222222223,
2546,2026-09-15 23:35:02.964,ENV-01,env01.runSeconds,Good,11559,
2547,2026-09-15 23:35:02.964,ENV-01,env01.sampleTime,Good,09/15/2026 23:35:02,
2548,2026-09-15 23:35:02.966,GW-LINE-B,mtc01.tempDeviation,Good,-0.7,
2549,2026-09-15 23:35:02.966,EM-01,em01.readTime,Good,09/15/2026 23:35:02,
2550,2026-09-15 23:35:02.972,GW-LINE-B,dry01.drySeconds,Good,10935,
2551,2026-09-15 23:35:02.972,GW-LINE-B,dry01.energyTotal,Good,1.77280555555557,
2552,2026-09-15 23:35:02.974,GW-LINE-B,dry01.dewDeviation,Good,0.6,
2553,2026-09-15 23:35:02.980,GW-LINE-B,rob01.runSeconds,Good,11559,
2554,2026-09-15 23:35:02.982,GW-LINE-B,rob01.energyTotal,Good,1.60933333333331,
2555,2026-09-15 23:35:03.002,EM-01,em01.totalEnergy,Good,3585.94,
2556,2026-09-15 23:35:03.002,EM-01,em01.forwardEnergy,Good,3585.94,
2557,2026-09-15 23:35:03.002,EM-01,em01.voltageA,Good,375,
2558,2026-09-15 23:35:03.002,EM-01,em01.voltageB,Good,383,
2559,2026-09-15 23:35:03.002,EM-01,em01.currentA,Good,211.5,
2560,2026-09-15 23:35:03.002,EM-01,em01.activePower,Good,112,
2561,2026-09-15 23:35:03.002,EM-01,em01.reactivePower,Good,28,
2562,2026-09-15 23:35:03.002,EM-01,em01.powerFactor,Good,0.903,
2563,2026-09-15 23:35:03.002,EM-01,em01.frequency,Good,49.94,
2564,2026-09-15 23:35:03.002,EM-01,em01.demand,Good,112,
2565,2026-09-15 23:35:03.002,EM-01,em01.energyF64,Good,36.4066388888889,
2566,2026-09-15 23:35:03.007,ENV-01,env01.roomTemp,Good,23.9,
2567,2026-09-15 23:35:03.007,ENV-01,env01.dewPoint,Good,15.3,
2568,2026-09-15 23:35:03.007,ENV-01,env01.noise,Good,77,
2569,2026-09-15 23:35:03.007,ENV-01,env01.pm25,Good,27,
2570,2026-09-15 23:35:03.007,ENV-01,env01.pressureDiff,Good,5,
2571,2026-09-15 23:35:03.007,ENV-01,env01.illuminance,Good,416,
2572,2026-09-15 23:35:03.007,ENV-01,env01.tempFluctuation,Good,12.52717,
2573,2026-09-15 23:35:03.014,GW-LINE-B,mtc01.actualTemp,Good,99.3,
2574,2026-09-15 23:35:03.014,GW-LINE-B,mtc01.pumpPressure,Good,4,
2575,2026-09-15 23:35:03.014,GW-LINE-B,mtc01.pumpFlow,Good,26,
2576,2026-09-15 23:35:03.014,GW-LINE-B,mtc01.pumpCurrent,Good,3.6,
2577,2026-09-15 23:35:03.014,GW-LINE-B,mtc01.outletTemp,Good,99.8,
2578,2026-09-15 23:35:03.014,GW-LINE-B,mtc01.tempAvg,Good,992.7119,
2579,2026-09-15 23:35:03.021,GW-LINE-B,dry01.dewPoint,Good,-34.4,
2580,2026-09-15 23:35:03.021,GW-LINE-B,dry01.heatPower,Good,6,
2581,2026-09-15 23:35:03.021,GW-LINE-B,dry01.fanCurrent,Good,1.1,
2582,2026-09-15 23:35:03.023,GW-LINE-B,dry01.levelTrend,Good,-4.743953,
2583,2026-09-15 23:35:03.029,GW-LINE-B,rob01.cycleTime,Good,2.7,
2584,2026-09-15 23:35:03.029,GW-LINE-B,rob01.trajectory,Good,7.737342,
2585,2026-09-15 23:35:03.212,IM-01,im01.prodTime,Good,09/15/2026 23:35:03,
2586,2026-09-15 23:35:03.701,IM-01,im01.moldTemp,Good,84.5,
2587,2026-09-15 23:35:03.701,IM-01,im01.oilTemp,Good,44.7,
2588,2026-09-15 23:35:03.701,IM-01,im01.energyTotal,Good,1.41750000000046,
2589,2026-09-15 23:35:04.002,EM-01,em01.totalEnergy,Good,3589.02,
2590,2026-09-15 23:35:04.002,EM-01,em01.forwardEnergy,Good,3589.02,
2591,2026-09-15 23:35:04.002,EM-01,em01.voltageA,Good,384,
2592,2026-09-15 23:35:04.002,EM-01,em01.voltageB,Good,382,
2593,2026-09-15 23:35:04.002,EM-01,em01.voltageC,Good,380,
2594,2026-09-15 23:35:04.002,EM-01,em01.currentA,Good,181.1,
2595,2026-09-15 23:35:04.002,EM-01,em01.activePower,Good,117,
2596,2026-09-15 23:35:04.002,EM-01,em01.reactivePower,Good,36,
2597,2026-09-15 23:35:04.002,EM-01,em01.powerFactor,Good,0.947,
2598,2026-09-15 23:35:04.002,EM-01,em01.frequency,Good,50.05,
2599,2026-09-15 23:35:04.002,EM-01,em01.demand,Good,117,
2600,2026-09-15 23:35:04.002,EM-01,em01.energyF64,Good,36.4376666666667,
2601,2026-09-15 23:35:04.002,EM-01,em01.unbalance,Good,1.052632,
2602,2026-09-15 23:35:04.008,ENV-01,env01.dewPoint,Good,15.2,
2603,2026-09-15 23:35:04.008,ENV-01,env01.noise,Good,73,
2604,2026-09-15 23:35:04.008,ENV-01,env01.pm25,Good,39,
2605,2026-09-15 23:35:04.008,ENV-01,env01.pressureDiff,Good,6,
2606,2026-09-15 23:35:04.008,ENV-01,env01.illuminance,Good,315,
2607,2026-09-15 23:35:04.008,ENV-01,env01.tempFluctuation,Good,12.58879,
2608,2026-09-15 23:35:04.014,GW-LINE-B,mtc01.actualTemp,Good,99.2,
2609,2026-09-15 23:35:04.014,GW-LINE-B,mtc01.pumpPressure,Good,2,
2610,2026-09-15 23:35:04.014,GW-LINE-B,mtc01.pumpFlow,Good,23,
2611,2026-09-15 23:35:04.014,GW-LINE-B,mtc01.pumpCurrent,Good,5.8,
2612,2026-09-15 23:35:04.014,GW-LINE-B,mtc01.heatPower,Good,4,
2613,2026-09-15 23:35:04.014,GW-LINE-B,mtc01.outletTemp,Good,99.7,
2614,2026-09-15 23:35:04.014,GW-LINE-B,mtc01.tempAvg,Good,991.9014,
2615,2026-09-15 23:35:04.022,GW-LINE-B,dry01.dewPoint,Good,-34.8,
2616,2026-09-15 23:35:04.022,GW-LINE-B,dry01.heatPower,Good,5,
2617,2026-09-15 23:35:04.022,GW-LINE-B,dry01.fanCurrent,Good,1.4,
2618,2026-09-15 23:35:04.025,GW-LINE-B,dry01.levelTrend,Good,-4.772077,
2619,2026-09-15 23:35:04.031,GW-LINE-B,rob01.cycleTime,Good,3.2,
2620,2026-09-15 23:35:04.031,GW-LINE-B,rob01.trajectory,Good,8.289959,
2621,2026-09-15 23:35:04.214,IM-01,im01.prodTime,Good,09/15/2026 23:35:04,
2622,2026-09-15 23:35:04.701,IM-01,im01.energyTotal,Good,1.41833333333379,
2623,2026-09-15 23:35:05.003,EM-01,em01.totalEnergy,Good,3592.01,
2624,2026-09-15 23:35:05.003,EM-01,em01.forwardEnergy,Good,3592.01,
2625,2026-09-15 23:35:05.003,EM-01,em01.voltageA,Good,375,
2626,2026-09-15 23:35:05.003,EM-01,em01.voltageC,Good,383,
2627,2026-09-15 23:35:05.003,EM-01,em01.currentA,Good,199.6,
2628,2026-09-15 23:35:05.003,EM-01,em01.activePower,Good,119,
2629,2026-09-15 23:35:05.003,EM-01,em01.reactivePower,Good,21,
2630,2026-09-15 23:35:05.003,EM-01,em01.powerFactor,Good,0.867,
2631,2026-09-15 23:35:05.003,EM-01,em01.frequency,Good,50.09,
2632,2026-09-15 23:35:05.003,EM-01,em01.demand,Good,119,
2633,2026-09-15 23:35:05.003,EM-01,em01.energyF64,Good,36.4679722222222,
2634,2026-09-15 23:35:05.003,EM-01,em01.unbalance,Good,2.105263,
2635,2026-09-15 23:35:05.008,ENV-01,env01.roomTemp,Good,24,
2636,2026-09-15 23:35:05.008,ENV-01,env01.noise,Good,71,
2637,2026-09-15 23:35:05.008,ENV-01,env01.pm25,Good,25,
2638,2026-09-15 23:35:05.008,ENV-01,env01.pressureDiff,Good,8,
2639,2026-09-15 23:35:05.008,ENV-01,env01.illuminance,Good,359,
2640,2026-09-15 23:35:05.008,ENV-01,env01.tempFluctuation,Good,12.31778,
2641,2026-09-15 23:35:05.015,GW-LINE-B,mtc01.actualTemp,Good,99.7,
2642,2026-09-15 23:35:05.015,GW-LINE-B,mtc01.pumpPressure,Good,4,
2643,2026-09-15 23:35:05.015,GW-LINE-B,mtc01.pumpFlow,Good,17,
2644,2026-09-15 23:35:05.015,GW-LINE-B,mtc01.pumpCurrent,Good,5.5,
2645,2026-09-15 23:35:05.015,GW-LINE-B,mtc01.heatPower,Good,7,
2646,2026-09-15 23:35:05.015,GW-LINE-B,mtc01.outletTemp,Good,100.2,
2647,2026-09-15 23:35:05.015,GW-LINE-B,mtc01.tempAvg,Good,996.9608,
2648,2026-09-15 23:35:05.023,GW-LINE-B,dry01.dewPoint,Good,-33.8,
2649,2026-09-15 23:35:05.023,GW-LINE-B,dry01.heatPower,Good,6,
2650,2026-09-15 23:35:05.023,GW-LINE-B,dry01.fanCurrent,Good,1.1,
2651,2026-09-15 23:35:05.025,GW-LINE-B,dry01.levelTrend,Good,-4.799825,
2652,2026-09-15 23:35:05.031,GW-LINE-B,rob01.cycleTime,Good,3.1,
2653,2026-09-15 23:35:05.031,GW-LINE-B,rob01.trajectory,Good,8.136212,
2654,2026-09-15 23:35:05.214,IM-01,im01.prodTime,Good,09/15/2026 23:35:05,
2655,2026-09-15 23:35:05.702,IM-01,im01.oilTemp,Good,44.8,
2656,2026-09-15 23:35:05.702,IM-01,im01.energyTotal,Good,1.41916666666713,
2657,2026-09-15 23:35:06.004,EM-01,em01.totalEnergy,Good,3595.11,
2658,2026-09-15 23:35:06.004,EM-01,em01.forwardEnergy,Good,3595.11,
2659,2026-09-15 23:35:06.004,EM-01,em01.voltageB,Good,378,
2660,2026-09-15 23:35:06.004,EM-01,em01.voltageC,Good,378,
2661,2026-09-15 23:35:06.004,EM-01,em01.currentA,Good,191.5,
2662,2026-09-15 23:35:06.004,EM-01,em01.activePower,Good,111,
2663,2026-09-15 23:35:06.004,EM-01,em01.reactivePower,Good,39,
2664,2026-09-15 23:35:06.004,EM-01,em01.powerFactor,Good,0.874,
2665,2026-09-15 23:35:06.004,EM-01,em01.frequency,Good,50.05,
2666,2026-09-15 23:35:06.004,EM-01,em01.demand,Good,111,
2667,2026-09-15 23:35:06.004,EM-01,em01.energyF64,Good,36.4995277777778,
2668,2026-09-15 23:35:06.004,EM-01,em01.unbalance,Good,0.7894737,
2669,2026-09-15 23:35:06.008,ENV-01,env01.humidity,Good,57,
2670,2026-09-15 23:35:06.008,ENV-01,env01.dewPoint,Good,15.4,
2671,2026-09-15 23:35:06.008,ENV-01,env01.noise,Good,77,
2672,2026-09-15 23:35:06.008,ENV-01,env01.pm25,Good,35,
2673,2026-09-15 23:35:06.008,ENV-01,env01.pressureDiff,Good,13,
2674,2026-09-15 23:35:06.008,ENV-01,env01.illuminance,Good,302,
2675,2026-09-15 23:35:06.008,ENV-01,env01.tempFluctuation,Good,12.13001,
2676,2026-09-15 23:35:06.016,GW-LINE-B,mtc01.actualTemp,Good,99.3,
2677,2026-09-15 23:35:06.016,GW-LINE-B,mtc01.pumpPressure,Good,2,
2678,2026-09-15 23:35:06.016,GW-LINE-B,mtc01.pumpFlow,Good,21,
2679,2026-09-15 23:35:06.016,GW-LINE-B,mtc01.pumpCurrent,Good,5.1,
2680,2026-09-15 23:35:06.016,GW-LINE-B,mtc01.heatPower,Good,5,
2681,2026-09-15 23:35:06.016,GW-LINE-B,mtc01.outletTemp,Good,99.8,
2682,2026-09-15 23:35:06.016,GW-LINE-B,mtc01.tempAvg,Good,993.0549,
2683,2026-09-15 23:35:06.024,GW-LINE-B,dry01.dewPoint,Good,-34.5,
2684,2026-09-15 23:35:06.024,GW-LINE-B,dry01.materialLevel,Good,36,
2685,2026-09-15 23:35:06.024,GW-LINE-B,dry01.heatPower,Good,4,
2686,2026-09-15 23:35:06.024,GW-LINE-B,dry01.fanCurrent,Good,1.3,
2687,2026-09-15 23:35:06.025,GW-LINE-B,dry01.levelTrend,Good,-4.829059,
2688,2026-09-15 23:35:06.029,GW-LINE-B,rob01.inPlace,Good,False,
2689,2026-09-15 23:35:06.031,GW-LINE-B,rob01.cycleTime,Good,2.7,
2690,2026-09-15 23:35:06.031,GW-LINE-B,rob01.posX,Good,103,
2691,2026-09-15 23:35:06.031,GW-LINE-B,rob01.posY,Good,299,
2692,2026-09-15 23:35:06.031,GW-LINE-B,rob01.posZ,Good,81,
2693,2026-09-15 23:35:06.031,GW-LINE-B,rob01.gripState,Good,1,
2694,2026-09-15 23:35:06.031,GW-LINE-B,rob01.trajectory,Good,102.8517,
2695,2026-09-15 23:35:06.216,IM-01,im01.prodTime,Good,09/15/2026 23:35:06,
2696,2026-09-15 23:35:06.702,IM-01,im01.oilTemp,Good,44.7,
2697,2026-09-15 23:35:06.702,IM-01,im01.energyTotal,Good,1.42000000000046,
2698,2026-09-15 23:35:07.004,EM-01,em01.totalEnergy,Good,3598.28,
2699,2026-09-15 23:35:07.004,EM-01,em01.forwardEnergy,Good,3598.28,
2700,2026-09-15 23:35:07.004,EM-01,em01.voltageA,Good,380,
2701,2026-09-15 23:35:07.004,EM-01,em01.voltageB,Good,384,
2702,2026-09-15 23:35:07.004,EM-01,em01.voltageC,Good,376,
2703,2026-09-15 23:35:07.004,EM-01,em01.currentA,Good,156.9,
2704,2026-09-15 23:35:07.004,EM-01,em01.activePower,Good,101,
2705,2026-09-15 23:35:07.004,EM-01,em01.reactivePower,Good,20,
2706,2026-09-15 23:35:07.004,EM-01,em01.powerFactor,Good,0.904,
2707,2026-09-15 23:35:07.004,EM-01,em01.frequency,Good,49.95,
2708,2026-09-15 23:35:07.004,EM-01,em01.demand,Good,101,
2709,2026-09-15 23:35:07.004,EM-01,em01.energyF64,Good,36.5316111111111,
2710,2026-09-15 23:35:07.004,EM-01,em01.unbalance,Good,2.105263,
2711,2026-09-15 23:35:07.009,ENV-01,env01.humidity,Good,56,
2712,2026-09-15 23:35:07.009,ENV-01,env01.dewPoint,Good,15.3,
2713,2026-09-15 23:35:07.009,ENV-01,env01.noise,Good,75,
2714,2026-09-15 23:35:07.009,ENV-01,env01.pm25,Good,60,
2715,2026-09-15 23:35:07.009,ENV-01,env01.pressureDiff,Good,7,
2716,2026-09-15 23:35:07.009,ENV-01,env01.illuminance,Good,392,
2717,2026-09-15 23:35:07.009,ENV-01,env01.tempFluctuation,Good,12.03654,
2718,2026-09-15 23:35:07.016,GW-LINE-B,mtc01.pumpFlow,Good,25,
2719,2026-09-15 23:35:07.016,GW-LINE-B,mtc01.pumpCurrent,Good,5.7,
2720,2026-09-15 23:35:07.016,GW-LINE-B,mtc01.tempAvg,Good,993.3818,
2721,2026-09-15 23:35:07.024,GW-LINE-B,dry01.dewPoint,Good,-34.8,
2722,2026-09-15 23:35:07.024,GW-LINE-B,dry01.fanCurrent,Good,1.7,
2723,2026-09-15 23:35:07.026,GW-LINE-B,dry01.levelTrend,Good,-4.856441,
2724,2026-09-15 23:35:07.032,GW-LINE-B,rob01.posX,Good,101,
2725,2026-09-15 23:35:07.032,GW-LINE-B,rob01.posY,Good,295,
2726,2026-09-15 23:35:07.032,GW-LINE-B,rob01.posZ,Good,76,
2727,2026-09-15 23:35:07.032,GW-LINE-B,rob01.trajectory,Good,101.245,
2728,2026-09-15 23:35:07.217,IM-01,im01.prodTime,Good,09/15/2026 23:35:07,
2729,2026-09-15 23:35:07.691,IM-01,im01.clampForceDev,Good,-48,
2730,2026-09-15 23:35:07.702,IM-01,im01.energyTotal,Good,1.4208333333338,
2731,2026-09-15 23:35:07.965,GW-LINE-B,mtc01.runSeconds,Good,11609,
2732,2026-09-15 23:35:07.965,GW-LINE-B,mtc01.energyTotal,Good,1.72561111111112,
2733,2026-09-15 23:35:07.965,ENV-01,env01.runSeconds,Good,11609,
2734,2026-09-15 23:35:07.965,ENV-01,env01.sampleTime,Good,09/15/2026 23:35:07,
2735,2026-09-15 23:35:07.967,GW-LINE-B,mtc01.tempDeviation,Good,-0.5,
2736,2026-09-15 23:35:07.967,EM-01,em01.readTime,Good,09/15/2026 23:35:07,
2737,2026-09-15 23:35:07.973,GW-LINE-B,dry01.drySeconds,Good,10985,
2738,2026-09-15 23:35:07.973,GW-LINE-B,dry01.energyTotal,Good,1.77980555555557,
2740,2026-09-15 23:35:07.974,ENV-01,env01.tempDeviation,Good,0,
2739,2026-09-15 23:35:07.974,GW-LINE-B,dry01.dewDeviation,Good,0,
2741,2026-09-15 23:35:07.980,GW-LINE-B,rob01.runSeconds,Good,11609,
2742,2026-09-15 23:35:07.982,GW-LINE-B,rob01.energyTotal,Good,1.61630555555553,
2743,2026-09-15 23:35:07.984,GW-LINE-B,rob01.posDeviation,Good,0,
2744,2026-09-15 23:35:08.004,EM-01,em01.totalEnergy,Good,3601.19,
2745,2026-09-15 23:35:08.004,EM-01,em01.forwardEnergy,Good,3601.19,
2746,2026-09-15 23:35:08.004,EM-01,em01.voltageA,Good,383,
2747,2026-09-15 23:35:08.004,EM-01,em01.voltageB,Good,379,
2748,2026-09-15 23:35:08.004,EM-01,em01.voltageC,Good,380,
2749,2026-09-15 23:35:08.004,EM-01,em01.currentA,Good,205.5,
2750,2026-09-15 23:35:08.004,EM-01,em01.activePower,Good,105,
2751,2026-09-15 23:35:08.004,EM-01,em01.reactivePower,Good,33,
2752,2026-09-15 23:35:08.004,EM-01,em01.powerFactor,Good,0.898,
2753,2026-09-15 23:35:08.004,EM-01,em01.frequency,Good,49.93,
2754,2026-09-15 23:35:08.004,EM-01,em01.demand,Good,105,
2755,2026-09-15 23:35:08.004,EM-01,em01.energyF64,Good,36.5611388888889,
2756,2026-09-15 23:35:08.004,EM-01,em01.unbalance,Good,1.052632,
2757,2026-09-15 23:35:08.009,ENV-01,env01.humidity,Good,57,
2758,2026-09-15 23:35:08.009,ENV-01,env01.dewPoint,Good,15.5,
2759,2026-09-15 23:35:08.009,ENV-01,env01.noise,Good,74,
2760,2026-09-15 23:35:08.009,ENV-01,env01.pm25,Good,45,
2761,2026-09-15 23:35:08.009,ENV-01,env01.pressureDiff,Good,-2,
2762,2026-09-15 23:35:08.009,ENV-01,env01.illuminance,Good,324,
2763,2026-09-15 23:35:08.009,ENV-01,env01.tempFluctuation,Good,12.37148,
2764,2026-09-15 23:35:08.016,GW-LINE-B,mtc01.actualTemp,Good,99.5,
2765,2026-09-15 23:35:08.016,GW-LINE-B,mtc01.pumpPressure,Good,4,
2766,2026-09-15 23:35:08.016,GW-LINE-B,mtc01.pumpFlow,Good,16,
2767,2026-09-15 23:35:08.016,GW-LINE-B,mtc01.pumpCurrent,Good,5.1,
2768,2026-09-15 23:35:08.016,GW-LINE-B,mtc01.heatPower,Good,3,
2769,2026-09-15 23:35:08.016,GW-LINE-B,mtc01.outletTemp,Good,100,
2770,2026-09-15 23:35:08.016,GW-LINE-B,mtc01.tempAvg,Good,994.6513,
2771,2026-09-15 23:35:08.025,GW-LINE-B,dry01.dewPoint,Good,-35,
2772,2026-09-15 23:35:08.025,GW-LINE-B,dry01.heatPower,Good,6,
2773,2026-09-15 23:35:08.025,GW-LINE-B,dry01.fanCurrent,Good,0.8,
2774,2026-09-15 23:35:08.026,GW-LINE-B,dry01.levelTrend,Good,-4.886755,
2775,2026-09-15 23:35:08.032,GW-LINE-B,rob01.posX,Good,0,
2776,2026-09-15 23:35:08.032,GW-LINE-B,rob01.posY,Good,399,
2777,2026-09-15 23:35:08.032,GW-LINE-B,rob01.posZ,Good,200,
2778,2026-09-15 23:35:08.032,GW-LINE-B,rob01.trajectory,Good,-0.03857456,
2779,2026-09-15 23:35:08.218,IM-01,im01.prodTime,Good,09/15/2026 23:35:08,
2780,2026-09-15 23:35:08.703,IM-01,im01.moldTemp,Good,84.6,
2781,2026-09-15 23:35:08.703,IM-01,im01.energyTotal,Good,1.42166666666713,
2782,2026-09-15 23:35:09.005,EM-01,em01.totalEnergy,Good,3604.21,
2783,2026-09-15 23:35:09.005,EM-01,em01.forwardEnergy,Good,3604.21,
2784,2026-09-15 23:35:09.005,EM-01,em01.voltageA,Good,382,
2785,2026-09-15 23:35:09.005,EM-01,em01.voltageB,Good,385,
2786,2026-09-15 23:35:09.005,EM-01,em01.voltageC,Good,374,
2787,2026-09-15 23:35:09.005,EM-01,em01.currentA,Good,133.2,
2788,2026-09-15 23:35:09.005,EM-01,em01.activePower,Good,94,
2789,2026-09-15 23:35:09.005,EM-01,em01.reactivePower,Good,40,
2790,2026-09-15 23:35:09.005,EM-01,em01.powerFactor,Good,0.873,
2791,2026-09-15 23:35:09.005,EM-01,em01.frequency,Good,50.06,
2792,2026-09-15 23:35:09.005,EM-01,em01.demand,Good,94,
2793,2026-09-15 23:35:09.005,EM-01,em01.energyF64,Good,36.59175,
2794,2026-09-15 23:35:09.005,EM-01,em01.unbalance,Good,2.894737,
2795,2026-09-15 23:35:09.010,ENV-01,env01.humidity,Good,58,
2796,2026-09-15 23:35:09.010,ENV-01,env01.dewPoint,Good,15.7,
2797,2026-09-15 23:35:09.010,ENV-01,env01.noise,Good,75,
2798,2026-09-15 23:35:09.010,ENV-01,env01.pm25,Good,47,
2799,2026-09-15 23:35:09.010,ENV-01,env01.pressureDiff,Good,6,
2800,2026-09-15 23:35:09.010,ENV-01,env01.illuminance,Good,344,
2801,2026-09-15 23:35:09.010,ENV-01,env01.tempFluctuation,Good,12.79503,
2802,2026-09-15 23:35:09.016,GW-LINE-B,mtc01.pumpCurrent,Good,4.6,
2803,2026-09-15 23:35:09.016,GW-LINE-B,mtc01.heatPower,Good,5,
2804,2026-09-15 23:35:09.016,GW-LINE-B,mtc01.tempAvg,Good,994.944,
2805,2026-09-15 23:35:09.024,GW-LINE-B,dry01.dewPoint,Good,-35.3,
2806,2026-09-15 23:35:09.024,GW-LINE-B,dry01.materialLevel,Good,35,
2807,2026-09-15 23:35:09.024,GW-LINE-B,dry01.heatPower,Good,4,
2808,2026-09-15 23:35:09.024,GW-LINE-B,dry01.fanCurrent,Good,1.3,
2809,2026-09-15 23:35:09.025,GW-LINE-B,dry01.levelTrend,Good,-4.917841,
2810,2026-09-15 23:35:09.031,GW-LINE-B,rob01.cycleTime,Good,2.8,
2811,2026-09-15 23:35:09.031,GW-LINE-B,rob01.posY,Good,396,
2812,2026-09-15 23:35:09.031,GW-LINE-B,rob01.posZ,Good,196,
2813,2026-09-15 23:35:09.031,GW-LINE-B,rob01.trajectory,Good,0.1072313,
2814,2026-09-15 23:35:09.219,IM-01,im01.prodTime,Good,09/15/2026 23:35:09,
2815,2026-09-15 23:35:09.703,IM-01,im01.moldTemp,Good,84.5,
2816,2026-09-15 23:35:09.703,IM-01,im01.energyTotal,Good,1.42250000000047,
2817,2026-09-15 23:35:10.004,EM-01,em01.totalEnergy,Good,3607.31,
2818,2026-09-15 23:35:10.004,EM-01,em01.forwardEnergy,Good,3607.31,
2819,2026-09-15 23:35:10.004,EM-01,em01.voltageA,Good,379,
2820,2026-09-15 23:35:10.004,EM-01,em01.voltageB,Good,383,
2821,2026-09-15 23:35:10.004,EM-01,em01.voltageC,Good,380,
2822,2026-09-15 23:35:10.004,EM-01,em01.currentA,Good,220.2,
2823,2026-09-15 23:35:10.004,EM-01,em01.activePower,Good,114,
2824,2026-09-15 23:35:10.004,EM-01,em01.reactivePower,Good,26,
2825,2026-09-15 23:35:10.004,EM-01,em01.powerFactor,Good,0.919,
2826,2026-09-15 23:35:10.004,EM-01,em01.frequency,Good,49.98,
2827,2026-09-15 23:35:10.004,EM-01,em01.demand,Good,114,
2828,2026-09-15 23:35:10.004,EM-01,em01.energyF64,Good,36.62325,
2829,2026-09-15 23:35:10.004,EM-01,em01.unbalance,Good,1.052632,
2830,2026-09-15 23:35:10.011,ENV-01,env01.roomTemp,Good,23.9,
2831,2026-09-15 23:35:10.011,ENV-01,env01.noise,Good,78,
2832,2026-09-15 23:35:10.011,ENV-01,env01.pm25,Good,48,
2833,2026-09-15 23:35:10.011,ENV-01,env01.pressureDiff,Good,9,
2834,2026-09-15 23:35:10.011,ENV-01,env01.illuminance,Good,331,
2835,2026-09-15 23:35:10.011,ENV-01,env01.tempFluctuation,Good,12.17115,
2836,2026-09-15 23:35:10.017,GW-LINE-B,mtc01.actualTemp,Good,99.2,
2837,2026-09-15 23:35:10.017,GW-LINE-B,mtc01.pumpPressure,Good,5,
2838,2026-09-15 23:35:10.017,GW-LINE-B,mtc01.pumpFlow,Good,30,
2839,2026-09-15 23:35:10.017,GW-LINE-B,mtc01.pumpCurrent,Good,3.2,
2840,2026-09-15 23:35:10.017,GW-LINE-B,mtc01.heatPower,Good,8,
2841,2026-09-15 23:35:10.017,GW-LINE-B,mtc01.outletTemp,Good,99.7,
2842,2026-09-15 23:35:10.017,GW-LINE-B,mtc01.tempAvg,Good,992.0911,
2843,2026-09-15 23:35:10.025,GW-LINE-B,dry01.dewPoint,Good,-34.6,
2844,2026-09-15 23:35:10.025,GW-LINE-B,dry01.heatPower,Good,5,
2845,2026-09-15 23:35:10.025,GW-LINE-B,dry01.fanCurrent,Good,1.9,
2846,2026-09-15 23:35:10.027,GW-LINE-B,dry01.levelTrend,Good,-4.945434,
2847,2026-09-15 23:35:10.031,GW-LINE-B,rob01.inPlace,Good,True,
2848,2026-09-15 23:35:10.032,GW-LINE-B,rob01.cycleTime,Good,2.7,
2849,2026-09-15 23:35:10.032,GW-LINE-B,rob01.totalPicks,Good,38,
2850,2026-09-15 23:35:10.032,GW-LINE-B,rob01.successPicks,Good,38,
2851,2026-09-15 23:35:10.032,GW-LINE-B,rob01.posX,Good,8,
2852,2026-09-15 23:35:10.032,GW-LINE-B,rob01.posY,Good,8,
2853,2026-09-15 23:35:10.032,GW-LINE-B,rob01.posZ,Good,8,
2854,2026-09-15 23:35:10.032,GW-LINE-B,rob01.gripState,Good,0,
2855,2026-09-15 23:35:10.032,GW-LINE-B,rob01.trajectory,Good,8.250493,
2856,2026-09-15 23:35:10.220,IM-01,im01.prodTime,Good,09/15/2026 23:35:10,
2857,2026-09-15 23:35:10.704,IM-01,im01.moldTemp,Good,84.6,
2858,2026-09-15 23:35:10.704,IM-01,im01.oilTemp,Good,44.6,
2859,2026-09-15 23:35:10.704,IM-01,im01.energyTotal,Good,1.4233333333338,
2860,2026-09-15 23:35:11.004,EM-01,em01.totalEnergy,Good,3610.44,
2861,2026-09-15 23:35:11.004,EM-01,em01.forwardEnergy,Good,3610.44,
2862,2026-09-15 23:35:11.004,EM-01,em01.voltageA,Good,380,
2863,2026-09-15 23:35:11.004,EM-01,em01.voltageB,Good,384,
2864,2026-09-15 23:35:11.004,EM-01,em01.voltageC,Good,376,
2865,2026-09-15 23:35:11.004,EM-01,em01.currentA,Good,191.9,
2866,2026-09-15 23:35:11.004,EM-01,em01.activePower,Good,113,
2867,2026-09-15 23:35:11.004,EM-01,em01.reactivePower,Good,33,
2868,2026-09-15 23:35:11.004,EM-01,em01.powerFactor,Good,0.867,
2869,2026-09-15 23:35:11.004,EM-01,em01.frequency,Good,50.02,
2870,2026-09-15 23:35:11.004,EM-01,em01.demand,Good,113,
2871,2026-09-15 23:35:11.004,EM-01,em01.energyF64,Good,36.6549166666667,
2872,2026-09-15 23:35:11.004,EM-01,em01.unbalance,Good,2.105263,
2873,2026-09-15 23:35:11.011,ENV-01,env01.humidity,Good,59,
2874,2026-09-15 23:35:11.011,ENV-01,env01.noise,Good,76,
2875,2026-09-15 23:35:11.011,ENV-01,env01.pm25,Good,34,
2876,2026-09-15 23:35:11.011,ENV-01,env01.pressureDiff,Good,-3,
2877,2026-09-15 23:35:11.011,ENV-01,env01.illuminance,Good,425,
2878,2026-09-15 23:35:11.011,ENV-01,env01.tempFluctuation,Good,12.49869,
2879,2026-09-15 23:35:11.018,GW-LINE-B,mtc01.actualTemp,Good,99.5,
2880,2026-09-15 23:35:11.018,GW-LINE-B,mtc01.pumpPressure,Good,4,
2881,2026-09-15 23:35:11.018,GW-LINE-B,mtc01.pumpFlow,Good,27,
2882,2026-09-15 23:35:11.018,GW-LINE-B,mtc01.pumpCurrent,Good,3.4,
2883,2026-09-15 23:35:11.018,GW-LINE-B,mtc01.heatPower,Good,7,
2884,2026-09-15 23:35:11.018,GW-LINE-B,mtc01.outletTemp,Good,100,
2885,2026-09-15 23:35:11.018,GW-LINE-B,mtc01.tempAvg,Good,994.5563,
2886,2026-09-15 23:35:11.026,GW-LINE-B,dry01.dewPoint,Good,-34.8,
2887,2026-09-15 23:35:11.026,GW-LINE-B,dry01.heatPower,Good,7,
2888,2026-09-15 23:35:11.028,GW-LINE-B,dry01.levelTrend,Good,-4.983636,
2889,2026-09-15 23:35:11.034,GW-LINE-B,rob01.cycleTime,Good,3.2,
2890,2026-09-15 23:35:11.034,GW-LINE-B,rob01.trajectory,Good,7.928576,
2891,2026-09-15 23:35:11.221,IM-01,im01.prodTime,Good,09/15/2026 23:35:11,
2892,2026-09-15 23:35:11.705,IM-01,im01.moldTemp,Good,84.5,
2893,2026-09-15 23:35:11.705,IM-01,im01.oilTemp,Good,44.7,
2894,2026-09-15 23:35:11.705,IM-01,im01.energyTotal,Good,1.42416666666713,
2895,2026-09-15 23:35:12.005,EM-01,em01.totalEnergy,Good,3613.36,
2896,2026-09-15 23:35:12.005,EM-01,em01.forwardEnergy,Good,3613.36,
2897,2026-09-15 23:35:12.005,EM-01,em01.voltageA,Good,378,
2898,2026-09-15 23:35:12.005,EM-01,em01.voltageB,Good,386,
2899,2026-09-15 23:35:12.005,EM-01,em01.voltageC,Good,384,
2900,2026-09-15 23:35:12.005,EM-01,em01.currentA,Good,207.6,
2901,2026-09-15 23:35:12.005,EM-01,em01.activePower,Good,100,
2902,2026-09-15 23:35:12.005,EM-01,em01.reactivePower,Good,25,
2903,2026-09-15 23:35:12.005,EM-01,em01.powerFactor,Good,0.92,
2904,2026-09-15 23:35:12.005,EM-01,em01.frequency,Good,49.92,
2905,2026-09-15 23:35:12.005,EM-01,em01.demand,Good,100,
2906,2026-09-15 23:35:12.005,EM-01,em01.energyF64,Good,36.6845277777778,
2907,2026-09-15 23:35:12.012,ENV-01,env01.roomTemp,Good,23.8,
2908,2026-09-15 23:35:12.012,ENV-01,env01.noise,Good,73,
2909,2026-09-15 23:35:12.012,ENV-01,env01.pm25,Good,45,
2910,2026-09-15 23:35:12.012,ENV-01,env01.pressureDiff,Good,1,
2911,2026-09-15 23:35:12.012,ENV-01,env01.illuminance,Good,438,
2912,2026-09-15 23:35:12.012,ENV-01,env01.tempFluctuation,Good,12.20524,
2913,2026-09-15 23:35:12.018,GW-LINE-B,mtc01.actualTemp,Good,99.6,
2914,2026-09-15 23:35:12.018,GW-LINE-B,mtc01.pumpPressure,Good,3,
2915,2026-09-15 23:35:12.018,GW-LINE-B,mtc01.pumpFlow,Good,33,
2916,2026-09-15 23:35:12.018,GW-LINE-B,mtc01.pumpCurrent,Good,3.3,
2917,2026-09-15 23:35:12.018,GW-LINE-B,mtc01.heatPower,Good,4,
2918,2026-09-15 23:35:12.018,GW-LINE-B,mtc01.outletTemp,Good,100.1,
2919,2026-09-15 23:35:12.018,GW-LINE-B,mtc01.tempAvg,Good,995.8791,
2920,2026-09-15 23:35:12.026,GW-LINE-B,dry01.materialLevel,Good,34,
2921,2026-09-15 23:35:12.026,GW-LINE-B,dry01.heatPower,Good,6,
2922,2026-09-15 23:35:12.026,GW-LINE-B,dry01.fanCurrent,Good,1.7,
2923,2026-09-15 23:35:12.028,GW-LINE-B,dry01.levelTrend,Good,-5.012648,
2924,2026-09-15 23:35:12.034,GW-LINE-B,rob01.cycleTime,Good,2.8,
2925,2026-09-15 23:35:12.034,GW-LINE-B,rob01.trajectory,Good,7.914229,
2926,2026-09-15 23:35:12.221,IM-01,im01.prodTime,Good,09/15/2026 23:35:12,
2927,2026-09-15 23:35:12.693,IM-01,im01.clampForceDev,Good,-32,
2928,2026-09-15 23:35:12.705,IM-01,im01.oilTemp,Good,44.6,
2929,2026-09-15 23:35:12.705,IM-01,im01.energyTotal,Good,1.42500000000047,
2931,2026-09-15 23:35:12.965,EM-01,em01.readTime,Good,09/15/2026 23:35:12,
2930,2026-09-15 23:35:12.965,GW-LINE-B,mtc01.runSeconds,Good,11659,
2932,2026-09-15 23:35:12.965,GW-LINE-B,mtc01.energyTotal,Good,1.73311111111112,
2933,2026-09-15 23:35:12.967,GW-LINE-B,mtc01.tempDeviation,Good,-0.2,
2934,2026-09-15 23:35:12.971,ENV-01,env01.runSeconds,Good,11659,
2935,2026-09-15 23:35:12.971,ENV-01,env01.sampleTime,Good,09/15/2026 23:35:12,
2936,2026-09-15 23:35:12.973,GW-LINE-B,dry01.drySeconds,Good,11035,
2937,2026-09-15 23:35:12.973,GW-LINE-B,dry01.energyTotal,Good,1.78780555555557,
2938,2026-09-15 23:35:12.975,GW-LINE-B,dry01.dewDeviation,Good,-0.2,
2939,2026-09-15 23:35:12.975,ENV-01,env01.tempDeviation,Good,-0.2,
2940,2026-09-15 23:35:12.982,GW-LINE-B,rob01.runSeconds,Good,11659,
2941,2026-09-15 23:35:12.984,GW-LINE-B,rob01.energyTotal,Good,1.62349999999997,
2942,2026-09-15 23:35:12.985,GW-LINE-B,rob01.posDeviation,Good,-92,
2943,2026-09-15 23:35:13.005,EM-01,em01.totalEnergy,Good,3616.41,
2944,2026-09-15 23:35:13.005,EM-01,em01.forwardEnergy,Good,3616.41,
2945,2026-09-15 23:35:13.005,EM-01,em01.voltageA,Good,379,
2946,2026-09-15 23:35:13.005,EM-01,em01.voltageB,Good,377,
2947,2026-09-15 23:35:13.005,EM-01,em01.voltageC,Good,380,
2948,2026-09-15 23:35:13.005,EM-01,em01.currentA,Good,178.5,
2949,2026-09-15 23:35:13.005,EM-01,em01.activePower,Good,111,
2950,2026-09-15 23:35:13.005,EM-01,em01.reactivePower,Good,33,
2951,2026-09-15 23:35:13.005,EM-01,em01.powerFactor,Good,0.895,
2952,2026-09-15 23:35:13.005,EM-01,em01.frequency,Good,49.97,
2953,2026-09-15 23:35:13.005,EM-01,em01.demand,Good,111,
2954,2026-09-15 23:35:13.005,EM-01,em01.energyF64,Good,36.7155277777778,
2955,2026-09-15 23:35:13.005,EM-01,em01.unbalance,Good,0.7894737,
2956,2026-09-15 23:35:13.013,ENV-01,env01.humidity,Good,58,
2957,2026-09-15 23:35:13.013,ENV-01,env01.dewPoint,Good,15.5,
2958,2026-09-15 23:35:13.013,ENV-01,env01.noise,Good,70,
2959,2026-09-15 23:35:13.013,ENV-01,env01.pm25,Good,48,
2960,2026-09-15 23:35:13.013,ENV-01,env01.pressureDiff,Good,6,
2961,2026-09-15 23:35:13.013,ENV-01,env01.illuminance,Good,359,
2962,2026-09-15 23:35:13.013,ENV-01,env01.tempFluctuation,Good,11.53513,
2963,2026-09-15 23:35:13.019,GW-LINE-B,mtc01.actualTemp,Good,99.8,
2964,2026-09-15 23:35:13.019,GW-LINE-B,mtc01.pumpPressure,Good,5,
2965,2026-09-15 23:35:13.019,GW-LINE-B,mtc01.pumpFlow,Good,32,
2966,2026-09-15 23:35:13.019,GW-LINE-B,mtc01.pumpCurrent,Good,5.7,
2967,2026-09-15 23:35:13.019,GW-LINE-B,mtc01.heatPower,Good,5,
2968,2026-09-15 23:35:13.019,GW-LINE-B,mtc01.outletTemp,Good,100.3,
2969,2026-09-15 23:35:13.019,GW-LINE-B,mtc01.tempAvg,Good,998.0146,
2970,2026-09-15 23:35:13.026,GW-LINE-B,dry01.dewPoint,Good,-35.2,
2971,2026-09-15 23:35:13.026,GW-LINE-B,dry01.heatPower,Good,7,
2972,2026-09-15 23:35:13.026,GW-LINE-B,dry01.fanCurrent,Good,1.6,
2973,2026-09-15 23:35:13.028,GW-LINE-B,dry01.levelTrend,Good,-5.048601,
2974,2026-09-15 23:35:13.033,GW-LINE-B,rob01.cycleTime,Good,3.1,
2975,2026-09-15 23:35:13.033,GW-LINE-B,rob01.trajectory,Good,8.080323,
2976,2026-09-15 23:35:13.222,IM-01,im01.prodTime,Good,09/15/2026 23:35:13,
2977,2026-09-15 23:35:13.706,IM-01,im01.oilTemp,Good,44.4,
2978,2026-09-15 23:35:13.706,IM-01,im01.energyTotal,Good,1.4258333333338,
2979,2026-09-15 23:35:14.006,EM-01,em01.totalEnergy,Good,3619.36,
2980,2026-09-15 23:35:14.006,EM-01,em01.forwardEnergy,Good,3619.36,
2981,2026-09-15 23:35:14.006,EM-01,em01.voltageA,Good,381,
2982,2026-09-15 23:35:14.006,EM-01,em01.voltageB,Good,383,
2983,2026-09-15 23:35:14.006,EM-01,em01.voltageC,Good,381,
2984,2026-09-15 23:35:14.006,EM-01,em01.currentA,Good,128.5,
2985,2026-09-15 23:35:14.006,EM-01,em01.activePower,Good,100,
2986,2026-09-15 23:35:14.006,EM-01,em01.reactivePower,Good,22,
2987,2026-09-15 23:35:14.006,EM-01,em01.powerFactor,Good,0.928,
2988,2026-09-15 23:35:14.006,EM-01,em01.frequency,Good,49.91,
2989,2026-09-15 23:35:14.006,EM-01,em01.demand,Good,100,
2990,2026-09-15 23:35:14.006,EM-01,em01.energyF64,Good,36.7456111111111,
2991,2026-09-15 23:35:14.006,EM-01,em01.unbalance,Good,0.5263158,
2992,2026-09-15 23:35:14.014,ENV-01,env01.humidity,Good,57,
2993,2026-09-15 23:35:14.014,ENV-01,env01.dewPoint,Good,15.4,
2994,2026-09-15 23:35:14.014,ENV-01,env01.noise,Good,78,
2995,2026-09-15 23:35:14.014,ENV-01,env01.pm25,Good,45,
2996,2026-09-15 23:35:14.014,ENV-01,env01.pressureDiff,Good,7,
2997,2026-09-15 23:35:14.014,ENV-01,env01.illuminance,Good,463,
2998,2026-09-15 23:35:14.014,ENV-01,env01.tempFluctuation,Good,11.58233,
2999,2026-09-15 23:35:14.020,GW-LINE-B,mtc01.actualTemp,Good,99.4,
3000,2026-09-15 23:35:14.020,GW-LINE-B,mtc01.pumpPressure,Good,4,
3001,2026-09-15 23:35:14.020,GW-LINE-B,mtc01.pumpFlow,Good,40,
3002,2026-09-15 23:35:14.020,GW-LINE-B,mtc01.pumpCurrent,Good,4.2,
3003,2026-09-15 23:35:14.020,GW-LINE-B,mtc01.heatPower,Good,7,
3004,2026-09-15 23:35:14.020,GW-LINE-B,mtc01.outletTemp,Good,99.9,
3005,2026-09-15 23:35:14.020,GW-LINE-B,mtc01.tempAvg,Good,993.9063,
3006,2026-09-15 23:35:14.027,GW-LINE-B,dry01.heatPower,Good,3,
3007,2026-09-15 23:35:14.027,GW-LINE-B,dry01.fanCurrent,Good,1.5,
3008,2026-09-15 23:35:14.029,GW-LINE-B,dry01.levelTrend,Good,-5.085352,
3009,2026-09-15 23:35:14.035,GW-LINE-B,rob01.cycleTime,Good,2.8,
3010,2026-09-15 23:35:14.035,GW-LINE-B,rob01.trajectory,Good,7.769675,
3011,2026-09-15 23:35:14.223,IM-01,im01.prodTime,Good,09/15/2026 23:35:14,
3012,2026-09-15 23:35:14.706,IM-01,im01.oilTemp,Good,44.3,
3013,2026-09-15 23:35:14.706,IM-01,im01.energyTotal,Good,1.42666666666714,
3014,2026-09-15 23:35:15.006,EM-01,em01.totalEnergy,Good,3622.56,
3015,2026-09-15 23:35:15.006,EM-01,em01.forwardEnergy,Good,3622.56,
3016,2026-09-15 23:35:15.006,EM-01,em01.voltageA,Good,376,
3017,2026-09-15 23:35:15.006,EM-01,em01.voltageB,Good,377,
3018,2026-09-15 23:35:15.006,EM-01,em01.voltageC,Good,376,
3019,2026-09-15 23:35:15.006,EM-01,em01.currentA,Good,217.8,
3020,2026-09-15 23:35:15.006,EM-01,em01.activePower,Good,99,
3021,2026-09-15 23:35:15.006,EM-01,em01.reactivePower,Good,38,
3022,2026-09-15 23:35:15.006,EM-01,em01.powerFactor,Good,0.94,
3023,2026-09-15 23:35:15.006,EM-01,em01.frequency,Good,49.99,
3024,2026-09-15 23:35:15.006,EM-01,em01.demand,Good,99,
3025,2026-09-15 23:35:15.006,EM-01,em01.energyF64,Good,36.7780833333334,
3026,2026-09-15 23:35:15.006,EM-01,em01.unbalance,Good,0.2631579,
3027,2026-09-15 23:35:15.014,ENV-01,env01.roomTemp,Good,23.9,
3028,2026-09-15 23:35:15.014,ENV-01,env01.noise,Good,76,
3029,2026-09-15 23:35:15.014,ENV-01,env01.pm25,Good,42,
3030,2026-09-15 23:35:15.014,ENV-01,env01.pressureDiff,Good,0,
3031,2026-09-15 23:35:15.014,ENV-01,env01.illuminance,Good,383,
3032,2026-09-15 23:35:15.014,ENV-01,env01.tempFluctuation,Good,12.30458,
3033,2026-09-15 23:35:15.020,GW-LINE-B,mtc01.actualTemp,Good,99.5,
3034,2026-09-15 23:35:15.020,GW-LINE-B,mtc01.pumpPressure,Good,3,
3035,2026-09-15 23:35:15.020,GW-LINE-B,mtc01.pumpFlow,Good,19,
3036,2026-09-15 23:35:15.020,GW-LINE-B,mtc01.pumpCurrent,Good,5.3,
3037,2026-09-15 23:35:15.020,GW-LINE-B,mtc01.heatPower,Good,5,
3038,2026-09-15 23:35:15.020,GW-LINE-B,mtc01.outletTemp,Good,100,
3039,2026-09-15 23:35:15.020,GW-LINE-B,mtc01.tempAvg,Good,995.0574,
3040,2026-09-15 23:35:15.028,GW-LINE-B,dry01.dewPoint,Good,-34.8,
3041,2026-09-15 23:35:15.028,GW-LINE-B,dry01.materialLevel,Good,33,
3042,2026-09-15 23:35:15.028,GW-LINE-B,dry01.heatPower,Good,6,
3043,2026-09-15 23:35:15.028,GW-LINE-B,dry01.fanCurrent,Good,0.8,
3044,2026-09-15 23:35:15.030,GW-LINE-B,dry01.levelTrend,Good,-5.112771,
3045,2026-09-15 23:35:15.036,GW-LINE-B,rob01.cycleTime,Good,2.9,
3046,2026-09-15 23:35:15.036,GW-LINE-B,rob01.trajectory,Good,8.261045,
3047,2026-09-15 23:35:15.225,IM-01,im01.prodTime,Good,09/15/2026 23:35:15,
3048,2026-09-15 23:35:15.706,IM-01,im01.oilTemp,Good,44.6,
3049,2026-09-15 23:35:15.706,IM-01,im01.energyTotal,Good,1.42750000000047,
3050,2026-09-15 23:35:16.008,EM-01,em01.totalEnergy,Good,3625.45,
3051,2026-09-15 23:35:16.008,EM-01,em01.forwardEnergy,Good,3625.45,
3052,2026-09-15 23:35:16.008,EM-01,em01.voltageB,Good,382,
3053,2026-09-15 23:35:16.008,EM-01,em01.voltageC,Good,383,
3054,2026-09-15 23:35:16.008,EM-01,em01.currentA,Good,121.9,
3055,2026-09-15 23:35:16.008,EM-01,em01.activePower,Good,108,
3056,2026-09-15 23:35:16.008,EM-01,em01.reactivePower,Good,36,
3057,2026-09-15 23:35:16.008,EM-01,em01.powerFactor,Good,0.862,
3058,2026-09-15 23:35:16.008,EM-01,em01.frequency,Good,50.09,
3059,2026-09-15 23:35:16.008,EM-01,em01.demand,Good,108,
3060,2026-09-15 23:35:16.008,EM-01,em01.energyF64,Good,36.8075,
3061,2026-09-15 23:35:16.008,EM-01,em01.unbalance,Good,1.842105,
3062,2026-09-15 23:35:16.015,ENV-01,env01.roomTemp,Good,23.8,
3063,2026-09-15 23:35:16.015,ENV-01,env01.humidity,Good,55,
3064,2026-09-15 23:35:16.015,ENV-01,env01.dewPoint,Good,14.8,
3065,2026-09-15 23:35:16.015,ENV-01,env01.noise,Good,78,
3066,2026-09-15 23:35:16.015,ENV-01,env01.pm25,Good,37,
3067,2026-09-15 23:35:16.015,ENV-01,env01.pressureDiff,Good,7,
3068,2026-09-15 23:35:16.015,ENV-01,env01.illuminance,Good,401,
3069,2026-09-15 23:35:16.015,ENV-01,env01.tempFluctuation,Good,11.47951,
3070,2026-09-15 23:35:16.021,GW-LINE-B,mtc01.pumpFlow,Good,35,
3071,2026-09-15 23:35:16.021,GW-LINE-B,mtc01.pumpCurrent,Good,4.2,
3072,2026-09-15 23:35:16.021,GW-LINE-B,mtc01.heatPower,Good,6,
3073,2026-09-15 23:35:16.021,GW-LINE-B,mtc01.tempAvg,Good,995.3176,
3074,2026-09-15 23:35:16.029,GW-LINE-B,dry01.dewPoint,Good,-34.3,
3075,2026-09-15 23:35:16.029,GW-LINE-B,dry01.heatPower,Good,8,
3076,2026-09-15 23:35:16.029,GW-LINE-B,dry01.fanCurrent,Good,1,
3077,2026-09-15 23:35:16.031,GW-LINE-B,dry01.levelTrend,Good,-5.141484,
3078,2026-09-15 23:35:16.037,GW-LINE-B,rob01.cycleTime,Good,2.7,
3079,2026-09-15 23:35:16.037,GW-LINE-B,rob01.trajectory,Good,8.092641,
3080,2026-09-15 23:35:16.225,IM-01,im01.prodTime,Good,09/15/2026 23:35:16,
3081,2026-09-15 23:35:16.707,IM-01,im01.moldTemp,Good,84.6,
3082,2026-09-15 23:35:16.707,IM-01,im01.oilTemp,Good,44.8,
3083,2026-09-15 23:35:16.707,IM-01,im01.energyTotal,Good,1.42833333333381,
3084,2026-09-15 23:35:17.008,EM-01,em01.totalEnergy,Good,3628.37,
3085,2026-09-15 23:35:17.008,EM-01,em01.forwardEnergy,Good,3628.37,
3086,2026-09-15 23:35:17.008,EM-01,em01.voltageA,Good,379,
3087,2026-09-15 23:35:17.008,EM-01,em01.voltageB,Good,385,
3088,2026-09-15 23:35:17.008,EM-01,em01.voltageC,Good,380,
3089,2026-09-15 23:35:17.008,EM-01,em01.currentA,Good,184.4,
3090,2026-09-15 23:35:17.008,EM-01,em01.activePower,Good,107,
3091,2026-09-15 23:35:17.008,EM-01,em01.reactivePower,Good,29,
3092,2026-09-15 23:35:17.008,EM-01,em01.powerFactor,Good,0.895,
3093,2026-09-15 23:35:17.008,EM-01,em01.frequency,Good,50.1,
3094,2026-09-15 23:35:17.008,EM-01,em01.demand,Good,107,
3095,2026-09-15 23:35:17.008,EM-01,em01.energyF64,Good,36.8370555555556,
3096,2026-09-15 23:35:17.008,EM-01,em01.unbalance,Good,1.578947,
3097,2026-09-15 23:35:17.016,ENV-01,env01.humidity,Good,56,
3098,2026-09-15 23:35:17.016,ENV-01,env01.dewPoint,Good,15.1,
3099,2026-09-15 23:35:17.016,ENV-01,env01.noise,Good,73,
3100,2026-09-15 23:35:17.016,ENV-01,env01.pm25,Good,20,
3101,2026-09-15 23:35:17.016,ENV-01,env01.pressureDiff,Good,-2,
3102,2026-09-15 23:35:17.016,ENV-01,env01.illuminance,Good,436,
3103,2026-09-15 23:35:17.016,ENV-01,env01.tempFluctuation,Good,12.17048,
3104,2026-09-15 23:35:17.022,GW-LINE-B,mtc01.actualTemp,Good,99.4,
3105,2026-09-15 23:35:17.022,GW-LINE-B,mtc01.pumpFlow,Good,33,
3106,2026-09-15 23:35:17.022,GW-LINE-B,mtc01.pumpCurrent,Good,4.8,
3107,2026-09-15 23:35:17.022,GW-LINE-B,mtc01.heatPower,Good,3,
3108,2026-09-15 23:35:17.022,GW-LINE-B,mtc01.outletTemp,Good,99.9,
3109,2026-09-15 23:35:17.022,GW-LINE-B,mtc01.tempAvg,Good,993.6955,
3110,2026-09-15 23:35:17.029,GW-LINE-B,dry01.heatPower,Good,6,
3111,2026-09-15 23:35:17.029,GW-LINE-B,dry01.fanCurrent,Good,1.2,
3112,2026-09-15 23:35:17.031,GW-LINE-B,dry01.levelTrend,Good,-5.168864,
3113,2026-09-15 23:35:17.037,GW-LINE-B,rob01.cycleTime,Good,2.9,
3114,2026-09-15 23:35:17.037,GW-LINE-B,rob01.trajectory,Good,8.192942,
3115,2026-09-15 23:35:17.226,IM-01,im01.prodTime,Good,09/15/2026 23:35:17,
3116,2026-09-15 23:35:17.693,IM-01,im01.clampForceDev,Good,-44,
3117,2026-09-15 23:35:17.708,IM-01,im01.oilTemp,Good,44.9,
3118,2026-09-15 23:35:17.708,IM-01,im01.energyTotal,Good,1.42916666666714,
3119,2026-09-15 23:35:17.966,GW-LINE-B,mtc01.runSeconds,Good,11709,
3120,2026-09-15 23:35:17.966,ENV-01,env01.runSeconds,Good,11709,
3121,2026-09-15 23:35:17.966,GW-LINE-B,mtc01.energyTotal,Good,1.74036111111112,
3122,2026-09-15 23:35:17.966,ENV-01,env01.sampleTime,Good,09/15/2026 23:35:17,
3123,2026-09-15 23:35:17.968,GW-LINE-B,mtc01.tempDeviation,Good,-0.6,
3124,2026-09-15 23:35:17.974,GW-LINE-B,dry01.drySeconds,Good,11085,
3125,2026-09-15 23:35:17.974,GW-LINE-B,dry01.energyTotal,Good,1.79525000000001,
3126,2026-09-15 23:35:17.975,GW-LINE-B,dry01.dewDeviation,Good,0.8,
3127,2026-09-15 23:35:17.975,EM-01,em01.readTime,Good,09/15/2026 23:35:17,
3128,2026-09-15 23:35:17.981,GW-LINE-B,rob01.runSeconds,Good,11709,
3129,2026-09-15 23:35:17.983,GW-LINE-B,rob01.energyTotal,Good,1.63016666666664,
3130,2026-09-15 23:35:18.008,EM-01,em01.totalEnergy,Good,3631.61,
3131,2026-09-15 23:35:18.008,EM-01,em01.forwardEnergy,Good,3631.61,
3132,2026-09-15 23:35:18.008,EM-01,em01.voltageA,Good,375,
3133,2026-09-15 23:35:18.008,EM-01,em01.voltageB,Good,379,
3134,2026-09-15 23:35:18.008,EM-01,em01.voltageC,Good,382,
3135,2026-09-15 23:35:18.008,EM-01,em01.currentA,Good,180.8,
3136,2026-09-15 23:35:18.008,EM-01,em01.activePower,Good,120,
3137,2026-09-15 23:35:18.008,EM-01,em01.reactivePower,Good,34,
3138,2026-09-15 23:35:18.008,EM-01,em01.powerFactor,Good,0.922,
3139,2026-09-15 23:35:18.008,EM-01,em01.frequency,Good,50.06,
3140,2026-09-15 23:35:18.008,EM-01,em01.demand,Good,120,
3141,2026-09-15 23:35:18.008,EM-01,em01.energyF64,Good,36.8699166666667,
3142,2026-09-15 23:35:18.008,EM-01,em01.unbalance,Good,1.842105,
3143,2026-09-15 23:35:18.016,ENV-01,env01.humidity,Good,54,
3144,2026-09-15 23:35:18.016,ENV-01,env01.dewPoint,Good,14.7,
3145,2026-09-15 23:35:18.016,ENV-01,env01.noise,Good,72,
3146,2026-09-15 23:35:18.016,ENV-01,env01.pm25,Good,44,
3147,2026-09-15 23:35:18.016,ENV-01,env01.illuminance,Good,337,
3148,2026-09-15 23:35:18.016,ENV-01,env01.tempFluctuation,Good,11.57338,
3149,2026-09-15 23:35:18.022,GW-LINE-B,mtc01.pumpFlow,Good,38,
3150,2026-09-15 23:35:18.022,GW-LINE-B,mtc01.pumpCurrent,Good,3.8,
3151,2026-09-15 23:35:18.022,GW-LINE-B,mtc01.heatPower,Good,5,
3152,2026-09-15 23:35:18.022,GW-LINE-B,mtc01.tempAvg,Good,994.3762,
3153,2026-09-15 23:35:18.031,GW-LINE-B,dry01.fanCurrent,Good,2,
3154,2026-09-15 23:35:18.033,GW-LINE-B,dry01.levelTrend,Good,-5.198358,
3155,2026-09-15 23:35:18.038,GW-LINE-B,rob01.trajectory,Good,8.18201,
3156,2026-09-15 23:35:18.226,IM-01,im01.prodTime,Good,09/15/2026 23:35:18,
3157,2026-09-15 23:35:18.708,IM-01,im01.moldTemp,Good,84.5,
3158,2026-09-15 23:35:18.708,IM-01,im01.oilTemp,Good,44.7,
3159,2026-09-15 23:35:18.708,IM-01,im01.energyTotal,Good,1.43000000000047,
3160,2026-09-15 23:35:19.009,EM-01,em01.totalEnergy,Good,3634.66,
3161,2026-09-15 23:35:19.009,EM-01,em01.forwardEnergy,Good,3634.66,
3162,2026-09-15 23:35:19.009,EM-01,em01.voltageB,Good,376,
3163,2026-09-15 23:35:19.009,EM-01,em01.voltageC,Good,376,
3164,2026-09-15 23:35:19.009,EM-01,em01.currentA,Good,188.2,
3165,2026-09-15 23:35:19.009,EM-01,em01.activePower,Good,109,
3166,2026-09-15 23:35:19.009,EM-01,em01.reactivePower,Good,26,
3167,2026-09-15 23:35:19.009,EM-01,em01.powerFactor,Good,0.864,
3168,2026-09-15 23:35:19.009,EM-01,em01.frequency,Good,50.01,
3169,2026-09-15 23:35:19.009,EM-01,em01.demand,Good,109,
3170,2026-09-15 23:35:19.009,EM-01,em01.energyF64,Good,36.9008888888889,
3171,2026-09-15 23:35:19.009,EM-01,em01.unbalance,Good,0.2631579,
3172,2026-09-15 23:35:19.017,ENV-01,env01.humidity,Good,55,
3173,2026-09-15 23:35:19.017,ENV-01,env01.dewPoint,Good,14.9,
3174,2026-09-15 23:35:19.017,ENV-01,env01.noise,Good,74,
3175,2026-09-15 23:35:19.017,ENV-01,env01.pressureDiff,Good,8,
3176,2026-09-15 23:35:19.017,ENV-01,env01.illuminance,Good,376,
3177,2026-09-15 23:35:19.017,ENV-01,env01.tempFluctuation,Good,11.32144,
3178,2026-09-15 23:35:19.022,GW-LINE-B,mtc01.actualTemp,Good,99.2,
3179,2026-09-15 23:35:19.022,GW-LINE-B,mtc01.pumpPressure,Good,2,
3180,2026-09-15 23:35:19.022,GW-LINE-B,mtc01.pumpFlow,Good,28,
3181,2026-09-15 23:35:19.022,GW-LINE-B,mtc01.pumpCurrent,Good,4.5,
3182,2026-09-15 23:35:19.022,GW-LINE-B,mtc01.heatPower,Good,4,
3183,2026-09-15 23:35:19.022,GW-LINE-B,mtc01.outletTemp,Good,99.7,
3184,2026-09-15 23:35:19.022,GW-LINE-B,mtc01.tempAvg,Good,992.1216,
3185,2026-09-15 23:35:19.030,GW-LINE-B,dry01.dewPoint,Good,-34.4,
3186,2026-09-15 23:35:19.030,GW-LINE-B,dry01.materialLevel,Good,32,
3187,2026-09-15 23:35:19.030,GW-LINE-B,dry01.heatPower,Good,8,
3188,2026-09-15 23:35:19.030,GW-LINE-B,dry01.fanCurrent,Good,1.2,
3189,2026-09-15 23:35:19.032,GW-LINE-B,dry01.levelTrend,Good,-5.228711,
3190,2026-09-15 23:35:19.037,GW-LINE-B,rob01.trajectory,Good,7.817486,
3191,2026-09-15 23:35:19.228,IM-01,im01.prodTime,Good,09/15/2026 23:35:19,
3192,2026-09-15 23:35:19.709,IM-01,im01.energyTotal,Good,1.43083333333381,
3193,2026-09-15 23:35:20.009,EM-01,em01.totalEnergy,Good,3637.92,
3194,2026-09-15 23:35:20.009,EM-01,em01.forwardEnergy,Good,3637.92,
3195,2026-09-15 23:35:20.009,EM-01,em01.voltageA,Good,381,
3196,2026-09-15 23:35:20.009,EM-01,em01.voltageB,Good,384,
3197,2026-09-15 23:35:20.009,EM-01,em01.voltageC,Good,378,
3198,2026-09-15 23:35:20.009,EM-01,em01.currentA,Good,197.7,
3199,2026-09-15 23:35:20.009,EM-01,em01.activePower,Good,130,
3200,2026-09-15 23:35:20.009,EM-01,em01.reactivePower,Good,25,
3201,2026-09-15 23:35:20.009,EM-01,em01.powerFactor,Good,0.932,
3202,2026-09-15 23:35:20.009,EM-01,em01.frequency,Good,50.05,
3203,2026-09-15 23:35:20.009,EM-01,em01.demand,Good,130,
3204,2026-09-15 23:35:20.009,EM-01,em01.energyF64,Good,36.9339166666667,
3205,2026-09-15 23:35:20.009,EM-01,em01.unbalance,Good,1.578947,
3206,2026-09-15 23:35:20.018,ENV-01,env01.roomTemp,Good,23.9,
3207,2026-09-15 23:35:20.018,ENV-01,env01.dewPoint,Good,15,
3208,2026-09-15 23:35:20.018,ENV-01,env01.noise,Good,75,
3209,2026-09-15 23:35:20.018,ENV-01,env01.pm25,Good,25,
3210,2026-09-15 23:35:20.018,ENV-01,env01.pressureDiff,Good,13,
3211,2026-09-15 23:35:20.018,ENV-01,env01.illuminance,Good,405,
3212,2026-09-15 23:35:20.018,ENV-01,env01.tempFluctuation,Good,11.60563,
3213,2026-09-15 23:35:20.022,GW-LINE-B,mtc01.actualTemp,Good,99.4,
3214,2026-09-15 23:35:20.022,GW-LINE-B,mtc01.pumpFlow,Good,27,
3215,2026-09-15 23:35:20.022,GW-LINE-B,mtc01.pumpCurrent,Good,5.4,
3216,2026-09-15 23:35:20.022,GW-LINE-B,mtc01.heatPower,Good,8,
3217,2026-09-15 23:35:20.022,GW-LINE-B,mtc01.outletTemp,Good,99.9,
3218,2026-09-15 23:35:20.022,GW-LINE-B,mtc01.tempAvg,Good,994.2512,
3219,2026-09-15 23:35:20.030,GW-LINE-B,dry01.dewPoint,Good,-34.1,
3220,2026-09-15 23:35:20.030,GW-LINE-B,dry01.heatPower,Good,3,
3221,2026-09-15 23:35:20.030,GW-LINE-B,dry01.fanCurrent,Good,1.7,
3222,2026-09-15 23:35:20.032,GW-LINE-B,dry01.levelTrend,Good,-5.251437,
3223,2026-09-15 23:35:20.038,GW-LINE-B,rob01.cycleTime,Good,2.7,
3224,2026-09-15 23:35:20.038,GW-LINE-B,rob01.posY,Good,7,
3225,2026-09-15 23:35:20.038,GW-LINE-B,rob01.trajectory,Good,8.297989,
3226,2026-09-15 23:35:20.230,IM-01,im01.prodTime,Good,09/15/2026 23:35:20,
3227,2026-09-15 23:35:20.710,IM-01,im01.oilTemp,Good,44.6,
3228,2026-09-15 23:35:20.710,IM-01,im01.energyTotal,Good,1.43166666666714,
3229,2026-09-15 23:35:21.010,EM-01,em01.totalEnergy,Good,3641.01,
3230,2026-09-15 23:35:21.010,EM-01,em01.forwardEnergy,Good,3641.01,
3231,2026-09-15 23:35:21.010,EM-01,em01.voltageA,Good,382,
3232,2026-09-15 23:35:21.010,EM-01,em01.voltageC,Good,382,
3233,2026-09-15 23:35:21.010,EM-01,em01.currentA,Good,150.3,
3234,2026-09-15 23:35:21.010,EM-01,em01.activePower,Good,104,
3235,2026-09-15 23:35:21.010,EM-01,em01.reactivePower,Good,37,
3236,2026-09-15 23:35:21.010,EM-01,em01.powerFactor,Good,0.946,
3237,2026-09-15 23:35:21.010,EM-01,em01.frequency,Good,50.07,
3238,2026-09-15 23:35:21.010,EM-01,em01.demand,Good,104,
3239,2026-09-15 23:35:21.010,EM-01,em01.energyF64,Good,36.9652777777778,
3240,2026-09-15 23:35:21.010,EM-01,em01.unbalance,Good,0.5263158,
3241,2026-09-15 23:35:21.018,ENV-01,env01.noise,Good,72,
3242,2026-09-15 23:35:21.018,ENV-01,env01.pm25,Good,58,
3243,2026-09-15 23:35:21.018,ENV-01,env01.illuminance,Good,329,
3244,2026-09-15 23:35:21.018,ENV-01,env01.tempFluctuation,Good,12.54141,
3245,2026-09-15 23:35:21.023,GW-LINE-B,mtc01.actualTemp,Good,99.2,
3246,2026-09-15 23:35:21.023,GW-LINE-B,mtc01.pumpPressure,Good,3,
3247,2026-09-15 23:35:21.023,GW-LINE-B,mtc01.pumpFlow,Good,30,
3248,2026-09-15 23:35:21.023,GW-LINE-B,mtc01.pumpCurrent,Good,3.9,
3249,2026-09-15 23:35:21.023,GW-LINE-B,mtc01.heatPower,Good,4,
3250,2026-09-15 23:35:21.023,GW-LINE-B,mtc01.outletTemp,Good,99.7,
3251,2026-09-15 23:35:21.023,GW-LINE-B,mtc01.tempAvg,Good,992.2801,
3252,2026-09-15 23:35:21.031,GW-LINE-B,dry01.dewPoint,Good,-33.7,
3253,2026-09-15 23:35:21.031,GW-LINE-B,dry01.heatPower,Good,4,
3254,2026-09-15 23:35:21.031,GW-LINE-B,dry01.fanCurrent,Good,0.9,
3255,2026-09-15 23:35:21.033,GW-LINE-B,dry01.levelTrend,Good,-5.285437,
3256,2026-09-15 23:35:21.038,GW-LINE-B,rob01.trajectory,Good,8.175164,
3257,2026-09-15 23:35:21.231,IM-01,im01.prodTime,Good,09/15/2026 23:35:21,
3258,2026-09-15 23:35:21.709,IM-01,im01.moldTemp,Good,84.6,
3259,2026-09-15 23:35:21.709,IM-01,im01.oilTemp,Good,44.5,
3260,2026-09-15 23:35:21.709,IM-01,im01.energyTotal,Good,1.43250000000048,
3261,2026-09-15 23:35:22.009,EM-01,em01.totalEnergy,Good,3644.31,
3262,2026-09-15 23:35:22.009,EM-01,em01.forwardEnergy,Good,3644.31,
3263,2026-09-15 23:35:22.009,EM-01,em01.voltageA,Good,381,
3264,2026-09-15 23:35:22.009,EM-01,em01.voltageB,Good,386,
3265,2026-09-15 23:35:22.009,EM-01,em01.voltageC,Good,383,
3266,2026-09-15 23:35:22.009,EM-01,em01.currentA,Good,192,
3267,2026-09-15 23:35:22.009,EM-01,em01.activePower,Good,138,
3268,2026-09-15 23:35:22.009,EM-01,em01.reactivePower,Good,36,
3269,2026-09-15 23:35:22.009,EM-01,em01.powerFactor,Good,0.868,
3270,2026-09-15 23:35:22.009,EM-01,em01.frequency,Good,49.91,
3271,2026-09-15 23:35:22.009,EM-01,em01.demand,Good,138,
3272,2026-09-15 23:35:22.009,EM-01,em01.energyF64,Good,36.9985833333334,
3273,2026-09-15 23:35:22.009,EM-01,em01.unbalance,Good,1.315789,
3274,2026-09-15 23:35:22.018,ENV-01,env01.humidity,Good,54,
3275,2026-09-15 23:35:22.018,ENV-01,env01.dewPoint,Good,14.8,
3276,2026-09-15 23:35:22.018,ENV-01,env01.noise,Good,78,
3277,2026-09-15 23:35:22.018,ENV-01,env01.pm25,Good,27,
3278,2026-09-15 23:35:22.018,ENV-01,env01.pressureDiff,Good,1,
3279,2026-09-15 23:35:22.018,ENV-01,env01.illuminance,Good,465,
3280,2026-09-15 23:35:22.018,ENV-01,env01.tempFluctuation,Good,12.18754,
3281,2026-09-15 23:35:22.023,GW-LINE-B,mtc01.actualTemp,Good,99.4,
3282,2026-09-15 23:35:22.023,GW-LINE-B,mtc01.pumpFlow,Good,32,
3283,2026-09-15 23:35:22.023,GW-LINE-B,mtc01.pumpCurrent,Good,4.7,
3284,2026-09-15 23:35:22.023,GW-LINE-B,mtc01.heatPower,Good,3,
3285,2026-09-15 23:35:22.023,GW-LINE-B,mtc01.outletTemp,Good,99.9,
3286,2026-09-15 23:35:22.023,GW-LINE-B,mtc01.tempAvg,Good,993.6776,
3287,2026-09-15 23:35:22.031,GW-LINE-B,dry01.dewPoint,Good,-33.9,
3288,2026-09-15 23:35:22.031,GW-LINE-B,dry01.materialLevel,Good,31,
3289,2026-09-15 23:35:22.031,GW-LINE-B,dry01.fanCurrent,Good,1.7,
3290,2026-09-15 23:35:22.033,GW-LINE-B,dry01.levelTrend,Good,-5.308177,
3291,2026-09-15 23:35:22.039,GW-LINE-B,rob01.cycleTime,Good,2.9,
3292,2026-09-15 23:35:22.039,GW-LINE-B,rob01.posY,Good,8,
3293,2026-09-15 23:35:22.039,GW-LINE-B,rob01.trajectory,Good,8.173676,
3294,2026-09-15 23:35:22.231,IM-01,im01.prodTime,Good,09/15/2026 23:35:22,
3295,2026-09-15 23:35:22.694,IM-01,im01.clampForceDev,Good,-52,
3296,2026-09-15 23:35:22.710,IM-01,im01.moldTemp,Good,84.5,
3297,2026-09-15 23:35:22.710,IM-01,im01.oilTemp,Good,44.7,
3298,2026-09-15 23:35:22.710,IM-01,im01.energyTotal,Good,1.43333333333381,
3299,2026-09-15 23:35:22.967,GW-LINE-B,mtc01.runSeconds,Good,11759,
3301,2026-09-15 23:35:22.967,GW-LINE-B,mtc01.energyTotal,Good,1.74766666666667,
3300,2026-09-15 23:35:22.967,ENV-01,env01.runSeconds,Good,11759,
3302,2026-09-15 23:35:22.967,ENV-01,env01.sampleTime,Good,09/15/2026 23:35:22,
3303,2026-09-15 23:35:22.969,EM-01,em01.readTime,Good,09/15/2026 23:35:22,
3304,2026-09-15 23:35:22.974,ENV-01,env01.tempDeviation,Good,-0.1,
3305,2026-09-15 23:35:22.974,GW-LINE-B,dry01.drySeconds,Good,11135,
3306,2026-09-15 23:35:22.974,GW-LINE-B,dry01.energyTotal,Good,1.80261111111113,
3307,2026-09-15 23:35:22.976,GW-LINE-B,dry01.dewDeviation,Good,1.3,
3308,2026-09-15 23:35:22.982,GW-LINE-B,rob01.runSeconds,Good,11759,
3309,2026-09-15 23:35:22.984,GW-LINE-B,rob01.energyTotal,Good,1.63694444444442,
3310,2026-09-15 23:35:23.009,EM-01,em01.totalEnergy,Good,3647.53,
3311,2026-09-15 23:35:23.009,EM-01,em01.forwardEnergy,Good,3647.53,
3312,2026-09-15 23:35:23.009,EM-01,em01.voltageA,Good,382,
3313,2026-09-15 23:35:23.009,EM-01,em01.voltageB,Good,382,
3314,2026-09-15 23:35:23.009,EM-01,em01.currentA,Good,138.2,
3315,2026-09-15 23:35:23.009,EM-01,em01.activePower,Good,104,
3316,2026-09-15 23:35:23.009,EM-01,em01.reactivePower,Good,29,
3317,2026-09-15 23:35:23.009,EM-01,em01.powerFactor,Good,0.917,
3318,2026-09-15 23:35:23.009,EM-01,em01.frequency,Good,49.93,
3319,2026-09-15 23:35:23.009,EM-01,em01.demand,Good,104,
3320,2026-09-15 23:35:23.009,EM-01,em01.energyF64,Good,37.0313611111112,
3321,2026-09-15 23:35:23.009,EM-01,em01.unbalance,Good,0.2631579,
3322,2026-09-15 23:35:23.019,ENV-01,env01.humidity,Good,53,
3323,2026-09-15 23:35:23.019,ENV-01,env01.dewPoint,Good,14.7,
3324,2026-09-15 23:35:23.019,ENV-01,env01.noise,Good,75,
3325,2026-09-15 23:35:23.019,ENV-01,env01.pm25,Good,51,
3326,2026-09-15 23:35:23.019,ENV-01,env01.pressureDiff,Good,0,
3327,2026-09-15 23:35:23.019,ENV-01,env01.illuminance,Good,467,
3328,2026-09-15 23:35:23.019,ENV-01,env01.tempFluctuation,Good,11.71601,
3329,2026-09-15 23:35:23.024,GW-LINE-B,mtc01.pumpPressure,Good,5,
3330,2026-09-15 23:35:23.024,GW-LINE-B,mtc01.pumpFlow,Good,15,
3331,2026-09-15 23:35:23.024,GW-LINE-B,mtc01.pumpCurrent,Good,4.5,
3332,2026-09-15 23:35:23.024,GW-LINE-B,mtc01.tempAvg,Good,994.4072,
3333,2026-09-15 23:35:23.031,GW-LINE-B,dry01.dewPoint,Good,-33.7,
3334,2026-09-15 23:35:23.031,GW-LINE-B,dry01.heatPower,Good,7,
3335,2026-09-15 23:35:23.031,GW-LINE-B,dry01.fanCurrent,Good,0.8,
3336,2026-09-15 23:35:23.033,GW-LINE-B,dry01.levelTrend,Good,-5.33642,
3337,2026-09-15 23:35:23.039,GW-LINE-B,rob01.cycleTime,Good,3.2,
3338,2026-09-15 23:35:23.039,GW-LINE-B,rob01.trajectory,Good,8.121858,
3339,2026-09-15 23:35:23.232,IM-01,im01.prodTime,Good,09/15/2026 23:35:23,
3340,2026-09-15 23:35:23.711,IM-01,im01.moldTemp,Good,84.6,
3341,2026-09-15 23:35:23.711,IM-01,im01.energyTotal,Good,1.43416666666715,
3342,2026-09-15 23:35:24.010,EM-01,em01.totalEnergy,Good,3650.63,
3343,2026-09-15 23:35:24.010,EM-01,em01.forwardEnergy,Good,3650.63,
3344,2026-09-15 23:35:24.010,EM-01,em01.voltageA,Good,383,
3345,2026-09-15 23:35:24.010,EM-01,em01.voltageB,Good,384,
3346,2026-09-15 23:35:24.010,EM-01,em01.voltageC,Good,376,
3347,2026-09-15 23:35:24.010,EM-01,em01.currentA,Good,198.8,
3348,2026-09-15 23:35:24.010,EM-01,em01.activePower,Good,101,
3349,2026-09-15 23:35:24.010,EM-01,em01.reactivePower,Good,21,
3350,2026-09-15 23:35:24.010,EM-01,em01.powerFactor,Good,0.86,
3351,2026-09-15 23:35:24.010,EM-01,em01.frequency,Good,49.94,
3352,2026-09-15 23:35:24.010,EM-01,em01.demand,Good,101,
3353,2026-09-15 23:35:24.010,EM-01,em01.energyF64,Good,37.0626944444445,
3354,2026-09-15 23:35:24.010,EM-01,em01.unbalance,Good,2.105263,
3355,2026-09-15 23:35:24.020,ENV-01,env01.roomTemp,Good,24,
3356,2026-09-15 23:35:24.020,ENV-01,env01.humidity,Good,55,
3357,2026-09-15 23:35:24.020,ENV-01,env01.dewPoint,Good,15.1,
3358,2026-09-15 23:35:24.020,ENV-01,env01.noise,Good,73,
3359,2026-09-15 23:35:24.020,ENV-01,env01.pm25,Good,46,
3360,2026-09-15 23:35:24.020,ENV-01,env01.pressureDiff,Good,12,
3361,2026-09-15 23:35:24.020,ENV-01,env01.illuminance,Good,314,
3362,2026-09-15 23:35:24.020,ENV-01,env01.tempFluctuation,Good,12.85478,
3363,2026-09-15 23:35:24.026,GW-LINE-B,mtc01.actualTemp,Good,99.5,
3364,2026-09-15 23:35:24.026,GW-LINE-B,mtc01.pumpPressure,Good,2,
3365,2026-09-15 23:35:24.026,GW-LINE-B,mtc01.pumpFlow,Good,40,
3366,2026-09-15 23:35:24.026,GW-LINE-B,mtc01.pumpCurrent,Good,5.9,
3367,2026-09-15 23:35:24.026,GW-LINE-B,mtc01.heatPower,Good,6,
3368,2026-09-15 23:35:24.026,GW-LINE-B,mtc01.outletTemp,Good,100,
3369,2026-09-15 23:35:24.026,GW-LINE-B,mtc01.tempAvg,Good,995.2311,
3370,2026-09-15 23:35:24.033,GW-LINE-B,dry01.dewPoint,Good,-34.1,
3371,2026-09-15 23:35:24.033,GW-LINE-B,dry01.fanCurrent,Good,1.5,
3372,2026-09-15 23:35:24.035,GW-LINE-B,dry01.levelTrend,Good,-5.368356,
3373,2026-09-15 23:35:24.041,GW-LINE-B,rob01.cycleTime,Good,2.9,
3374,2026-09-15 23:35:24.041,GW-LINE-B,rob01.trajectory,Good,7.754134,
3375,2026-09-15 23:35:24.233,IM-01,im01.prodTime,Good,09/15/2026 23:35:24,
3376,2026-09-15 23:35:24.712,IM-01,im01.oilTemp,Good,44.6,
3377,2026-09-15 23:35:24.712,IM-01,im01.energyTotal,Good,1.43500000000048,
3378,2026-09-15 23:35:25.012,EM-01,em01.totalEnergy,Good,3653.6,
3379,2026-09-15 23:35:25.012,EM-01,em01.forwardEnergy,Good,3653.6,
3380,2026-09-15 23:35:25.012,EM-01,em01.voltageB,Good,383,
3381,2026-09-15 23:35:25.012,EM-01,em01.voltageC,Good,381,
3382,2026-09-15 23:35:25.012,EM-01,em01.currentA,Good,147.4,
3383,2026-09-15 23:35:25.012,EM-01,em01.reactivePower,Good,32,
3384,2026-09-15 23:35:25.012,EM-01,em01.powerFactor,Good,0.918,
3385,2026-09-15 23:35:25.012,EM-01,em01.frequency,Good,49.96,
3386,2026-09-15 23:35:25.012,EM-01,em01.energyF64,Good,37.0928888888889,
3387,2026-09-15 23:35:25.012,EM-01,em01.unbalance,Good,0.5263158,
3388,2026-09-15 23:35:25.020,ENV-01,env01.dewPoint,Good,15,
3389,2026-09-15 23:35:25.020,ENV-01,env01.noise,Good,72,
3390,2026-09-15 23:35:25.020,ENV-01,env01.pm25,Good,45,
3391,2026-09-15 23:35:25.020,ENV-01,env01.pressureDiff,Good,6,
3392,2026-09-15 23:35:25.020,ENV-01,env01.illuminance,Good,475,
3393,2026-09-15 23:35:25.020,ENV-01,env01.tempFluctuation,Good,12.87848,
3394,2026-09-15 23:35:25.025,GW-LINE-B,mtc01.pumpPressure,Good,3,
3395,2026-09-15 23:35:25.025,GW-LINE-B,mtc01.pumpFlow,Good,32,
3396,2026-09-15 23:35:25.025,GW-LINE-B,mtc01.pumpCurrent,Good,4,
3397,2026-09-15 23:35:25.025,GW-LINE-B,mtc01.tempAvg,Good,995.4135,
3398,2026-09-15 23:35:25.032,GW-LINE-B,dry01.dewPoint,Good,-34.8,
3399,2026-09-15 23:35:25.032,GW-LINE-B,dry01.fanCurrent,Good,1.7,
3400,2026-09-15 23:35:25.034,GW-LINE-B,dry01.levelTrend,Good,-5.39678,
3401,2026-09-15 23:35:25.040,GW-LINE-B,rob01.cycleTime,Good,3.2,
3402,2026-09-15 23:35:25.040,GW-LINE-B,rob01.trajectory,Good,8.286448,
3403,2026-09-15 23:35:25.235,IM-01,im01.prodTime,Good,09/15/2026 23:35:25,
3404,2026-09-15 23:35:25.712,IM-01,im01.oilTemp,Good,44.5,
3405,2026-09-15 23:35:25.712,IM-01,im01.energyTotal,Good,1.43583333333382,
3406,2026-09-15 23:35:26.012,EM-01,em01.totalEnergy,Good,3656.46,
3407,2026-09-15 23:35:26.012,EM-01,em01.forwardEnergy,Good,3656.46,
3408,2026-09-15 23:35:26.012,EM-01,em01.voltageA,Good,384,
3409,2026-09-15 23:35:26.012,EM-01,em01.voltageB,Good,376,
3410,2026-09-15 23:35:26.012,EM-01,em01.voltageC,Good,382,
3411,2026-09-15 23:35:26.012,EM-01,em01.currentA,Good,163.3,
3412,2026-09-15 23:35:26.012,EM-01,em01.activePower,Good,117,
3413,2026-09-15 23:35:26.012,EM-01,em01.reactivePower,Good,37,
3414,2026-09-15 23:35:26.012,EM-01,em01.powerFactor,Good,0.941,
3415,2026-09-15 23:35:26.012,EM-01,em01.frequency,Good,49.9,
3416,2026-09-15 23:35:26.012,EM-01,em01.demand,Good,117,
3417,2026-09-15 23:35:26.012,EM-01,em01.energyF64,Good,37.122,
3418,2026-09-15 23:35:26.012,EM-01,em01.unbalance,Good,2.105263,
3419,2026-09-15 23:35:26.020,ENV-01,env01.roomTemp,Good,23.9,
3420,2026-09-15 23:35:26.020,ENV-01,env01.humidity,Good,54,
3421,2026-09-15 23:35:26.020,ENV-01,env01.dewPoint,Good,14.7,
3422,2026-09-15 23:35:26.020,ENV-01,env01.noise,Good,76,
3423,2026-09-15 23:35:26.020,ENV-01,env01.pm25,Good,20,
3424,2026-09-15 23:35:26.020,ENV-01,env01.pressureDiff,Good,11,
3425,2026-09-15 23:35:26.020,ENV-01,env01.illuminance,Good,455,
3426,2026-09-15 23:35:26.020,ENV-01,env01.tempFluctuation,Good,12.05713,
3427,2026-09-15 23:35:26.025,GW-LINE-B,mtc01.actualTemp,Good,99.4,
3428,2026-09-15 23:35:26.025,GW-LINE-B,mtc01.pumpPressure,Good,5,
3429,2026-09-15 23:35:26.025,GW-LINE-B,mtc01.pumpFlow,Good,27,
3430,2026-09-15 23:35:26.025,GW-LINE-B,mtc01.pumpCurrent,Good,5.9,
3431,2026-09-15 23:35:26.025,GW-LINE-B,mtc01.heatPower,Good,8,
3432,2026-09-15 23:35:26.025,GW-LINE-B,mtc01.outletTemp,Good,99.9,
3433,2026-09-15 23:35:26.025,GW-LINE-B,mtc01.tempAvg,Good,994.4261,
3434,2026-09-15 23:35:26.034,GW-LINE-B,dry01.dewPoint,Good,-34.5,
3435,2026-09-15 23:35:26.034,GW-LINE-B,dry01.materialLevel,Good,30,
3436,2026-09-15 23:35:26.034,GW-LINE-B,dry01.heatPower,Good,4,
3437,2026-09-15 23:35:26.036,GW-LINE-B,dry01.levelTrend,Good,-5.427751,
3438,2026-09-15 23:35:26.041,GW-LINE-B,rob01.cycleTime,Good,2.7,
3439,2026-09-15 23:35:26.041,GW-LINE-B,rob01.trajectory,Good,8.065545,
3440,2026-09-15 23:35:26.236,IM-01,im01.prodTime,Good,09/15/2026 23:35:26,
3441,2026-09-15 23:35:26.712,IM-01,im01.moldTemp,Good,84.5,
3442,2026-09-15 23:35:26.712,IM-01,im01.oilTemp,Good,44.9,
3443,2026-09-15 23:35:26.712,IM-01,im01.energyTotal,Good,1.43666666666715,
3444,2026-09-15 23:35:27.013,EM-01,em01.totalEnergy,Good,3659.54,
3445,2026-09-15 23:35:27.013,EM-01,em01.forwardEnergy,Good,3659.54,
3446,2026-09-15 23:35:27.013,EM-01,em01.voltageA,Good,380,
3447,2026-09-15 23:35:27.013,EM-01,em01.voltageB,Good,381,
3448,2026-09-15 23:35:27.013,EM-01,em01.currentA,Good,171.2,
3449,2026-09-15 23:35:27.013,EM-01,em01.activePower,Good,107,
3450,2026-09-15 23:35:27.013,EM-01,em01.reactivePower,Good,26,
3451,2026-09-15 23:35:27.013,EM-01,em01.powerFactor,Good,0.886,
3452,2026-09-15 23:35:27.013,EM-01,em01.frequency,Good,50.03,
3453,2026-09-15 23:35:27.013,EM-01,em01.demand,Good,107,
3454,2026-09-15 23:35:27.013,EM-01,em01.energyF64,Good,37.1532777777778,
3455,2026-09-15 23:35:27.013,EM-01,em01.unbalance,Good,0.5263158,
3456,2026-09-15 23:35:27.021,ENV-01,env01.humidity,Good,53,
3457,2026-09-15 23:35:27.021,ENV-01,env01.noise,Good,74,
3458,2026-09-15 23:35:27.021,ENV-01,env01.pm25,Good,45,
3459,2026-09-15 23:35:27.021,ENV-01,env01.pressureDiff,Good,1,
3460,2026-09-15 23:35:27.021,ENV-01,env01.illuminance,Good,474,
3461,2026-09-15 23:35:27.021,ENV-01,env01.tempFluctuation,Good,11.7742,
3462,2026-09-15 23:35:27.025,GW-LINE-B,mtc01.actualTemp,Good,99.5,
3463,2026-09-15 23:35:27.025,GW-LINE-B,mtc01.pumpPressure,Good,3,
3464,2026-09-15 23:35:27.025,GW-LINE-B,mtc01.pumpFlow,Good,34,
3465,2026-09-15 23:35:27.025,GW-LINE-B,mtc01.pumpCurrent,Good,3.6,
3466,2026-09-15 23:35:27.025,GW-LINE-B,mtc01.outletTemp,Good,100,
3467,2026-09-15 23:35:27.025,GW-LINE-B,mtc01.tempAvg,Good,995.4973,
3468,2026-09-15 23:35:27.033,GW-LINE-B,dry01.dewPoint,Good,-34.9,
3469,2026-09-15 23:35:27.033,GW-LINE-B,dry01.heatPower,Good,5,
3470,2026-09-15 23:35:27.033,GW-LINE-B,dry01.fanCurrent,Good,1.9,
3471,2026-09-15 23:35:27.035,GW-LINE-B,dry01.levelTrend,Good,-5.465005,
3472,2026-09-15 23:35:27.041,GW-LINE-B,rob01.trajectory,Good,8.213196,
3473,2026-09-15 23:35:27.237,IM-01,im01.prodTime,Good,09/15/2026 23:35:27,
3474,2026-09-15 23:35:27.713,IM-01,im01.oilTemp,Good,44.7,
3475,2026-09-15 23:35:27.713,IM-01,im01.energyTotal,Good,1.43750000000048,
3476,2026-09-15 23:35:27.967,GW-LINE-B,mtc01.runSeconds,Good,11809,
3477,2026-09-15 23:35:27.967,GW-LINE-B,mtc01.energyTotal,Good,1.75525000000001,
3478,2026-09-15 23:35:27.967,ENV-01,env01.runSeconds,Good,11809,
3479,2026-09-15 23:35:27.967,ENV-01,env01.sampleTime,Good,09/15/2026 23:35:27,
3480,2026-09-15 23:35:27.969,GW-LINE-B,mtc01.tempDeviation,Good,-0.4,
3481,2026-09-15 23:35:27.969,EM-01,em01.readTime,Good,09/15/2026 23:35:27,
3482,2026-09-15 23:35:27.975,GW-LINE-B,dry01.drySeconds,Good,11185,
3483,2026-09-15 23:35:27.975,GW-LINE-B,dry01.energyTotal,Good,1.81000000000002,
3484,2026-09-15 23:35:27.976,GW-LINE-B,dry01.dewDeviation,Good,0.6,
3485,2026-09-15 23:35:27.982,GW-LINE-B,rob01.runSeconds,Good,11809,
3486,2026-09-15 23:35:27.984,GW-LINE-B,rob01.energyTotal,Good,1.64299999999997,
3487,2026-09-15 23:35:28.014,EM-01,em01.totalEnergy,Good,3662.56,
3488,2026-09-15 23:35:28.014,EM-01,em01.forwardEnergy,Good,3662.56,
3489,2026-09-15 23:35:28.014,EM-01,em01.voltageA,Good,381,
3490,2026-09-15 23:35:28.014,EM-01,em01.voltageB,Good,378,
3491,2026-09-15 23:35:28.014,EM-01,em01.voltageC,Good,384,
3492,2026-09-15 23:35:28.014,EM-01,em01.currentA,Good,184.6,
3493,2026-09-15 23:35:28.014,EM-01,em01.activePower,Good,123,
3494,2026-09-15 23:35:28.014,EM-01,em01.reactivePower,Good,33,
3495,2026-09-15 23:35:28.014,EM-01,em01.powerFactor,Good,0.904,
3496,2026-09-15 23:35:28.014,EM-01,em01.frequency,Good,49.95,
3497,2026-09-15 23:35:28.014,EM-01,em01.demand,Good,123,
3498,2026-09-15 23:35:28.014,EM-01,em01.energyF64,Good,37.1838333333334,
3499,2026-09-15 23:35:28.014,EM-01,em01.unbalance,Good,1.578947,
3500,2026-09-15 23:35:28.021,ENV-01,env01.humidity,Good,55,
3501,2026-09-15 23:35:28.021,ENV-01,env01.dewPoint,Good,15,
3502,2026-09-15 23:35:28.021,ENV-01,env01.noise,Good,75,
3503,2026-09-15 23:35:28.021,ENV-01,env01.pm25,Good,29,
3504,2026-09-15 23:35:28.021,ENV-01,env01.pressureDiff,Good,9,
3505,2026-09-15 23:35:28.021,ENV-01,env01.illuminance,Good,434,
3506,2026-09-15 23:35:28.021,ENV-01,env01.tempFluctuation,Good,12.45856,
3507,2026-09-15 23:35:28.026,GW-LINE-B,mtc01.actualTemp,Good,99.6,
3508,2026-09-15 23:35:28.026,GW-LINE-B,mtc01.pumpPressure,Good,5,
3509,2026-09-15 23:35:28.026,GW-LINE-B,mtc01.pumpFlow,Good,27,
3510,2026-09-15 23:35:28.026,GW-LINE-B,mtc01.pumpCurrent,Good,5.1,
3511,2026-09-15 23:35:28.026,GW-LINE-B,mtc01.heatPower,Good,7,
3512,2026-09-15 23:35:28.026,GW-LINE-B,mtc01.outletTemp,Good,100.1,
3513,2026-09-15 23:35:28.026,GW-LINE-B,mtc01.tempAvg,Good,995.7836,
3514,2026-09-15 23:35:28.034,GW-LINE-B,dry01.dewPoint,Good,-34.3,
3515,2026-09-15 23:35:28.034,GW-LINE-B,dry01.heatPower,Good,6,
3516,2026-09-15 23:35:28.034,GW-LINE-B,dry01.fanCurrent,Good,0.8,
3517,2026-09-15 23:35:28.036,GW-LINE-B,dry01.levelTrend,Good,-5.498446,
3518,2026-09-15 23:35:28.042,GW-LINE-B,rob01.cycleTime,Good,3.1,
3519,2026-09-15 23:35:28.042,GW-LINE-B,rob01.trajectory,Good,8.012919,
