seq,host_time,device,point,quality,value,reason
1,2026-09-16 00:44:01.823,IM-01,im01.statusWord,Good,17,
3,2026-09-16 00:44:01.824,ENV-01,env01.roomTemp,Good,25.9,
2,2026-09-16 00:44:01.824,EM-01,em01.totalEnergy,Good,17.27,
4,2026-09-16 00:44:01.824,GW-LINE-B,mtc01.ready,Good,True,
5,2026-09-16 00:44:01.824,IM-01,im01.alarmCode,Good,0,
6,2026-09-16 00:44:01.825,EM-01,em01.forwardEnergy,Good,17.27,
7,2026-09-16 00:44:01.825,EM-01,em01.voltageA,Good,377,
8,2026-09-16 00:44:01.825,GW-LINE-B,mtc01.heating,Good,False,
9,2026-09-16 00:44:01.826,PROT-02,prot02.stateWord,Good,17,
10,2026-09-16 00:44:01.826,EM-01,em01.voltageB,Good,381,
11,2026-09-16 00:44:01.826,EM-01,em01.voltageC,Good,383,
12,2026-09-16 00:44:01.826,EM-01,em01.currentA,Good,181.4,
13,2026-09-16 00:44:01.826,EM-01,em01.activePower,Good,108,
14,2026-09-16 00:44:01.826,EM-01,em01.reactivePower,Good,35,
15,2026-09-16 00:44:01.826,EM-01,em01.powerFactor,Good,0.908,
16,2026-09-16 00:44:01.826,EM-01,em01.frequency,Good,50.05,
17,2026-09-16 00:44:01.826,EM-01,em01.alarmCode,Good,0,
18,2026-09-16 00:44:01.826,EM-01,em01.demand,Good,108,
19,2026-09-16 00:44:01.826,EM-01,em01.energyF64,Good,0.175472222222222,
20,2026-09-16 00:44:01.826,IM-01,im01.totalMolds,Good,0,
21,2026-09-16 00:44:01.826,IM-01,im01.goodParts,Good,0,
22,2026-09-16 00:44:01.826,EM-01,em01.unbalance,Good,1.578947,
23,2026-09-16 00:44:01.826,IM-01,im01.rejectParts,Good,0,
24,2026-09-16 00:44:01.826,IM-01,im01.cycleTime,Good,30,
25,2026-09-16 00:44:01.826,IM-01,im01.avgCycleTime,Good,30,
26,2026-09-16 00:44:01.826,IM-01,im01.oee,Good,92,
27,2026-09-16 00:44:01.826,IM-01,im01.stage,Good,3,
28,2026-09-16 00:44:01.826,ENV-01,env01.humidity,Good,54,
29,2026-09-16 00:44:01.826,ENV-01,env01.dewPoint,Good,16.9,
30,2026-09-16 00:44:01.826,ENV-01,env01.noise,Good,75,
31,2026-09-16 00:44:01.826,ENV-01,env01.co2,Good,450,
32,2026-09-16 00:44:01.826,ENV-01,env01.pm25,Good,25,
33,2026-09-16 00:44:01.826,ENV-01,env01.pressureDiff,Good,10,
34,2026-09-16 00:44:01.826,ENV-01,env01.illuminance,Good,439,
35,2026-09-16 00:44:01.826,EM-01,em01.energyDual,Good,0,
36,2026-09-16 00:44:01.826,ENV-01,env01.roomTempDual,Good,0,
37,2026-09-16 00:44:01.826,ENV-01,env01.tempFluctuation,Good,18.19427,
38,2026-09-16 00:44:01.826,IM-01,im01.batchNo,Good,2026,
39,2026-09-16 00:44:01.828,GW-LINE-B,mtc01.actualTemp,Good,99.2,
40,2026-09-16 00:44:01.828,GW-LINE-B,mtc01.returnTemp,Good,95.1,
41,2026-09-16 00:44:01.828,GW-LINE-B,mtc01.pumpPressure,Good,3,
42,2026-09-16 00:44:01.828,GW-LINE-B,mtc01.pumpFlow,Good,23,
43,2026-09-16 00:44:01.828,GW-LINE-B,mtc01.pumpCurrent,Good,4,
44,2026-09-16 00:44:01.828,GW-LINE-B,mtc01.heatPower,Good,6,
45,2026-09-16 00:44:01.828,GW-LINE-B,mtc01.outletTemp,Good,99.7,
46,2026-09-16 00:44:01.828,GW-LINE-B,mtc01.tempAvg,Good,991.9767,
47,2026-09-16 00:44:01.828,IM-01,im01.prodTime,Good,09/16/2026 00:44:01,
48,2026-09-16 00:44:01.832,IM-01,im01.ready,Good,True,
49,2026-09-16 00:44:01.832,PROT-02,prot02.singleWord,Good,1234,
50,2026-09-16 00:44:01.832,GW-LINE-B,mtc01.tempDual,Good,0,
51,2026-09-16 00:44:01.832,IM-01,im01.producing,Good,True,
52,2026-09-16 00:44:01.832,IM-01,im01.faultAlarm,Good,False,
53,2026-09-16 00:44:01.832,PROT-02,prot02.twoWordValue,Good,305419896,
54,2026-09-16 00:44:01.834,GW-LINE-B,mtc01.setTemp,Good,100,
55,2026-09-16 00:44:01.834,IM-01,im01.barrel1Temp,Good,219.7,
56,2026-09-16 00:44:01.834,IM-01,im01.barrel5Temp,Good,179.6,
57,2026-09-16 00:44:01.834,IM-01,im01.moldTemp,Good,84.5,
58,2026-09-16 00:44:01.834,IM-01,im01.oilTemp,Good,44.7,
59,2026-09-16 00:44:01.834,IM-01,im01.injectPressure,Good,0,
60,2026-09-16 00:44:01.834,IM-01,im01.injectSpeed,Good,0,
61,2026-09-16 00:44:01.834,IM-01,im01.screwSpeed,Good,197,
62,2026-09-16 00:44:01.834,IM-01,im01.clampPressure,Good,0,
63,2026-09-16 00:44:01.834,IM-01,im01.pumpCurrent,Good,4.3,
64,2026-09-16 00:44:01.834,IM-01,im01.hydraulicPressure,Good,10,
65,2026-09-16 00:44:01.834,IM-01,im01.power,Good,10,
66,2026-09-16 00:44:01.834,IM-01,im01.meltEnergy,Good,10.16779,
67,2026-09-16 00:44:01.834,IM-01,im01.energyTotal,Good,0.0196111111111111,
68,2026-09-16 00:44:01.834,IM-01,im01.moldTempDual,Good,0,
69,2026-09-16 00:44:01.835,EM-01,em01.overDemand,Good,False,
70,2026-09-16 00:44:01.835,GW-LINE-B,dry01.drying,Good,True,
71,2026-09-16 00:44:01.835,IM-01,im01.moldCloseJog,Good,False,
72,2026-09-16 00:44:01.835,GW-LINE-B,dry01.levelLow,Good,False,
73,2026-09-16 00:44:01.835,IM-01,im01.start,Good,False,
74,2026-09-16 00:44:01.835,IM-01,im01.stop,Good,False,
75,2026-09-16 00:44:01.835,IM-01,im01.estop,Good,False,
76,2026-09-16 00:44:01.837,ENV-01,env01.highTempAlarm,Good,False,
77,2026-09-16 00:44:01.837,GW-LINE-B,dry01.dryTemp,Good,79.4,
78,2026-09-16 00:44:01.837,GW-LINE-B,dry01.dewPoint,Good,-34.2,
79,2026-09-16 00:44:01.837,GW-LINE-B,dry01.materialLevel,Good,83,
80,2026-09-16 00:44:01.837,GW-LINE-B,dry01.heatPower,Good,8,
81,2026-09-16 00:44:01.837,GW-LINE-B,dry01.fanCurrent,Good,1.9,
82,2026-09-16 00:44:01.837,GW-LINE-B,dry01.inTemp,Good,444,
83,2026-09-16 00:44:01.837,GW-LINE-B,dry01.outTemp,Good,594,
84,2026-09-16 00:44:01.837,IM-01,im01.workMode,Good,3,
85,2026-09-16 00:44:01.837,IM-01,im01.targetOutput,Good,50000,
86,2026-09-16 00:44:01.837,IM-01,im01.cavitySetTemp,Good,220,
87,2026-09-16 00:44:01.837,IM-01,im01.moldSetTemp,Good,85,
88,2026-09-16 00:44:01.837,IM-01,im01.holdTime,Good,2.5,
89,2026-09-16 00:44:01.837,IM-01,im01.coolTime,Good,15,
90,2026-09-16 00:44:01.837,IM-01,im01.overTempLimit,Good,260,
91,2026-09-16 00:44:01.837,IM-01,im01.moldTempDualSet,Good,25,
92,2026-09-16 00:44:01.837,IM-01,im01.energyBudget,Good,1500,
93,2026-09-16 00:44:01.837,IM-01,im01.planHours,Good,28800,
94,2026-09-16 00:44:01.837,IM-01,im01.ratedPower,Good,75.5,
95,2026-09-16 00:44:01.839,GW-LINE-B,dry01.levelDual,Good,0,
96,2026-09-16 00:44:01.839,GW-LINE-B,dry01.levelTrend,Good,-0.1670559,
97,2026-09-16 00:44:01.839,IM-01,im01.clampForceDev,Good,-32,
98,2026-09-16 00:44:01.839,ENV-01,env01.acSetTemp,Good,26,
99,2026-09-16 00:44:01.841,GW-LINE-B,dry01.setTemp,Good,80,
100,2026-09-16 00:44:01.841,ENV-01,env01.runSeconds,Good,58,
101,2026-09-16 00:44:01.841,ENV-01,env01.sampleTime,Good,09/16/2026 00:44:01,
102,2026-09-16 00:44:01.841,IM-01,im01.recipeName,Good,PC-ABS-757 ??????,
103,2026-09-16 00:44:01.841,IM-01,im01.bootTime,Good,09/16/2026 00:43:54,
104,2026-09-16 00:44:01.841,ENV-01,env01.areaName,Good,注塑车间A区,
105,2026-09-16 00:44:01.841,ENV-01,env01.alarmCode,Good,0,
106,2026-09-16 00:44:01.843,GW-LINE-B,rob01.inPlace,Good,True,
107,2026-09-16 00:44:01.843,EM-01,em01.meterModel,Good,EM-2026-0001,
108,2026-09-16 00:44:01.843,EM-01,em01.readTime,Good,09/16/2026 00:44:01,
109,2026-09-16 00:44:01.845,EM-01,em01.ctRatio,Good,20,
110,2026-09-16 00:44:01.845,EM-01,em01.demandThreshold,Good,150,
111,2026-09-16 00:44:01.845,GW-LINE-B,rob01.cycleTime,Good,2.7,
112,2026-09-16 00:44:01.845,GW-LINE-B,rob01.totalPicks,Good,0,
113,2026-09-16 00:44:01.845,GW-LINE-B,rob01.successPicks,Good,0,
114,2026-09-16 00:44:01.845,GW-LINE-B,rob01.failPicks,Good,0,
115,2026-09-16 00:44:01.845,GW-LINE-B,rob01.posX,Good,0,
116,2026-09-16 00:44:01.845,GW-LINE-B,rob01.posY,Good,1,
117,2026-09-16 00:44:01.845,GW-LINE-B,rob01.posZ,Good,1,
118,2026-09-16 00:44:01.845,GW-LINE-B,rob01.gripState,Good,0,
119,2026-09-16 00:44:01.845,GW-LINE-B,rob01.beat,Good,1161,
120,2026-09-16 00:44:01.845,GW-LINE-B,rob01.posDual,Good,0,
121,2026-09-16 00:44:01.845,GW-LINE-B,rob01.trajectory,Good,0.1721748,
122,2026-09-16 00:44:01.848,GW-LINE-B,mtc01.runSeconds,Good,58,
124,2026-09-16 00:44:01.848,GW-LINE-B,mtc01.energyTotal,Good,0.00875,
123,2026-09-16 00:44:01.848,EM-01,em01.meterNo,Good,EM-2026-0001,
125,2026-09-16 00:44:01.850,ENV-01,env01.acRunning,Good,True,
126,2026-09-16 00:44:01.850,GW-LINE-B,mtc01.tempDeviation,Good,-0.8,
127,2026-09-16 00:44:01.854,GW-LINE-B,mtc01.heatingMode,Good,1,
128,2026-09-16 00:44:01.854,ENV-01,env01.tempDeviation,Good,0,
129,2026-09-16 00:44:01.856,ENV-01,env01.tempAlarmLimit,Good,32,
130,2026-09-16 00:44:01.856,ENV-01,env01.co2Threshold,Good,1000,
131,2026-09-16 00:44:01.856,GW-LINE-B,mtc01.serialNo,Good,MTC-2026-0001,
132,2026-09-16 00:44:01.856,GW-LINE-B,mtc01.calibTime,Good,09/16/2026 00:43:54,
133,2026-09-16 00:44:01.858,ENV-01,env01.areaNameW,Good,注塑车间A区,
134,2026-09-16 00:44:01.859,GW-LINE-B,dry01.drySeconds,Good,58,
135,2026-09-16 00:44:01.859,GW-LINE-B,dry01.energyTotal,Good,0.00911111111111112,
136,2026-09-16 00:44:01.861,GW-LINE-B,dry01.dewDeviation,Good,0.8,
137,2026-09-16 00:44:01.863,GW-LINE-B,dry01.materialBatch,Good,PA66-GF30-0912,
138,2026-09-16 00:44:01.865,GW-LINE-B,dry01.batchBcd,Good,910,
139,2026-09-16 00:44:01.867,GW-LINE-B,rob01.runSeconds,Good,58,
140,2026-09-16 00:44:01.869,GW-LINE-B,rob01.energyTotal,Good,0.00808333333333333,
141,2026-09-16 00:44:01.871,GW-LINE-B,rob01.posDeviation,Good,-100,
142,2026-09-16 00:44:01.873,GW-LINE-B,rob01.pickDelay,Good,2,
143,2026-09-16 00:44:01.875,GW-LINE-B,rob01.programName,Good,PICK-STD-01,
144,2026-09-16 00:44:02.297,IM-01,im01.prodTime,Good,09/16/2026 00:44:02,
145,2026-09-16 00:44:02.796,IM-01,im01.barrel1Temp,Good,219.9,
146,2026-09-16 00:44:02.796,IM-01,im01.barrel5Temp,Good,179.7,
147,2026-09-16 00:44:02.796,IM-01,im01.moldTemp,Good,84.6,
148,2026-09-16 00:44:02.796,IM-01,im01.oilTemp,Good,44.5,
149,2026-09-16 00:44:02.796,IM-01,im01.screwSpeed,Good,205,
150,2026-09-16 00:44:02.796,IM-01,im01.pumpCurrent,Good,5.4,
151,2026-09-16 00:44:02.796,IM-01,im01.hydraulicPressure,Good,16,
152,2026-09-16 00:44:02.796,IM-01,im01.power,Good,14,
153,2026-09-16 00:44:02.796,IM-01,im01.meltEnergy,Good,10.50841,
154,2026-09-16 00:44:02.796,IM-01,im01.energyTotal,Good,0.0225,
155,2026-09-16 00:44:02.798,GW-LINE-B,mtc01.actualTemp,Good,99.3,
156,2026-09-16 00:44:02.798,GW-LINE-B,mtc01.pumpPressure,Good,5,
157,2026-09-16 00:44:02.798,ENV-01,env01.roomTemp,Good,26,
158,2026-09-16 00:44:02.798,GW-LINE-B,mtc01.pumpFlow,Good,34,
159,2026-09-16 00:44:02.798,GW-LINE-B,mtc01.pumpCurrent,Good,4.5,
160,2026-09-16 00:44:02.798,GW-LINE-B,mtc01.heatPower,Good,3,
161,2026-09-16 00:44:02.798,GW-LINE-B,mtc01.outletTemp,Good,99.8,
162,2026-09-16 00:44:02.798,GW-LINE-B,mtc01.tempAvg,Good,992.9103,
163,2026-09-16 00:44:02.798,ENV-01,env01.humidity,Good,55,
164,2026-09-16 00:44:02.798,ENV-01,env01.dewPoint,Good,17.1,
165,2026-09-16 00:44:02.798,ENV-01,env01.pm25,Good,52,
166,2026-09-16 00:44:02.798,ENV-01,env01.pressureDiff,Good,0,
167,2026-09-16 00:44:02.798,ENV-01,env01.illuminance,Good,310,
168,2026-09-16 00:44:02.798,ENV-01,env01.tempFluctuation,Good,18.62958,
169,2026-09-16 00:44:02.804,EM-01,em01.totalEnergy,Good,20.23,
170,2026-09-16 00:44:02.804,EM-01,em01.forwardEnergy,Good,20.23,
171,2026-09-16 00:44:02.804,EM-01,em01.voltageB,Good,378,
172,2026-09-16 00:44:02.804,EM-01,em01.voltageC,Good,379,
173,2026-09-16 00:44:02.804,EM-01,em01.currentA,Good,209.7,
174,2026-09-16 00:44:02.804,EM-01,em01.activePower,Good,102,
175,2026-09-16 00:44:02.804,EM-01,em01.reactivePower,Good,20,
176,2026-09-16 00:44:02.804,EM-01,em01.powerFactor,Good,0.928,
177,2026-09-16 00:44:02.804,EM-01,em01.frequency,Good,50.04,
178,2026-09-16 00:44:02.804,EM-01,em01.demand,Good,102,
179,2026-09-16 00:44:02.804,EM-01,em01.energyF64,Good,0.205638888888889,
180,2026-09-16 00:44:02.804,EM-01,em01.unbalance,Good,0.5263158,
181,2026-09-16 00:44:02.806,GW-LINE-B,dry01.dewPoint,Good,-33.6,
182,2026-09-16 00:44:02.806,GW-LINE-B,dry01.fanCurrent,Good,1.6,
183,2026-09-16 00:44:02.807,GW-LINE-B,dry01.levelTrend,Good,-0.1913473,
184,2026-09-16 00:44:02.813,GW-LINE-B,rob01.cycleTime,Good,2.9,
185,2026-09-16 00:44:02.813,GW-LINE-B,rob01.posZ,Good,2,
186,2026-09-16 00:44:02.813,GW-LINE-B,rob01.trajectory,Good,0.1693208,
187,2026-09-16 00:44:03.300,IM-01,im01.prodTime,Good,09/16/2026 00:44:03,
188,2026-09-16 00:44:03.798,ENV-01,env01.noise,Good,76,
189,2026-09-16 00:44:03.798,ENV-01,env01.pm25,Good,56,
191,2026-09-16 00:44:03.798,ENV-01,env01.pressureDiff,Good,12,
192,2026-09-16 00:44:03.798,ENV-01,env01.illuminance,Good,429,
190,2026-09-16 00:44:03.798,IM-01,im01.barrel1Temp,Good,219.8,
193,2026-09-16 00:44:03.798,IM-01,im01.oilTemp,Good,44.4,
194,2026-09-16 00:44:03.798,IM-01,im01.screwSpeed,Good,215,
195,2026-09-16 00:44:03.798,IM-01,im01.pumpCurrent,Good,7.2,
196,2026-09-16 00:44:03.798,IM-01,im01.hydraulicPressure,Good,20,
197,2026-09-16 00:44:03.798,IM-01,im01.meltEnergy,Good,11.41873,
198,2026-09-16 00:44:03.798,IM-01,im01.energyTotal,Good,0.0260277777777778,
199,2026-09-16 00:44:03.798,ENV-01,env01.tempFluctuation,Good,18.23848,
200,2026-09-16 00:44:03.800,GW-LINE-B,mtc01.pumpPressure,Good,4,
201,2026-09-16 00:44:03.800,GW-LINE-B,mtc01.pumpFlow,Good,25,
202,2026-09-16 00:44:03.800,GW-LINE-B,mtc01.pumpCurrent,Good,5.7,
203,2026-09-16 00:44:03.800,GW-LINE-B,mtc01.heatPower,Good,7,
204,2026-09-16 00:44:03.800,GW-LINE-B,mtc01.tempAvg,Good,992.5518,
205,2026-09-16 00:44:03.800,EM-01,em01.totalEnergy,Good,23.5,
206,2026-09-16 00:44:03.800,EM-01,em01.forwardEnergy,Good,23.5,
207,2026-09-16 00:44:03.800,EM-01,em01.voltageB,Good,377,
208,2026-09-16 00:44:03.800,EM-01,em01.voltageC,Good,380,
209,2026-09-16 00:44:03.800,EM-01,em01.currentA,Good,127.3,
210,2026-09-16 00:44:03.800,EM-01,em01.activePower,Good,132,
211,2026-09-16 00:44:03.800,EM-01,em01.reactivePower,Good,21,
212,2026-09-16 00:44:03.800,EM-01,em01.powerFactor,Good,0.876,
213,2026-09-16 00:44:03.800,EM-01,em01.frequency,Good,49.91,
214,2026-09-16 00:44:03.800,EM-01,em01.demand,Good,132,
215,2026-09-16 00:44:03.800,EM-01,em01.energyF64,Good,0.238861111111111,
216,2026-09-16 00:44:03.800,EM-01,em01.unbalance,Good,0.7894737,
217,2026-09-16 00:44:03.807,GW-LINE-B,dry01.dewPoint,Good,-33.9,
218,2026-09-16 00:44:03.807,GW-LINE-B,dry01.materialLevel,Good,82,
219,2026-09-16 00:44:03.807,GW-LINE-B,dry01.fanCurrent,Good,2,
220,2026-09-16 00:44:03.809,GW-LINE-B,dry01.levelTrend,Good,-0.2185252,
221,2026-09-16 00:44:03.815,GW-LINE-B,rob01.cycleTime,Good,3.1,
222,2026-09-16 00:44:03.815,GW-LINE-B,rob01.posZ,Good,1,
223,2026-09-16 00:44:03.815,GW-LINE-B,rob01.trajectory,Good,-0.05290385,
224,2026-09-16 00:44:04.302,IM-01,im01.prodTime,Good,09/16/2026 00:44:04,
225,2026-09-16 00:44:04.797,IM-01,im01.barrel1Temp,Good,219.5,
226,2026-09-16 00:44:04.797,IM-01,im01.barrel5Temp,Good,179.6,
227,2026-09-16 00:44:04.797,IM-01,im01.moldTemp,Good,84.5,
228,2026-09-16 00:44:04.797,IM-01,im01.oilTemp,Good,44.5,
229,2026-09-16 00:44:04.797,IM-01,im01.screwSpeed,Good,164,
230,2026-09-16 00:44:04.797,IM-01,im01.pumpCurrent,Good,8.5,
231,2026-09-16 00:44:04.797,IM-01,im01.hydraulicPressure,Good,1,
232,2026-09-16 00:44:04.797,IM-01,im01.power,Good,15,
233,2026-09-16 00:44:04.797,IM-01,im01.meltEnergy,Good,8.020401,
234,2026-09-16 00:44:04.797,IM-01,im01.energyTotal,Good,0.0292222222222222,
235,2026-09-16 00:44:04.798,ENV-01,env01.roomTemp,Good,26.1,
236,2026-09-16 00:44:04.798,ENV-01,env01.noise,Good,71,
237,2026-09-16 00:44:04.798,ENV-01,env01.pm25,Good,40,
238,2026-09-16 00:44:04.798,ENV-01,env01.illuminance,Good,317,
239,2026-09-16 00:44:04.798,ENV-01,env01.tempFluctuation,Good,18.90841,
240,2026-09-16 00:44:04.800,GW-LINE-B,mtc01.actualTemp,Good,99.2,
241,2026-09-16 00:44:04.802,GW-LINE-B,mtc01.pumpPressure,Good,2,
242,2026-09-16 00:44:04.802,GW-LINE-B,mtc01.pumpFlow,Good,30,
243,2026-09-16 00:44:04.802,GW-LINE-B,mtc01.pumpCurrent,Good,4.8,
244,2026-09-16 00:44:04.802,GW-LINE-B,mtc01.heatPower,Good,3,
245,2026-09-16 00:44:04.802,GW-LINE-B,mtc01.outletTemp,Good,99.7,
246,2026-09-16 00:44:04.802,GW-LINE-B,mtc01.tempAvg,Good,991.6326,
247,2026-09-16 00:44:04.805,EM-01,em01.totalEnergy,Good,26.75,
248,2026-09-16 00:44:04.805,EM-01,em01.forwardEnergy,Good,26.75,
249,2026-09-16 00:44:04.805,EM-01,em01.voltageA,Good,376,
250,2026-09-16 00:44:04.805,EM-01,em01.voltageB,Good,383,
251,2026-09-16 00:44:04.805,EM-01,em01.voltageC,Good,378,
252,2026-09-16 00:44:04.805,EM-01,em01.currentA,Good,155.3,
253,2026-09-16 00:44:04.805,EM-01,em01.activePower,Good,120,
254,2026-09-16 00:44:04.805,EM-01,em01.reactivePower,Good,33,
255,2026-09-16 00:44:04.805,EM-01,em01.powerFactor,Good,0.95,
256,2026-09-16 00:44:04.805,EM-01,em01.frequency,Good,49.94,
257,2026-09-16 00:44:04.805,EM-01,em01.demand,Good,120,
258,2026-09-16 00:44:04.805,EM-01,em01.energyF64,Good,0.271833333333333,
259,2026-09-16 00:44:04.805,EM-01,em01.unbalance,Good,1.842105,
260,2026-09-16 00:44:04.812,GW-LINE-B,dry01.dewPoint,Good,-33.7,
261,2026-09-16 00:44:04.812,GW-LINE-B,dry01.heatPower,Good,7,
262,2026-09-16 00:44:04.812,GW-LINE-B,dry01.fanCurrent,Good,1.7,
263,2026-09-16 00:44:04.813,GW-LINE-B,dry01.levelTrend,Good,-0.2548503,
264,2026-09-16 00:44:04.820,GW-LINE-B,rob01.cycleTime,Good,2.7,
265,2026-09-16 00:44:04.820,GW-LINE-B,rob01.posZ,Good,0,
266,2026-09-16 00:44:04.820,GW-LINE-B,rob01.trajectory,Good,0.157186,
267,2026-09-16 00:44:05.302,IM-01,im01.prodTime,Good,09/16/2026 00:44:05,
268,2026-09-16 00:44:05.797,IM-01,im01.barrel1Temp,Good,219.7,
269,2026-09-16 00:44:05.797,IM-01,im01.moldTemp,Good,84.6,
270,2026-09-16 00:44:05.797,IM-01,im01.oilTemp,Good,44.7,
271,2026-09-16 00:44:05.797,IM-01,im01.screwSpeed,Good,198,
272,2026-09-16 00:44:05.797,IM-01,im01.pumpCurrent,Good,4.9,
273,2026-09-16 00:44:05.797,IM-01,im01.hydraulicPressure,Good,14,
274,2026-09-16 00:44:05.797,IM-01,im01.meltEnergy,Good,9.751066,
275,2026-09-16 00:44:05.797,IM-01,im01.energyTotal,Good,0.0327777777777778,
276,2026-09-16 00:44:05.798,ENV-01,env01.humidity,Good,54,
277,2026-09-16 00:44:05.798,ENV-01,env01.dewPoint,Good,17,
278,2026-09-16 00:44:05.798,ENV-01,env01.noise,Good,74,
279,2026-09-16 00:44:05.798,ENV-01,env01.pm25,Good,34,
280,2026-09-16 00:44:05.798,ENV-01,env01.pressureDiff,Good,7,
281,2026-09-16 00:44:05.798,ENV-01,env01.illuminance,Good,457,
282,2026-09-16 00:44:05.798,ENV-01,env01.tempFluctuation,Good,19.27547,
283,2026-09-16 00:44:05.800,EM-01,em01.totalEnergy,Good,30,
284,2026-09-16 00:44:05.801,EM-01,em01.forwardEnergy,Good,30,
285,2026-09-16 00:44:05.801,EM-01,em01.voltageA,Good,379,
286,2026-09-16 00:44:05.801,EM-01,em01.voltageB,Good,380,
287,2026-09-16 00:44:05.801,EM-01,em01.voltageC,Good,384,
288,2026-09-16 00:44:05.801,EM-01,em01.currentA,Good,128.5,
289,2026-09-16 00:44:05.801,EM-01,em01.reactivePower,Good,20,
290,2026-09-16 00:44:05.801,EM-01,em01.powerFactor,Good,0.873,
291,2026-09-16 00:44:05.801,EM-01,em01.frequency,Good,49.95,
292,2026-09-16 00:44:05.801,EM-01,em01.energyF64,Good,0.304777777777778,
293,2026-09-16 00:44:05.801,EM-01,em01.unbalance,Good,1.315789,
294,2026-09-16 00:44:05.801,GW-LINE-B,mtc01.actualTemp,Good,99.3,
295,2026-09-16 00:44:05.801,GW-LINE-B,mtc01.pumpPressure,Good,4,
296,2026-09-16 00:44:05.801,GW-LINE-B,mtc01.pumpFlow,Good,15,
297,2026-09-16 00:44:05.801,GW-LINE-B,mtc01.pumpCurrent,Good,4.3,
298,2026-09-16 00:44:05.801,GW-LINE-B,mtc01.outletTemp,Good,99.8,
299,2026-09-16 00:44:05.801,GW-LINE-B,mtc01.tempAvg,Good,993.0753,
300,2026-09-16 00:44:05.808,GW-LINE-B,dry01.dewPoint,Good,-34.1,
301,2026-09-16 00:44:05.808,GW-LINE-B,dry01.fanCurrent,Good,0.8,
302,2026-09-16 00:44:05.810,GW-LINE-B,dry01.levelTrend,Good,-0.2818671,
303,2026-09-16 00:44:05.816,GW-LINE-B,rob01.cycleTime,Good,2.9,
304,2026-09-16 00:44:05.816,GW-LINE-B,rob01.posY,Good,0,
305,2026-09-16 00:44:05.816,GW-LINE-B,rob01.trajectory,Good,0.2420296,
306,2026-09-16 00:44:06.303,IM-01,im01.prodTime,Good,09/16/2026 00:44:06,
307,2026-09-16 00:44:06.795,GW-LINE-B,mtc01.runSeconds,Good,107,
308,2026-09-16 00:44:06.795,GW-LINE-B,mtc01.energyTotal,Good,0.0158888888888889,
309,2026-09-16 00:44:06.797,GW-LINE-B,mtc01.tempDeviation,Good,-0.6,
310,2026-09-16 00:44:06.798,IM-01,im01.clampForceDev,Good,-40,
311,2026-09-16 00:44:06.802,ENV-01,env01.runSeconds,Good,107,
312,2026-09-16 00:44:06.802,ENV-01,env01.sampleTime,Good,09/16/2026 00:44:06,
313,2026-09-16 00:44:06.803,IM-01,im01.barrel1Temp,Good,219.8,
314,2026-09-16 00:44:06.803,IM-01,im01.barrel5Temp,Good,179.8,
315,2026-09-16 00:44:06.803,IM-01,im01.moldTemp,Good,84.5,
316,2026-09-16 00:44:06.803,IM-01,im01.oilTemp,Good,44.5,
317,2026-09-16 00:44:06.803,IM-01,im01.screwSpeed,Good,225,
318,2026-09-16 00:44:06.803,IM-01,im01.pumpCurrent,Good,7.7,
319,2026-09-16 00:44:06.803,IM-01,im01.hydraulicPressure,Good,2,
320,2026-09-16 00:44:06.803,IM-01,im01.power,Good,10,
321,2026-09-16 00:44:06.803,IM-01,im01.meltEnergy,Good,11.34626,
322,2026-09-16 00:44:06.803,IM-01,im01.energyTotal,Good,0.0361111111111111,
323,2026-09-16 00:44:06.805,GW-LINE-B,dry01.drySeconds,Good,107,
324,2026-09-16 00:44:06.805,GW-LINE-B,dry01.energyTotal,Good,0.0172222222222222,
325,2026-09-16 00:44:06.808,EM-01,em01.readTime,Good,09/16/2026 00:44:06,
326,2026-09-16 00:44:06.808,GW-LINE-B,dry01.dewDeviation,Good,1.6,
327,2026-09-16 00:44:06.813,EM-01,em01.totalEnergy,Good,33.48,
328,2026-09-16 00:44:06.813,EM-01,em01.forwardEnergy,Good,33.48,
329,2026-09-16 00:44:06.813,EM-01,em01.voltageA,Good,381,
330,2026-09-16 00:44:06.813,EM-01,em01.voltageB,Good,377,
331,2026-09-16 00:44:06.813,EM-01,em01.voltageC,Good,379,
332,2026-09-16 00:44:06.813,EM-01,em01.currentA,Good,149,
333,2026-09-16 00:44:06.813,EM-01,em01.activePower,Good,129,
334,2026-09-16 00:44:06.813,EM-01,em01.reactivePower,Good,22,
335,2026-09-16 00:44:06.813,EM-01,em01.powerFactor,Good,0.92,
336,2026-09-16 00:44:06.813,EM-01,em01.frequency,Good,50,
337,2026-09-16 00:44:06.813,EM-01,em01.demand,Good,129,
338,2026-09-16 00:44:06.813,EM-01,em01.energyF64,Good,0.340166666666667,
339,2026-09-16 00:44:06.813,EM-01,em01.unbalance,Good,1.052632,
340,2026-09-16 00:44:06.814,GW-LINE-B,rob01.runSeconds,Good,107,
341,2026-09-16 00:44:06.816,GW-LINE-B,rob01.energyTotal,Good,0.0141388888888889,
343,2026-09-16 00:44:06.821,ENV-01,env01.roomTemp,Good,26,
344,2026-09-16 00:44:06.821,ENV-01,env01.dewPoint,Good,16.9,
345,2026-09-16 00:44:06.821,ENV-01,env01.noise,Good,76,
346,2026-09-16 00:44:06.821,ENV-01,env01.pm25,Good,24,
347,2026-09-16 00:44:06.821,ENV-01,env01.pressureDiff,Good,10,
348,2026-09-16 00:44:06.821,ENV-01,env01.illuminance,Good,464,
349,2026-09-16 00:44:06.821,ENV-01,env01.tempFluctuation,Good,18.96722,
350,2026-09-16 00:44:06.826,GW-LINE-B,mtc01.actualTemp,Good,99.4,
351,2026-09-16 00:44:06.826,GW-LINE-B,mtc01.pumpPressure,Good,5,
352,2026-09-16 00:44:06.826,GW-LINE-B,mtc01.pumpCurrent,Good,4.8,
353,2026-09-16 00:44:06.826,GW-LINE-B,mtc01.heatPower,Good,7,
354,2026-09-16 00:44:06.826,GW-LINE-B,mtc01.outletTemp,Good,99.9,
355,2026-09-16 00:44:06.826,GW-LINE-B,mtc01.tempAvg,Good,993.9034,
356,2026-09-16 00:44:06.836,GW-LINE-B,dry01.dewPoint,Good,-33.3,
357,2026-09-16 00:44:06.836,GW-LINE-B,dry01.materialLevel,Good,81,
358,2026-09-16 00:44:06.836,GW-LINE-B,dry01.heatPower,Good,8,
359,2026-09-16 00:44:06.836,GW-LINE-B,dry01.fanCurrent,Good,1.3,
360,2026-09-16 00:44:06.838,GW-LINE-B,dry01.levelTrend,Good,-0.3176658,
361,2026-09-16 00:44:06.843,GW-LINE-B,rob01.cycleTime,Good,3.2,
362,2026-09-16 00:44:06.843,GW-LINE-B,rob01.posY,Good,1,
363,2026-09-16 00:44:06.843,GW-LINE-B,rob01.trajectory,Good,-0.2365347,
364,2026-09-16 00:44:07.308,IM-01,im01.prodTime,Good,09/16/2026 00:44:07,
365,2026-09-16 00:44:07.802,IM-01,im01.barrel1Temp,Good,207.7,
366,2026-09-16 00:44:07.802,IM-01,im01.barrel5Temp,Good,179.7,
367,2026-09-16 00:44:07.802,IM-01,im01.moldTemp,Good,84.6,
368,2026-09-16 00:44:07.802,IM-01,im01.oilTemp,Good,44.4,
369,2026-09-16 00:44:07.802,IM-01,im01.screwSpeed,Good,198,
370,2026-09-16 00:44:07.802,IM-01,im01.pumpCurrent,Good,8.8,
371,2026-09-16 00:44:07.802,IM-01,im01.hydraulicPressure,Good,16,
372,2026-09-16 00:44:07.802,IM-01,im01.power,Good,11,
373,2026-09-16 00:44:07.802,IM-01,im01.meltEnergy,Good,9.617251,
374,2026-09-16 00:44:07.802,IM-01,im01.energyTotal,Good,0.0396666666666667,
375,2026-09-16 00:44:07.814,EM-01,em01.totalEnergy,Good,36.73,
376,2026-09-16 00:44:07.814,EM-01,em01.forwardEnergy,Good,36.73,
377,2026-09-16 00:44:07.814,EM-01,em01.voltageA,Good,385,
378,2026-09-16 00:44:07.814,EM-01,em01.voltageB,Good,386,
379,2026-09-16 00:44:07.814,EM-01,em01.voltageC,Good,375,
380,2026-09-16 00:44:07.814,EM-01,em01.currentA,Good,212.7,
381,2026-09-16 00:44:07.814,EM-01,em01.activePower,Good,109,
382,2026-09-16 00:44:07.814,EM-01,em01.reactivePower,Good,34,
383,2026-09-16 00:44:07.814,EM-01,em01.powerFactor,Good,0.902,
384,2026-09-16 00:44:07.814,EM-01,em01.frequency,Good,50.08,
385,2026-09-16 00:44:07.814,EM-01,em01.demand,Good,109,
386,2026-09-16 00:44:07.814,EM-01,em01.energyF64,Good,0.373222222222222,
387,2026-09-16 00:44:07.814,EM-01,em01.unbalance,Good,2.894737,
388,2026-09-16 00:44:07.822,ENV-01,env01.dewPoint,Good,17,
389,2026-09-16 00:44:07.822,ENV-01,env01.noise,Good,73,
390,2026-09-16 00:44:07.822,ENV-01,env01.pm25,Good,57,
391,2026-09-16 00:44:07.822,ENV-01,env01.illuminance,Good,318,
392,2026-09-16 00:44:07.822,ENV-01,env01.tempFluctuation,Good,18.30237,
393,2026-09-16 00:44:07.828,GW-LINE-B,mtc01.actualTemp,Good,99.5,
394,2026-09-16 00:44:07.828,GW-LINE-B,mtc01.pumpFlow,Good,24,
395,2026-09-16 00:44:07.828,GW-LINE-B,mtc01.pumpCurrent,Good,3,
396,2026-09-16 00:44:07.828,GW-LINE-B,mtc01.heatPower,Good,4,
397,2026-09-16 00:44:07.828,GW-LINE-B,mtc01.outletTemp,Good,100,
398,2026-09-16 00:44:07.828,GW-LINE-B,mtc01.tempAvg,Good,995.0934,
399,2026-09-16 00:44:07.837,GW-LINE-B,dry01.dewPoint,Good,-33.9,
400,2026-09-16 00:44:07.837,GW-LINE-B,dry01.heatPower,Good,7,
401,2026-09-16 00:44:07.837,GW-LINE-B,dry01.fanCurrent,Good,1.1,
402,2026-09-16 00:44:07.839,GW-LINE-B,dry01.levelTrend,Good,-0.3482827,
403,2026-09-16 00:44:07.846,GW-LINE-B,rob01.cycleTime,Good,2.9,
404,2026-09-16 00:44:07.846,GW-LINE-B,rob01.posY,Good,2,
405,2026-09-16 00:44:07.846,GW-LINE-B,rob01.trajectory,Good,-0.2889531,
406,2026-09-16 00:44:08.311,IM-01,im01.prodTime,Good,09/16/2026 00:44:08,
407,2026-09-16 00:44:08.803,IM-01,im01.barrel1Temp,Good,205.2,
408,2026-09-16 00:44:08.803,IM-01,im01.barrel5Temp,Good,179.6,
409,2026-09-16 00:44:08.803,IM-01,im01.moldTemp,Good,84.5,
410,2026-09-16 00:44:08.803,IM-01,im01.oilTemp,Good,44.2,
411,2026-09-16 00:44:08.803,IM-01,im01.screwSpeed,Good,182,
412,2026-09-16 00:44:08.803,IM-01,im01.pumpCurrent,Good,3.3,
413,2026-09-16 00:44:08.803,IM-01,im01.hydraulicPressure,Good,19,
414,2026-09-16 00:44:08.803,IM-01,im01.meltEnergy,Good,9.774832,
415,2026-09-16 00:44:08.803,IM-01,im01.energyTotal,Good,0.0431666666666667,
416,2026-09-16 00:44:08.815,EM-01,em01.totalEnergy,Good,39.92,
417,2026-09-16 00:44:08.815,EM-01,em01.forwardEnergy,Good,39.92,
418,2026-09-16 00:44:08.815,EM-01,em01.voltageA,Good,380,
419,2026-09-16 00:44:08.815,EM-01,em01.voltageB,Good,380,
420,2026-09-16 00:44:08.815,EM-01,em01.voltageC,Good,379,
421,2026-09-16 00:44:08.815,EM-01,em01.currentA,Good,122.4,
422,2026-09-16 00:44:08.815,EM-01,em01.activePower,Good,106,
423,2026-09-16 00:44:08.815,EM-01,em01.reactivePower,Good,21,
424,2026-09-16 00:44:08.815,EM-01,em01.powerFactor,Good,0.949,
425,2026-09-16 00:44:08.815,EM-01,em01.frequency,Good,50,
426,2026-09-16 00:44:08.815,EM-01,em01.demand,Good,106,
427,2026-09-16 00:44:08.815,EM-01,em01.energyF64,Good,0.405611111111111,
428,2026-09-16 00:44:08.815,EM-01,em01.unbalance,Good,0.2631579,
429,2026-09-16 00:44:08.822,ENV-01,env01.humidity,Good,56,
430,2026-09-16 00:44:08.822,ENV-01,env01.dewPoint,Good,17.3,
431,2026-09-16 00:44:08.822,ENV-01,env01.noise,Good,70,
432,2026-09-16 00:44:08.822,ENV-01,env01.pm25,Good,20,
433,2026-09-16 00:44:08.822,ENV-01,env01.pressureDiff,Good,4,
434,2026-09-16 00:44:08.822,ENV-01,env01.illuminance,Good,335,
435,2026-09-16 00:44:08.822,ENV-01,env01.tempFluctuation,Good,18.88014,
436,2026-09-16 00:44:08.827,GW-LINE-B,mtc01.actualTemp,Good,99.4,
437,2026-09-16 00:44:08.827,GW-LINE-B,mtc01.pumpFlow,Good,27,
438,2026-09-16 00:44:08.827,GW-LINE-B,mtc01.pumpCurrent,Good,3.5,
439,2026-09-16 00:44:08.827,GW-LINE-B,mtc01.heatPower,Good,3,
440,2026-09-16 00:44:08.827,GW-LINE-B,mtc01.outletTemp,Good,99.9,
441,2026-09-16 00:44:08.827,GW-LINE-B,mtc01.tempAvg,Good,994.3395,
442,2026-09-16 00:44:08.835,GW-LINE-B,dry01.dewPoint,Good,-34.8,
443,2026-09-16 00:44:08.835,GW-LINE-B,dry01.heatPower,Good,4,
444,2026-09-16 00:44:08.835,GW-LINE-B,dry01.fanCurrent,Good,0.9,
445,2026-09-16 00:44:08.838,GW-LINE-B,dry01.levelTrend,Good,-0.3782835,
446,2026-09-16 00:44:08.842,GW-LINE-B,rob01.inPlace,Good,False,
447,2026-09-16 00:44:08.844,GW-LINE-B,rob01.cycleTime,Good,3.1,
448,2026-09-16 00:44:08.844,GW-LINE-B,rob01.posX,Good,101,
449,2026-09-16 00:44:08.844,GW-LINE-B,rob01.posY,Good,304,
450,2026-09-16 00:44:08.844,GW-LINE-B,rob01.posZ,Good,79,
451,2026-09-16 00:44:08.844,GW-LINE-B,rob01.gripState,Good,1,
452,2026-09-16 00:44:08.844,GW-LINE-B,rob01.trajectory,Good,100.7283,
453,2026-09-16 00:44:09.310,IM-01,im01.prodTime,Good,09/16/2026 00:44:09,
454,2026-09-16 00:44:09.804,IM-01,im01.barrel1Temp,Good,204.8,
455,2026-09-16 00:44:09.805,IM-01,im01.barrel5Temp,Good,179.7,
456,2026-09-16 00:44:09.805,IM-01,im01.oilTemp,Good,44.3,
457,2026-09-16 00:44:09.806,IM-01,im01.screwSpeed,Good,235,
458,2026-09-16 00:44:09.806,IM-01,im01.pumpCurrent,Good,8.1,
459,2026-09-16 00:44:09.806,IM-01,im01.hydraulicPressure,Good,8,
460,2026-09-16 00:44:09.806,IM-01,im01.power,Good,14,
461,2026-09-16 00:44:09.806,IM-01,im01.meltEnergy,Good,11.45186,
462,2026-09-16 00:44:09.806,IM-01,im01.energyTotal,Good,0.0468055555555556,
463,2026-09-16 00:44:09.815,EM-01,em01.totalEnergy,Good,42.86,
464,2026-09-16 00:44:09.815,EM-01,em01.forwardEnergy,Good,42.86,
465,2026-09-16 00:44:09.815,EM-01,em01.voltageA,Good,385,
466,2026-09-16 00:44:09.815,EM-01,em01.voltageB,Good,386,
467,2026-09-16 00:44:09.815,EM-01,em01.voltageC,Good,383,
468,2026-09-16 00:44:09.815,EM-01,em01.currentA,Good,213.9,
469,2026-09-16 00:44:09.815,EM-01,em01.activePower,Good,104,
470,2026-09-16 00:44:09.815,EM-01,em01.reactivePower,Good,30,
471,2026-09-16 00:44:09.815,EM-01,em01.powerFactor,Good,0.916,
472,2026-09-16 00:44:09.815,EM-01,em01.frequency,Good,50.04,
473,2026-09-16 00:44:09.815,EM-01,em01.demand,Good,104,
474,2026-09-16 00:44:09.815,EM-01,em01.energyF64,Good,0.435527777777778,
475,2026-09-16 00:44:09.815,EM-01,em01.unbalance,Good,0.7894737,
476,2026-09-16 00:44:09.823,ENV-01,env01.humidity,Good,57,
477,2026-09-16 00:44:09.823,ENV-01,env01.dewPoint,Good,17.4,
478,2026-09-16 00:44:09.823,ENV-01,env01.noise,Good,77,
479,2026-09-16 00:44:09.823,ENV-01,env01.pm25,Good,45,
480,2026-09-16 00:44:09.823,ENV-01,env01.pressureDiff,Good,5,
481,2026-09-16 00:44:09.823,ENV-01,env01.illuminance,Good,365,
482,2026-09-16 00:44:09.823,ENV-01,env01.tempFluctuation,Good,18.52464,
483,2026-09-16 00:44:09.828,GW-LINE-B,mtc01.pumpPressure,Good,3,
484,2026-09-16 00:44:09.828,GW-LINE-B,mtc01.pumpCurrent,Good,5.3,
485,2026-09-16 00:44:09.828,GW-LINE-B,mtc01.heatPower,Good,5,
486,2026-09-16 00:44:09.828,GW-LINE-B,mtc01.tempAvg,Good,993.5393,
487,2026-09-16 00:44:09.836,GW-LINE-B,dry01.dewPoint,Good,-34.7,
488,2026-09-16 00:44:09.836,GW-LINE-B,dry01.materialLevel,Good,80,
489,2026-09-16 00:44:09.836,GW-LINE-B,dry01.heatPower,Good,8,
490,2026-09-16 00:44:09.836,GW-LINE-B,dry01.fanCurrent,Good,1.6,
491,2026-09-16 00:44:09.838,GW-LINE-B,dry01.levelTrend,Good,-0.4085103,
492,2026-09-16 00:44:09.845,GW-LINE-B,rob01.cycleTime,Good,3.2,
493,2026-09-16 00:44:09.845,GW-LINE-B,rob01.posY,Good,301,
494,2026-09-16 00:44:09.845,GW-LINE-B,rob01.posZ,Good,83,
495,2026-09-16 00:44:09.845,GW-LINE-B,rob01.trajectory,Good,100.9339,
496,2026-09-16 00:44:10.311,IM-01,im01.prodTime,Good,09/16/2026 00:44:10,
497,2026-09-16 00:44:10.804,IM-01,im01.barrel1Temp,Good,204.4,
498,2026-09-16 00:44:10.804,IM-01,im01.barrel5Temp,Good,179.6,
499,2026-09-16 00:44:10.804,IM-01,im01.moldTemp,Good,84.6,
500,2026-09-16 00:44:10.804,IM-01,im01.oilTemp,Good,44.6,
501,2026-09-16 00:44:10.804,IM-01,im01.screwSpeed,Good,181,
502,2026-09-16 00:44:10.804,IM-01,im01.pumpCurrent,Good,3,
503,2026-09-16 00:44:10.804,IM-01,im01.hydraulicPressure,Good,10,
504,2026-09-16 00:44:10.804,IM-01,im01.power,Good,13,
505,2026-09-16 00:44:10.804,IM-01,im01.meltEnergy,Good,8.422471,
506,2026-09-16 00:44:10.804,IM-01,im01.energyTotal,Good,0.0504166666666667,
507,2026-09-16 00:44:10.816,EM-01,em01.totalEnergy,Good,46.05,
508,2026-09-16 00:44:10.816,EM-01,em01.forwardEnergy,Good,46.05,
509,2026-09-16 00:44:10.816,EM-01,em01.voltageA,Good,377,
510,2026-09-16 00:44:10.816,EM-01,em01.voltageC,Good,374,
511,2026-09-16 00:44:10.816,EM-01,em01.currentA,Good,144,
512,2026-09-16 00:44:10.816,EM-01,em01.activePower,Good,113,
513,2026-09-16 00:44:10.816,EM-01,em01.reactivePower,Good,22,
514,2026-09-16 00:44:10.816,EM-01,em01.powerFactor,Good,0.924,
515,2026-09-16 00:44:10.816,EM-01,em01.frequency,Good,50.05,
516,2026-09-16 00:44:10.816,EM-01,em01.demand,Good,113,
517,2026-09-16 00:44:10.816,EM-01,em01.energyF64,Good,0.467888888888889,
518,2026-09-16 00:44:10.816,EM-01,em01.unbalance,Good,3.157895,
519,2026-09-16 00:44:10.823,ENV-01,env01.roomTemp,Good,25.9,
520,2026-09-16 00:44:10.823,ENV-01,env01.noise,Good,70,
521,2026-09-16 00:44:10.823,ENV-01,env01.pm25,Good,23,
522,2026-09-16 00:44:10.823,ENV-01,env01.pressureDiff,Good,-2,
523,2026-09-16 00:44:10.823,ENV-01,env01.illuminance,Good,367,
524,2026-09-16 00:44:10.823,ENV-01,env01.tempFluctuation,Good,17.80271,
525,2026-09-16 00:44:10.828,GW-LINE-B,mtc01.actualTemp,Good,99.3,
526,2026-09-16 00:44:10.828,GW-LINE-B,mtc01.pumpPressure,Good,2,
527,2026-09-16 00:44:10.828,GW-LINE-B,mtc01.pumpFlow,Good,40,
528,2026-09-16 00:44:10.828,GW-LINE-B,mtc01.pumpCurrent,Good,5.4,
529,2026-09-16 00:44:10.828,GW-LINE-B,mtc01.heatPower,Good,4,
530,2026-09-16 00:44:10.828,GW-LINE-B,mtc01.outletTemp,Good,99.8,
531,2026-09-16 00:44:10.828,GW-LINE-B,mtc01.tempAvg,Good,992.7255,
532,2026-09-16 00:44:10.838,GW-LINE-B,dry01.dewPoint,Good,-34.4,
533,2026-09-16 00:44:10.838,GW-LINE-B,dry01.fanCurrent,Good,1.5,
534,2026-09-16 00:44:10.840,GW-LINE-B,dry01.levelTrend,Good,-0.4356619,
535,2026-09-16 00:44:10.846,GW-LINE-B,rob01.cycleTime,Good,3,
536,2026-09-16 00:44:10.846,GW-LINE-B,rob01.posX,Good,0,
537,2026-09-16 00:44:10.846,GW-LINE-B,rob01.posY,Good,398,
538,2026-09-16 00:44:10.846,GW-LINE-B,rob01.posZ,Good,203,
539,2026-09-16 00:44:10.846,GW-LINE-B,rob01.trajectory,Good,0.1149054,
540,2026-09-16 00:44:11.312,IM-01,im01.statusWord,Good,33,
541,2026-09-16 00:44:11.312,IM-01,im01.stage,Good,4,
542,2026-09-16 00:44:11.312,IM-01,im01.prodTime,Good,09/16/2026 00:44:11,
543,2026-09-16 00:44:11.795,GW-LINE-B,mtc01.runSeconds,Good,157,
544,2026-09-16 00:44:11.795,GW-LINE-B,mtc01.energyTotal,Good,0.0233055555555556,
545,2026-09-16 00:44:11.795,IM-01,im01.cavitySetTemp,Good,205,
546,2026-09-16 00:44:11.796,ENV-01,env01.runSeconds,Good,157,
547,2026-09-16 00:44:11.796,ENV-01,env01.sampleTime,Good,09/16/2026 00:44:11,
548,2026-09-16 00:44:11.797,IM-01,im01.clampForceDev,Good,-48,
549,2026-09-16 00:44:11.803,GW-LINE-B,dry01.drySeconds,Good,157,
550,2026-09-16 00:44:11.803,GW-LINE-B,dry01.energyTotal,Good,0.0249722222222222,
551,2026-09-16 00:44:11.804,EM-01,em01.readTime,Good,09/16/2026 00:44:11,
552,2026-09-16 00:44:11.805,GW-LINE-B,dry01.dewDeviation,Good,0.6,
553,2026-09-16 00:44:11.805,IM-01,im01.barrel1Temp,Good,204.7,
554,2026-09-16 00:44:11.805,IM-01,im01.barrel5Temp,Good,179.7,
555,2026-09-16 00:44:11.805,IM-01,im01.oilTemp,Good,44.5,
556,2026-09-16 00:44:11.805,IM-01,im01.screwSpeed,Good,0,
557,2026-09-16 00:44:11.805,IM-01,im01.pumpCurrent,Good,2.2,
558,2026-09-16 00:44:11.805,IM-01,im01.hydraulicPressure,Good,8,
559,2026-09-16 00:44:11.805,IM-01,im01.power,Good,20,
560,2026-09-16 00:44:11.805,IM-01,im01.meltEnergy,Good,0,
561,2026-09-16 00:44:11.805,IM-01,im01.energyTotal,Good,0.05625,
562,2026-09-16 00:44:11.811,GW-LINE-B,rob01.runSeconds,Good,157,
563,2026-09-16 00:44:11.813,GW-LINE-B,rob01.energyTotal,Good,0.0209444444444444,
564,2026-09-16 00:44:11.815,GW-LINE-B,rob01.posDeviation,Good,-99,
565,2026-09-16 00:44:11.818,EM-01,em01.totalEnergy,Good,49.03,
566,2026-09-16 00:44:11.818,EM-01,em01.forwardEnergy,Good,49.03,
567,2026-09-16 00:44:11.818,EM-01,em01.voltageA,Good,385,
568,2026-09-16 00:44:11.818,EM-01,em01.voltageB,Good,376,
569,2026-09-16 00:44:11.818,EM-01,em01.voltageC,Good,381,
570,2026-09-16 00:44:11.818,EM-01,em01.currentA,Good,150.5,
571,2026-09-16 00:44:11.818,EM-01,em01.activePower,Good,117,
572,2026-09-16 00:44:11.818,EM-01,em01.reactivePower,Good,37,
573,2026-09-16 00:44:11.818,EM-01,em01.powerFactor,Good,0.86,
574,2026-09-16 00:44:11.818,EM-01,em01.frequency,Good,50.02,
575,2026-09-16 00:44:11.818,EM-01,em01.demand,Good,117,
576,2026-09-16 00:44:11.818,EM-01,em01.energyF64,Good,0.498055555555556,
577,2026-09-16 00:44:11.818,EM-01,em01.unbalance,Good,2.368421,
578,2026-09-16 00:44:11.823,ENV-01,env01.roomTemp,Good,26,
579,2026-09-16 00:44:11.823,ENV-01,env01.humidity,Good,55,
580,2026-09-16 00:44:11.823,ENV-01,env01.dewPoint,Good,17.1,
581,2026-09-16 00:44:11.823,ENV-01,env01.noise,Good,74,
582,2026-09-16 00:44:11.823,ENV-01,env01.pm25,Good,38,
583,2026-09-16 00:44:11.823,ENV-01,env01.pressureDiff,Good,-1,
584,2026-09-16 00:44:11.823,ENV-01,env01.illuminance,Good,400,
585,2026-09-16 00:44:11.823,ENV-01,env01.tempFluctuation,Good,18.13786,
586,2026-09-16 00:44:11.828,GW-LINE-B,mtc01.actualTemp,Good,99.4,
587,2026-09-16 00:44:11.828,GW-LINE-B,mtc01.pumpPressure,Good,4,
588,2026-09-16 00:44:11.828,GW-LINE-B,mtc01.pumpFlow,Good,37,
589,2026-09-16 00:44:11.828,GW-LINE-B,mtc01.pumpCurrent,Good,4.7,
590,2026-09-16 00:44:11.828,GW-LINE-B,mtc01.outletTemp,Good,99.9,
591,2026-09-16 00:44:11.828,GW-LINE-B,mtc01.tempAvg,Good,993.8807,
592,2026-09-16 00:44:11.836,GW-LINE-B,dry01.dewPoint,Good,-34.6,
593,2026-09-16 00:44:11.836,GW-LINE-B,dry01.heatPower,Good,3,
594,2026-09-16 00:44:11.836,GW-LINE-B,dry01.fanCurrent,Good,0.9,
595,2026-09-16 00:44:11.838,GW-LINE-B,dry01.levelTrend,Good,-0.4653764,
596,2026-09-16 00:44:11.841,GW-LINE-B,rob01.cycleTime,Good,2.9,
597,2026-09-16 00:44:11.842,GW-LINE-B,rob01.posX,Good,8,
598,2026-09-16 00:44:11.842,GW-LINE-B,rob01.posY,Good,1,
599,2026-09-16 00:44:11.842,GW-LINE-B,rob01.posZ,Good,0,
600,2026-09-16 00:44:11.842,GW-LINE-B,rob01.gripState,Good,0,
601,2026-09-16 00:44:11.842,GW-LINE-B,rob01.trajectory,Good,7.965956,
602,2026-09-16 00:44:12.312,IM-01,im01.prodTime,Good,09/16/2026 00:44:12,
603,2026-09-16 00:44:12.805,IM-01,im01.barrel1Temp,Good,204.8,
604,2026-09-16 00:44:12.805,IM-01,im01.barrel5Temp,Good,179.8,
605,2026-09-16 00:44:12.805,IM-01,im01.moldTemp,Good,84.5,
606,2026-09-16 00:44:12.805,IM-01,im01.pumpCurrent,Good,4,
607,2026-09-16 00:44:12.805,IM-01,im01.hydraulicPressure,Good,0,
608,2026-09-16 00:44:12.805,IM-01,im01.energyTotal,Good,0.0624722222222223,
609,2026-09-16 00:44:12.817,EM-01,em01.totalEnergy,Good,52.16,
610,2026-09-16 00:44:12.817,EM-01,em01.forwardEnergy,Good,52.16,
611,2026-09-16 00:44:12.817,EM-01,em01.voltageA,Good,380,
612,2026-09-16 00:44:12.818,EM-01,em01.voltageB,Good,377,
613,2026-09-16 00:44:12.818,EM-01,em01.voltageC,Good,374,
614,2026-09-16 00:44:12.818,EM-01,em01.currentA,Good,168.8,
615,2026-09-16 00:44:12.818,EM-01,em01.activePower,Good,119,
616,2026-09-16 00:44:12.818,EM-01,em01.reactivePower,Good,21,
617,2026-09-16 00:44:12.818,EM-01,em01.powerFactor,Good,0.913,
618,2026-09-16 00:44:12.818,EM-01,em01.frequency,Good,49.91,
619,2026-09-16 00:44:12.818,EM-01,em01.demand,Good,119,
620,2026-09-16 00:44:12.818,EM-01,em01.energyF64,Good,0.529777777777778,
621,2026-09-16 00:44:12.818,EM-01,em01.unbalance,Good,1.578947,
622,2026-09-16 00:44:12.824,ENV-01,env01.roomTemp,Good,26.1,
623,2026-09-16 00:44:12.824,ENV-01,env01.noise,Good,73,
624,2026-09-16 00:44:12.824,ENV-01,env01.pm25,Good,31,
625,2026-09-16 00:44:12.824,ENV-01,env01.pressureDiff,Good,9,
626,2026-09-16 00:44:12.824,ENV-01,env01.illuminance,Good,482,
627,2026-09-16 00:44:12.824,ENV-01,env01.tempFluctuation,Good,18.87463,
628,2026-09-16 00:44:12.829,GW-LINE-B,mtc01.actualTemp,Good,99.6,
629,2026-09-16 00:44:12.829,GW-LINE-B,mtc01.pumpPressure,Good,5,
630,2026-09-16 00:44:12.829,GW-LINE-B,mtc01.pumpFlow,Good,23,
631,2026-09-16 00:44:12.829,GW-LINE-B,mtc01.pumpCurrent,Good,5.7,
632,2026-09-16 00:44:12.829,GW-LINE-B,mtc01.outletTemp,Good,100.1,
633,2026-09-16 00:44:12.829,GW-LINE-B,mtc01.tempAvg,Good,995.7714,
634,2026-09-16 00:44:12.838,GW-LINE-B,dry01.dewPoint,Good,-34.8,
635,2026-09-16 00:44:12.838,GW-LINE-B,dry01.materialLevel,Good,79,
636,2026-09-16 00:44:12.838,GW-LINE-B,dry01.heatPower,Good,4,
637,2026-09-16 00:44:12.838,GW-LINE-B,dry01.fanCurrent,Good,1.8,
638,2026-09-16 00:44:12.840,GW-LINE-B,dry01.levelTrend,Good,-0.5023299,
639,2026-09-16 00:44:12.843,GW-LINE-B,rob01.inPlace,Good,True,
640,2026-09-16 00:44:12.845,GW-LINE-B,rob01.totalPicks,Good,1,
641,2026-09-16 00:44:12.845,GW-LINE-B,rob01.successPicks,Good,1,
642,2026-09-16 00:44:12.845,GW-LINE-B,rob01.posX,Good,0,
643,2026-09-16 00:44:12.845,GW-LINE-B,rob01.posY,Good,0,
644,2026-09-16 00:44:12.845,GW-LINE-B,rob01.posZ,Good,6,
645,2026-09-16 00:44:12.845,GW-LINE-B,rob01.trajectory,Good,0.1620511,
646,2026-09-16 00:44:13.313,IM-01,im01.prodTime,Good,09/16/2026 00:44:13,
647,2026-09-16 00:44:13.806,IM-01,im01.barrel1Temp,Good,204.6,
648,2026-09-16 00:44:13.806,IM-01,im01.barrel5Temp,Good,179.4,
649,2026-09-16 00:44:13.806,IM-01,im01.moldTemp,Good,84.6,
650,2026-09-16 00:44:13.806,IM-01,im01.oilTemp,Good,44.8,
651,2026-09-16 00:44:13.806,IM-01,im01.pumpCurrent,Good,5.7,
652,2026-09-16 00:44:13.806,IM-01,im01.hydraulicPressure,Good,12,
653,2026-09-16 00:44:13.806,IM-01,im01.power,Good,21,
654,2026-09-16 00:44:13.806,IM-01,im01.energyTotal,Good,0.0688055555555556,
655,2026-09-16 00:44:13.817,EM-01,em01.totalEnergy,Good,55.1,
656,2026-09-16 00:44:13.817,EM-01,em01.forwardEnergy,Good,55.1,
657,2026-09-16 00:44:13.817,EM-01,em01.voltageA,Good,378,
658,2026-09-16 00:44:13.817,EM-01,em01.voltageB,Good,379,
659,2026-09-16 00:44:13.817,EM-01,em01.voltageC,Good,377,
660,2026-09-16 00:44:13.817,EM-01,em01.currentA,Good,166.2,
661,2026-09-16 00:44:13.817,EM-01,em01.activePower,Good,112,
662,2026-09-16 00:44:13.817,EM-01,em01.reactivePower,Good,36,
663,2026-09-16 00:44:13.817,EM-01,em01.powerFactor,Good,0.926,
664,2026-09-16 00:44:13.817,EM-01,em01.frequency,Good,50.05,
665,2026-09-16 00:44:13.817,EM-01,em01.demand,Good,112,
666,2026-09-16 00:44:13.817,EM-01,em01.energyF64,Good,0.559583333333333,
667,2026-09-16 00:44:13.817,EM-01,em01.unbalance,Good,0.5263158,
668,2026-09-16 00:44:13.824,ENV-01,env01.noise,Good,70,
669,2026-09-16 00:44:13.824,ENV-01,env01.pm25,Good,56,
670,2026-09-16 00:44:13.824,ENV-01,env01.pressureDiff,Good,2,
671,2026-09-16 00:44:13.824,ENV-01,env01.illuminance,Good,438,
672,2026-09-16 00:44:13.824,ENV-01,env01.tempFluctuation,Good,19.00061,
673,2026-09-16 00:44:13.832,GW-LINE-B,mtc01.actualTemp,Good,99.3,
674,2026-09-16 00:44:13.832,GW-LINE-B,mtc01.pumpFlow,Good,28,
675,2026-09-16 00:44:13.832,GW-LINE-B,mtc01.pumpCurrent,Good,3.2,
676,2026-09-16 00:44:13.832,GW-LINE-B,mtc01.heatPower,Good,7,
677,2026-09-16 00:44:13.832,GW-LINE-B,mtc01.outletTemp,Good,99.8,
678,2026-09-16 00:44:13.832,GW-LINE-B,mtc01.tempAvg,Good,993.483,
679,2026-09-16 00:44:13.839,GW-LINE-B,dry01.dewPoint,Good,-35.3,
680,2026-09-16 00:44:13.839,GW-LINE-B,dry01.heatPower,Good,3,
681,2026-09-16 00:44:13.839,GW-LINE-B,dry01.fanCurrent,Good,1.1,
682,2026-09-16 00:44:13.841,GW-LINE-B,dry01.levelTrend,Good,-0.5281966,
683,2026-09-16 00:44:13.847,GW-LINE-B,rob01.cycleTime,Good,3.2,
684,2026-09-16 00:44:13.847,GW-LINE-B,rob01.trajectory,Good,0.0006269948,
685,2026-09-16 00:44:14.313,IM-01,im01.prodTime,Good,09/16/2026 00:44:14,
686,2026-09-16 00:44:14.807,IM-01,im01.barrel1Temp,Good,204.9,
687,2026-09-16 00:44:14.807,IM-01,im01.barrel5Temp,Good,179.9,
688,2026-09-16 00:44:14.807,IM-01,im01.moldTemp,Good,84.5,
689,2026-09-16 00:44:14.807,IM-01,im01.oilTemp,Good,44.7,
690,2026-09-16 00:44:14.807,IM-01,im01.pumpCurrent,Good,2.6,
691,2026-09-16 00:44:14.807,IM-01,im01.hydraulicPressure,Good,15,
692,2026-09-16 00:44:14.807,IM-01,im01.power,Good,25,
693,2026-09-16 00:44:14.807,IM-01,im01.energyTotal,Good,0.0749722222222223,
694,2026-09-16 00:44:14.817,EM-01,em01.totalEnergy,Good,58.21,
695,2026-09-16 00:44:14.817,EM-01,em01.forwardEnergy,Good,58.21,
696,2026-09-16 00:44:14.817,EM-01,em01.voltageA,Good,375,
697,2026-09-16 00:44:14.817,EM-01,em01.voltageB,Good,376,
698,2026-09-16 00:44:14.818,EM-01,em01.voltageC,Good,374,
699,2026-09-16 00:44:14.818,EM-01,em01.currentA,Good,153.1,
700,2026-09-16 00:44:14.818,EM-01,em01.activePower,Good,126,
701,2026-09-16 00:44:14.818,EM-01,em01.reactivePower,Good,33,
702,2026-09-16 00:44:14.818,EM-01,em01.powerFactor,Good,0.945,
703,2026-09-16 00:44:14.818,EM-01,em01.frequency,Good,50.07,
704,2026-09-16 00:44:14.818,EM-01,em01.demand,Good,126,
705,2026-09-16 00:44:14.818,EM-01,em01.energyF64,Good,0.591166666666667,
706,2026-09-16 00:44:14.826,ENV-01,env01.roomTemp,Good,26,
707,2026-09-16 00:44:14.826,ENV-01,env01.noise,Good,74,
708,2026-09-16 00:44:14.826,ENV-01,env01.pressureDiff,Good,12,
709,2026-09-16 00:44:14.826,ENV-01,env01.illuminance,Good,352,
710,2026-09-16 00:44:14.826,ENV-01,env01.tempFluctuation,Good,18.48536,
711,2026-09-16 00:44:14.831,GW-LINE-B,mtc01.actualTemp,Good,99.4,
712,2026-09-16 00:44:14.831,GW-LINE-B,mtc01.pumpPressure,Good,2,
713,2026-09-16 00:44:14.831,GW-LINE-B,mtc01.pumpFlow,Good,19,
714,2026-09-16 00:44:14.831,GW-LINE-B,mtc01.pumpCurrent,Good,4.8,
715,2026-09-16 00:44:14.831,GW-LINE-B,mtc01.heatPower,Good,5,
716,2026-09-16 00:44:14.831,GW-LINE-B,mtc01.outletTemp,Good,99.9,
717,2026-09-16 00:44:14.831,GW-LINE-B,mtc01.tempAvg,Good,994.3402,
718,2026-09-16 00:44:14.839,GW-LINE-B,dry01.dewPoint,Good,-34.6,
719,2026-09-16 00:44:14.839,GW-LINE-B,dry01.fanCurrent,Good,1,
720,2026-09-16 00:44:14.841,GW-LINE-B,dry01.levelTrend,Good,-0.5615351,
721,2026-09-16 00:44:14.847,GW-LINE-B,rob01.cycleTime,Good,3,
722,2026-09-16 00:44:14.847,GW-LINE-B,rob01.trajectory,Good,0.1731942,
723,2026-09-16 00:44:15.314,IM-01,im01.prodTime,Good,09/16/2026 00:44:15,
724,2026-09-16 00:44:15.807,IM-01,im01.barrel1Temp,Good,204.6,
725,2026-09-16 00:44:15.807,IM-01,im01.oilTemp,Good,44.6,
726,2026-09-16 00:44:15.807,IM-01,im01.pumpCurrent,Good,6.6,
727,2026-09-16 00:44:15.807,IM-01,im01.power,Good,20,
728,2026-09-16 00:44:15.807,IM-01,im01.energyTotal,Good,0.0812500000000001,
729,2026-09-16 00:44:15.819,EM-01,em01.totalEnergy,Good,61.42,
730,2026-09-16 00:44:15.819,EM-01,em01.forwardEnergy,Good,61.42,
731,2026-09-16 00:44:15.819,EM-01,em01.voltageA,Good,382,
732,2026-09-16 00:44:15.819,EM-01,em01.voltageB,Good,378,
733,2026-09-16 00:44:15.819,EM-01,em01.voltageC,Good,377,
734,2026-09-16 00:44:15.819,EM-01,em01.currentA,Good,163.8,
735,2026-09-16 00:44:15.819,EM-01,em01.activePower,Good,105,
736,2026-09-16 00:44:15.819,EM-01,em01.reactivePower,Good,28,
737,2026-09-16 00:44:15.819,EM-01,em01.powerFactor,Good,0.919,
738,2026-09-16 00:44:15.819,EM-01,em01.frequency,Good,49.93,
739,2026-09-16 00:44:15.819,EM-01,em01.demand,Good,105,
740,2026-09-16 00:44:15.819,EM-01,em01.energyF64,Good,0.623805555555556,
741,2026-09-16 00:44:15.819,EM-01,em01.unbalance,Good,1.315789,
742,2026-09-16 00:44:15.825,ENV-01,env01.dewPoint,Good,17.2,
743,2026-09-16 00:44:15.825,ENV-01,env01.noise,Good,75,
744,2026-09-16 00:44:15.825,ENV-01,env01.pm25,Good,47,
745,2026-09-16 00:44:15.825,ENV-01,env01.pressureDiff,Good,3,
746,2026-09-16 00:44:15.825,ENV-01,env01.illuminance,Good,405,
747,2026-09-16 00:44:15.825,ENV-01,env01.tempFluctuation,Good,18.85583,
748,2026-09-16 00:44:15.832,GW-LINE-B,mtc01.actualTemp,Good,99.3,
749,2026-09-16 00:44:15.832,GW-LINE-B,mtc01.pumpPressure,Good,4,
750,2026-09-16 00:44:15.832,GW-LINE-B,mtc01.pumpFlow,Good,32,
751,2026-09-16 00:44:15.832,GW-LINE-B,mtc01.pumpCurrent,Good,4.2,
752,2026-09-16 00:44:15.832,GW-LINE-B,mtc01.heatPower,Good,3,
753,2026-09-16 00:44:15.832,GW-LINE-B,mtc01.outletTemp,Good,99.8,
754,2026-09-16 00:44:15.832,GW-LINE-B,mtc01.tempAvg,Good,992.8165,
755,2026-09-16 00:44:15.840,GW-LINE-B,dry01.fanCurrent,Good,0.9,
756,2026-09-16 00:44:15.841,GW-LINE-B,dry01.levelTrend,Good,-0.5907286,
757,2026-09-16 00:44:15.848,GW-LINE-B,rob01.cycleTime,Good,2.8,
758,2026-09-16 00:44:15.848,GW-LINE-B,rob01.trajectory,Good,-0.2308615,
759,2026-09-16 00:44:16.315,IM-01,im01.prodTime,Good,09/16/2026 00:44:16,
760,2026-09-16 00:44:16.796,GW-LINE-B,mtc01.runSeconds,Good,207,
761,2026-09-16 00:44:16.796,GW-LINE-B,mtc01.energyTotal,Good,0.0308055555555556,
762,2026-09-16 00:44:16.798,EM-01,em01.readTime,Good,09/16/2026 00:44:16,
763,2026-09-16 00:44:16.800,GW-LINE-B,mtc01.tempDeviation,Good,-0.8,
764,2026-09-16 00:44:16.801,IM-01,im01.clampForceDev,Good,-40,
765,2026-09-16 00:44:16.808,GW-LINE-B,dry01.drySeconds,Good,207,
766,2026-09-16 00:44:16.808,IM-01,im01.barrel1Temp,Good,204.8,
767,2026-09-16 00:44:16.808,IM-01,im01.barrel5Temp,Good,179.8,
768,2026-09-16 00:44:16.808,IM-01,im01.pumpCurrent,Good,4.1,
769,2026-09-16 00:44:16.808,IM-01,im01.hydraulicPressure,Good,8,
770,2026-09-16 00:44:16.808,IM-01,im01.energyTotal,Good,0.0876388888888889,
771,2026-09-16 00:44:16.808,GW-LINE-B,dry01.energyTotal,Good,0.0326666666666667,
772,2026-09-16 00:44:16.810,GW-LINE-B,dry01.dewDeviation,Good,0.5,
773,2026-09-16 00:44:16.810,IM-01,im01.moldCloseJog,Good,True,
774,2026-09-16 00:44:16.811,ENV-01,env01.runSeconds,Good,207,
775,2026-09-16 00:44:16.811,ENV-01,env01.sampleTime,Good,09/16/2026 00:44:16,
776,2026-09-16 00:44:16.817,GW-LINE-B,rob01.runSeconds,Good,207,
777,2026-09-16 00:44:16.817,ENV-01,env01.tempDeviation,Good,0.1,
778,2026-09-16 00:44:16.823,GW-LINE-B,rob01.energyTotal,Good,0.0268333333333333,
779,2026-09-16 00:44:16.828,GW-LINE-B,rob01.posDeviation,Good,-100,
780,2026-09-16 00:44:16.828,ENV-01,env01.roomTemp,Good,26.1,
781,2026-09-16 00:44:16.828,ENV-01,env01.humidity,Good,56,
782,2026-09-16 00:44:16.828,ENV-01,env01.dewPoint,Good,17.5,
783,2026-09-16 00:44:16.828,ENV-01,env01.noise,Good,72,
784,2026-09-16 00:44:16.828,ENV-01,env01.pm25,Good,38,
785,2026-09-16 00:44:16.828,ENV-01,env01.pressureDiff,Good,-3,
786,2026-09-16 00:44:16.828,ENV-01,env01.illuminance,Good,458,
787,2026-09-16 00:44:16.828,ENV-01,env01.tempFluctuation,Good,18.96433,
788,2026-09-16 00:44:16.838,EM-01,em01.totalEnergy,Good,64.82,
789,2026-09-16 00:44:16.838,EM-01,em01.forwardEnergy,Good,64.82,
790,2026-09-16 00:44:16.839,EM-01,em01.voltageA,Good,383,
791,2026-09-16 00:44:16.839,EM-01,em01.voltageB,Good,382,
792,2026-09-16 00:44:16.839,EM-01,em01.voltageC,Good,376,
793,2026-09-16 00:44:16.839,EM-01,em01.currentA,Good,176.1,
794,2026-09-16 00:44:16.839,EM-01,em01.activePower,Good,111,
795,2026-09-16 00:44:16.839,EM-01,em01.powerFactor,Good,0.913,
796,2026-09-16 00:44:16.839,EM-01,em01.frequency,Good,50.04,
797,2026-09-16 00:44:16.839,EM-01,em01.demand,Good,111,
798,2026-09-16 00:44:16.839,EM-01,em01.energyF64,Good,0.658277777777778,
799,2026-09-16 00:44:16.839,EM-01,em01.unbalance,Good,1.842105,
800,2026-09-16 00:44:16.841,GW-LINE-B,mtc01.actualTemp,Good,99.1,
801,2026-09-16 00:44:16.841,GW-LINE-B,mtc01.pumpFlow,Good,27,
802,2026-09-16 00:44:16.841,GW-LINE-B,mtc01.pumpCurrent,Good,4,
803,2026-09-16 00:44:16.841,GW-LINE-B,mtc01.heatPower,Good,7,
804,2026-09-16 00:44:16.841,GW-LINE-B,mtc01.outletTemp,Good,99.6,
805,2026-09-16 00:44:16.841,GW-LINE-B,mtc01.tempAvg,Good,991.2856,
806,2026-09-16 00:44:16.852,GW-LINE-B,dry01.materialLevel,Good,78,
807,2026-09-16 00:44:16.852,GW-LINE-B,dry01.heatPower,Good,5,
808,2026-09-16 00:44:16.856,GW-LINE-B,dry01.levelTrend,Good,-0.6202909,
809,2026-09-16 00:44:16.863,GW-LINE-B,rob01.cycleTime,Good,2.7,
810,2026-09-16 00:44:16.863,GW-LINE-B,rob01.trajectory,Good,-0.12142,
811,2026-09-16 00:44:17.316,IM-01,im01.prodTime,Good,09/16/2026 00:44:17,
813,2026-09-16 00:44:17.808,IM-01,im01.barrel5Temp,Good,179.9,
814,2026-09-16 00:44:17.808,IM-01,im01.oilTemp,Good,44.4,
815,2026-09-16 00:44:17.808,IM-01,im01.pumpCurrent,Good,3.4,
816,2026-09-16 00:44:17.808,IM-01,im01.hydraulicPressure,Good,20,
817,2026-09-16 00:44:17.808,IM-01,im01.power,Good,25,
818,2026-09-16 00:44:17.808,IM-01,im01.energyTotal,Good,0.0940277777777778,
819,2026-09-16 00:44:17.810,IM-01,im01.moldCloseJog,Good,False,
820,2026-09-16 00:44:17.820,EM-01,em01.totalEnergy,Good,67.51,
821,2026-09-16 00:44:17.820,EM-01,em01.forwardEnergy,Good,67.51,
822,2026-09-16 00:44:17.820,EM-01,em01.voltageA,Good,378,
823,2026-09-16 00:44:17.820,EM-01,em01.voltageB,Good,376,
824,2026-09-16 00:44:17.820,EM-01,em01.voltageC,Good,383,
825,2026-09-16 00:44:17.820,EM-01,em01.currentA,Good,199.5,
826,2026-09-16 00:44:17.820,EM-01,em01.activePower,Good,123,
827,2026-09-16 00:44:17.820,EM-01,em01.reactivePower,Good,27,
828,2026-09-16 00:44:17.820,EM-01,em01.powerFactor,Good,0.92,
829,2026-09-16 00:44:17.820,EM-01,em01.frequency,Good,50.02,
830,2026-09-16 00:44:17.820,EM-01,em01.demand,Good,123,
831,2026-09-16 00:44:17.820,EM-01,em01.energyF64,Good,0.685722222222222,
832,2026-09-16 00:44:17.826,ENV-01,env01.roomTemp,Good,26.2,
833,2026-09-16 00:44:17.826,ENV-01,env01.noise,Good,71,
834,2026-09-16 00:44:17.826,ENV-01,env01.pm25,Good,52,
835,2026-09-16 00:44:17.826,ENV-01,env01.pressureDiff,Good,9,
836,2026-09-16 00:44:17.826,ENV-01,env01.illuminance,Good,351,
837,2026-09-16 00:44:17.826,ENV-01,env01.tempFluctuation,Good,18.95061,
838,2026-09-16 00:44:17.842,GW-LINE-B,mtc01.actualTemp,Good,99.2,
839,2026-09-16 00:44:17.842,GW-LINE-B,mtc01.pumpPressure,Good,3,
840,2026-09-16 00:44:17.842,GW-LINE-B,mtc01.pumpFlow,Good,15,
841,2026-09-16 00:44:17.842,GW-LINE-B,mtc01.pumpCurrent,Good,4.7,
842,2026-09-16 00:44:17.842,GW-LINE-B,mtc01.heatPower,Good,6,
843,2026-09-16 00:44:17.842,GW-LINE-B,mtc01.outletTemp,Good,99.7,
844,2026-09-16 00:44:17.842,GW-LINE-B,mtc01.tempAvg,Good,992.1971,
845,2026-09-16 00:44:17.850,GW-LINE-B,dry01.dewPoint,Good,-34.9,
846,2026-09-16 00:44:17.850,GW-LINE-B,dry01.heatPower,Good,4,
847,2026-09-16 00:44:17.850,GW-LINE-B,dry01.fanCurrent,Good,2,
848,2026-09-16 00:44:17.852,GW-LINE-B,dry01.levelTrend,Good,-0.6405023,
849,2026-09-16 00:44:17.858,GW-LINE-B,rob01.cycleTime,Good,2.8,
850,2026-09-16 00:44:17.858,GW-LINE-B,rob01.trajectory,Good,0.1354057,
851,2026-09-16 00:44:18.317,IM-01,im01.prodTime,Good,09/16/2026 00:44:18,
852,2026-09-16 00:44:18.811,IM-01,im01.barrel1Temp,Good,204.7,
853,2026-09-16 00:44:18.812,IM-01,im01.barrel5Temp,Good,179.8,
854,2026-09-16 00:44:18.812,IM-01,im01.moldTemp,Good,84.6,
855,2026-09-16 00:44:18.812,IM-01,im01.oilTemp,Good,44.2,
856,2026-09-16 00:44:18.812,IM-01,im01.pumpCurrent,Good,6.4,
857,2026-09-16 00:44:18.812,IM-01,im01.power,Good,20,
858,2026-09-16 00:44:18.813,IM-01,im01.energyTotal,Good,0.10025,
859,2026-09-16 00:44:18.826,EM-01,em01.totalEnergy,Good,70.64,
860,2026-09-16 00:44:18.826,EM-01,em01.forwardEnergy,Good,70.64,
861,2026-09-16 00:44:18.826,EM-01,em01.voltageA,Good,382,
862,2026-09-16 00:44:18.826,EM-01,em01.voltageB,Good,380,
863,2026-09-16 00:44:18.826,EM-01,em01.voltageC,Good,382,
864,2026-09-16 00:44:18.826,EM-01,em01.currentA,Good,153.9,
865,2026-09-16 00:44:18.826,EM-01,em01.activePower,Good,114,
866,2026-09-16 00:44:18.826,EM-01,em01.reactivePower,Good,29,
867,2026-09-16 00:44:18.827,EM-01,em01.powerFactor,Good,0.873,
868,2026-09-16 00:44:18.827,EM-01,em01.frequency,Good,49.98,
869,2026-09-16 00:44:18.827,EM-01,em01.demand,Good,114,
870,2026-09-16 00:44:18.827,EM-01,em01.energyF64,Good,0.717527777777778,
871,2026-09-16 00:44:18.827,EM-01,em01.unbalance,Good,0.5263158,
872,2026-09-16 00:44:18.850,ENV-01,env01.roomTemp,Good,26.1,
873,2026-09-16 00:44:18.850,ENV-01,env01.noise,Good,76,
874,2026-09-16 00:44:18.850,ENV-01,env01.pm25,Good,41,
875,2026-09-16 00:44:18.851,ENV-01,env01.pressureDiff,Good,0,
876,2026-09-16 00:44:18.851,ENV-01,env01.illuminance,Good,405,
877,2026-09-16 00:44:18.851,ENV-01,env01.tempFluctuation,Good,18.75561,
878,2026-09-16 00:44:18.854,GW-LINE-B,mtc01.pumpPressure,Good,5,
879,2026-09-16 00:44:18.854,GW-LINE-B,mtc01.pumpCurrent,Good,5.7,
880,2026-09-16 00:44:18.854,GW-LINE-B,mtc01.heatPower,Good,7,
881,2026-09-16 00:44:18.854,GW-LINE-B,mtc01.tempAvg,Good,991.6287,
882,2026-09-16 00:44:18.870,GW-LINE-B,dry01.dewPoint,Good,-34.8,
883,2026-09-16 00:44:18.871,GW-LINE-B,dry01.heatPower,Good,5,
884,2026-09-16 00:44:18.871,GW-LINE-B,dry01.fanCurrent,Good,1.9,
885,2026-09-16 00:44:18.876,GW-LINE-B,dry01.levelTrend,Good,-0.6687372,
886,2026-09-16 00:44:18.888,GW-LINE-B,rob01.cycleTime,Good,3,
887,2026-09-16 00:44:18.889,GW-LINE-B,rob01.posZ,Good,5,
888,2026-09-16 00:44:18.889,GW-LINE-B,rob01.trajectory,Good,-0.08908365,
889,2026-09-16 00:44:19.323,IM-01,im01.prodTime,Good,09/16/2026 00:44:19,
890,2026-09-16 00:44:19.814,IM-01,im01.barrel1Temp,Good,204.6,
891,2026-09-16 00:44:19.814,IM-01,im01.oilTemp,Good,44.4,
892,2026-09-16 00:44:19.814,IM-01,im01.pumpCurrent,Good,3.2,
893,2026-09-16 00:44:19.814,IM-01,im01.hydraulicPressure,Good,10,
894,2026-09-16 00:44:19.814,IM-01,im01.power,Good,23,
895,2026-09-16 00:44:19.814,IM-01,im01.energyTotal,Good,0.106472222222222,
896,2026-09-16 00:44:19.824,EM-01,em01.totalEnergy,Good,73.67,
897,2026-09-16 00:44:19.824,EM-01,em01.forwardEnergy,Good,73.67,
898,2026-09-16 00:44:19.824,EM-01,em01.voltageA,Good,383,
899,2026-09-16 00:44:19.824,EM-01,em01.voltageC,Good,375,
900,2026-09-16 00:44:19.824,EM-01,em01.currentA,Good,136.9,
901,2026-09-16 00:44:19.824,EM-01,em01.activePower,Good,126,
902,2026-09-16 00:44:19.824,EM-01,em01.reactivePower,Good,24,
903,2026-09-16 00:44:19.824,EM-01,em01.powerFactor,Good,0.928,
904,2026-09-16 00:44:19.824,EM-01,em01.frequency,Good,49.93,
905,2026-09-16 00:44:19.824,EM-01,em01.demand,Good,126,
906,2026-09-16 00:44:19.824,EM-01,em01.energyF64,Good,0.748277777777778,
907,2026-09-16 00:44:19.824,EM-01,em01.unbalance,Good,2.105263,
908,2026-09-16 00:44:19.833,ENV-01,env01.humidity,Good,54,
909,2026-09-16 00:44:19.833,ENV-01,env01.dewPoint,Good,16.9,
910,2026-09-16 00:44:19.833,ENV-01,env01.noise,Good,75,
911,2026-09-16 00:44:19.834,ENV-01,env01.pm25,Good,20,
912,2026-09-16 00:44:19.834,ENV-01,env01.illuminance,Good,434,
913,2026-09-16 00:44:19.834,ENV-01,env01.tempFluctuation,Good,19.12374,
914,2026-09-16 00:44:19.863,GW-LINE-B,mtc01.actualTemp,Good,99.1,
915,2026-09-16 00:44:19.863,GW-LINE-B,mtc01.pumpPressure,Good,3,
916,2026-09-16 00:44:19.863,GW-LINE-B,mtc01.pumpFlow,Good,37,
917,2026-09-16 00:44:19.863,GW-LINE-B,mtc01.pumpCurrent,Good,3.3,
918,2026-09-16 00:44:19.863,GW-LINE-B,mtc01.heatPower,Good,5,
919,2026-09-16 00:44:19.863,GW-LINE-B,mtc01.outletTemp,Good,99.6,
920,2026-09-16 00:44:19.863,GW-LINE-B,mtc01.tempAvg,Good,990.5955,
921,2026-09-16 00:44:19.877,GW-LINE-B,dry01.dewPoint,Good,-34.3,
922,2026-09-16 00:44:19.877,GW-LINE-B,dry01.materialLevel,Good,77,
923,2026-09-16 00:44:19.877,GW-LINE-B,dry01.heatPower,Good,3,
924,2026-09-16 00:44:19.877,GW-LINE-B,dry01.fanCurrent,Good,1.4,
925,2026-09-16 00:44:19.879,GW-LINE-B,dry01.levelTrend,Good,-0.7000787,
926,2026-09-16 00:44:19.886,GW-LINE-B,rob01.cycleTime,Good,2.8,
927,2026-09-16 00:44:19.886,GW-LINE-B,rob01.posX,Good,1,
928,2026-09-16 00:44:19.886,GW-LINE-B,rob01.posZ,Good,4,
929,2026-09-16 00:44:19.886,GW-LINE-B,rob01.trajectory,Good,1.058481,
930,2026-09-16 00:44:20.323,IM-01,im01.prodTime,Good,09/16/2026 00:44:20,
931,2026-09-16 00:44:20.814,IM-01,im01.barrel1Temp,Good,204.7,
932,2026-09-16 00:44:20.814,IM-01,im01.barrel5Temp,Good,179.6,
933,2026-09-16 00:44:20.814,IM-01,im01.moldTemp,Good,84.5,
934,2026-09-16 00:44:20.814,IM-01,im01.oilTemp,Good,44.6,
935,2026-09-16 00:44:20.814,IM-01,im01.hydraulicPressure,Good,17,
936,2026-09-16 00:44:20.814,IM-01,im01.power,Good,22,
937,2026-09-16 00:44:20.814,IM-01,im01.energyTotal,Good,0.112833333333333,
938,2026-09-16 00:44:20.824,EM-01,em01.totalEnergy,Good,76.82,
939,2026-09-16 00:44:20.824,EM-01,em01.forwardEnergy,Good,76.82,
940,2026-09-16 00:44:20.824,EM-01,em01.voltageB,Good,382,
941,2026-09-16 00:44:20.824,EM-01,em01.voltageC,Good,381,
942,2026-09-16 00:44:20.824,EM-01,em01.currentA,Good,130.6,
943,2026-09-16 00:44:20.824,EM-01,em01.activePower,Good,107,
944,2026-09-16 00:44:20.824,EM-01,em01.reactivePower,Good,40,
945,2026-09-16 00:44:20.824,EM-01,em01.powerFactor,Good,0.86,
946,2026-09-16 00:44:20.824,EM-01,em01.frequency,Good,50.09,
947,2026-09-16 00:44:20.824,EM-01,em01.demand,Good,107,
948,2026-09-16 00:44:20.824,EM-01,em01.energyF64,Good,0.780194444444445,
949,2026-09-16 00:44:20.824,EM-01,em01.unbalance,Good,0.5263158,
950,2026-09-16 00:44:20.831,ENV-01,env01.roomTemp,Good,26,
951,2026-09-16 00:44:20.831,ENV-01,env01.noise,Good,72,
952,2026-09-16 00:44:20.831,ENV-01,env01.pm25,Good,48,
953,2026-09-16 00:44:20.831,ENV-01,env01.pressureDiff,Good,2,
954,2026-09-16 00:44:20.831,ENV-01,env01.illuminance,Good,368,
955,2026-09-16 00:44:20.831,ENV-01,env01.tempFluctuation,Good,18.59456,
956,2026-09-16 00:44:20.849,GW-LINE-B,mtc01.actualTemp,Good,99.4,
957,2026-09-16 00:44:20.849,GW-LINE-B,mtc01.pumpPressure,Good,2,
958,2026-09-16 00:44:20.849,GW-LINE-B,mtc01.pumpFlow,Good,40,
959,2026-09-16 00:44:20.849,GW-LINE-B,mtc01.pumpCurrent,Good,5.8,
960,2026-09-16 00:44:20.849,GW-LINE-B,mtc01.heatPower,Good,4,
961,2026-09-16 00:44:20.849,GW-LINE-B,mtc01.outletTemp,Good,99.9,
962,2026-09-16 00:44:20.849,GW-LINE-B,mtc01.tempAvg,Good,993.938,
963,2026-09-16 00:44:20.857,GW-LINE-B,dry01.dewPoint,Good,-34.6,
964,2026-09-16 00:44:20.857,GW-LINE-B,dry01.heatPower,Good,6,
965,2026-09-16 00:44:20.857,GW-LINE-B,dry01.fanCurrent,Good,2,
966,2026-09-16 00:44:20.859,GW-LINE-B,dry01.levelTrend,Good,-0.7302661,
967,2026-09-16 00:44:20.865,GW-LINE-B,rob01.cycleTime,Good,2.7,
968,2026-09-16 00:44:20.865,GW-LINE-B,rob01.trajectory,Good,1.193581,
969,2026-09-16 00:44:21.324,IM-01,im01.prodTime,Good,09/16/2026 00:44:21,
970,2026-09-16 00:44:21.798,GW-LINE-B,mtc01.runSeconds,Good,257,
971,2026-09-16 00:44:21.798,GW-LINE-B,mtc01.energyTotal,Good,0.0385277777777777,
972,2026-09-16 00:44:21.799,EM-01,em01.readTime,Good,09/16/2026 00:44:21,
973,2026-09-16 00:44:21.800,GW-LINE-B,mtc01.tempDeviation,Good,-0.4,
974,2026-09-16 00:44:21.801,IM-01,im01.clampForceDev,Good,-56,
975,2026-09-16 00:44:21.808,GW-LINE-B,dry01.drySeconds,Good,257,
976,2026-09-16 00:44:21.808,GW-LINE-B,dry01.energyTotal,Good,0.0400833333333333,
977,2026-09-16 00:44:21.809,ENV-01,env01.runSeconds,Good,257,
978,2026-09-16 00:44:21.809,ENV-01,env01.sampleTime,Good,09/16/2026 00:44:21,
979,2026-09-16 00:44:21.810,GW-LINE-B,dry01.dewDeviation,Good,0.8,
980,2026-09-16 00:44:21.814,IM-01,im01.barrel5Temp,Good,179.7,
981,2026-09-16 00:44:21.814,IM-01,im01.oilTemp,Good,44.4,
982,2026-09-16 00:44:21.814,IM-01,im01.pumpCurrent,Good,5.5,
983,2026-09-16 00:44:21.814,IM-01,im01.power,Good,20,
984,2026-09-16 00:44:21.814,IM-01,im01.energyTotal,Good,0.119083333333333,
985,2026-09-16 00:44:21.815,ENV-01,env01.tempDeviation,Good,-0.1,
986,2026-09-16 00:44:21.818,GW-LINE-B,rob01.runSeconds,Good,257,
987,2026-09-16 00:44:21.820,GW-LINE-B,rob01.energyTotal,Good,0.0335555555555555,
988,2026-09-16 00:44:21.822,GW-LINE-B,rob01.posDeviation,Good,-99,
989,2026-09-16 00:44:21.825,EM-01,em01.totalEnergy,Good,80.15,
990,2026-09-16 00:44:21.825,EM-01,em01.forwardEnergy,Good,80.15,
991,2026-09-16 00:44:21.825,EM-01,em01.voltageA,Good,380,
992,2026-09-16 00:44:21.825,EM-01,em01.voltageB,Good,377,
993,2026-09-16 00:44:21.825,EM-01,em01.currentA,Good,180.1,
994,2026-09-16 00:44:21.825,EM-01,em01.activePower,Good,122,
995,2026-09-16 00:44:21.825,EM-01,em01.reactivePower,Good,37,
996,2026-09-16 00:44:21.825,EM-01,em01.powerFactor,Good,0.91,
997,2026-09-16 00:44:21.825,EM-01,em01.frequency,Good,49.93,
998,2026-09-16 00:44:21.825,EM-01,em01.demand,Good,122,
999,2026-09-16 00:44:21.825,EM-01,em01.energyF64,Good,0.814083333333333,
1000,2026-09-16 00:44:21.825,EM-01,em01.unbalance,Good,1.052632,
1001,2026-09-16 00:44:21.832,ENV-01,env01.roomTemp,Good,25.9,
1002,2026-09-16 00:44:21.832,ENV-01,env01.humidity,Good,53,
1003,2026-09-16 00:44:21.832,ENV-01,env01.dewPoint,Good,16.6,
1004,2026-09-16 00:44:21.832,ENV-01,env01.noise,Good,70,
1005,2026-09-16 00:44:21.832,ENV-01,env01.pm25,Good,57,
1006,2026-09-16 00:44:21.832,ENV-01,env01.pressureDiff,Good,3,
1007,2026-09-16 00:44:21.832,ENV-01,env01.illuminance,Good,466,
1008,2026-09-16 00:44:21.832,ENV-01,env01.tempFluctuation,Good,18.46331,
1009,2026-09-16 00:44:21.849,GW-LINE-B,mtc01.actualTemp,Good,99.5,
1010,2026-09-16 00:44:21.849,GW-LINE-B,mtc01.pumpPressure,Good,3,
1011,2026-09-16 00:44:21.849,GW-LINE-B,mtc01.pumpFlow,Good,25,
1012,2026-09-16 00:44:21.849,GW-LINE-B,mtc01.pumpCurrent,Good,5.7,
1013,2026-09-16 00:44:21.849,GW-LINE-B,mtc01.heatPower,Good,6,
1014,2026-09-16 00:44:21.849,GW-LINE-B,mtc01.outletTemp,Good,100,
1015,2026-09-16 00:44:21.849,GW-LINE-B,mtc01.tempAvg,Good,994.8203,
1016,2026-09-16 00:44:21.857,GW-LINE-B,dry01.dewPoint,Good,-34.2,
1017,2026-09-16 00:44:21.857,GW-LINE-B,dry01.heatPower,Good,7,
1018,2026-09-16 00:44:21.857,GW-LINE-B,dry01.fanCurrent,Good,0.8,
1019,2026-09-16 00:44:21.860,GW-LINE-B,dry01.levelTrend,Good,-0.7603292,
1020,2026-09-16 00:44:21.868,GW-LINE-B,rob01.cycleTime,Good,2.9,
1021,2026-09-16 00:44:21.868,GW-LINE-B,rob01.posZ,Good,3,
1022,2026-09-16 00:44:21.868,GW-LINE-B,rob01.trajectory,Good,1.144528,
1023,2026-09-16 00:44:22.325,IM-01,im01.prodTime,Good,09/16/2026 00:44:22,
1024,2026-09-16 00:44:22.814,IM-01,im01.barrel5Temp,Good,179.6,
1025,2026-09-16 00:44:22.814,IM-01,im01.moldTemp,Good,84.6,
1026,2026-09-16 00:44:22.814,IM-01,im01.oilTemp,Good,44.5,
1027,2026-09-16 00:44:22.814,IM-01,im01.pumpCurrent,Good,5,
1028,2026-09-16 00:44:22.814,IM-01,im01.hydraulicPressure,Good,20,
1029,2026-09-16 00:44:22.814,IM-01,im01.energyTotal,Good,0.125111111111111,
1030,2026-09-16 00:44:22.825,EM-01,em01.totalEnergy,Good,83.07,
1031,2026-09-16 00:44:22.825,EM-01,em01.forwardEnergy,Good,83.07,
1032,2026-09-16 00:44:22.825,EM-01,em01.voltageA,Good,381,
1033,2026-09-16 00:44:22.825,EM-01,em01.voltageB,Good,378,
1034,2026-09-16 00:44:22.825,EM-01,em01.voltageC,Good,374,
1035,2026-09-16 00:44:22.825,EM-01,em01.currentA,Good,164.1,
1036,2026-09-16 00:44:22.825,EM-01,em01.activePower,Good,95,
1037,2026-09-16 00:44:22.825,EM-01,em01.reactivePower,Good,32,
1038,2026-09-16 00:44:22.825,EM-01,em01.powerFactor,Good,0.941,
1039,2026-09-16 00:44:22.825,EM-01,em01.frequency,Good,50.02,
1040,2026-09-16 00:44:22.825,EM-01,em01.demand,Good,95,
1041,2026-09-16 00:44:22.825,EM-01,em01.energyF64,Good,0.843722222222222,
1042,2026-09-16 00:44:22.825,EM-01,em01.unbalance,Good,1.842105,
1043,2026-09-16 00:44:22.832,ENV-01,env01.roomTemp,Good,25.8,
1044,2026-09-16 00:44:22.832,ENV-01,env01.dewPoint,Good,16.5,
1045,2026-09-16 00:44:22.832,ENV-01,env01.noise,Good,72,
1046,2026-09-16 00:44:22.832,ENV-01,env01.pm25,Good,24,
1047,2026-09-16 00:44:22.832,ENV-01,env01.pressureDiff,Good,2,
1048,2026-09-16 00:44:22.832,ENV-01,env01.illuminance,Good,380,
1049,2026-09-16 00:44:22.832,ENV-01,env01.tempFluctuation,Good,17.96038,
1050,2026-09-16 00:44:22.850,GW-LINE-B,mtc01.pumpPressure,Good,2,
1051,2026-09-16 00:44:22.850,GW-LINE-B,mtc01.pumpFlow,Good,26,
1052,2026-09-16 00:44:22.850,GW-LINE-B,mtc01.pumpCurrent,Good,4.8,
1053,2026-09-16 00:44:22.850,GW-LINE-B,mtc01.heatPower,Good,7,
1054,2026-09-16 00:44:22.850,GW-LINE-B,mtc01.tempAvg,Good,994.9086,
1055,2026-09-16 00:44:22.858,GW-LINE-B,dry01.dewPoint,Good,-33.8,
1056,2026-09-16 00:44:22.858,GW-LINE-B,dry01.heatPower,Good,3,
1057,2026-09-16 00:44:22.858,GW-LINE-B,dry01.fanCurrent,Good,1.9,
1058,2026-09-16 00:44:22.860,GW-LINE-B,dry01.levelTrend,Good,-0.7949377,
1059,2026-09-16 00:44:22.868,GW-LINE-B,rob01.cycleTime,Good,3.1,
1060,2026-09-16 00:44:22.868,GW-LINE-B,rob01.posX,Good,0,
1061,2026-09-16 00:44:22.868,GW-LINE-B,rob01.trajectory,Good,0.2946561,
1062,2026-09-16 00:44:23.326,IM-01,im01.prodTime,Good,09/16/2026 00:44:23,
1063,2026-09-16 00:44:23.815,IM-01,im01.barrel1Temp,Good,204.9,
1064,2026-09-16 00:44:23.815,IM-01,im01.oilTemp,Good,44.7,
1065,2026-09-16 00:44:23.815,IM-01,im01.pumpCurrent,Good,6.2,
1066,2026-09-16 00:44:23.815,IM-01,im01.hydraulicPressure,Good,11,
1067,2026-09-16 00:44:23.815,IM-01,im01.power,Good,22,
1068,2026-09-16 00:44:23.815,IM-01,im01.energyTotal,Good,0.131388888888889,
1069,2026-09-16 00:44:23.825,EM-01,em01.totalEnergy,Good,86.12,
1070,2026-09-16 00:44:23.825,EM-01,em01.forwardEnergy,Good,86.12,
1071,2026-09-16 00:44:23.825,EM-01,em01.voltageA,Good,375,
1072,2026-09-16 00:44:23.825,EM-01,em01.voltageB,Good,386,
1073,2026-09-16 00:44:23.825,EM-01,em01.voltageC,Good,377,
1074,2026-09-16 00:44:23.825,EM-01,em01.currentA,Good,178.7,
1075,2026-09-16 00:44:23.825,EM-01,em01.activePower,Good,132,
1076,2026-09-16 00:44:23.825,EM-01,em01.reactivePower,Good,20,
1077,2026-09-16 00:44:23.825,EM-01,em01.powerFactor,Good,0.923,
1078,2026-09-16 00:44:23.825,EM-01,em01.frequency,Good,50.05,
1079,2026-09-16 00:44:23.825,EM-01,em01.demand,Good,132,
1080,2026-09-16 00:44:23.825,EM-01,em01.energyF64,Good,0.874611111111111,
1081,2026-09-16 00:44:23.825,EM-01,em01.unbalance,Good,2.894737,
1082,2026-09-16 00:44:23.833,ENV-01,env01.humidity,Good,55,
1083,2026-09-16 00:44:23.833,ENV-01,env01.dewPoint,Good,16.9,
1084,2026-09-16 00:44:23.833,ENV-01,env01.noise,Good,70,
1085,2026-09-16 00:44:23.833,ENV-01,env01.pm25,Good,53,
1086,2026-09-16 00:44:23.833,ENV-01,env01.pressureDiff,Good,6,
1087,2026-09-16 00:44:23.833,ENV-01,env01.illuminance,Good,364,
1088,2026-09-16 00:44:23.833,ENV-01,env01.tempFluctuation,Good,17.97033,
1089,2026-09-16 00:44:23.851,GW-LINE-B,mtc01.actualTemp,Good,99.3,
1090,2026-09-16 00:44:23.851,GW-LINE-B,mtc01.pumpPressure,Good,4,
1091,2026-09-16 00:44:23.851,GW-LINE-B,mtc01.pumpFlow,Good,32,
1092,2026-09-16 00:44:23.851,GW-LINE-B,mtc01.pumpCurrent,Good,5.1,
1093,2026-09-16 00:44:23.851,GW-LINE-B,mtc01.heatPower,Good,4,
1094,2026-09-16 00:44:23.851,GW-LINE-B,mtc01.outletTemp,Good,99.8,
1095,2026-09-16 00:44:23.851,GW-LINE-B,mtc01.tempAvg,Good,993.3061,
1096,2026-09-16 00:44:23.859,GW-LINE-B,dry01.materialLevel,Good,76,
1097,2026-09-16 00:44:23.859,GW-LINE-B,dry01.fanCurrent,Good,1.3,
1098,2026-09-16 00:44:23.861,GW-LINE-B,dry01.levelTrend,Good,-0.8281019,
1099,2026-09-16 00:44:23.867,GW-LINE-B,rob01.cycleTime,Good,3.2,
1100,2026-09-16 00:44:23.867,GW-LINE-B,rob01.posX,Good,1,
1101,2026-09-16 00:44:23.867,GW-LINE-B,rob01.trajectory,Good,0.7503507,
1102,2026-09-16 00:44:24.326,IM-01,im01.prodTime,Good,09/16/2026 00:44:24,
1103,2026-09-16 00:44:24.815,IM-01,im01.barrel1Temp,Good,205,
1104,2026-09-16 00:44:24.815,IM-01,im01.barrel5Temp,Good,179.7,
1105,2026-09-16 00:44:24.815,IM-01,im01.oilTemp,Good,44.6,
1106,2026-09-16 00:44:24.815,IM-01,im01.hydraulicPressure,Good,7,
1107,2026-09-16 00:44:24.815,IM-01,im01.energyTotal,Good,0.137694444444445,
1108,2026-09-16 00:44:24.826,EM-01,em01.totalEnergy,Good,89.33,
1109,2026-09-16 00:44:24.826,EM-01,em01.forwardEnergy,Good,89.33,
1110,2026-09-16 00:44:24.826,EM-01,em01.voltageB,Good,384,
1111,2026-09-16 00:44:24.826,EM-01,em01.voltageC,Good,380,
1112,2026-09-16 00:44:24.826,EM-01,em01.currentA,Good,145.3,
1113,2026-09-16 00:44:24.826,EM-01,em01.activePower,Good,115,
1114,2026-09-16 00:44:24.826,EM-01,em01.reactivePower,Good,39,
1115,2026-09-16 00:44:24.826,EM-01,em01.powerFactor,Good,0.885,
1116,2026-09-16 00:44:24.826,EM-01,em01.frequency,Good,50.08,
1117,2026-09-16 00:44:24.826,EM-01,em01.demand,Good,115,
1118,2026-09-16 00:44:24.826,EM-01,em01.energyF64,Good,0.907222222222222,
1119,2026-09-16 00:44:24.826,EM-01,em01.unbalance,Good,2.368421,
1120,2026-09-16 00:44:24.833,ENV-01,env01.humidity,Good,56,
1121,2026-09-16 00:44:24.833,ENV-01,env01.dewPoint,Good,17,
1122,2026-09-16 00:44:24.833,ENV-01,env01.pm25,Good,51,
1123,2026-09-16 00:44:24.833,ENV-01,env01.pressureDiff,Good,7,
1124,2026-09-16 00:44:24.833,ENV-01,env01.illuminance,Good,410,
1125,2026-09-16 00:44:24.833,ENV-01,env01.tempFluctuation,Good,18.09975,
1126,2026-09-16 00:44:24.851,GW-LINE-B,mtc01.actualTemp,Good,99.6,
1127,2026-09-16 00:44:24.851,GW-LINE-B,mtc01.pumpPressure,Good,5,
1128,2026-09-16 00:44:24.851,GW-LINE-B,mtc01.pumpFlow,Good,30,
1129,2026-09-16 00:44:24.851,GW-LINE-B,mtc01.pumpCurrent,Good,3.6,
1130,2026-09-16 00:44:24.851,GW-LINE-B,mtc01.heatPower,Good,8,
1131,2026-09-16 00:44:24.851,GW-LINE-B,mtc01.outletTemp,Good,100.1,
1132,2026-09-16 00:44:24.851,GW-LINE-B,mtc01.tempAvg,Good,995.9814,
1133,2026-09-16 00:44:24.859,GW-LINE-B,dry01.dewPoint,Good,-34.3,
1134,2026-09-16 00:44:24.859,GW-LINE-B,dry01.heatPower,Good,7,
1135,2026-09-16 00:44:24.859,GW-LINE-B,dry01.fanCurrent,Good,1.9,
1136,2026-09-16 00:44:24.862,GW-LINE-B,dry01.levelTrend,Good,-0.8585503,
1137,2026-09-16 00:44:24.868,GW-LINE-B,rob01.cycleTime,Good,2.7,
1138,2026-09-16 00:44:24.868,GW-LINE-B,rob01.posZ,Good,1,
1139,2026-09-16 00:44:24.868,GW-LINE-B,rob01.trajectory,Good,1.034948,
1140,2026-09-16 00:44:25.329,IM-01,im01.prodTime,Good,09/16/2026 00:44:25,
1141,2026-09-16 00:44:25.815,IM-01,im01.barrel1Temp,Good,204.9,
1142,2026-09-16 00:44:25.815,IM-01,im01.moldTemp,Good,84.5,
1143,2026-09-16 00:44:25.815,IM-01,im01.pumpCurrent,Good,6.7,
1144,2026-09-16 00:44:25.815,IM-01,im01.hydraulicPressure,Good,5,
1145,2026-09-16 00:44:25.815,IM-01,im01.power,Good,24,
1146,2026-09-16 00:44:25.815,IM-01,im01.energyTotal,Good,0.143638888888889,
1147,2026-09-16 00:44:25.826,EM-01,em01.totalEnergy,Good,92.34,
1148,2026-09-16 00:44:25.826,EM-01,em01.forwardEnergy,Good,92.34,
1149,2026-09-16 00:44:25.826,EM-01,em01.voltageA,Good,379,
1150,2026-09-16 00:44:25.826,EM-01,em01.voltageB,Good,385,
1151,2026-09-16 00:44:25.826,EM-01,em01.voltageC,Good,378,
1152,2026-09-16 00:44:25.826,EM-01,em01.currentA,Good,163.6,
1153,2026-09-16 00:44:25.826,EM-01,em01.activePower,Good,97,
1154,2026-09-16 00:44:25.826,EM-01,em01.reactivePower,Good,23,
1155,2026-09-16 00:44:25.826,EM-01,em01.powerFactor,Good,0.944,
1156,2026-09-16 00:44:25.826,EM-01,em01.frequency,Good,49.98,
1157,2026-09-16 00:44:25.826,EM-01,em01.demand,Good,97,
1158,2026-09-16 00:44:25.826,EM-01,em01.energyF64,Good,0.937833333333333,
1159,2026-09-16 00:44:25.826,EM-01,em01.unbalance,Good,1.842105,
1160,2026-09-16 00:44:25.833,ENV-01,env01.humidity,Good,54,
1161,2026-09-16 00:44:25.833,ENV-01,env01.dewPoint,Good,16.8,
1162,2026-09-16 00:44:25.833,ENV-01,env01.pm25,Good,24,
1163,2026-09-16 00:44:25.833,ENV-01,env01.pressureDiff,Good,3,
1164,2026-09-16 00:44:25.833,ENV-01,env01.illuminance,Good,381,
1165,2026-09-16 00:44:25.833,ENV-01,env01.tempFluctuation,Good,18.25088,
1166,2026-09-16 00:44:25.853,GW-LINE-B,mtc01.actualTemp,Good,99.5,
1167,2026-09-16 00:44:25.853,GW-LINE-B,mtc01.pumpFlow,Good,28,
1168,2026-09-16 00:44:25.853,GW-LINE-B,mtc01.pumpCurrent,Good,4.9,
1169,2026-09-16 00:44:25.853,GW-LINE-B,mtc01.outletTemp,Good,100,
1170,2026-09-16 00:44:25.853,GW-LINE-B,mtc01.tempAvg,Good,995.3103,
1171,2026-09-16 00:44:25.862,GW-LINE-B,dry01.dewPoint,Good,-33.9,
1172,2026-09-16 00:44:25.862,GW-LINE-B,dry01.heatPower,Good,6,
1173,2026-09-16 00:44:25.862,GW-LINE-B,dry01.fanCurrent,Good,1,
1174,2026-09-16 00:44:25.865,GW-LINE-B,dry01.levelTrend,Good,-0.8921497,
1175,2026-09-16 00:44:25.872,GW-LINE-B,rob01.cycleTime,Good,3.2,
1176,2026-09-16 00:44:25.872,GW-LINE-B,rob01.posX,Good,0,
1177,2026-09-16 00:44:25.872,GW-LINE-B,rob01.trajectory,Good,-0.037723,
1178,2026-09-16 00:44:26.328,IM-01,im01.statusWord,Good,65,
1179,2026-09-16 00:44:26.328,IM-01,im01.stage,Good,5,
1180,2026-09-16 00:44:26.328,IM-01,im01.prodTime,Good,09/16/2026 00:44:26,
1182,2026-09-16 00:44:26.799,IM-01,im01.clampForceDev,Good,-6,
1183,2026-09-16 00:44:26.802,GW-LINE-B,mtc01.runSeconds,Good,307,
1184,2026-09-16 00:44:26.802,GW-LINE-B,mtc01.energyTotal,Good,0.0465555555555555,
1185,2026-09-16 00:44:26.803,EM-01,em01.readTime,Good,09/16/2026 00:44:26,
1186,2026-09-16 00:44:26.804,GW-LINE-B,mtc01.tempDeviation,Good,-0.5,
1187,2026-09-16 00:44:26.811,GW-LINE-B,dry01.drySeconds,Good,307,
1188,2026-09-16 00:44:26.811,GW-LINE-B,dry01.energyTotal,Good,0.0482222222222222,
1189,2026-09-16 00:44:26.813,ENV-01,env01.runSeconds,Good,307,
1190,2026-09-16 00:44:26.813,ENV-01,env01.sampleTime,Good,09/16/2026 00:44:26,
1191,2026-09-16 00:44:26.814,GW-LINE-B,dry01.dewDeviation,Good,1,
1192,2026-09-16 00:44:26.816,IM-01,im01.barrel1Temp,Good,204.7,
1193,2026-09-16 00:44:26.816,IM-01,im01.moldTemp,Good,84.6,
1194,2026-09-16 00:44:26.816,IM-01,im01.oilTemp,Good,44.4,
1195,2026-09-16 00:44:26.816,IM-01,im01.clampPressure,Good,34,
1196,2026-09-16 00:44:26.816,IM-01,im01.pumpCurrent,Good,4.6,
1197,2026-09-16 00:44:26.816,IM-01,im01.hydraulicPressure,Good,6,
1198,2026-09-16 00:44:26.816,IM-01,im01.power,Good,11,
1199,2026-09-16 00:44:26.816,IM-01,im01.energyTotal,Good,0.1475,
1200,2026-09-16 00:44:26.817,ENV-01,env01.tempDeviation,Good,-0.2,
1201,2026-09-16 00:44:26.820,GW-LINE-B,rob01.runSeconds,Good,307,
1202,2026-09-16 00:44:26.822,GW-LINE-B,rob01.energyTotal,Good,0.0399722222222222,
1203,2026-09-16 00:44:26.824,GW-LINE-B,rob01.posDeviation,Good,-97,
1204,2026-09-16 00:44:26.826,EM-01,em01.totalEnergy,Good,95.36,
1205,2026-09-16 00:44:26.826,EM-01,em01.forwardEnergy,Good,95.36,
1206,2026-09-16 00:44:26.826,EM-01,em01.voltageA,Good,383,
1207,2026-09-16 00:44:26.826,EM-01,em01.voltageB,Good,377,
1208,2026-09-16 00:44:26.826,EM-01,em01.voltageC,Good,380,
1209,2026-09-16 00:44:26.827,EM-01,em01.currentA,Good,200.9,
1210,2026-09-16 00:44:26.827,EM-01,em01.activePower,Good,116,
1211,2026-09-16 00:44:26.827,EM-01,em01.reactivePower,Good,36,
1212,2026-09-16 00:44:26.827,EM-01,em01.powerFactor,Good,0.93,
1213,2026-09-16 00:44:26.827,EM-01,em01.frequency,Good,50.07,
1214,2026-09-16 00:44:26.827,EM-01,em01.demand,Good,116,
1215,2026-09-16 00:44:26.827,EM-01,em01.energyF64,Good,0.968555555555556,
1216,2026-09-16 00:44:26.827,EM-01,em01.unbalance,Good,1.578947,
1217,2026-09-16 00:44:26.834,ENV-01,env01.humidity,Good,58,
1218,2026-09-16 00:44:26.834,ENV-01,env01.dewPoint,Good,17.4,
1219,2026-09-16 00:44:26.834,ENV-01,env01.noise,Good,75,
1220,2026-09-16 00:44:26.834,ENV-01,env01.pm25,Good,26,
1221,2026-09-16 00:44:26.834,ENV-01,env01.pressureDiff,Good,11,
1222,2026-09-16 00:44:26.834,ENV-01,env01.illuminance,Good,356,
1223,2026-09-16 00:44:26.834,ENV-01,env01.tempFluctuation,Good,18.34974,
1224,2026-09-16 00:44:26.852,GW-LINE-B,mtc01.pumpPressure,Good,2,
1225,2026-09-16 00:44:26.852,GW-LINE-B,mtc01.pumpCurrent,Good,4.7,
1226,2026-09-16 00:44:26.852,GW-LINE-B,mtc01.heatPower,Good,4,
1227,2026-09-16 00:44:26.852,GW-LINE-B,mtc01.tempAvg,Good,995.0483,
1228,2026-09-16 00:44:26.860,GW-LINE-B,dry01.dewPoint,Good,-34.1,
1229,2026-09-16 00:44:26.860,GW-LINE-B,dry01.materialLevel,Good,75,
1230,2026-09-16 00:44:26.860,GW-LINE-B,dry01.heatPower,Good,4,
1231,2026-09-16 00:44:26.860,GW-LINE-B,dry01.fanCurrent,Good,1.3,
1232,2026-09-16 00:44:26.862,GW-LINE-B,dry01.levelTrend,Good,-0.9218752,
1233,2026-09-16 00:44:26.867,GW-LINE-B,rob01.cycleTime,Good,2.8,
1234,2026-09-16 00:44:26.867,GW-LINE-B,rob01.posX,Good,3,
1235,2026-09-16 00:44:26.867,GW-LINE-B,rob01.posZ,Good,0,
1236,2026-09-16 00:44:26.867,GW-LINE-B,rob01.trajectory,Good,2.770849,
1237,2026-09-16 00:44:27.332,IM-01,im01.prodTime,Good,09/16/2026 00:44:27,
1238,2026-09-16 00:44:27.816,IM-01,im01.barrel1Temp,Good,204.9,
1239,2026-09-16 00:44:27.816,IM-01,im01.moldTemp,Good,84.5,
1240,2026-09-16 00:44:27.816,IM-01,im01.clampPressure,Good,49,
1241,2026-09-16 00:44:27.816,IM-01,im01.pumpCurrent,Good,4.7,
1242,2026-09-16 00:44:27.816,IM-01,im01.hydraulicPressure,Good,7,
1243,2026-09-16 00:44:27.816,IM-01,im01.power,Good,9,
1244,2026-09-16 00:44:27.816,IM-01,im01.energyTotal,Good,0.150166666666667,
1245,2026-09-16 00:44:27.827,EM-01,em01.totalEnergy,Good,98.47,
1246,2026-09-16 00:44:27.827,EM-01,em01.forwardEnergy,Good,98.47,
1247,2026-09-16 00:44:27.827,EM-01,em01.voltageB,Good,385,
1248,2026-09-16 00:44:27.827,EM-01,em01.voltageC,Good,375,
1249,2026-09-16 00:44:27.827,EM-01,em01.currentA,Good,202.1,
1250,2026-09-16 00:44:27.827,EM-01,em01.activePower,Good,112,
1251,2026-09-16 00:44:27.827,EM-01,em01.reactivePower,Good,26,
1252,2026-09-16 00:44:27.827,EM-01,em01.powerFactor,Good,0.947,
1253,2026-09-16 00:44:27.827,EM-01,em01.frequency,Good,50.06,
1254,2026-09-16 00:44:27.827,EM-01,em01.demand,Good,112,
1255,2026-09-16 00:44:27.827,EM-01,em01.energyF64,Good,1.00013888888889,
1256,2026-09-16 00:44:27.827,EM-01,em01.unbalance,Good,2.631579,
1257,2026-09-16 00:44:27.829,IM-01,im01.statusWord,Good,129,
1258,2026-09-16 00:44:27.829,IM-01,im01.stage,Good,6,
1259,2026-09-16 00:44:27.834,ENV-01,env01.roomTemp,Good,25.9,
1260,2026-09-16 00:44:27.834,ENV-01,env01.humidity,Good,57,
1261,2026-09-16 00:44:27.834,ENV-01,env01.noise,Good,70,
1262,2026-09-16 00:44:27.834,ENV-01,env01.pm25,Good,42,
1263,2026-09-16 00:44:27.834,ENV-01,env01.pressureDiff,Good,10,
1264,2026-09-16 00:44:27.834,ENV-01,env01.illuminance,Good,366,
1265,2026-09-16 00:44:27.834,ENV-01,env01.tempFluctuation,Good,18.2579,
1266,2026-09-16 00:44:27.852,GW-LINE-B,mtc01.actualTemp,Good,99.6,
1267,2026-09-16 00:44:27.852,GW-LINE-B,mtc01.pumpFlow,Good,30,
1268,2026-09-16 00:44:27.852,GW-LINE-B,mtc01.pumpCurrent,Good,3.3,
1269,2026-09-16 00:44:27.852,GW-LINE-B,mtc01.heatPower,Good,6,
1270,2026-09-16 00:44:27.852,GW-LINE-B,mtc01.outletTemp,Good,100.1,
1271,2026-09-16 00:44:27.852,GW-LINE-B,mtc01.tempAvg,Good,996.1445,
1272,2026-09-16 00:44:27.860,GW-LINE-B,dry01.dewPoint,Good,-33.4,
1273,2026-09-16 00:44:27.860,GW-LINE-B,dry01.heatPower,Good,3,
1274,2026-09-16 00:44:27.860,GW-LINE-B,dry01.fanCurrent,Good,1,
1275,2026-09-16 00:44:27.862,GW-LINE-B,dry01.levelTrend,Good,-0.952455,
1276,2026-09-16 00:44:27.868,GW-LINE-B,rob01.cycleTime,Good,2.9,
1277,2026-09-16 00:44:27.868,GW-LINE-B,rob01.trajectory,Good,3.217707,
1278,2026-09-16 00:44:28.330,IM-01,im01.prodTime,Good,09/16/2026 00:44:28,
1279,2026-09-16 00:44:28.818,IM-01,im01.barrel1Temp,Good,204.7,
1280,2026-09-16 00:44:28.818,IM-01,im01.barrel5Temp,Good,179.6,
1281,2026-09-16 00:44:28.818,IM-01,im01.clampPressure,Good,50,
1282,2026-09-16 00:44:28.818,IM-01,im01.pumpCurrent,Good,7.1,
1283,2026-09-16 00:44:28.818,IM-01,im01.hydraulicPressure,Good,0,
1284,2026-09-16 00:44:28.818,IM-01,im01.power,Good,7,
1285,2026-09-16 00:44:28.818,IM-01,im01.energyTotal,Good,0.152638888888889,
1286,2026-09-16 00:44:28.827,EM-01,em01.totalEnergy,Good,101.55,
1287,2026-09-16 00:44:28.827,EM-01,em01.forwardEnergy,Good,101.55,
1288,2026-09-16 00:44:28.827,EM-01,em01.voltageA,Good,375,
1289,2026-09-16 00:44:28.827,EM-01,em01.voltageB,Good,382,
1290,2026-09-16 00:44:28.827,EM-01,em01.currentA,Good,126.3,
1291,2026-09-16 00:44:28.827,EM-01,em01.activePower,Good,99,
1292,2026-09-16 00:44:28.827,EM-01,em01.reactivePower,Good,20,
1293,2026-09-16 00:44:28.827,EM-01,em01.powerFactor,Good,0.904,
1294,2026-09-16 00:44:28.827,EM-01,em01.frequency,Good,49.99,
1295,2026-09-16 00:44:28.827,EM-01,em01.demand,Good,99,
1296,2026-09-16 00:44:28.827,EM-01,em01.energyF64,Good,1.03141666666667,
1297,2026-09-16 00:44:28.827,EM-01,em01.unbalance,Good,1.842105,
1298,2026-09-16 00:44:28.835,ENV-01,env01.humidity,Good,58,
1299,2026-09-16 00:44:28.835,ENV-01,env01.dewPoint,Good,17.6,
1300,2026-09-16 00:44:28.835,ENV-01,env01.noise,Good,75,
1301,2026-09-16 00:44:28.835,ENV-01,env01.pm25,Good,20,
1302,2026-09-16 00:44:28.835,ENV-01,env01.pressureDiff,Good,2,
1303,2026-09-16 00:44:28.835,ENV-01,env01.illuminance,Good,321,
1304,2026-09-16 00:44:28.835,ENV-01,env01.tempFluctuation,Good,18.14853,
1305,2026-09-16 00:44:28.854,GW-LINE-B,mtc01.actualTemp,Good,99.7,
1306,2026-09-16 00:44:28.854,GW-LINE-B,mtc01.pumpPressure,Good,3,
1307,2026-09-16 00:44:28.854,GW-LINE-B,mtc01.pumpFlow,Good,26,
1308,2026-09-16 00:44:28.854,GW-LINE-B,mtc01.pumpCurrent,Good,4.1,
1309,2026-09-16 00:44:28.854,GW-LINE-B,mtc01.heatPower,Good,5,
1310,2026-09-16 00:44:28.854,GW-LINE-B,mtc01.outletTemp,Good,100.2,
1311,2026-09-16 00:44:28.854,GW-LINE-B,mtc01.tempAvg,Good,997.4766,
1312,2026-09-16 00:44:28.861,GW-LINE-B,dry01.dewPoint,Good,-34.2,
1313,2026-09-16 00:44:28.861,GW-LINE-B,dry01.fanCurrent,Good,2,
1314,2026-09-16 00:44:28.864,GW-LINE-B,dry01.levelTrend,Good,-0.9873791,
1315,2026-09-16 00:44:28.870,GW-LINE-B,rob01.cycleTime,Good,3.2,
1316,2026-09-16 00:44:28.870,GW-LINE-B,rob01.trajectory,Good,2.847458,
1317,2026-09-16 00:44:29.331,IM-01,im01.prodTime,Good,09/16/2026 00:44:29,
1318,2026-09-16 00:44:29.817,IM-01,im01.barrel5Temp,Good,179.4,
1319,2026-09-16 00:44:29.817,IM-01,im01.oilTemp,Good,44.6,
1320,2026-09-16 00:44:29.817,IM-01,im01.clampPressure,Good,56,
1321,2026-09-16 00:44:29.817,IM-01,im01.pumpCurrent,Good,4.2,
1322,2026-09-16 00:44:29.817,IM-01,im01.hydraulicPressure,Good,6,
1323,2026-09-16 00:44:29.817,IM-01,im01.power,Good,6,
1324,2026-09-16 00:44:29.817,IM-01,im01.energyTotal,Good,0.154944444444445,
1325,2026-09-16 00:44:29.828,EM-01,em01.totalEnergy,Good,104.59,
1326,2026-09-16 00:44:29.828,EM-01,em01.forwardEnergy,Good,104.59,
1327,2026-09-16 00:44:29.828,EM-01,em01.voltageA,Good,385,
1328,2026-09-16 00:44:29.828,EM-01,em01.voltageB,Good,376,
1329,2026-09-16 00:44:29.828,EM-01,em01.voltageC,Good,382,
1330,2026-09-16 00:44:29.828,EM-01,em01.currentA,Good,154.6,
1331,2026-09-16 00:44:29.828,EM-01,em01.activePower,Good,112,
1332,2026-09-16 00:44:29.828,EM-01,em01.reactivePower,Good,32,
1333,2026-09-16 00:44:29.828,EM-01,em01.powerFactor,Good,0.905,
1334,2026-09-16 00:44:29.828,EM-01,em01.frequency,Good,49.92,
1335,2026-09-16 00:44:29.828,EM-01,em01.demand,Good,112,
1336,2026-09-16 00:44:29.828,EM-01,em01.energyF64,Good,1.06238888888889,
1337,2026-09-16 00:44:29.828,EM-01,em01.unbalance,Good,2.368421,
1338,2026-09-16 00:44:29.831,IM-01,im01.statusWord,Good,3,
1339,2026-09-16 00:44:29.831,IM-01,im01.totalMolds,Good,1,
1340,2026-09-16 00:44:29.831,IM-01,im01.goodParts,Good,1,
1341,2026-09-16 00:44:29.831,IM-01,im01.cycleTime,Good,40,
1342,2026-09-16 00:44:29.831,IM-01,im01.avgCycleTime,Good,35,
1343,2026-09-16 00:44:29.831,IM-01,im01.stage,Good,0,
1344,2026-09-16 00:44:29.831,IM-01,im01.batchNo,Good,2001,
1345,2026-09-16 00:44:29.835,ENV-01,env01.humidity,Good,57,
1346,2026-09-16 00:44:29.835,ENV-01,env01.dewPoint,Good,17.3,
1347,2026-09-16 00:44:29.835,ENV-01,env01.noise,Good,76,
1348,2026-09-16 00:44:29.835,ENV-01,env01.pm25,Good,43,
1349,2026-09-16 00:44:29.835,ENV-01,env01.pressureDiff,Good,8,
1350,2026-09-16 00:44:29.835,ENV-01,env01.illuminance,Good,499,
1351,2026-09-16 00:44:29.835,ENV-01,env01.tempFluctuation,Good,18.68758,
1352,2026-09-16 00:44:29.855,GW-LINE-B,mtc01.actualTemp,Good,99.6,
1353,2026-09-16 00:44:29.855,GW-LINE-B,mtc01.pumpFlow,Good,35,
1354,2026-09-16 00:44:29.855,GW-LINE-B,mtc01.pumpCurrent,Good,3.3,
1355,2026-09-16 00:44:29.855,GW-LINE-B,mtc01.heatPower,Good,4,
1356,2026-09-16 00:44:29.855,GW-LINE-B,mtc01.outletTemp,Good,100.1,
1357,2026-09-16 00:44:29.855,GW-LINE-B,mtc01.tempAvg,Good,996.313,
1358,2026-09-16 00:44:29.862,GW-LINE-B,dry01.dewPoint,Good,-34.7,
1359,2026-09-16 00:44:29.862,GW-LINE-B,dry01.materialLevel,Good,74,
1360,2026-09-16 00:44:29.862,GW-LINE-B,dry01.heatPower,Good,5,
1361,2026-09-16 00:44:29.862,GW-LINE-B,dry01.fanCurrent,Good,0.9,
1362,2026-09-16 00:44:29.866,GW-LINE-B,dry01.levelTrend,Good,-1.013191,
1363,2026-09-16 00:44:29.873,GW-LINE-B,rob01.cycleTime,Good,3.1,
1364,2026-09-16 00:44:29.874,GW-LINE-B,rob01.posX,Good,4,
1365,2026-09-16 00:44:29.874,GW-LINE-B,rob01.trajectory,Good,3.975899,
1366,2026-09-16 00:44:30.332,IM-01,im01.prodTime,Good,09/16/2026 00:44:30,
1367,2026-09-16 00:44:30.818,IM-01,im01.clampPressure,Good,54,
1368,2026-09-16 00:44:30.818,IM-01,im01.pumpCurrent,Good,2.7,
1369,2026-09-16 00:44:30.818,IM-01,im01.hydraulicPressure,Good,0,
1370,2026-09-16 00:44:30.818,IM-01,im01.power,Good,11,
1371,2026-09-16 00:44:30.818,IM-01,im01.energyTotal,Good,0.1575,
1372,2026-09-16 00:44:30.831,EM-01,em01.totalEnergy,Good,107.57,
1373,2026-09-16 00:44:30.831,EM-01,em01.forwardEnergy,Good,107.57,
1374,2026-09-16 00:44:30.831,EM-01,em01.voltageA,Good,375,
1375,2026-09-16 00:44:30.831,EM-01,em01.voltageB,Good,378,
1376,2026-09-16 00:44:30.831,EM-01,em01.voltageC,Good,375,
1377,2026-09-16 00:44:30.831,EM-01,em01.currentA,Good,172.2,
1378,2026-09-16 00:44:30.831,EM-01,em01.activePower,Good,116,
1379,2026-09-16 00:44:30.831,EM-01,em01.reactivePower,Good,22,
1380,2026-09-16 00:44:30.831,EM-01,em01.frequency,Good,50.09,
1381,2026-09-16 00:44:30.831,EM-01,em01.demand,Good,116,
1382,2026-09-16 00:44:30.831,EM-01,em01.energyF64,Good,1.09266666666667,
1383,2026-09-16 00:44:30.831,EM-01,em01.unbalance,Good,0.7894737,
1384,2026-09-16 00:44:30.836,ENV-01,env01.dewPoint,Good,17.4,
1385,2026-09-16 00:44:30.836,ENV-01,env01.noise,Good,71,
1386,2026-09-16 00:44:30.836,ENV-01,env01.pm25,Good,38,
1387,2026-09-16 00:44:30.836,ENV-01,env01.pressureDiff,Good,5,
1388,2026-09-16 00:44:30.836,ENV-01,env01.illuminance,Good,378,
1389,2026-09-16 00:44:30.836,ENV-01,env01.tempFluctuation,Good,17.92553,
1390,2026-09-16 00:44:30.854,GW-LINE-B,mtc01.actualTemp,Good,99.5,
1391,2026-09-16 00:44:30.854,GW-LINE-B,mtc01.pumpPressure,Good,5,
1392,2026-09-16 00:44:30.854,GW-LINE-B,mtc01.pumpFlow,Good,33,
1393,2026-09-16 00:44:30.854,GW-LINE-B,mtc01.pumpCurrent,Good,3.2,
1394,2026-09-16 00:44:30.854,GW-LINE-B,mtc01.heatPower,Good,3,
1395,2026-09-16 00:44:30.854,GW-LINE-B,mtc01.outletTemp,Good,100,
1396,2026-09-16 00:44:30.854,GW-LINE-B,mtc01.tempAvg,Good,995.1779,
1397,2026-09-16 00:44:30.862,GW-LINE-B,dry01.heatPower,Good,3,
1398,2026-09-16 00:44:30.862,GW-LINE-B,dry01.fanCurrent,Good,1.9,
1399,2026-09-16 00:44:30.864,GW-LINE-B,dry01.levelTrend,Good,-1.040462,
1400,2026-09-16 00:44:30.870,GW-LINE-B,rob01.cycleTime,Good,3.2,
1401,2026-09-16 00:44:30.870,GW-LINE-B,rob01.trajectory,Good,3.787362,
1402,2026-09-16 00:44:31.332,IM-01,im01.prodTime,Good,09/16/2026 00:44:31,
1403,2026-09-16 00:44:31.802,GW-LINE-B,mtc01.runSeconds,Good,357,
1404,2026-09-16 00:44:31.802,GW-LINE-B,mtc01.energyTotal,Good,0.0541944444444443,
1405,2026-09-16 00:44:31.804,IM-01,im01.clampForceDev,Good,14,
1406,2026-09-16 00:44:31.804,EM-01,em01.readTime,Good,09/16/2026 00:44:31,
1407,2026-09-16 00:44:31.805,GW-LINE-B,mtc01.tempDeviation,Good,-0.6,
1408,2026-09-16 00:44:31.816,GW-LINE-B,dry01.drySeconds,Good,357,
1409,2026-09-16 00:44:31.816,GW-LINE-B,dry01.energyTotal,Good,0.0554166666666666,
1410,2026-09-16 00:44:31.826,IM-01,im01.barrel1Temp,Good,205,
1411,2026-09-16 00:44:31.826,IM-01,im01.barrel5Temp,Good,179.5,
1412,2026-09-16 00:44:31.826,IM-01,im01.oilTemp,Good,44.4,
1413,2026-09-16 00:44:31.826,IM-01,im01.injectPressure,Good,163,
1414,2026-09-16 00:44:31.826,IM-01,im01.injectSpeed,Good,84,
1415,2026-09-16 00:44:31.826,IM-01,im01.clampPressure,Good,50,
1416,2026-09-16 00:44:31.826,IM-01,im01.pumpCurrent,Good,6.7,
1417,2026-09-16 00:44:31.826,IM-01,im01.hydraulicPressure,Good,37,
1418,2026-09-16 00:44:31.826,IM-01,im01.power,Good,44,
1419,2026-09-16 00:44:31.826,IM-01,im01.energyTotal,Good,0.162638888888889,
1420,2026-09-16 00:44:31.827,GW-LINE-B,dry01.dewDeviation,Good,0.6,
1421,2026-09-16 00:44:31.827,ENV-01,env01.runSeconds,Good,357,
1422,2026-09-16 00:44:31.827,ENV-01,env01.sampleTime,Good,09/16/2026 00:44:31,
1423,2026-09-16 00:44:31.833,ENV-01,env01.tempDeviation,Good,0,
1424,2026-09-16 00:44:31.834,IM-01,im01.statusWord,Good,5,
1425,2026-09-16 00:44:31.834,IM-01,im01.stage,Good,1,
1426,2026-09-16 00:44:31.836,GW-LINE-B,rob01.runSeconds,Good,358,
1427,2026-09-16 00:44:31.837,GW-LINE-B,rob01.energyTotal,Good,0.0477777777777777,
1428,2026-09-16 00:44:31.839,EM-01,em01.totalEnergy,Good,110.82,
1429,2026-09-16 00:44:31.839,EM-01,em01.forwardEnergy,Good,110.82,
1430,2026-09-16 00:44:31.839,EM-01,em01.voltageA,Good,378,
1431,2026-09-16 00:44:31.839,EM-01,em01.voltageB,Good,377,
1432,2026-09-16 00:44:31.839,EM-01,em01.voltageC,Good,383,
1433,2026-09-16 00:44:31.839,EM-01,em01.currentA,Good,198,
1434,2026-09-16 00:44:31.839,EM-01,em01.activePower,Good,108,
1435,2026-09-16 00:44:31.839,EM-01,em01.powerFactor,Good,0.915,
1436,2026-09-16 00:44:31.839,EM-01,em01.frequency,Good,49.9,
1437,2026-09-16 00:44:31.839,EM-01,em01.demand,Good,108,
1438,2026-09-16 00:44:31.839,EM-01,em01.energyF64,Good,1.12561111111111,
1439,2026-09-16 00:44:31.839,EM-01,em01.unbalance,Good,1.578947,
1440,2026-09-16 00:44:31.839,GW-LINE-B,rob01.posDeviation,Good,-96,
1441,2026-09-16 00:44:31.845,ENV-01,env01.roomTemp,Good,26,
1442,2026-09-16 00:44:31.845,ENV-01,env01.humidity,Good,56,
1443,2026-09-16 00:44:31.845,ENV-01,env01.dewPoint,Good,17.2,
1444,2026-09-16 00:44:31.846,ENV-01,env01.noise,Good,77,
1445,2026-09-16 00:44:31.846,ENV-01,env01.pm25,Good,32,
1446,2026-09-16 00:44:31.846,ENV-01,env01.pressureDiff,Good,6,
1447,2026-09-16 00:44:31.846,ENV-01,env01.illuminance,Good,377,
1448,2026-09-16 00:44:31.846,ENV-01,env01.tempFluctuation,Good,18.75862,
1449,2026-09-16 00:44:31.858,GW-LINE-B,mtc01.actualTemp,Good,99.3,
1450,2026-09-16 00:44:31.858,GW-LINE-B,mtc01.pumpFlow,Good,26,
1451,2026-09-16 00:44:31.858,GW-LINE-B,mtc01.pumpCurrent,Good,5.7,
1452,2026-09-16 00:44:31.858,GW-LINE-B,mtc01.heatPower,Good,8,
1453,2026-09-16 00:44:31.858,GW-LINE-B,mtc01.outletTemp,Good,99.8,
1454,2026-09-16 00:44:31.858,GW-LINE-B,mtc01.tempAvg,Good,993.0162,
1455,2026-09-16 00:44:31.868,GW-LINE-B,dry01.dewPoint,Good,-34.6,
1456,2026-09-16 00:44:31.868,GW-LINE-B,dry01.heatPower,Good,4,
1457,2026-09-16 00:44:31.868,GW-LINE-B,dry01.fanCurrent,Good,1.6,
1458,2026-09-16 00:44:31.871,GW-LINE-B,dry01.levelTrend,Good,-1.07209,
1459,2026-09-16 00:44:31.878,GW-LINE-B,rob01.cycleTime,Good,3.1,
1460,2026-09-16 00:44:31.878,GW-LINE-B,rob01.trajectory,Good,4.028273,
1461,2026-09-16 00:44:32.334,IM-01,im01.prodTime,Good,09/16/2026 00:44:32,
1462,2026-09-16 00:44:32.820,IM-01,im01.barrel1Temp,Good,204.8,
1463,2026-09-16 00:44:32.820,IM-01,im01.moldTemp,Good,84.6,
1464,2026-09-16 00:44:32.820,IM-01,im01.injectPressure,Good,135,
1465,2026-09-16 00:44:32.820,IM-01,im01.injectSpeed,Good,88,
1466,2026-09-16 00:44:32.820,IM-01,im01.pumpCurrent,Good,8.1,
1467,2026-09-16 00:44:32.820,IM-01,im01.hydraulicPressure,Good,47,
1468,2026-09-16 00:44:32.820,IM-01,im01.energyTotal,Good,0.175083333333334,
1469,2026-09-16 00:44:32.830,EM-01,em01.totalEnergy,Good,113.88,
1470,2026-09-16 00:44:32.830,EM-01,em01.forwardEnergy,Good,113.88,
1471,2026-09-16 00:44:32.830,EM-01,em01.voltageA,Good,385,
1472,2026-09-16 00:44:32.830,EM-01,em01.voltageB,Good,385,
1473,2026-09-16 00:44:32.830,EM-01,em01.voltageC,Good,376,
1474,2026-09-16 00:44:32.830,EM-01,em01.currentA,Good,170.7,
1475,2026-09-16 00:44:32.830,EM-01,em01.activePower,Good,112,
1476,2026-09-16 00:44:32.830,EM-01,em01.reactivePower,Good,36,
1477,2026-09-16 00:44:32.830,EM-01,em01.powerFactor,Good,0.948,
1478,2026-09-16 00:44:32.830,EM-01,em01.frequency,Good,50.05,
1479,2026-09-16 00:44:32.830,EM-01,em01.demand,Good,112,
1480,2026-09-16 00:44:32.830,EM-01,em01.energyF64,Good,1.15658333333333,
1481,2026-09-16 00:44:32.830,EM-01,em01.unbalance,Good,2.368421,
1482,2026-09-16 00:44:32.841,ENV-01,env01.roomTemp,Good,25.9,
1483,2026-09-16 00:44:32.841,ENV-01,env01.dewPoint,Good,17.1,
1484,2026-09-16 00:44:32.841,ENV-01,env01.noise,Good,70,
1485,2026-09-16 00:44:32.841,ENV-01,env01.pm25,Good,51,
1486,2026-09-16 00:44:32.841,ENV-01,env01.pressureDiff,Good,2,
1487,2026-09-16 00:44:32.841,ENV-01,env01.illuminance,Good,496,
1488,2026-09-16 00:44:32.841,ENV-01,env01.tempFluctuation,Good,18.25152,
1489,2026-09-16 00:44:32.855,GW-LINE-B,mtc01.pumpPressure,Good,2,
1490,2026-09-16 00:44:32.855,GW-LINE-B,mtc01.pumpFlow,Good,30,
1491,2026-09-16 00:44:32.855,GW-LINE-B,mtc01.pumpCurrent,Good,6,
1492,2026-09-16 00:44:32.855,GW-LINE-B,mtc01.heatPower,Good,5,
1493,2026-09-16 00:44:32.855,GW-LINE-B,mtc01.tempAvg,Good,993.1951,
1494,2026-09-16 00:44:32.863,GW-LINE-B,dry01.dewPoint,Good,-34.3,
1495,2026-09-16 00:44:32.863,GW-LINE-B,dry01.materialLevel,Good,73,
1496,2026-09-16 00:44:32.863,GW-LINE-B,dry01.fanCurrent,Good,1.2,
1497,2026-09-16 00:44:32.865,GW-LINE-B,dry01.levelTrend,Good,-1.106714,
1498,2026-09-16 00:44:32.871,GW-LINE-B,rob01.cycleTime,Good,3.2,
1499,2026-09-16 00:44:32.871,GW-LINE-B,rob01.trajectory,Good,4.10538,
1500,2026-09-16 00:44:33.334,IM-01,im01.prodTime,Good,09/16/2026 00:44:33,
1501,2026-09-16 00:44:33.820,IM-01,im01.barrel1Temp,Good,204.9,
1502,2026-09-16 00:44:33.820,IM-01,im01.moldTemp,Good,84.5,
1503,2026-09-16 00:44:33.820,IM-01,im01.oilTemp,Good,44.5,
1504,2026-09-16 00:44:33.820,IM-01,im01.injectPressure,Good,155,
1505,2026-09-16 00:44:33.820,IM-01,im01.injectSpeed,Good,89,
1506,2026-09-16 00:44:33.820,IM-01,im01.pumpCurrent,Good,3,
1507,2026-09-16 00:44:33.820,IM-01,im01.hydraulicPressure,Good,54,
1508,2026-09-16 00:44:33.820,IM-01,im01.energyTotal,Good,0.187777777777778,
1509,2026-09-16 00:44:33.831,EM-01,em01.totalEnergy,Good,116.86,
1510,2026-09-16 00:44:33.831,EM-01,em01.forwardEnergy,Good,116.86,
1511,2026-09-16 00:44:33.831,EM-01,em01.voltageA,Good,378,
1512,2026-09-16 00:44:33.831,EM-01,em01.voltageB,Good,380,
1513,2026-09-16 00:44:33.831,EM-01,em01.voltageC,Good,378,
1514,2026-09-16 00:44:33.831,EM-01,em01.currentA,Good,170,
1515,2026-09-16 00:44:33.831,EM-01,em01.activePower,Good,120,
1516,2026-09-16 00:44:33.831,EM-01,em01.reactivePower,Good,22,
1517,2026-09-16 00:44:33.831,EM-01,em01.powerFactor,Good,0.934,
1518,2026-09-16 00:44:33.831,EM-01,em01.frequency,Good,49.9,
1519,2026-09-16 00:44:33.831,EM-01,em01.demand,Good,120,
1520,2026-09-16 00:44:33.831,EM-01,em01.energyF64,Good,1.18680555555555,
1521,2026-09-16 00:44:33.831,EM-01,em01.unbalance,Good,0.5263158,
1522,2026-09-16 00:44:33.842,ENV-01,env01.dewPoint,Good,17.2,
1523,2026-09-16 00:44:33.842,ENV-01,env01.noise,Good,72,
1524,2026-09-16 00:44:33.842,ENV-01,env01.pm25,Good,39,
1525,2026-09-16 00:44:33.842,ENV-01,env01.pressureDiff,Good,3,
1526,2026-09-16 00:44:33.842,ENV-01,env01.illuminance,Good,427,
1527,2026-09-16 00:44:33.842,ENV-01,env01.tempFluctuation,Good,18.6388,
1528,2026-09-16 00:44:33.856,GW-LINE-B,mtc01.actualTemp,Good,99.4,
1529,2026-09-16 00:44:33.856,GW-LINE-B,mtc01.pumpPressure,Good,5,
1530,2026-09-16 00:44:33.856,GW-LINE-B,mtc01.pumpFlow,Good,19,
1531,2026-09-16 00:44:33.856,GW-LINE-B,mtc01.pumpCurrent,Good,3.2,
1532,2026-09-16 00:44:33.856,GW-LINE-B,mtc01.outletTemp,Good,99.9,
1533,2026-09-16 00:44:33.856,GW-LINE-B,mtc01.tempAvg,Good,993.6481,
1534,2026-09-16 00:44:33.864,GW-LINE-B,dry01.dewPoint,Good,-34.6,
1535,2026-09-16 00:44:33.864,GW-LINE-B,dry01.heatPower,Good,3,
1536,2026-09-16 00:44:33.864,GW-LINE-B,dry01.fanCurrent,Good,1,
1537,2026-09-16 00:44:33.866,GW-LINE-B,dry01.levelTrend,Good,-1.136552,
1538,2026-09-16 00:44:33.871,GW-LINE-B,rob01.cycleTime,Good,2.7,
1539,2026-09-16 00:44:33.871,GW-LINE-B,rob01.posX,Good,2,
1540,2026-09-16 00:44:33.871,GW-LINE-B,rob01.trajectory,Good,1.872692,
1541,2026-09-16 00:44:34.335,IM-01,im01.prodTime,Good,09/16/2026 00:44:34,
1542,2026-09-16 00:44:34.822,IM-01,im01.barrel1Temp,Good,204.8,
1543,2026-09-16 00:44:34.822,IM-01,im01.barrel5Temp,Good,179.7,
1544,2026-09-16 00:44:34.822,IM-01,im01.oilTemp,Good,44.8,
1545,2026-09-16 00:44:34.822,IM-01,im01.injectPressure,Good,76,
1546,2026-09-16 00:44:34.822,IM-01,im01.injectSpeed,Good,72,
1547,2026-09-16 00:44:34.822,IM-01,im01.pumpCurrent,Good,5.1,
1548,2026-09-16 00:44:34.822,IM-01,im01.hydraulicPressure,Good,33,
1549,2026-09-16 00:44:34.822,IM-01,im01.power,Good,29,
1550,2026-09-16 00:44:34.822,IM-01,im01.energyTotal,Good,0.199055555555556,
1551,2026-09-16 00:44:34.833,EM-01,em01.totalEnergy,Good,119.92,
1552,2026-09-16 00:44:34.833,EM-01,em01.forwardEnergy,Good,119.92,
1553,2026-09-16 00:44:34.833,EM-01,em01.voltageA,Good,380,
1554,2026-09-16 00:44:34.833,EM-01,em01.voltageB,Good,383,
1555,2026-09-16 00:44:34.833,EM-01,em01.voltageC,Good,382,
1556,2026-09-16 00:44:34.833,EM-01,em01.currentA,Good,186.3,
1557,2026-09-16 00:44:34.833,EM-01,em01.activePower,Good,103,
1558,2026-09-16 00:44:34.833,EM-01,em01.reactivePower,Good,24,
1559,2026-09-16 00:44:34.833,EM-01,em01.powerFactor,Good,0.903,
1560,2026-09-16 00:44:34.833,EM-01,em01.frequency,Good,49.92,
1561,2026-09-16 00:44:34.833,EM-01,em01.demand,Good,103,
1562,2026-09-16 00:44:34.833,EM-01,em01.energyF64,Good,1.21794444444444,
1563,2026-09-16 00:44:34.833,EM-01,em01.unbalance,Good,0.7894737,
1564,2026-09-16 00:44:34.839,IM-01,im01.statusWord,Good,9,
1565,2026-09-16 00:44:34.839,IM-01,im01.stage,Good,2,
1566,2026-09-16 00:44:34.842,ENV-01,env01.humidity,Good,55,
1567,2026-09-16 00:44:34.842,ENV-01,env01.dewPoint,Good,17,
1568,2026-09-16 00:44:34.842,ENV-01,env01.noise,Good,76,
1569,2026-09-16 00:44:34.844,ENV-01,env01.pm25,Good,46,
1570,2026-09-16 00:44:34.844,ENV-01,env01.illuminance,Good,437,
1571,2026-09-16 00:44:34.844,ENV-01,env01.tempFluctuation,Good,17.91312,
1572,2026-09-16 00:44:34.857,GW-LINE-B,mtc01.actualTemp,Good,99.7,
1573,2026-09-16 00:44:34.857,GW-LINE-B,mtc01.pumpPressure,Good,2,
1574,2026-09-16 00:44:34.857,GW-LINE-B,mtc01.pumpFlow,Good,33,
1575,2026-09-16 00:44:34.857,GW-LINE-B,mtc01.pumpCurrent,Good,6,
1576,2026-09-16 00:44:34.857,GW-LINE-B,mtc01.heatPower,Good,3,
1577,2026-09-16 00:44:34.857,GW-LINE-B,mtc01.outletTemp,Good,100.2,
1578,2026-09-16 00:44:34.857,GW-LINE-B,mtc01.tempAvg,Good,996.5987,
1579,2026-09-16 00:44:34.866,GW-LINE-B,dry01.dewPoint,Good,-34.4,
1580,2026-09-16 00:44:34.866,GW-LINE-B,dry01.heatPower,Good,4,
1581,2026-09-16 00:44:34.866,GW-LINE-B,dry01.fanCurrent,Good,0.9,
1582,2026-09-16 00:44:34.868,GW-LINE-B,dry01.levelTrend,Good,-1.166295,
1583,2026-09-16 00:44:34.874,GW-LINE-B,rob01.cycleTime,Good,2.9,
1584,2026-09-16 00:44:34.874,GW-LINE-B,rob01.posX,Good,0,
1585,2026-09-16 00:44:34.874,GW-LINE-B,rob01.trajectory,Good,0.1540903,
1586,2026-09-16 00:44:35.336,IM-01,im01.prodTime,Good,09/16/2026 00:44:35,
1587,2026-09-16 00:44:35.822,IM-01,im01.barrel1Temp,Good,204.9,
1588,2026-09-16 00:44:35.822,IM-01,im01.barrel5Temp,Good,179.9,
1589,2026-09-16 00:44:35.822,IM-01,im01.oilTemp,Good,44.6,
1590,2026-09-16 00:44:35.822,IM-01,im01.injectPressure,Good,62,
1591,2026-09-16 00:44:35.822,IM-01,im01.pumpCurrent,Good,7.3,
1592,2026-09-16 00:44:35.822,IM-01,im01.hydraulicPressure,Good,35,
1593,2026-09-16 00:44:35.822,IM-01,im01.power,Good,33,
1594,2026-09-16 00:44:35.822,IM-01,im01.energyTotal,Good,0.207722222222222,
1595,2026-09-16 00:44:35.832,EM-01,em01.totalEnergy,Good,122.97,
1596,2026-09-16 00:44:35.832,EM-01,em01.forwardEnergy,Good,122.97,
1597,2026-09-16 00:44:35.832,EM-01,em01.voltageA,Good,384,
1598,2026-09-16 00:44:35.832,EM-01,em01.voltageB,Good,377,
1599,2026-09-16 00:44:35.832,EM-01,em01.voltageC,Good,381,
1600,2026-09-16 00:44:35.832,EM-01,em01.currentA,Good,137.3,
1601,2026-09-16 00:44:35.832,EM-01,em01.activePower,Good,131,
1602,2026-09-16 00:44:35.832,EM-01,em01.reactivePower,Good,35,
1603,2026-09-16 00:44:35.832,EM-01,em01.powerFactor,Good,0.918,
1604,2026-09-16 00:44:35.832,EM-01,em01.frequency,Good,50.02,
1605,2026-09-16 00:44:35.832,EM-01,em01.demand,Good,131,
1606,2026-09-16 00:44:35.832,EM-01,em01.energyF64,Good,1.24891666666667,
1607,2026-09-16 00:44:35.832,EM-01,em01.unbalance,Good,1.842105,
1608,2026-09-16 00:44:35.842,ENV-01,env01.roomTemp,Good,26,
1609,2026-09-16 00:44:35.842,ENV-01,env01.dewPoint,Good,17.1,
1610,2026-09-16 00:44:35.842,ENV-01,env01.noise,Good,72,
1611,2026-09-16 00:44:35.842,ENV-01,env01.pm25,Good,50,
1612,2026-09-16 00:44:35.842,ENV-01,env01.illuminance,Good,387,
1613,2026-09-16 00:44:35.842,ENV-01,env01.tempFluctuation,Good,18.7715,
1614,2026-09-16 00:44:35.857,GW-LINE-B,mtc01.actualTemp,Good,99.6,
1615,2026-09-16 00:44:35.857,GW-LINE-B,mtc01.pumpPressure,Good,5,
1616,2026-09-16 00:44:35.857,GW-LINE-B,mtc01.pumpFlow,Good,36,
1617,2026-09-16 00:44:35.857,GW-LINE-B,mtc01.pumpCurrent,Good,5.9,
1618,2026-09-16 00:44:35.857,GW-LINE-B,mtc01.heatPower,Good,6,
1619,2026-09-16 00:44:35.857,GW-LINE-B,mtc01.outletTemp,Good,100.1,
1620,2026-09-16 00:44:35.857,GW-LINE-B,mtc01.tempAvg,Good,995.9162,
1621,2026-09-16 00:44:35.865,GW-LINE-B,dry01.dewPoint,Good,-34.6,
1622,2026-09-16 00:44:35.865,GW-LINE-B,dry01.heatPower,Good,5,
1623,2026-09-16 00:44:35.867,GW-LINE-B,dry01.levelTrend,Good,-1.195957,
1624,2026-09-16 00:44:35.873,GW-LINE-B,rob01.posX,Good,1,
1625,2026-09-16 00:44:35.873,GW-LINE-B,rob01.trajectory,Good,0.7474177,
1626,2026-09-16 00:44:36.337,IM-01,im01.prodTime,Good,09/16/2026 00:44:36,
1627,2026-09-16 00:44:36.806,GW-LINE-B,mtc01.runSeconds,Good,407,
1628,2026-09-16 00:44:36.806,GW-LINE-B,mtc01.energyTotal,Good,0.0618333333333332,
1629,2026-09-16 00:44:36.810,ENV-01,env01.runSeconds,Good,407,
1630,2026-09-16 00:44:36.810,ENV-01,env01.sampleTime,Good,09/16/2026 00:44:36,
1631,2026-09-16 00:44:36.810,GW-LINE-B,mtc01.tempDeviation,Good,-0.7,
1632,2026-09-16 00:44:36.828,GW-LINE-B,dry01.drySeconds,Good,407,
1633,2026-09-16 00:44:36.828,GW-LINE-B,dry01.energyTotal,Good,0.0638055555555554,
1634,2026-09-16 00:44:36.829,IM-01,im01.barrel1Temp,Good,204.7,
1635,2026-09-16 00:44:36.829,IM-01,im01.barrel5Temp,Good,180.1,
1636,2026-09-16 00:44:36.829,IM-01,im01.moldTemp,Good,84.6,
1637,2026-09-16 00:44:36.830,IM-01,im01.oilTemp,Good,44.7,
1638,2026-09-16 00:44:36.832,IM-01,im01.injectPressure,Good,82,
1639,2026-09-16 00:44:36.832,IM-01,im01.pumpCurrent,Good,7.5,
1640,2026-09-16 00:44:36.832,IM-01,im01.hydraulicPressure,Good,54,
1641,2026-09-16 00:44:36.832,IM-01,im01.power,Good,29,
1642,2026-09-16 00:44:36.832,IM-01,im01.energyTotal,Good,0.216222222222222,
1643,2026-09-16 00:44:36.842,GW-LINE-B,dry01.dewDeviation,Good,0.8,
1644,2026-09-16 00:44:36.847,ENV-01,env01.roomTemp,Good,26.1,
1645,2026-09-16 00:44:36.847,ENV-01,env01.dewPoint,Good,17.2,
1646,2026-09-16 00:44:36.847,ENV-01,env01.pm25,Good,25,
1647,2026-09-16 00:44:36.847,ENV-01,env01.pressureDiff,Good,12,
1648,2026-09-16 00:44:36.847,ENV-01,env01.illuminance,Good,333,
1649,2026-09-16 00:44:36.847,ENV-01,env01.tempFluctuation,Good,19.01607,
1650,2026-09-16 00:44:36.851,EM-01,em01.readTime,Good,09/16/2026 00:44:36,
1651,2026-09-16 00:44:36.853,GW-LINE-B,rob01.runSeconds,Good,408,
1652,2026-09-16 00:44:36.856,GW-LINE-B,rob01.energyTotal,Good,0.0549444444444444,
1653,2026-09-16 00:44:36.858,EM-01,em01.totalEnergy,Good,126.16,
1654,2026-09-16 00:44:36.858,EM-01,em01.forwardEnergy,Good,126.16,
1655,2026-09-16 00:44:36.858,EM-01,em01.voltageB,Good,384,
1656,2026-09-16 00:44:36.858,EM-01,em01.voltageC,Good,378,
1657,2026-09-16 00:44:36.858,EM-01,em01.currentA,Good,210.6,
1658,2026-09-16 00:44:36.858,EM-01,em01.activePower,Good,105,
1659,2026-09-16 00:44:36.858,EM-01,em01.reactivePower,Good,32,
1660,2026-09-16 00:44:36.858,EM-01,em01.powerFactor,Good,0.927,
1661,2026-09-16 00:44:36.858,EM-01,em01.frequency,Good,49.95,
1662,2026-09-16 00:44:36.858,EM-01,em01.demand,Good,105,
1663,2026-09-16 00:44:36.858,EM-01,em01.energyF64,Good,1.28133333333333,
1664,2026-09-16 00:44:36.858,EM-01,em01.unbalance,Good,1.578947,
1665,2026-09-16 00:44:36.859,GW-LINE-B,rob01.posDeviation,Good,-98,
1666,2026-09-16 00:44:36.868,GW-LINE-B,mtc01.actualTemp,Good,99.4,
1667,2026-09-16 00:44:36.868,GW-LINE-B,mtc01.pumpPressure,Good,3,
1668,2026-09-16 00:44:36.868,GW-LINE-B,mtc01.pumpFlow,Good,33,
1669,2026-09-16 00:44:36.868,GW-LINE-B,mtc01.pumpCurrent,Good,5,
1670,2026-09-16 00:44:36.868,GW-LINE-B,mtc01.heatPower,Good,7,
1671,2026-09-16 00:44:36.868,GW-LINE-B,mtc01.outletTemp,Good,99.9,
1672,2026-09-16 00:44:36.868,GW-LINE-B,mtc01.tempAvg,Good,993.606,
1673,2026-09-16 00:44:36.876,GW-LINE-B,dry01.dewPoint,Good,-34.1,
1674,2026-09-16 00:44:36.876,GW-LINE-B,dry01.materialLevel,Good,72,
1675,2026-09-16 00:44:36.876,GW-LINE-B,dry01.heatPower,Good,6,
1676,2026-09-16 00:44:36.876,GW-LINE-B,dry01.fanCurrent,Good,1.6,
1677,2026-09-16 00:44:36.878,GW-LINE-B,dry01.levelTrend,Good,-1.223068,
1678,2026-09-16 00:44:36.884,GW-LINE-B,rob01.cycleTime,Good,2.8,
1679,2026-09-16 00:44:36.884,GW-LINE-B,rob01.posX,Good,2,
1680,2026-09-16 00:44:36.884,GW-LINE-B,rob01.trajectory,Good,1.724516,
1681,2026-09-16 00:44:37.343,IM-01,im01.statusWord,Good,17,
1682,2026-09-16 00:44:37.343,IM-01,im01.stage,Good,3,
1683,2026-09-16 00:44:37.343,IM-01,im01.prodTime,Good,09/16/2026 00:44:37,
1684,2026-09-16 00:44:37.826,IM-01,im01.barrel1Temp,Good,204.8,
1685,2026-09-16 00:44:37.826,IM-01,im01.barrel5Temp,Good,179.7,
1686,2026-09-16 00:44:37.826,IM-01,im01.oilTemp,Good,44.6,
1687,2026-09-16 00:44:37.826,IM-01,im01.injectPressure,Good,78,
1688,2026-09-16 00:44:37.826,IM-01,im01.screwSpeed,Good,232,
1689,2026-09-16 00:44:37.826,IM-01,im01.pumpCurrent,Good,8.8,
1690,2026-09-16 00:44:37.826,IM-01,im01.hydraulicPressure,Good,7,
1691,2026-09-16 00:44:37.826,IM-01,im01.power,Good,14,
1692,2026-09-16 00:44:37.826,IM-01,im01.meltEnergy,Good,11.09034,
1693,2026-09-16 00:44:37.826,IM-01,im01.energyTotal,Good,0.221083333333334,
1694,2026-09-16 00:44:37.845,ENV-01,env01.humidity,Good,56,
1695,2026-09-16 00:44:37.845,ENV-01,env01.dewPoint,Good,17.4,
1696,2026-09-16 00:44:37.845,ENV-01,env01.noise,Good,70,
1697,2026-09-16 00:44:37.845,ENV-01,env01.pm25,Good,45,
1698,2026-09-16 00:44:37.845,ENV-01,env01.pressureDiff,Good,-1,
1699,2026-09-16 00:44:37.845,ENV-01,env01.illuminance,Good,301,
1700,2026-09-16 00:44:37.845,ENV-01,env01.tempFluctuation,Good,19.03773,
1701,2026-09-16 00:44:37.857,EM-01,em01.totalEnergy,Good,129.07,
1702,2026-09-16 00:44:37.857,EM-01,em01.forwardEnergy,Good,129.07,
1703,2026-09-16 00:44:37.858,EM-01,em01.voltageA,Good,383,
1704,2026-09-16 00:44:37.858,EM-01,em01.voltageB,Good,379,
1705,2026-09-16 00:44:37.858,EM-01,em01.voltageC,Good,375,
1706,2026-09-16 00:44:37.858,EM-01,em01.currentA,Good,197.5,
1707,2026-09-16 00:44:37.858,EM-01,em01.activePower,Good,108,
1708,2026-09-16 00:44:37.858,EM-01,em01.reactivePower,Good,28,
1709,2026-09-16 00:44:37.858,EM-01,em01.powerFactor,Good,0.935,
1710,2026-09-16 00:44:37.858,EM-01,em01.demand,Good,108,
1711,2026-09-16 00:44:37.858,EM-01,em01.energyF64,Good,1.31088888888889,
1712,2026-09-16 00:44:37.858,EM-01,em01.unbalance,Good,2.105263,
1713,2026-09-16 00:44:37.873,GW-LINE-B,mtc01.actualTemp,Good,99.5,
1714,2026-09-16 00:44:37.874,GW-LINE-B,mtc01.pumpFlow,Good,37,
1715,2026-09-16 00:44:37.874,GW-LINE-B,mtc01.pumpCurrent,Good,5.4,
1716,2026-09-16 00:44:37.874,GW-LINE-B,mtc01.outletTemp,Good,100,
1717,2026-09-16 00:44:37.874,GW-LINE-B,mtc01.tempAvg,Good,995.288,
1718,2026-09-16 00:44:37.885,GW-LINE-B,dry01.dewPoint,Good,-34.2,
1719,2026-09-16 00:44:37.885,GW-LINE-B,dry01.heatPower,Good,8,
1720,2026-09-16 00:44:37.885,GW-LINE-B,dry01.fanCurrent,Good,1.5,
1721,2026-09-16 00:44:37.887,GW-LINE-B,dry01.levelTrend,Good,-1.251389,
1722,2026-09-16 00:44:37.894,GW-LINE-B,rob01.trajectory,Good,2.08419,
1723,2026-09-16 00:44:38.344,IM-01,im01.prodTime,Good,09/16/2026 00:44:38,
1724,2026-09-16 00:44:38.826,IM-01,im01.barrel1Temp,Good,204.4,
1725,2026-09-16 00:44:38.826,IM-01,im01.screwSpeed,Good,202,
1726,2026-09-16 00:44:38.826,IM-01,im01.pumpCurrent,Good,8.2,
1727,2026-09-16 00:44:38.826,IM-01,im01.hydraulicPressure,Good,17,
1728,2026-09-16 00:44:38.826,IM-01,im01.power,Good,10,
1729,2026-09-16 00:44:38.826,IM-01,im01.meltEnergy,Good,9.431907,
1730,2026-09-16 00:44:38.826,IM-01,im01.energyTotal,Good,0.224444444444445,
1731,2026-09-16 00:44:38.845,ENV-01,env01.humidity,Good,55,
1732,2026-09-16 00:44:38.845,ENV-01,env01.dewPoint,Good,17.1,
1733,2026-09-16 00:44:38.845,ENV-01,env01.noise,Good,72,
1734,2026-09-16 00:44:38.845,ENV-01,env01.pm25,Good,25,
1735,2026-09-16 00:44:38.845,ENV-01,env01.pressureDiff,Good,10,
1736,2026-09-16 00:44:38.845,ENV-01,env01.illuminance,Good,327,
1737,2026-09-16 00:44:38.845,ENV-01,env01.tempFluctuation,Good,18.52555,
1738,2026-09-16 00:44:38.857,EM-01,em01.totalEnergy,Good,132.11,
1739,2026-09-16 00:44:38.857,EM-01,em01.forwardEnergy,Good,132.11,
1740,2026-09-16 00:44:38.857,EM-01,em01.voltageA,Good,380,
1741,2026-09-16 00:44:38.857,EM-01,em01.voltageB,Good,385,
1742,2026-09-16 00:44:38.857,EM-01,em01.voltageC,Good,381,
1743,2026-09-16 00:44:38.857,EM-01,em01.currentA,Good,131.6,
1744,2026-09-16 00:44:38.857,EM-01,em01.activePower,Good,114,
1745,2026-09-16 00:44:38.857,EM-01,em01.reactivePower,Good,26,
1746,2026-09-16 00:44:38.857,EM-01,em01.powerFactor,Good,0.881,
1747,2026-09-16 00:44:38.857,EM-01,em01.frequency,Good,49.92,
1748,2026-09-16 00:44:38.857,EM-01,em01.demand,Good,114,
1749,2026-09-16 00:44:38.857,EM-01,em01.energyF64,Good,1.34175,
1750,2026-09-16 00:44:38.857,EM-01,em01.unbalance,Good,1.315789,
1751,2026-09-16 00:44:38.872,GW-LINE-B,mtc01.actualTemp,Good,99.3,
1752,2026-09-16 00:44:38.872,GW-LINE-B,mtc01.pumpPressure,Good,4,
1753,2026-09-16 00:44:38.872,GW-LINE-B,mtc01.pumpFlow,Good,21,
1754,2026-09-16 00:44:38.872,GW-LINE-B,mtc01.pumpCurrent,Good,5.8,
1755,2026-09-16 00:44:38.872,GW-LINE-B,mtc01.heatPower,Good,3,
1756,2026-09-16 00:44:38.872,GW-LINE-B,mtc01.outletTemp,Good,99.8,
1757,2026-09-16 00:44:38.872,GW-LINE-B,mtc01.tempAvg,Good,993.3991,
1758,2026-09-16 00:44:38.877,GW-LINE-B,dry01.heatPower,Good,5,
1759,2026-09-16 00:44:38.877,GW-LINE-B,dry01.fanCurrent,Good,0.9,
1760,2026-09-16 00:44:38.879,GW-LINE-B,dry01.levelTrend,Good,-1.283429,
1761,2026-09-16 00:44:38.885,GW-LINE-B,rob01.cycleTime,Good,3,
1762,2026-09-16 00:44:38.885,GW-LINE-B,rob01.posX,Good,3,
1763,2026-09-16 00:44:38.885,GW-LINE-B,rob01.trajectory,Good,2.877991,
1764,2026-09-16 00:44:39.345,IM-01,im01.prodTime,Good,09/16/2026 00:44:39,
1765,2026-09-16 00:44:39.828,IM-01,im01.barrel1Temp,Good,204.6,
1766,2026-09-16 00:44:39.828,IM-01,im01.barrel5Temp,Good,179.6,
1767,2026-09-16 00:44:39.828,IM-01,im01.oilTemp,Good,44.7,
1768,2026-09-16 00:44:39.828,IM-01,im01.screwSpeed,Good,233,
1769,2026-09-16 00:44:39.828,IM-01,im01.pumpCurrent,Good,2,
1770,2026-09-16 00:44:39.828,IM-01,im01.hydraulicPressure,Good,4,
1771,2026-09-16 00:44:39.828,IM-01,im01.power,Good,14,
1772,2026-09-16 00:44:39.828,IM-01,im01.meltEnergy,Good,10.57624,
1773,2026-09-16 00:44:39.828,IM-01,im01.energyTotal,Good,0.228138888888889,
1774,2026-09-16 00:44:39.845,ENV-01,env01.roomTemp,Good,26,
1775,2026-09-16 00:44:39.845,ENV-01,env01.humidity,Good,54,
1776,2026-09-16 00:44:39.845,ENV-01,env01.dewPoint,Good,16.9,
1777,2026-09-16 00:44:39.845,ENV-01,env01.noise,Good,75,
1778,2026-09-16 00:44:39.845,ENV-01,env01.pm25,Good,47,
1779,2026-09-16 00:44:39.845,ENV-01,env01.pressureDiff,Good,2,
1780,2026-09-16 00:44:39.845,ENV-01,env01.illuminance,Good,346,
1781,2026-09-16 00:44:39.845,ENV-01,env01.tempFluctuation,Good,18.45611,
1782,2026-09-16 00:44:39.859,EM-01,em01.totalEnergy,Good,135.34,
1783,2026-09-16 00:44:39.859,EM-01,em01.forwardEnergy,Good,135.34,
1784,2026-09-16 00:44:39.859,EM-01,em01.voltageA,Good,376,
1785,2026-09-16 00:44:39.859,EM-01,em01.voltageB,Good,386,
1786,2026-09-16 00:44:39.859,EM-01,em01.voltageC,Good,382,
1787,2026-09-16 00:44:39.859,EM-01,em01.currentA,Good,149.3,
1788,2026-09-16 00:44:39.859,EM-01,em01.activePower,Good,123,
1789,2026-09-16 00:44:39.859,EM-01,em01.reactivePower,Good,25,
1790,2026-09-16 00:44:39.859,EM-01,em01.powerFactor,Good,0.928,
1791,2026-09-16 00:44:39.859,EM-01,em01.frequency,Good,50.05,
1792,2026-09-16 00:44:39.859,EM-01,em01.demand,Good,123,
1793,2026-09-16 00:44:39.859,EM-01,em01.energyF64,Good,1.3745,
1794,2026-09-16 00:44:39.860,EM-01,em01.unbalance,Good,2.631579,
1795,2026-09-16 00:44:39.874,GW-LINE-B,mtc01.actualTemp,Good,99.2,
1796,2026-09-16 00:44:39.874,GW-LINE-B,mtc01.pumpPressure,Good,3,
1797,2026-09-16 00:44:39.874,GW-LINE-B,mtc01.pumpFlow,Good,34,
1798,2026-09-16 00:44:39.874,GW-LINE-B,mtc01.pumpCurrent,Good,4.2,
1799,2026-09-16 00:44:39.874,GW-LINE-B,mtc01.heatPower,Good,7,
1800,2026-09-16 00:44:39.874,GW-LINE-B,mtc01.outletTemp,Good,99.7,
1801,2026-09-16 00:44:39.874,GW-LINE-B,mtc01.tempAvg,Good,992.3138,
1802,2026-09-16 00:44:39.880,GW-LINE-B,dry01.materialLevel,Good,71,
1803,2026-09-16 00:44:39.880,GW-LINE-B,dry01.heatPower,Good,8,
1804,2026-09-16 00:44:39.880,GW-LINE-B,dry01.fanCurrent,Good,1,
1805,2026-09-16 00:44:39.881,GW-LINE-B,dry01.levelTrend,Good,-1.306988,
1806,2026-09-16 00:44:39.885,GW-LINE-B,rob01.inPlace,Good,False,
1807,2026-09-16 00:44:39.887,GW-LINE-B,rob01.cycleTime,Good,2.9,
1808,2026-09-16 00:44:39.887,GW-LINE-B,rob01.posX,Good,98,
1809,2026-09-16 00:44:39.887,GW-LINE-B,rob01.posY,Good,305,
1810,2026-09-16 00:44:39.887,GW-LINE-B,rob01.posZ,Good,78,
1811,2026-09-16 00:44:39.887,GW-LINE-B,rob01.gripState,Good,1,
1812,2026-09-16 00:44:39.887,GW-LINE-B,rob01.trajectory,Good,97.71903,
1813,2026-09-16 00:44:40.347,IM-01,im01.prodTime,Good,09/16/2026 00:44:40,
1814,2026-09-16 00:44:40.827,IM-01,im01.barrel5Temp,Good,179.7,
1815,2026-09-16 00:44:40.827,IM-01,im01.moldTemp,Good,84.5,
1816,2026-09-16 00:44:40.827,IM-01,im01.oilTemp,Good,44.4,
1817,2026-09-16 00:44:40.827,IM-01,im01.screwSpeed,Good,231,
1818,2026-09-16 00:44:40.827,IM-01,im01.pumpCurrent,Good,7.5,
1819,2026-09-16 00:44:40.827,IM-01,im01.hydraulicPressure,Good,1,
1820,2026-09-16 00:44:40.827,IM-01,im01.power,Good,12,
1821,2026-09-16 00:44:40.827,IM-01,im01.meltEnergy,Good,12.22203,
1822,2026-09-16 00:44:40.827,IM-01,im01.energyTotal,Good,0.231611111111111,
1823,2026-09-16 00:44:40.846,ENV-01,env01.humidity,Good,55,
1824,2026-09-16 00:44:40.846,ENV-01,env01.dewPoint,Good,17.1,
1825,2026-09-16 00:44:40.846,ENV-01,env01.noise,Good,74,
1826,2026-09-16 00:44:40.846,ENV-01,env01.pm25,Good,42,
1827,2026-09-16 00:44:40.846,ENV-01,env01.pressureDiff,Good,12,
1828,2026-09-16 00:44:40.846,ENV-01,env01.illuminance,Good,415,
1829,2026-09-16 00:44:40.846,ENV-01,env01.tempFluctuation,Good,18.34551,
1830,2026-09-16 00:44:40.859,EM-01,em01.totalEnergy,Good,138.53,
1831,2026-09-16 00:44:40.859,EM-01,em01.forwardEnergy,Good,138.53,
1832,2026-09-16 00:44:40.859,EM-01,em01.voltageA,Good,384,
1833,2026-09-16 00:44:40.859,EM-01,em01.voltageB,Good,381,
1834,2026-09-16 00:44:40.859,EM-01,em01.currentA,Good,203.8,
1835,2026-09-16 00:44:40.859,EM-01,em01.activePower,Good,121,
1836,2026-09-16 00:44:40.859,EM-01,em01.reactivePower,Good,40,
1837,2026-09-16 00:44:40.859,EM-01,em01.powerFactor,Good,0.881,
1838,2026-09-16 00:44:40.859,EM-01,em01.frequency,Good,49.9,
1839,2026-09-16 00:44:40.859,EM-01,em01.demand,Good,121,
1840,2026-09-16 00:44:40.859,EM-01,em01.energyF64,Good,1.40688888888889,
1841,2026-09-16 00:44:40.859,EM-01,em01.unbalance,Good,0.7894737,
1842,2026-09-16 00:44:40.873,GW-LINE-B,mtc01.pumpPressure,Good,5,
1843,2026-09-16 00:44:40.873,GW-LINE-B,mtc01.pumpFlow,Good,16,
1844,2026-09-16 00:44:40.873,GW-LINE-B,mtc01.pumpCurrent,Good,3,
1845,2026-09-16 00:44:40.874,GW-LINE-B,mtc01.tempAvg,Good,992.4744,
1846,2026-09-16 00:44:40.883,GW-LINE-B,dry01.heatPower,Good,3,
1847,2026-09-16 00:44:40.883,GW-LINE-B,dry01.fanCurrent,Good,1.2,
1848,2026-09-16 00:44:40.885,GW-LINE-B,dry01.levelTrend,Good,-1.335011,
1849,2026-09-16 00:44:40.891,GW-LINE-B,rob01.cycleTime,Good,2.7,
1850,2026-09-16 00:44:40.891,GW-LINE-B,rob01.posX,Good,97,
1851,2026-09-16 00:44:40.891,GW-LINE-B,rob01.posY,Good,301,
1852,2026-09-16 00:44:40.891,GW-LINE-B,rob01.posZ,Good,85,
1853,2026-09-16 00:44:40.891,GW-LINE-B,rob01.trajectory,Good,96.89776,
1854,2026-09-16 00:44:41.348,IM-01,im01.prodTime,Good,09/16/2026 00:44:41,
1855,2026-09-16 00:44:41.801,GW-LINE-B,mtc01.runSeconds,Good,457,
1856,2026-09-16 00:44:41.801,GW-LINE-B,mtc01.energyTotal,Good,0.0698055555555554,
1857,2026-09-16 00:44:41.802,IM-01,im01.clampForceDev,Good,12,
1858,2026-09-16 00:44:41.806,ENV-01,env01.runSeconds,Good,457,
1859,2026-09-16 00:44:41.806,ENV-01,env01.sampleTime,Good,09/16/2026 00:44:41,
1860,2026-09-16 00:44:41.810,GW-LINE-B,dry01.drySeconds,Good,457,
1861,2026-09-16 00:44:41.810,GW-LINE-B,dry01.energyTotal,Good,0.0716388888888887,
1862,2026-09-16 00:44:41.813,GW-LINE-B,dry01.dewDeviation,Good,0.7,
1863,2026-09-16 00:44:41.819,EM-01,em01.readTime,Good,09/16/2026 00:44:41,
1864,2026-09-16 00:44:41.820,GW-LINE-B,rob01.runSeconds,Good,457,
1865,2026-09-16 00:44:41.822,GW-LINE-B,rob01.energyTotal,Good,0.0622222222222221,
1866,2026-09-16 00:44:41.824,GW-LINE-B,rob01.posDeviation,Good,-100,
1867,2026-09-16 00:44:41.828,IM-01,im01.barrel5Temp,Good,180,
1868,2026-09-16 00:44:41.828,IM-01,im01.oilTemp,Good,44.3,
1869,2026-09-16 00:44:41.828,IM-01,im01.screwSpeed,Good,204,
1870,2026-09-16 00:44:41.828,IM-01,im01.pumpCurrent,Good,4.3,
1871,2026-09-16 00:44:41.828,IM-01,im01.hydraulicPressure,Good,3,
1872,2026-09-16 00:44:41.828,IM-01,im01.power,Good,10,
1873,2026-09-16 00:44:41.828,IM-01,im01.meltEnergy,Good,9.934407,
1874,2026-09-16 00:44:41.828,IM-01,im01.energyTotal,Good,0.234972222222222,
1875,2026-09-16 00:44:41.847,ENV-01,env01.dewPoint,Good,17,
1876,2026-09-16 00:44:41.847,ENV-01,env01.pm25,Good,40,
1877,2026-09-16 00:44:41.847,ENV-01,env01.pressureDiff,Good,9,
1878,2026-09-16 00:44:41.847,ENV-01,env01.illuminance,Good,394,
1879,2026-09-16 00:44:41.847,ENV-01,env01.tempFluctuation,Good,18.17425,
1880,2026-09-16 00:44:41.860,EM-01,em01.totalEnergy,Good,141.58,
1881,2026-09-16 00:44:41.860,EM-01,em01.forwardEnergy,Good,141.58,
1882,2026-09-16 00:44:41.860,EM-01,em01.voltageA,Good,382,
1883,2026-09-16 00:44:41.860,EM-01,em01.voltageB,Good,384,
1884,2026-09-16 00:44:41.860,EM-01,em01.voltageC,Good,381,
1885,2026-09-16 00:44:41.860,EM-01,em01.currentA,Good,155.1,
1886,2026-09-16 00:44:41.860,EM-01,em01.activePower,Good,114,
1887,2026-09-16 00:44:41.860,EM-01,em01.reactivePower,Good,30,
1888,2026-09-16 00:44:41.860,EM-01,em01.powerFactor,Good,0.937,
1889,2026-09-16 00:44:41.860,EM-01,em01.frequency,Good,49.91,
1890,2026-09-16 00:44:41.860,EM-01,em01.demand,Good,114,
1891,2026-09-16 00:44:41.860,EM-01,em01.energyF64,Good,1.43805555555555,
1892,2026-09-16 00:44:41.874,GW-LINE-B,mtc01.actualTemp,Good,99.3,
1893,2026-09-16 00:44:41.874,GW-LINE-B,mtc01.pumpFlow,Good,30,
1894,2026-09-16 00:44:41.874,GW-LINE-B,mtc01.pumpCurrent,Good,4.8,
1895,2026-09-16 00:44:41.874,GW-LINE-B,mtc01.heatPower,Good,5,
1896,2026-09-16 00:44:41.874,GW-LINE-B,mtc01.outletTemp,Good,99.8,
1897,2026-09-16 00:44:41.874,GW-LINE-B,mtc01.tempAvg,Good,993.0067,
1898,2026-09-16 00:44:41.883,GW-LINE-B,dry01.dewPoint,Good,-34.5,
1899,2026-09-16 00:44:41.883,GW-LINE-B,dry01.heatPower,Good,4,
1900,2026-09-16 00:44:41.883,GW-LINE-B,dry01.fanCurrent,Good,1.6,
1901,2026-09-16 00:44:41.885,GW-LINE-B,dry01.levelTrend,Good,-1.359793,
1902,2026-09-16 00:44:41.891,GW-LINE-B,rob01.cycleTime,Good,3,
1903,2026-09-16 00:44:41.891,GW-LINE-B,rob01.posX,Good,0,
1904,2026-09-16 00:44:41.891,GW-LINE-B,rob01.posY,Good,403,
1905,2026-09-16 00:44:41.891,GW-LINE-B,rob01.posZ,Good,205,
1906,2026-09-16 00:44:41.891,GW-LINE-B,rob01.trajectory,Good,0.09115864,
1907,2026-09-16 00:44:42.348,IM-01,im01.prodTime,Good,09/16/2026 00:44:42,
1908,2026-09-16 00:44:42.827,IM-01,im01.barrel1Temp,Good,204.5,
1909,2026-09-16 00:44:42.827,IM-01,im01.moldTemp,Good,84.6,
1910,2026-09-16 00:44:42.827,IM-01,im01.oilTemp,Good,44.1,
1911,2026-09-16 00:44:42.827,IM-01,im01.screwSpeed,Good,199,
1912,2026-09-16 00:44:42.827,IM-01,im01.pumpCurrent,Good,4.1,
1913,2026-09-16 00:44:42.827,IM-01,im01.hydraulicPressure,Good,4,
1914,2026-09-16 00:44:42.827,IM-01,im01.power,Good,12,
1915,2026-09-16 00:44:42.827,IM-01,im01.meltEnergy,Good,10.85411,
1916,2026-09-16 00:44:42.827,IM-01,im01.energyTotal,Good,0.238611111111111,
1917,2026-09-16 00:44:42.847,ENV-01,env01.humidity,Good,54,
1918,2026-09-16 00:44:42.847,ENV-01,env01.dewPoint,Good,16.9,
1919,2026-09-16 00:44:42.847,ENV-01,env01.noise,Good,75,
1920,2026-09-16 00:44:42.847,ENV-01,env01.pm25,Good,32,
1921,2026-09-16 00:44:42.847,ENV-01,env01.pressureDiff,Good,7,
1922,2026-09-16 00:44:42.847,ENV-01,env01.illuminance,Good,451,
1923,2026-09-16 00:44:42.847,ENV-01,env01.tempFluctuation,Good,18.58287,
1924,2026-09-16 00:44:42.861,EM-01,em01.totalEnergy,Good,144.5,
1925,2026-09-16 00:44:42.861,EM-01,em01.forwardEnergy,Good,144.5,
1926,2026-09-16 00:44:42.861,EM-01,em01.voltageA,Good,384,
1927,2026-09-16 00:44:42.861,EM-01,em01.voltageB,Good,381,
1928,2026-09-16 00:44:42.861,EM-01,em01.voltageC,Good,382,
1929,2026-09-16 00:44:42.861,EM-01,em01.currentA,Good,193.2,
1930,2026-09-16 00:44:42.861,EM-01,em01.activePower,Good,124,
1931,2026-09-16 00:44:42.861,EM-01,em01.reactivePower,Good,37,
1932,2026-09-16 00:44:42.861,EM-01,em01.powerFactor,Good,0.932,
1933,2026-09-16 00:44:42.861,EM-01,em01.frequency,Good,49.92,
1934,2026-09-16 00:44:42.861,EM-01,em01.demand,Good,124,
1935,2026-09-16 00:44:42.861,EM-01,em01.energyF64,Good,1.46769444444444,
1936,2026-09-16 00:44:42.874,GW-LINE-B,mtc01.actualTemp,Good,99.4,
1937,2026-09-16 00:44:42.874,GW-LINE-B,mtc01.pumpPressure,Good,4,
1938,2026-09-16 00:44:42.874,GW-LINE-B,mtc01.pumpFlow,Good,33,
1939,2026-09-16 00:44:42.874,GW-LINE-B,mtc01.pumpCurrent,Good,3.2,
1940,2026-09-16 00:44:42.874,GW-LINE-B,mtc01.outletTemp,Good,99.9,
1941,2026-09-16 00:44:42.874,GW-LINE-B,mtc01.tempAvg,Good,993.58,
1942,2026-09-16 00:44:42.882,GW-LINE-B,dry01.dewPoint,Good,-34.6,
1943,2026-09-16 00:44:42.882,GW-LINE-B,dry01.heatPower,Good,3,
1944,2026-09-16 00:44:42.882,GW-LINE-B,dry01.fanCurrent,Good,1.4,
1945,2026-09-16 00:44:42.884,GW-LINE-B,dry01.levelTrend,Good,-1.385419,
1946,2026-09-16 00:44:42.889,GW-LINE-B,rob01.cycleTime,Good,3.2,
1947,2026-09-16 00:44:42.889,GW-LINE-B,rob01.posX,Good,6,
1948,2026-09-16 00:44:42.889,GW-LINE-B,rob01.posY,Good,9,
1949,2026-09-16 00:44:42.889,GW-LINE-B,rob01.posZ,Good,4,
1950,2026-09-16 00:44:42.889,GW-LINE-B,rob01.gripState,Good,0,
1951,2026-09-16 00:44:42.889,GW-LINE-B,rob01.trajectory,Good,6.259992,
1952,2026-09-16 00:44:43.349,IM-01,im01.prodTime,Good,09/16/2026 00:44:43,
1953,2026-09-16 00:44:43.832,IM-01,im01.barrel1Temp,Good,204.4,
1954,2026-09-16 00:44:43.832,IM-01,im01.barrel5Temp,Good,179.7,
1955,2026-09-16 00:44:43.832,IM-01,im01.moldTemp,Good,84.5,
1956,2026-09-16 00:44:43.832,IM-01,im01.oilTemp,Good,44.4,
1957,2026-09-16 00:44:43.832,IM-01,im01.screwSpeed,Good,164,
1958,2026-09-16 00:44:43.832,IM-01,im01.pumpCurrent,Good,6.6,
1959,2026-09-16 00:44:43.832,IM-01,im01.hydraulicPressure,Good,11,
1960,2026-09-16 00:44:43.832,IM-01,im01.power,Good,15,
1961,2026-09-16 00:44:43.832,IM-01,im01.meltEnergy,Good,7.723316,
1962,2026-09-16 00:44:43.832,IM-01,im01.energyTotal,Good,0.242583333333334,
1963,2026-09-16 00:44:43.848,ENV-01,env01.noise,Good,73,
1964,2026-09-16 00:44:43.848,ENV-01,env01.pm25,Good,24,
1965,2026-09-16 00:44:43.848,ENV-01,env01.pressureDiff,Good,12,
1966,2026-09-16 00:44:43.848,ENV-01,env01.illuminance,Good,398,
1967,2026-09-16 00:44:43.848,ENV-01,env01.tempFluctuation,Good,19.07214,
1968,2026-09-16 00:44:43.862,EM-01,em01.totalEnergy,Good,147.56,
1969,2026-09-16 00:44:43.862,EM-01,em01.forwardEnergy,Good,147.56,
1970,2026-09-16 00:44:43.862,EM-01,em01.voltageA,Good,379,
1971,2026-09-16 00:44:43.862,EM-01,em01.voltageC,Good,375,
1972,2026-09-16 00:44:43.862,EM-01,em01.currentA,Good,173.7,
1973,2026-09-16 00:44:43.862,EM-01,em01.activePower,Good,104,
1974,2026-09-16 00:44:43.862,EM-01,em01.reactivePower,Good,33,
1975,2026-09-16 00:44:43.862,EM-01,em01.powerFactor,Good,0.948,
1976,2026-09-16 00:44:43.862,EM-01,em01.frequency,Good,49.94,
1977,2026-09-16 00:44:43.862,EM-01,em01.demand,Good,104,
1978,2026-09-16 00:44:43.862,EM-01,em01.energyF64,Good,1.49877777777778,
1979,2026-09-16 00:44:43.862,EM-01,em01.unbalance,Good,1.578947,
1980,2026-09-16 00:44:43.875,GW-LINE-B,mtc01.pumpPressure,Good,5,
1981,2026-09-16 00:44:43.875,GW-LINE-B,mtc01.pumpFlow,Good,31,
1982,2026-09-16 00:44:43.875,GW-LINE-B,mtc01.pumpCurrent,Good,5.1,
1983,2026-09-16 00:44:43.875,GW-LINE-B,mtc01.heatPower,Good,4,
1984,2026-09-16 00:44:43.875,GW-LINE-B,mtc01.tempAvg,Good,993.7408,
1985,2026-09-16 00:44:43.883,GW-LINE-B,dry01.dewPoint,Good,-35.2,
1986,2026-09-16 00:44:43.883,GW-LINE-B,dry01.materialLevel,Good,70,
1987,2026-09-16 00:44:43.883,GW-LINE-B,dry01.heatPower,Good,6,
1988,2026-09-16 00:44:43.883,GW-LINE-B,dry01.fanCurrent,Good,1.3,
1989,2026-09-16 00:44:43.885,GW-LINE-B,dry01.levelTrend,Good,-1.411534,
1990,2026-09-16 00:44:43.890,GW-LINE-B,rob01.inPlace,Good,True,
1991,2026-09-16 00:44:43.892,GW-LINE-B,rob01.cycleTime,Good,3,
1992,2026-09-16 00:44:43.892,GW-LINE-B,rob01.totalPicks,Good,2,
1993,2026-09-16 00:44:43.892,GW-LINE-B,rob01.successPicks,Good,2,
1994,2026-09-16 00:44:43.892,GW-LINE-B,rob01.posX,Good,5,
1995,2026-09-16 00:44:43.892,GW-LINE-B,rob01.posY,Good,0,
1996,2026-09-16 00:44:43.892,GW-LINE-B,rob01.posZ,Good,2,
1997,2026-09-16 00:44:43.892,GW-LINE-B,rob01.trajectory,Good,4.995666,
1998,2026-09-16 00:44:44.351,IM-01,im01.prodTime,Good,09/16/2026 00:44:44,
1999,2026-09-16 00:44:44.830,IM-01,im01.barrel1Temp,Good,204.5,
2000,2026-09-16 00:44:44.830,IM-01,im01.barrel5Temp,Good,179.6,
2001,2026-09-16 00:44:44.830,IM-01,im01.oilTemp,Good,44.5,
2002,2026-09-16 00:44:44.830,IM-01,im01.screwSpeed,Good,152,
2003,2026-09-16 00:44:44.830,IM-01,im01.pumpCurrent,Good,5.6,
2004,2026-09-16 00:44:44.830,IM-01,im01.hydraulicPressure,Good,14,
2005,2026-09-16 00:44:44.830,IM-01,im01.meltEnergy,Good,7.708593,
2006,2026-09-16 00:44:44.830,IM-01,im01.energyTotal,Good,0.246194444444445,
2007,2026-09-16 00:44:44.848,ENV-01,env01.noise,Good,78,
2008,2026-09-16 00:44:44.848,ENV-01,env01.pm25,Good,46,
2009,2026-09-16 00:44:44.848,ENV-01,env01.pressureDiff,Good,-2,
2010,2026-09-16 00:44:44.848,ENV-01,env01.illuminance,Good,500,
2011,2026-09-16 00:44:44.848,ENV-01,env01.tempFluctuation,Good,18.26134,
2012,2026-09-16 00:44:44.863,EM-01,em01.totalEnergy,Good,150.46,
2013,2026-09-16 00:44:44.863,EM-01,em01.forwardEnergy,Good,150.46,
2014,2026-09-16 00:44:44.863,EM-01,em01.voltageA,Good,377,
2015,2026-09-16 00:44:44.863,EM-01,em01.voltageB,Good,386,
2016,2026-09-16 00:44:44.863,EM-01,em01.voltageC,Good,378,
2017,2026-09-16 00:44:44.863,EM-01,em01.currentA,Good,133,
2018,2026-09-16 00:44:44.863,EM-01,em01.activePower,Good,103,
2019,2026-09-16 00:44:44.863,EM-01,em01.reactivePower,Good,26,
2020,2026-09-16 00:44:44.863,EM-01,em01.powerFactor,Good,0.906,
2021,2026-09-16 00:44:44.863,EM-01,em01.frequency,Good,49.96,
2022,2026-09-16 00:44:44.863,EM-01,em01.demand,Good,103,
2023,2026-09-16 00:44:44.863,EM-01,em01.energyF64,Good,1.52836111111111,
2024,2026-09-16 00:44:44.863,EM-01,em01.unbalance,Good,2.368421,
2025,2026-09-16 00:44:44.875,GW-LINE-B,mtc01.actualTemp,Good,99.2,
2026,2026-09-16 00:44:44.875,GW-LINE-B,mtc01.pumpCurrent,Good,5.2,
2027,2026-09-16 00:44:44.875,GW-LINE-B,mtc01.outletTemp,Good,99.7,
2028,2026-09-16 00:44:44.875,GW-LINE-B,mtc01.tempAvg,Good,992.3859,
2029,2026-09-16 00:44:44.884,GW-LINE-B,dry01.dewPoint,Good,-34.6,
2030,2026-09-16 00:44:44.884,GW-LINE-B,dry01.heatPower,Good,4,
2031,2026-09-16 00:44:44.884,GW-LINE-B,dry01.fanCurrent,Good,1.8,
2032,2026-09-16 00:44:44.886,GW-LINE-B,dry01.levelTrend,Good,-1.442987,
2033,2026-09-16 00:44:44.893,GW-LINE-B,rob01.cycleTime,Good,3.1,
2034,2026-09-16 00:44:44.893,GW-LINE-B,rob01.posX,Good,6,
2035,2026-09-16 00:44:44.893,GW-LINE-B,rob01.posZ,Good,1,
2036,2026-09-16 00:44:44.893,GW-LINE-B,rob01.trajectory,Good,5.740704,
2037,2026-09-16 00:44:45.352,IM-01,im01.prodTime,Good,09/16/2026 00:44:45,
2038,2026-09-16 00:44:45.830,IM-01,im01.barrel1Temp,Good,204.6,
2039,2026-09-16 00:44:45.830,IM-01,im01.barrel5Temp,Good,179.5,
2040,2026-09-16 00:44:45.830,IM-01,im01.moldTemp,Good,84.6,
2041,2026-09-16 00:44:45.831,IM-01,im01.oilTemp,Good,44.7,
2042,2026-09-16 00:44:45.831,IM-01,im01.screwSpeed,Good,210,
2043,2026-09-16 00:44:45.831,IM-01,im01.pumpCurrent,Good,8,
2044,2026-09-16 00:44:45.831,IM-01,im01.hydraulicPressure,Good,6,
2045,2026-09-16 00:44:45.831,IM-01,im01.power,Good,14,
2046,2026-09-16 00:44:45.831,IM-01,im01.meltEnergy,Good,10.24935,
2047,2026-09-16 00:44:45.831,IM-01,im01.energyTotal,Good,0.249805555555556,
2048,2026-09-16 00:44:45.849,ENV-01,env01.humidity,Good,53,
2049,2026-09-16 00:44:45.850,ENV-01,env01.dewPoint,Good,16.8,
2050,2026-09-16 00:44:45.850,ENV-01,env01.noise,Good,73,
2051,2026-09-16 00:44:45.850,ENV-01,env01.pm25,Good,34,
2052,2026-09-16 00:44:45.850,ENV-01,env01.pressureDiff,Good,6,
2053,2026-09-16 00:44:45.850,ENV-01,env01.illuminance,Good,377,
2054,2026-09-16 00:44:45.850,ENV-01,env01.tempFluctuation,Good,18.97144,
2055,2026-09-16 00:44:45.863,EM-01,em01.totalEnergy,Good,153.34,
2056,2026-09-16 00:44:45.863,EM-01,em01.forwardEnergy,Good,153.34,
2057,2026-09-16 00:44:45.863,EM-01,em01.voltageA,Good,384,
2058,2026-09-16 00:44:45.863,EM-01,em01.voltageB,Good,376,
2059,2026-09-16 00:44:45.863,EM-01,em01.voltageC,Good,376,
2060,2026-09-16 00:44:45.863,EM-01,em01.currentA,Good,151.3,
2061,2026-09-16 00:44:45.863,EM-01,em01.activePower,Good,100,
2062,2026-09-16 00:44:45.863,EM-01,em01.reactivePower,Good,34,
2063,2026-09-16 00:44:45.863,EM-01,em01.powerFactor,Good,0.926,
2064,2026-09-16 00:44:45.863,EM-01,em01.frequency,Good,49.94,
2065,2026-09-16 00:44:45.863,EM-01,em01.demand,Good,100,
2066,2026-09-16 00:44:45.863,EM-01,em01.energyF64,Good,1.55761111111111,
2067,2026-09-16 00:44:45.863,EM-01,em01.unbalance,Good,2.105263,
2068,2026-09-16 00:44:45.876,GW-LINE-B,mtc01.actualTemp,Good,99.3,
2069,2026-09-16 00:44:45.876,GW-LINE-B,mtc01.returnTemp,Good,95,
2070,2026-09-16 00:44:45.876,GW-LINE-B,mtc01.pumpFlow,Good,27,
2071,2026-09-16 00:44:45.876,GW-LINE-B,mtc01.pumpCurrent,Good,5,
2072,2026-09-16 00:44:45.876,GW-LINE-B,mtc01.heatPower,Good,6,
2073,2026-09-16 00:44:45.876,GW-LINE-B,mtc01.outletTemp,Good,99.8,
2074,2026-09-16 00:44:45.876,GW-LINE-B,mtc01.tempAvg,Good,992.5497,
2075,2026-09-16 00:44:45.883,GW-LINE-B,dry01.heatPower,Good,6,
2076,2026-09-16 00:44:45.885,GW-LINE-B,dry01.levelTrend,Good,-1.472044,
2077,2026-09-16 00:44:45.891,GW-LINE-B,rob01.cycleTime,Good,2.8,
2078,2026-09-16 00:44:45.891,GW-LINE-B,rob01.posX,Good,5,
2079,2026-09-16 00:44:45.891,GW-LINE-B,rob01.trajectory,Good,5.087018,
2080,2026-09-16 00:44:46.353,IM-01,im01.prodTime,Good,09/16/2026 00:44:46,
2081,2026-09-16 00:44:46.803,GW-LINE-B,mtc01.runSeconds,Good,507,
2082,2026-09-16 00:44:46.803,GW-LINE-B,mtc01.energyTotal,Good,0.077472222222222,
2083,2026-09-16 00:44:46.804,IM-01,im01.clampForceDev,Good,13,
2084,2026-09-16 00:44:46.805,GW-LINE-B,mtc01.tempDeviation,Good,-0.5,
2085,2026-09-16 00:44:46.807,ENV-01,env01.runSeconds,Good,507,
2086,2026-09-16 00:44:46.807,ENV-01,env01.sampleTime,Good,09/16/2026 00:44:46,
2087,2026-09-16 00:44:46.813,ENV-01,env01.tempDeviation,Good,-0.1,
2088,2026-09-16 00:44:46.814,GW-LINE-B,dry01.drySeconds,Good,507,
2089,2026-09-16 00:44:46.814,GW-LINE-B,dry01.energyTotal,Good,0.0792777777777776,
2090,2026-09-16 00:44:46.816,GW-LINE-B,dry01.dewDeviation,Good,0.3,
2091,2026-09-16 00:44:46.821,EM-01,em01.readTime,Good,09/16/2026 00:44:46,
2092,2026-09-16 00:44:46.822,GW-LINE-B,rob01.runSeconds,Good,507,
2093,2026-09-16 00:44:46.824,GW-LINE-B,rob01.energyTotal,Good,0.069861111111111,
2094,2026-09-16 00:44:46.826,GW-LINE-B,rob01.posDeviation,Good,-95,
2095,2026-09-16 00:44:46.832,IM-01,im01.barrel1Temp,Good,204.8,
2096,2026-09-16 00:44:46.832,IM-01,im01.barrel5Temp,Good,179.6,
2097,2026-09-16 00:44:46.832,IM-01,im01.moldTemp,Good,84.5,
2098,2026-09-16 00:44:46.832,IM-01,im01.screwSpeed,Good,217,
2099,2026-09-16 00:44:46.832,IM-01,im01.pumpCurrent,Good,3,
2100,2026-09-16 00:44:46.832,IM-01,im01.hydraulicPressure,Good,2,
2101,2026-09-16 00:44:46.832,IM-01,im01.power,Good,10,
2102,2026-09-16 00:44:46.832,IM-01,im01.meltEnergy,Good,10.05501,
2103,2026-09-16 00:44:46.832,IM-01,im01.energyTotal,Good,0.253111111111111,
2104,2026-09-16 00:44:46.851,ENV-01,env01.humidity,Good,55,
2105,2026-09-16 00:44:46.851,ENV-01,env01.dewPoint,Good,17,
2106,2026-09-16 00:44:46.851,ENV-01,env01.noise,Good,72,
2107,2026-09-16 00:44:46.851,ENV-01,env01.pm25,Good,41,
2108,2026-09-16 00:44:46.851,ENV-01,env01.pressureDiff,Good,12,
2109,2026-09-16 00:44:46.851,ENV-01,env01.illuminance,Good,413,
2110,2026-09-16 00:44:46.852,ENV-01,env01.tempFluctuation,Good,18.49061,
2111,2026-09-16 00:44:46.865,EM-01,em01.totalEnergy,Good,156.33,
2112,2026-09-16 00:44:46.865,EM-01,em01.forwardEnergy,Good,156.33,
2113,2026-09-16 00:44:46.865,EM-01,em01.voltageA,Good,381,
2114,2026-09-16 00:44:46.865,EM-01,em01.voltageB,Good,377,
2115,2026-09-16 00:44:46.865,EM-01,em01.voltageC,Good,382,
2116,2026-09-16 00:44:46.865,EM-01,em01.currentA,Good,121.4,
2117,2026-09-16 00:44:46.865,EM-01,em01.activePower,Good,106,
2118,2026-09-16 00:44:46.865,EM-01,em01.reactivePower,Good,24,
2119,2026-09-16 00:44:46.865,EM-01,em01.powerFactor,Good,0.878,
2120,2026-09-16 00:44:46.865,EM-01,em01.frequency,Good,50.04,
2121,2026-09-16 00:44:46.865,EM-01,em01.demand,Good,106,
2122,2026-09-16 00:44:46.865,EM-01,em01.energyF64,Good,1.588,
2123,2026-09-16 00:44:46.865,EM-01,em01.unbalance,Good,1.315789,
2124,2026-09-16 00:44:46.876,GW-LINE-B,mtc01.actualTemp,Good,99.5,
2125,2026-09-16 00:44:46.876,GW-LINE-B,mtc01.pumpPressure,Good,2,
2126,2026-09-16 00:44:46.876,GW-LINE-B,mtc01.pumpFlow,Good,17,
2127,2026-09-16 00:44:46.876,GW-LINE-B,mtc01.pumpCurrent,Good,3.6,
2128,2026-09-16 00:44:46.876,GW-LINE-B,mtc01.heatPower,Good,8,
2129,2026-09-16 00:44:46.876,GW-LINE-B,mtc01.outletTemp,Good,100,
2130,2026-09-16 00:44:46.876,GW-LINE-B,mtc01.tempAvg,Good,994.519,
2131,2026-09-16 00:44:46.883,GW-LINE-B,dry01.dewPoint,Good,-34.9,
2132,2026-09-16 00:44:46.883,GW-LINE-B,dry01.heatPower,Good,7,
2133,2026-09-16 00:44:46.883,GW-LINE-B,dry01.fanCurrent,Good,1.9,
2134,2026-09-16 00:44:46.886,GW-LINE-B,dry01.levelTrend,Good,-1.496218,
2135,2026-09-16 00:44:46.891,GW-LINE-B,rob01.posX,Good,6,
2136,2026-09-16 00:44:46.891,GW-LINE-B,rob01.trajectory,Good,6.027572,
2137,2026-09-16 00:44:47.355,IM-01,im01.prodTime,Good,09/16/2026 00:44:47,
2138,2026-09-16 00:44:47.832,IM-01,im01.barrel1Temp,Good,204.6,
2139,2026-09-16 00:44:47.832,IM-01,im01.oilTemp,Good,44.6,
2140,2026-09-16 00:44:47.832,IM-01,im01.screwSpeed,Good,209,
2141,2026-09-16 00:44:47.832,IM-01,im01.pumpCurrent,Good,7.2,
2142,2026-09-16 00:44:47.832,IM-01,im01.hydraulicPressure,Good,1,
2143,2026-09-16 00:44:47.832,IM-01,im01.power,Good,12,
2144,2026-09-16 00:44:47.832,IM-01,im01.meltEnergy,Good,11.39324,
2145,2026-09-16 00:44:47.832,IM-01,im01.energyTotal,Good,0.256694444444445,
2146,2026-09-16 00:44:47.850,ENV-01,env01.dewPoint,Good,17.1,
2147,2026-09-16 00:44:47.850,ENV-01,env01.noise,Good,75,
2148,2026-09-16 00:44:47.850,ENV-01,env01.pm25,Good,24,
2149,2026-09-16 00:44:47.850,ENV-01,env01.pressureDiff,Good,7,
2150,2026-09-16 00:44:47.850,ENV-01,env01.illuminance,Good,438,
2151,2026-09-16 00:44:47.850,ENV-01,env01.tempFluctuation,Good,18.44614,
2152,2026-09-16 00:44:47.865,EM-01,em01.totalEnergy,Good,159.42,
2153,2026-09-16 00:44:47.865,EM-01,em01.forwardEnergy,Good,159.42,
2154,2026-09-16 00:44:47.865,EM-01,em01.voltageA,Good,377,
2155,2026-09-16 00:44:47.865,EM-01,em01.voltageB,Good,381,
2156,2026-09-16 00:44:47.865,EM-01,em01.voltageC,Good,380,
2157,2026-09-16 00:44:47.865,EM-01,em01.currentA,Good,121.3,
2158,2026-09-16 00:44:47.865,EM-01,em01.activePower,Good,119,
2159,2026-09-16 00:44:47.865,EM-01,em01.reactivePower,Good,28,
2160,2026-09-16 00:44:47.865,EM-01,em01.powerFactor,Good,0.875,
2161,2026-09-16 00:44:47.865,EM-01,em01.frequency,Good,49.94,
2162,2026-09-16 00:44:47.865,EM-01,em01.demand,Good,119,
2163,2026-09-16 00:44:47.865,EM-01,em01.energyF64,Good,1.61941666666667,
2164,2026-09-16 00:44:47.865,EM-01,em01.unbalance,Good,1.052632,
2165,2026-09-16 00:44:47.877,GW-LINE-B,mtc01.actualTemp,Good,99.4,
2166,2026-09-16 00:44:47.877,GW-LINE-B,mtc01.pumpPressure,Good,5,
2167,2026-09-16 00:44:47.877,GW-LINE-B,mtc01.pumpFlow,Good,37,
2168,2026-09-16 00:44:47.877,GW-LINE-B,mtc01.pumpCurrent,Good,3.8,
2169,2026-09-16 00:44:47.877,GW-LINE-B,mtc01.heatPower,Good,7,
2170,2026-09-16 00:44:47.877,GW-LINE-B,mtc01.outletTemp,Good,99.9,
2171,2026-09-16 00:44:47.877,GW-LINE-B,mtc01.tempAvg,Good,994.4628,
2172,2026-09-16 00:44:47.885,GW-LINE-B,dry01.dewPoint,Good,-34.7,
2173,2026-09-16 00:44:47.885,GW-LINE-B,dry01.materialLevel,Good,69,
2174,2026-09-16 00:44:47.885,GW-LINE-B,dry01.heatPower,Good,3,
2175,2026-09-16 00:44:47.885,GW-LINE-B,dry01.fanCurrent,Good,1.4,
2176,2026-09-16 00:44:47.887,GW-LINE-B,dry01.levelTrend,Good,-1.522667,
2177,2026-09-16 00:44:47.893,GW-LINE-B,rob01.cycleTime,Good,2.7,
2178,2026-09-16 00:44:47.893,GW-LINE-B,rob01.posZ,Good,2,
2179,2026-09-16 00:44:47.893,GW-LINE-B,rob01.trajectory,Good,6.169876,
2180,2026-09-16 00:44:48.357,IM-01,im01.prodTime,Good,09/16/2026 00:44:48,
2181,2026-09-16 00:44:48.833,IM-01,im01.barrel1Temp,Good,204.5,
2182,2026-09-16 00:44:48.833,IM-01,im01.barrel5Temp,Good,179.9,
2183,2026-09-16 00:44:48.833,IM-01,im01.moldTemp,Good,84.6,
2184,2026-09-16 00:44:48.833,IM-01,im01.oilTemp,Good,44.8,
2185,2026-09-16 00:44:48.833,IM-01,im01.screwSpeed,Good,225,
2186,2026-09-16 00:44:48.833,IM-01,im01.pumpCurrent,Good,5.5,
2187,2026-09-16 00:44:48.833,IM-01,im01.hydraulicPressure,Good,5,
2188,2026-09-16 00:44:48.833,IM-01,im01.power,Good,11,
2189,2026-09-16 00:44:48.833,IM-01,im01.meltEnergy,Good,11.28553,
2190,2026-09-16 00:44:48.833,IM-01,im01.energyTotal,Good,0.26,
2191,2026-09-16 00:44:48.851,ENV-01,env01.humidity,Good,56,
2192,2026-09-16 00:44:48.851,ENV-01,env01.dewPoint,Good,17.3,
2193,2026-09-16 00:44:48.851,ENV-01,env01.noise,Good,72,
2194,2026-09-16 00:44:48.851,ENV-01,env01.pm25,Good,55,
2195,2026-09-16 00:44:48.851,ENV-01,env01.pressureDiff,Good,6,
2196,2026-09-16 00:44:48.851,ENV-01,env01.illuminance,Good,316,
2197,2026-09-16 00:44:48.851,ENV-01,env01.tempFluctuation,Good,18.59434,
2198,2026-09-16 00:44:48.866,EM-01,em01.totalEnergy,Good,162.42,
2199,2026-09-16 00:44:48.866,EM-01,em01.forwardEnergy,Good,162.42,
2200,2026-09-16 00:44:48.866,EM-01,em01.voltageA,Good,382,
2201,2026-09-16 00:44:48.866,EM-01,em01.voltageB,Good,386,
2202,2026-09-16 00:44:48.866,EM-01,em01.voltageC,Good,381,
2203,2026-09-16 00:44:48.866,EM-01,em01.currentA,Good,185.1,
2204,2026-09-16 00:44:48.866,EM-01,em01.activePower,Good,99,
2205,2026-09-16 00:44:48.866,EM-01,em01.reactivePower,Good,21,
2206,2026-09-16 00:44:48.866,EM-01,em01.powerFactor,Good,0.915,
2207,2026-09-16 00:44:48.866,EM-01,em01.frequency,Good,50.03,
2208,2026-09-16 00:44:48.866,EM-01,em01.demand,Good,99,
2209,2026-09-16 00:44:48.866,EM-01,em01.energyF64,Good,1.65,
2210,2026-09-16 00:44:48.866,EM-01,em01.unbalance,Good,1.315789,
2211,2026-09-16 00:44:48.879,GW-LINE-B,mtc01.actualTemp,Good,99.3,
2212,2026-09-16 00:44:48.879,GW-LINE-B,mtc01.pumpPressure,Good,3,
2213,2026-09-16 00:44:48.879,GW-LINE-B,mtc01.pumpFlow,Good,23,
2214,2026-09-16 00:44:48.879,GW-LINE-B,mtc01.pumpCurrent,Good,4.2,
2215,2026-09-16 00:44:48.879,GW-LINE-B,mtc01.heatPower,Good,4,
2216,2026-09-16 00:44:48.879,GW-LINE-B,mtc01.outletTemp,Good,99.8,
2217,2026-09-16 00:44:48.879,GW-LINE-B,mtc01.tempAvg,Good,992.9015,
2218,2026-09-16 00:44:48.887,GW-LINE-B,dry01.dewPoint,Good,-34.8,
2219,2026-09-16 00:44:48.887,GW-LINE-B,dry01.heatPower,Good,5,
2220,2026-09-16 00:44:48.887,GW-LINE-B,dry01.fanCurrent,Good,1.9,
2221,2026-09-16 00:44:48.889,GW-LINE-B,dry01.levelTrend,Good,-1.553882,
2222,2026-09-16 00:44:48.895,GW-LINE-B,rob01.cycleTime,Good,3.2,
2223,2026-09-16 00:44:48.895,GW-LINE-B,rob01.trajectory,Good,6.217321,
2224,2026-09-16 00:44:49.359,IM-01,im01.prodTime,Good,09/16/2026 00:44:49,
2225,2026-09-16 00:44:49.833,IM-01,im01.barrel1Temp,Good,204.6,
2226,2026-09-16 00:44:49.833,IM-01,im01.barrel5Temp,Good,179.7,
2227,2026-09-16 00:44:49.833,IM-01,im01.moldTemp,Good,84.5,
2228,2026-09-16 00:44:49.833,IM-01,im01.oilTemp,Good,44.6,
2229,2026-09-16 00:44:49.833,IM-01,im01.screwSpeed,Good,208,
2230,2026-09-16 00:44:49.833,IM-01,im01.pumpCurrent,Good,6.9,
2231,2026-09-16 00:44:49.833,IM-01,im01.hydraulicPressure,Good,3,
2232,2026-09-16 00:44:49.833,IM-01,im01.power,Good,14,
2233,2026-09-16 00:44:49.833,IM-01,im01.meltEnergy,Good,10.22967,
2234,2026-09-16 00:44:49.833,IM-01,im01.energyTotal,Good,0.263388888888889,
2235,2026-09-16 00:44:49.852,ENV-01,env01.humidity,Good,55,
2236,2026-09-16 00:44:49.852,ENV-01,env01.dewPoint,Good,17.1,
2237,2026-09-16 00:44:49.852,ENV-01,env01.pm25,Good,40,
2238,2026-09-16 00:44:49.852,ENV-01,env01.illuminance,Good,369,
2239,2026-09-16 00:44:49.852,ENV-01,env01.tempFluctuation,Good,19.09688,
2240,2026-09-16 00:44:49.866,EM-01,em01.totalEnergy,Good,165.44,
2241,2026-09-16 00:44:49.866,EM-01,em01.forwardEnergy,Good,165.44,
2242,2026-09-16 00:44:49.866,EM-01,em01.voltageA,Good,376,
2243,2026-09-16 00:44:49.866,EM-01,em01.voltageB,Good,382,
2244,2026-09-16 00:44:49.866,EM-01,em01.voltageC,Good,379,
2245,2026-09-16 00:44:49.866,EM-01,em01.currentA,Good,118.9,
2246,2026-09-16 00:44:49.866,EM-01,em01.activePower,Good,108,
2247,2026-09-16 00:44:49.866,EM-01,em01.reactivePower,Good,38,
2248,2026-09-16 00:44:49.866,EM-01,em01.powerFactor,Good,0.943,
2249,2026-09-16 00:44:49.866,EM-01,em01.frequency,Good,49.92,
2250,2026-09-16 00:44:49.866,EM-01,em01.demand,Good,108,
2251,2026-09-16 00:44:49.866,EM-01,em01.energyF64,Good,1.68069444444444,
2252,2026-09-16 00:44:49.866,EM-01,em01.unbalance,Good,1.578947,
2253,2026-09-16 00:44:49.879,GW-LINE-B,mtc01.actualTemp,Good,99.4,
2254,2026-09-16 00:44:49.879,GW-LINE-B,mtc01.pumpPressure,Good,2,
2255,2026-09-16 00:44:49.879,GW-LINE-B,mtc01.pumpFlow,Good,30,
2256,2026-09-16 00:44:49.879,GW-LINE-B,mtc01.pumpCurrent,Good,4.9,
2257,2026-09-16 00:44:49.879,GW-LINE-B,mtc01.outletTemp,Good,99.9,
2258,2026-09-16 00:44:49.879,GW-LINE-B,mtc01.tempAvg,Good,994.4178,
2259,2026-09-16 00:44:49.888,GW-LINE-B,dry01.dewPoint,Good,-34.6,
2260,2026-09-16 00:44:49.888,GW-LINE-B,dry01.heatPower,Good,3,
2261,2026-09-16 00:44:49.888,GW-LINE-B,dry01.fanCurrent,Good,1,
2262,2026-09-16 00:44:49.890,GW-LINE-B,dry01.levelTrend,Good,-1.581084,
2263,2026-09-16 00:44:49.896,GW-LINE-B,rob01.cycleTime,Good,2.7,
2264,2026-09-16 00:44:49.896,GW-LINE-B,rob01.posX,Good,7,
2265,2026-09-16 00:44:49.896,GW-LINE-B,rob01.posZ,Good,3,
2266,2026-09-16 00:44:49.896,GW-LINE-B,rob01.trajectory,Good,6.817861,
2267,2026-09-16 00:44:50.359,IM-01,im01.prodTime,Good,09/16/2026 00:44:50,
2268,2026-09-16 00:44:50.835,IM-01,im01.barrel1Temp,Good,204.7,
2269,2026-09-16 00:44:50.835,IM-01,im01.barrel5Temp,Good,179.4,
2270,2026-09-16 00:44:50.835,IM-01,im01.screwSpeed,Good,211,
2271,2026-09-16 00:44:50.835,IM-01,im01.pumpCurrent,Good,7.9,
2272,2026-09-16 00:44:50.835,IM-01,im01.hydraulicPressure,Good,6,
2273,2026-09-16 00:44:50.835,IM-01,im01.power,Good,12,
2274,2026-09-16 00:44:50.835,IM-01,im01.meltEnergy,Good,10.55461,
2275,2026-09-16 00:44:50.835,IM-01,im01.energyTotal,Good,0.266694444444445,
2276,2026-09-16 00:44:50.854,ENV-01,env01.humidity,Good,56,
2277,2026-09-16 00:44:50.854,ENV-01,env01.dewPoint,Good,17.2,
2278,2026-09-16 00:44:50.854,ENV-01,env01.noise,Good,70,
2279,2026-09-16 00:44:50.854,ENV-01,env01.pm25,Good,58,
2280,2026-09-16 00:44:50.854,ENV-01,env01.pressureDiff,Good,3,
2281,2026-09-16 00:44:50.854,ENV-01,env01.tempFluctuation,Good,18.97154,
2282,2026-09-16 00:44:50.866,EM-01,em01.totalEnergy,Good,168.58,
2283,2026-09-16 00:44:50.866,EM-01,em01.forwardEnergy,Good,168.58,
2284,2026-09-16 00:44:50.867,EM-01,em01.voltageA,Good,375,
2285,2026-09-16 00:44:50.867,EM-01,em01.voltageB,Good,383,
2286,2026-09-16 00:44:50.867,EM-01,em01.voltageC,Good,382,
2287,2026-09-16 00:44:50.867,EM-01,em01.currentA,Good,166.4,
2288,2026-09-16 00:44:50.867,EM-01,em01.activePower,Good,115,
2289,2026-09-16 00:44:50.867,EM-01,em01.reactivePower,Good,21,
2290,2026-09-16 00:44:50.867,EM-01,em01.powerFactor,Good,0.887,
2291,2026-09-16 00:44:50.867,EM-01,em01.frequency,Good,50.08,
2292,2026-09-16 00:44:50.867,EM-01,em01.demand,Good,115,
2293,2026-09-16 00:44:50.867,EM-01,em01.energyF64,Good,1.71263888888889,
2294,2026-09-16 00:44:50.867,EM-01,em01.unbalance,Good,2.105263,
2295,2026-09-16 00:44:50.879,GW-LINE-B,mtc01.pumpPressure,Good,4,
2296,2026-09-16 00:44:50.879,GW-LINE-B,mtc01.pumpFlow,Good,22,
2297,2026-09-16 00:44:50.880,GW-LINE-B,mtc01.pumpCurrent,Good,5.4,
2298,2026-09-16 00:44:50.880,GW-LINE-B,mtc01.tempAvg,Good,994.3359,
2299,2026-09-16 00:44:50.888,GW-LINE-B,dry01.dewPoint,Good,-34.9,
2300,2026-09-16 00:44:50.888,GW-LINE-B,dry01.materialLevel,Good,68,
2301,2026-09-16 00:44:50.888,GW-LINE-B,dry01.heatPower,Good,5,
2302,2026-09-16 00:44:50.888,GW-LINE-B,dry01.fanCurrent,Good,1.3,
2303,2026-09-16 00:44:50.890,GW-LINE-B,dry01.levelTrend,Good,-1.616417,
2304,2026-09-16 00:44:50.896,GW-LINE-B,rob01.cycleTime,Good,3,
2305,2026-09-16 00:44:50.896,GW-LINE-B,rob01.posX,Good,8,
2306,2026-09-16 00:44:50.896,GW-LINE-B,rob01.posZ,Good,4,
2307,2026-09-16 00:44:50.896,GW-LINE-B,rob01.trajectory,Good,7.704745,
2308,2026-09-16 00:44:51.360,IM-01,im01.prodTime,Good,09/16/2026 00:44:51,
2309,2026-09-16 00:44:51.803,GW-LINE-B,mtc01.runSeconds,Good,557,
2310,2026-09-16 00:44:51.803,GW-LINE-B,mtc01.energyTotal,Good,0.0851666666666664,
2311,2026-09-16 00:44:51.804,IM-01,im01.clampForceDev,Good,10,
2312,2026-09-16 00:44:51.805,ENV-01,env01.runSeconds,Good,557,
2313,2026-09-16 00:44:51.805,ENV-01,env01.sampleTime,Good,09/16/2026 00:44:51,
2314,2026-09-16 00:44:51.806,GW-LINE-B,mtc01.tempDeviation,Good,-0.6,
2315,2026-09-16 00:44:51.813,GW-LINE-B,dry01.drySeconds,Good,557,
2316,2026-09-16 00:44:51.813,GW-LINE-B,dry01.energyTotal,Good,0.0871111111111108,
2317,2026-09-16 00:44:51.815,EM-01,em01.readTime,Good,09/16/2026 00:44:51,
2318,2026-09-16 00:44:51.815,GW-LINE-B,dry01.dewDeviation,Good,0.5,
2319,2026-09-16 00:44:51.825,GW-LINE-B,rob01.runSeconds,Good,557,
2320,2026-09-16 00:44:51.828,GW-LINE-B,rob01.energyTotal,Good,0.0765833333333332,
2321,2026-09-16 00:44:51.830,GW-LINE-B,rob01.posDeviation,Good,-93,
2322,2026-09-16 00:44:51.835,IM-01,im01.barrel1Temp,Good,204.6,
2323,2026-09-16 00:44:51.835,IM-01,im01.barrel5Temp,Good,179.6,
2324,2026-09-16 00:44:51.835,IM-01,im01.moldTemp,Good,84.6,
2325,2026-09-16 00:44:51.835,IM-01,im01.screwSpeed,Good,153,
2326,2026-09-16 00:44:51.835,IM-01,im01.pumpCurrent,Good,3.9,
2327,2026-09-16 00:44:51.835,IM-01,im01.hydraulicPressure,Good,2,
2328,2026-09-16 00:44:51.835,IM-01,im01.power,Good,13,
2329,2026-09-16 00:44:51.835,IM-01,im01.meltEnergy,Good,8.039107,
2330,2026-09-16 00:44:51.835,IM-01,im01.energyTotal,Good,0.269944444444445,
2331,2026-09-16 00:44:51.854,ENV-01,env01.roomTemp,Good,25.9,
2332,2026-09-16 00:44:51.854,ENV-01,env01.humidity,Good,55,
2333,2026-09-16 00:44:51.854,ENV-01,env01.dewPoint,Good,17,
2334,2026-09-16 00:44:51.854,ENV-01,env01.noise,Good,75,
2335,2026-09-16 00:44:51.854,ENV-01,env01.pm25,Good,51,
2336,2026-09-16 00:44:51.854,ENV-01,env01.pressureDiff,Good,12,
2337,2026-09-16 00:44:51.854,ENV-01,env01.illuminance,Good,450,
2338,2026-09-16 00:44:51.854,ENV-01,env01.tempFluctuation,Good,18.11676,
2339,2026-09-16 00:44:51.869,EM-01,em01.totalEnergy,Good,171.72,
2340,2026-09-16 00:44:51.869,EM-01,em01.forwardEnergy,Good,171.72,
2341,2026-09-16 00:44:51.869,EM-01,em01.voltageA,Good,377,
2342,2026-09-16 00:44:51.869,EM-01,em01.voltageB,Good,384,
2343,2026-09-16 00:44:51.869,EM-01,em01.voltageC,Good,384,
2344,2026-09-16 00:44:51.869,EM-01,em01.currentA,Good,154.4,
2345,2026-09-16 00:44:51.869,EM-01,em01.activePower,Good,125,
2346,2026-09-16 00:44:51.869,EM-01,em01.reactivePower,Good,26,
2347,2026-09-16 00:44:51.869,EM-01,em01.powerFactor,Good,0.894,
2348,2026-09-16 00:44:51.869,EM-01,em01.frequency,Good,50.07,
2349,2026-09-16 00:44:51.869,EM-01,em01.demand,Good,125,
2350,2026-09-16 00:44:51.869,EM-01,em01.energyF64,Good,1.74461111111111,
2351,2026-09-16 00:44:51.869,EM-01,em01.unbalance,Good,1.842105,
2352,2026-09-16 00:44:51.881,GW-LINE-B,mtc01.actualTemp,Good,99.5,
2353,2026-09-16 00:44:51.881,GW-LINE-B,mtc01.pumpPressure,Good,2,
2354,2026-09-16 00:44:51.881,GW-LINE-B,mtc01.pumpFlow,Good,28,
2355,2026-09-16 00:44:51.881,GW-LINE-B,mtc01.pumpCurrent,Good,3.7,
2356,2026-09-16 00:44:51.881,GW-LINE-B,mtc01.heatPower,Good,6,
2357,2026-09-16 00:44:51.881,GW-LINE-B,mtc01.outletTemp,Good,100,
2358,2026-09-16 00:44:51.881,GW-LINE-B,mtc01.tempAvg,Good,995.486,
2359,2026-09-16 00:44:51.889,GW-LINE-B,dry01.dewPoint,Good,-34.6,
2360,2026-09-16 00:44:51.889,GW-LINE-B,dry01.fanCurrent,Good,1.8,
2361,2026-09-16 00:44:51.892,GW-LINE-B,dry01.levelTrend,Good,-1.644901,
2362,2026-09-16 00:44:51.898,GW-LINE-B,rob01.cycleTime,Good,2.7,
2363,2026-09-16 00:44:51.898,GW-LINE-B,rob01.posX,Good,7,
2364,2026-09-16 00:44:51.898,GW-LINE-B,rob01.trajectory,Good,6.833656,
2365,2026-09-16 00:44:52.362,IM-01,im01.statusWord,Good,33,
2366,2026-09-16 00:44:52.362,IM-01,im01.stage,Good,4,
2367,2026-09-16 00:44:52.362,IM-01,im01.prodTime,Good,09/16/2026 00:44:52,
2368,2026-09-16 00:44:52.836,IM-01,im01.barrel1Temp,Good,204.7,
2369,2026-09-16 00:44:52.836,IM-01,im01.barrel5Temp,Good,179.5,
2370,2026-09-16 00:44:52.836,IM-01,im01.oilTemp,Good,44.8,
2371,2026-09-16 00:44:52.836,IM-01,im01.injectPressure,Good,0,
2372,2026-09-16 00:44:52.836,IM-01,im01.injectSpeed,Good,0,
2373,2026-09-16 00:44:52.836,IM-01,im01.screwSpeed,Good,0,
2374,2026-09-16 00:44:52.836,IM-01,im01.pumpCurrent,Good,3.3,
2375,2026-09-16 00:44:52.836,IM-01,im01.hydraulicPressure,Good,7,
2376,2026-09-16 00:44:52.836,IM-01,im01.power,Good,23,
2377,2026-09-16 00:44:52.836,IM-01,im01.meltEnergy,Good,0,
2378,2026-09-16 00:44:52.836,IM-01,im01.energyTotal,Good,0.275833333333334,
2379,2026-09-16 00:44:52.853,ENV-01,env01.roomTemp,Good,26,
2380,2026-09-16 00:44:52.853,ENV-01,env01.dewPoint,Good,17.1,
2381,2026-09-16 00:44:52.853,ENV-01,env01.noise,Good,77,
2382,2026-09-16 00:44:52.853,ENV-01,env01.pressureDiff,Good,-3,
2383,2026-09-16 00:44:52.853,ENV-01,env01.illuminance,Good,327,
2384,2026-09-16 00:44:52.853,ENV-01,env01.tempFluctuation,Good,18.90795,
2385,2026-09-16 00:44:52.867,EM-01,em01.totalEnergy,Good,174.74,
2386,2026-09-16 00:44:52.867,EM-01,em01.forwardEnergy,Good,174.74,
2387,2026-09-16 00:44:52.867,EM-01,em01.voltageA,Good,379,
2388,2026-09-16 00:44:52.867,EM-01,em01.voltageB,Good,379,
2389,2026-09-16 00:44:52.867,EM-01,em01.voltageC,Good,378,
2390,2026-09-16 00:44:52.867,EM-01,em01.currentA,Good,176.3,
2391,2026-09-16 00:44:52.867,EM-01,em01.activePower,Good,105,
2392,2026-09-16 00:44:52.867,EM-01,em01.reactivePower,Good,23,
2393,2026-09-16 00:44:52.867,EM-01,em01.powerFactor,Good,0.886,
2394,2026-09-16 00:44:52.867,EM-01,em01.frequency,Good,50.09,
2395,2026-09-16 00:44:52.867,EM-01,em01.demand,Good,105,
2396,2026-09-16 00:44:52.867,EM-01,em01.energyF64,Good,1.77541666666667,
2397,2026-09-16 00:44:52.867,EM-01,em01.unbalance,Good,0.2631579,
2398,2026-09-16 00:44:52.880,GW-LINE-B,mtc01.actualTemp,Good,99.6,
2399,2026-09-16 00:44:52.880,GW-LINE-B,mtc01.pumpFlow,Good,33,
2400,2026-09-16 00:44:52.880,GW-LINE-B,mtc01.pumpCurrent,Good,5.4,
2401,2026-09-16 00:44:52.880,GW-LINE-B,mtc01.heatPower,Good,4,
2402,2026-09-16 00:44:52.880,GW-LINE-B,mtc01.outletTemp,Good,100.1,
2403,2026-09-16 00:44:52.880,GW-LINE-B,mtc01.tempAvg,Good,995.8973,
2404,2026-09-16 00:44:52.888,GW-LINE-B,dry01.fanCurrent,Good,1.6,
2405,2026-09-16 00:44:52.890,GW-LINE-B,dry01.levelTrend,Good,-1.676745,
2406,2026-09-16 00:44:52.896,GW-LINE-B,rob01.cycleTime,Good,2.9,
2407,2026-09-16 00:44:52.896,GW-LINE-B,rob01.posX,Good,8,
2408,2026-09-16 00:44:52.896,GW-LINE-B,rob01.trajectory,Good,7.966125,
2409,2026-09-16 00:44:53.363,IM-01,im01.prodTime,Good,09/16/2026 00:44:53,
2410,2026-09-16 00:44:53.837,IM-01,im01.barrel1Temp,Good,204.5,
2411,2026-09-16 00:44:53.837,IM-01,im01.barrel5Temp,Good,179.7,
2412,2026-09-16 00:44:53.837,IM-01,im01.moldTemp,Good,84.5,
2413,2026-09-16 00:44:53.837,IM-01,im01.oilTemp,Good,44.5,
2414,2026-09-16 00:44:53.837,IM-01,im01.pumpCurrent,Good,3.7,
2415,2026-09-16 00:44:53.837,IM-01,im01.hydraulicPressure,Good,6,
2416,2026-09-16 00:44:53.837,IM-01,im01.power,Good,22,
2417,2026-09-16 00:44:53.837,IM-01,im01.energyTotal,Good,0.282166666666667,
2418,2026-09-16 00:44:53.854,ENV-01,env01.roomTemp,Good,25.9,
2419,2026-09-16 00:44:53.854,ENV-01,env01.noise,Good,75,
2420,2026-09-16 00:44:53.854,ENV-01,env01.pm25,Good,54,
2421,2026-09-16 00:44:53.854,ENV-01,env01.pressureDiff,Good,0,
2422,2026-09-16 00:44:53.854,ENV-01,env01.illuminance,Good,379,
2423,2026-09-16 00:44:53.854,ENV-01,env01.tempFluctuation,Good,18.25059,
2424,2026-09-16 00:44:53.867,EM-01,em01.totalEnergy,Good,177.59,
2425,2026-09-16 00:44:53.867,EM-01,em01.forwardEnergy,Good,177.59,
2426,2026-09-16 00:44:53.867,EM-01,em01.voltageA,Good,381,
2427,2026-09-16 00:44:53.867,EM-01,em01.voltageB,Good,385,
2428,2026-09-16 00:44:53.867,EM-01,em01.voltageC,Good,379,
2429,2026-09-16 00:44:53.867,EM-01,em01.currentA,Good,135.1,
2430,2026-09-16 00:44:53.867,EM-01,em01.activePower,Good,95,
2431,2026-09-16 00:44:53.867,EM-01,em01.reactivePower,Good,35,
2432,2026-09-16 00:44:53.867,EM-01,em01.powerFactor,Good,0.871,
2433,2026-09-16 00:44:53.867,EM-01,em01.frequency,Good,50.06,
2434,2026-09-16 00:44:53.867,EM-01,em01.demand,Good,95,
2435,2026-09-16 00:44:53.867,EM-01,em01.energyF64,Good,1.80433333333333,
2436,2026-09-16 00:44:53.867,EM-01,em01.unbalance,Good,1.578947,
2437,2026-09-16 00:44:53.881,GW-LINE-B,mtc01.actualTemp,Good,99.3,
2438,2026-09-16 00:44:53.881,GW-LINE-B,mtc01.pumpPressure,Good,5,
2439,2026-09-16 00:44:53.881,GW-LINE-B,mtc01.pumpFlow,Good,34,
2440,2026-09-16 00:44:53.881,GW-LINE-B,mtc01.pumpCurrent,Good,3.7,
2441,2026-09-16 00:44:53.881,GW-LINE-B,mtc01.heatPower,Good,6,
2442,2026-09-16 00:44:53.881,GW-LINE-B,mtc01.outletTemp,Good,99.8,
2443,2026-09-16 00:44:53.881,GW-LINE-B,mtc01.tempAvg,Good,992.5103,
2444,2026-09-16 00:44:53.887,GW-LINE-B,dry01.dewPoint,Good,-34.5,
2445,2026-09-16 00:44:53.887,GW-LINE-B,dry01.materialLevel,Good,67,
2446,2026-09-16 00:44:53.887,GW-LINE-B,dry01.heatPower,Good,4,
2447,2026-09-16 00:44:53.887,GW-LINE-B,dry01.fanCurrent,Good,1.2,
2448,2026-09-16 00:44:53.889,GW-LINE-B,dry01.levelTrend,Good,-1.709522,
2449,2026-09-16 00:44:53.895,GW-LINE-B,rob01.cycleTime,Good,2.7,
2450,2026-09-16 00:44:53.895,GW-LINE-B,rob01.posX,Good,7,
2451,2026-09-16 00:44:53.895,GW-LINE-B,rob01.trajectory,Good,7.078044,
2452,2026-09-16 00:44:54.367,IM-01,im01.prodTime,Good,09/16/2026 00:44:54,
2453,2026-09-16 00:44:54.836,IM-01,im01.barrel1Temp,Good,204.7,
2454,2026-09-16 00:44:54.836,IM-01,im01.moldTemp,Good,84.6,
2455,2026-09-16 00:44:54.836,IM-01,im01.pumpCurrent,Good,3,
2456,2026-09-16 00:44:54.836,IM-01,im01.hydraulicPressure,Good,14,
2457,2026-09-16 00:44:54.836,IM-01,im01.power,Good,23,
2458,2026-09-16 00:44:54.836,IM-01,im01.energyTotal,Good,0.288277777777778,
2459,2026-09-16 00:44:54.855,ENV-01,env01.roomTemp,Good,25.8,
2460,2026-09-16 00:44:54.855,ENV-01,env01.humidity,Good,54,
2461,2026-09-16 00:44:54.855,ENV-01,env01.dewPoint,Good,16.8,
2462,2026-09-16 00:44:54.855,ENV-01,env01.noise,Good,78,
2463,2026-09-16 00:44:54.855,ENV-01,env01.pm25,Good,52,
2464,2026-09-16 00:44:54.855,ENV-01,env01.pressureDiff,Good,-2,
2465,2026-09-16 00:44:54.855,ENV-01,env01.illuminance,Good,389,
2466,2026-09-16 00:44:54.855,ENV-01,env01.tempFluctuation,Good,18.17448,
2467,2026-09-16 00:44:54.868,EM-01,em01.totalEnergy,Good,180.52,
2468,2026-09-16 00:44:54.868,EM-01,em01.forwardEnergy,Good,180.52,
2469,2026-09-16 00:44:54.868,EM-01,em01.voltageB,Good,383,
2470,2026-09-16 00:44:54.868,EM-01,em01.voltageC,Good,380,
2471,2026-09-16 00:44:54.868,EM-01,em01.currentA,Good,151.4,
2472,2026-09-16 00:44:54.868,EM-01,em01.activePower,Good,112,
2473,2026-09-16 00:44:54.868,EM-01,em01.reactivePower,Good,34,
2474,2026-09-16 00:44:54.868,EM-01,em01.powerFactor,Good,0.919,
2475,2026-09-16 00:44:54.868,EM-01,em01.frequency,Good,50,
2476,2026-09-16 00:44:54.868,EM-01,em01.demand,Good,112,
2477,2026-09-16 00:44:54.868,EM-01,em01.energyF64,Good,1.83391666666667,
2478,2026-09-16 00:44:54.868,EM-01,em01.unbalance,Good,0.7894737,
2479,2026-09-16 00:44:54.882,GW-LINE-B,mtc01.actualTemp,Good,99.4,
2480,2026-09-16 00:44:54.882,GW-LINE-B,mtc01.pumpPressure,Good,3,
2481,2026-09-16 00:44:54.882,GW-LINE-B,mtc01.pumpFlow,Good,26,
2482,2026-09-16 00:44:54.882,GW-LINE-B,mtc01.pumpCurrent,Good,4.3,
2483,2026-09-16 00:44:54.882,GW-LINE-B,mtc01.heatPower,Good,8,
2484,2026-09-16 00:44:54.882,GW-LINE-B,mtc01.outletTemp,Good,99.9,
2485,2026-09-16 00:44:54.882,GW-LINE-B,mtc01.tempAvg,Good,993.798,
2486,2026-09-16 00:44:54.892,GW-LINE-B,dry01.dewPoint,Good,-34.7,
2487,2026-09-16 00:44:54.892,GW-LINE-B,dry01.heatPower,Good,3,
2488,2026-09-16 00:44:54.892,GW-LINE-B,dry01.fanCurrent,Good,1.1,
2489,2026-09-16 00:44:54.897,GW-LINE-B,dry01.levelTrend,Good,-1.737263,
2490,2026-09-16 00:44:54.903,GW-LINE-B,rob01.cycleTime,Good,2.8,
2491,2026-09-16 00:44:54.903,GW-LINE-B,rob01.posZ,Good,3,
2492,2026-09-16 00:44:54.903,GW-LINE-B,rob01.trajectory,Good,7.100049,
2493,2026-09-16 00:44:55.366,IM-01,im01.prodTime,Good,09/16/2026 00:44:55,
2494,2026-09-16 00:44:55.837,IM-01,im01.barrel1Temp,Good,204.8,
2495,2026-09-16 00:44:55.837,IM-01,im01.barrel5Temp,Good,179.8,
2496,2026-09-16 00:44:55.837,IM-01,im01.oilTemp,Good,44.4,
2497,2026-09-16 00:44:55.837,IM-01,im01.pumpCurrent,Good,2.8,
2498,2026-09-16 00:44:55.837,IM-01,im01.hydraulicPressure,Good,17,
2499,2026-09-16 00:44:55.837,IM-01,im01.power,Good,25,
2500,2026-09-16 00:44:55.837,IM-01,im01.energyTotal,Good,0.294694444444444,
2501,2026-09-16 00:44:55.857,ENV-01,env01.roomTemp,Good,25.9,
2502,2026-09-16 00:44:55.857,ENV-01,env01.humidity,Good,55,
2503,2026-09-16 00:44:55.857,ENV-01,env01.dewPoint,Good,17,
2504,2026-09-16 00:44:55.857,ENV-01,env01.noise,Good,71,
2505,2026-09-16 00:44:55.857,ENV-01,env01.pm25,Good,24,
2506,2026-09-16 00:44:55.857,ENV-01,env01.pressureDiff,Good,7,
2507,2026-09-16 00:44:55.857,ENV-01,env01.illuminance,Good,308,
2508,2026-09-16 00:44:55.857,ENV-01,env01.tempFluctuation,Good,18.32522,
2509,2026-09-16 00:44:55.869,EM-01,em01.totalEnergy,Good,183.66,
2510,2026-09-16 00:44:55.869,EM-01,em01.forwardEnergy,Good,183.66,
2511,2026-09-16 00:44:55.869,EM-01,em01.voltageA,Good,385,
2512,2026-09-16 00:44:55.869,EM-01,em01.voltageB,Good,381,
2513,2026-09-16 00:44:55.869,EM-01,em01.voltageC,Good,379,
2514,2026-09-16 00:44:55.869,EM-01,em01.currentA,Good,146,
2515,2026-09-16 00:44:55.869,EM-01,em01.activePower,Good,111,
2516,2026-09-16 00:44:55.869,EM-01,em01.reactivePower,Good,37,
2517,2026-09-16 00:44:55.869,EM-01,em01.powerFactor,Good,0.947,
2518,2026-09-16 00:44:55.869,EM-01,em01.frequency,Good,49.92,
2519,2026-09-16 00:44:55.869,EM-01,em01.demand,Good,111,
2520,2026-09-16 00:44:55.869,EM-01,em01.energyF64,Good,1.86586111111111,
2521,2026-09-16 00:44:55.869,EM-01,em01.unbalance,Good,1.578947,
2522,2026-09-16 00:44:55.882,GW-LINE-B,mtc01.actualTemp,Good,99.1,
2523,2026-09-16 00:44:55.882,GW-LINE-B,mtc01.pumpPressure,Good,2,
2524,2026-09-16 00:44:55.882,GW-LINE-B,mtc01.pumpFlow,Good,27,
2525,2026-09-16 00:44:55.882,GW-LINE-B,mtc01.pumpCurrent,Good,4.2,
2526,2026-09-16 00:44:55.882,GW-LINE-B,mtc01.heatPower,Good,3,
2527,2026-09-16 00:44:55.882,GW-LINE-B,mtc01.outletTemp,Good,99.6,
2528,2026-09-16 00:44:55.882,GW-LINE-B,mtc01.tempAvg,Good,990.7056,
2529,2026-09-16 00:44:55.889,GW-LINE-B,dry01.dewPoint,Good,-34.1,
2530,2026-09-16 00:44:55.889,GW-LINE-B,dry01.fanCurrent,Good,1,
2531,2026-09-16 00:44:55.891,GW-LINE-B,dry01.levelTrend,Good,-1.767582,
2532,2026-09-16 00:44:55.898,GW-LINE-B,rob01.posX,Good,6,
2533,2026-09-16 00:44:55.898,GW-LINE-B,rob01.trajectory,Good,6.041489,
2534,2026-09-16 00:44:56.367,IM-01,im01.prodTime,Good,09/16/2026 00:44:56,
2535,2026-09-16 00:44:56.803,IM-01,im01.clampForceDev,Good,9,
2536,2026-09-16 00:44:56.803,GW-LINE-B,mtc01.runSeconds,Good,607,
2537,2026-09-16 00:44:56.803,GW-LINE-B,mtc01.energyTotal,Good,0.0925277777777775,
2538,2026-09-16 00:44:56.805,GW-LINE-B,mtc01.tempDeviation,Good,-0.7,
2539,2026-09-16 00:44:56.807,ENV-01,env01.runSeconds,Good,607,
2540,2026-09-16 00:44:56.807,ENV-01,env01.sampleTime,Good,09/16/2026 00:44:56,
2541,2026-09-16 00:44:56.813,GW-LINE-B,dry01.drySeconds,Good,607,
2542,2026-09-16 00:44:56.813,GW-LINE-B,dry01.energyTotal,Good,0.0947499999999997,
2543,2026-09-16 00:44:56.814,EM-01,em01.readTime,Good,09/16/2026 00:44:56,
2544,2026-09-16 00:44:56.815,GW-LINE-B,dry01.dewDeviation,Good,1.2,
2545,2026-09-16 00:44:56.821,GW-LINE-B,rob01.runSeconds,Good,607,
2546,2026-09-16 00:44:56.823,GW-LINE-B,rob01.energyTotal,Good,0.0836944444444443,
2547,2026-09-16 00:44:56.826,GW-LINE-B,rob01.posDeviation,Good,-95,
2548,2026-09-16 00:44:56.837,IM-01,im01.barrel1Temp,Good,204.6,
2549,2026-09-16 00:44:56.837,IM-01,im01.barrel5Temp,Good,179.7,
2550,2026-09-16 00:44:56.837,IM-01,im01.moldTemp,Good,84.5,
2551,2026-09-16 00:44:56.837,IM-01,im01.pumpCurrent,Good,4.9,
2552,2026-09-16 00:44:56.837,IM-01,im01.hydraulicPressure,Good,2,
2553,2026-09-16 00:44:56.837,IM-01,im01.power,Good,24,
2554,2026-09-16 00:44:56.837,IM-01,im01.energyTotal,Good,0.30075,
2555,2026-09-16 00:44:56.855,ENV-01,env01.dewPoint,Good,16.9,
2556,2026-09-16 00:44:56.855,ENV-01,env01.noise,Good,74,
2557,2026-09-16 00:44:56.855,ENV-01,env01.pressureDiff,Good,2,
2558,2026-09-16 00:44:56.855,ENV-01,env01.illuminance,Good,409,
2559,2026-09-16 00:44:56.855,ENV-01,env01.tempFluctuation,Good,18.67907,
2560,2026-09-16 00:44:56.869,EM-01,em01.totalEnergy,Good,186.75,
2561,2026-09-16 00:44:56.869,EM-01,em01.forwardEnergy,Good,186.75,
2562,2026-09-16 00:44:56.869,EM-01,em01.voltageA,Good,382,
2563,2026-09-16 00:44:56.869,EM-01,em01.voltageB,Good,384,
2564,2026-09-16 00:44:56.869,EM-01,em01.voltageC,Good,383,
2565,2026-09-16 00:44:56.869,EM-01,em01.currentA,Good,119.2,
2566,2026-09-16 00:44:56.869,EM-01,em01.activePower,Good,120,
2567,2026-09-16 00:44:56.869,EM-01,em01.reactivePower,Good,39,
2568,2026-09-16 00:44:56.869,EM-01,em01.powerFactor,Good,0.865,
2569,2026-09-16 00:44:56.869,EM-01,em01.frequency,Good,50.02,
2570,2026-09-16 00:44:56.869,EM-01,em01.demand,Good,120,
2571,2026-09-16 00:44:56.869,EM-01,em01.energyF64,Good,1.89697222222222,
2572,2026-09-16 00:44:56.869,EM-01,em01.unbalance,Good,0.5263158,
2573,2026-09-16 00:44:56.882,GW-LINE-B,mtc01.actualTemp,Good,99.2,
2574,2026-09-16 00:44:56.882,GW-LINE-B,mtc01.pumpPressure,Good,5,
2575,2026-09-16 00:44:56.882,GW-LINE-B,mtc01.pumpFlow,Good,26,
2576,2026-09-16 00:44:56.882,GW-LINE-B,mtc01.pumpCurrent,Good,5.1,
2577,2026-09-16 00:44:56.882,GW-LINE-B,mtc01.heatPower,Good,7,
2578,2026-09-16 00:44:56.882,GW-LINE-B,mtc01.outletTemp,Good,99.7,
2579,2026-09-16 00:44:56.882,GW-LINE-B,mtc01.tempAvg,Good,992.4218,
2580,2026-09-16 00:44:56.889,GW-LINE-B,dry01.dewPoint,Good,-33.8,
2581,2026-09-16 00:44:56.889,GW-LINE-B,dry01.heatPower,Good,6,
2582,2026-09-16 00:44:56.889,GW-LINE-B,dry01.fanCurrent,Good,2,
2583,2026-09-16 00:44:56.891,GW-LINE-B,dry01.levelTrend,Good,-1.799613,
2584,2026-09-16 00:44:56.897,GW-LINE-B,rob01.cycleTime,Good,2.7,
2585,2026-09-16 00:44:56.897,GW-LINE-B,rob01.posZ,Good,1,
2586,2026-09-16 00:44:56.897,GW-LINE-B,rob01.trajectory,Good,5.76251,
2587,2026-09-16 00:44:57.368,IM-01,im01.prodTime,Good,09/16/2026 00:44:57,
2588,2026-09-16 00:44:57.837,IM-01,im01.barrel1Temp,Good,204.7,
2589,2026-09-16 00:44:57.837,IM-01,im01.moldTemp,Good,84.6,
2590,2026-09-16 00:44:57.837,IM-01,im01.pumpCurrent,Good,2.3,
2591,2026-09-16 00:44:57.837,IM-01,im01.hydraulicPressure,Good,15,
2592,2026-09-16 00:44:57.837,IM-01,im01.power,Good,25,
2593,2026-09-16 00:44:57.837,IM-01,im01.energyTotal,Good,0.307388888888889,
2594,2026-09-16 00:44:57.855,ENV-01,env01.humidity,Good,53,
2595,2026-09-16 00:44:57.855,ENV-01,env01.dewPoint,Good,16.7,
2596,2026-09-16 00:44:57.855,ENV-01,env01.noise,Good,72,
2597,2026-09-16 00:44:57.855,ENV-01,env01.pm25,Good,50,
2598,2026-09-16 00:44:57.855,ENV-01,env01.pressureDiff,Good,0,
2599,2026-09-16 00:44:57.855,ENV-01,env01.illuminance,Good,427,
2600,2026-09-16 00:44:57.855,ENV-01,env01.tempFluctuation,Good,18.06344,
2601,2026-09-16 00:44:57.869,EM-01,em01.totalEnergy,Good,189.98,
2602,2026-09-16 00:44:57.869,EM-01,em01.forwardEnergy,Good,189.98,
2603,2026-09-16 00:44:57.869,EM-01,em01.voltageA,Good,379,
2604,2026-09-16 00:44:57.869,EM-01,em01.voltageB,Good,377,
2605,2026-09-16 00:44:57.869,EM-01,em01.voltageC,Good,382,
2606,2026-09-16 00:44:57.869,EM-01,em01.currentA,Good,131.8,
2607,2026-09-16 00:44:57.869,EM-01,em01.activePower,Good,117,
2608,2026-09-16 00:44:57.869,EM-01,em01.reactivePower,Good,34,
2609,2026-09-16 00:44:57.869,EM-01,em01.powerFactor,Good,0.943,
2610,2026-09-16 00:44:57.869,EM-01,em01.frequency,Good,49.98,
2611,2026-09-16 00:44:57.869,EM-01,em01.demand,Good,117,
2612,2026-09-16 00:44:57.869,EM-01,em01.energyF64,Good,1.92980555555555,
2613,2026-09-16 00:44:57.869,EM-01,em01.unbalance,Good,1.315789,
2614,2026-09-16 00:44:57.882,GW-LINE-B,mtc01.pumpPressure,Good,3,
2615,2026-09-16 00:44:57.882,GW-LINE-B,mtc01.pumpFlow,Good,17,
2616,2026-09-16 00:44:57.882,GW-LINE-B,mtc01.pumpCurrent,Good,4,
2617,2026-09-16 00:44:57.882,GW-LINE-B,mtc01.heatPower,Good,5,
2618,2026-09-16 00:44:57.882,GW-LINE-B,mtc01.tempAvg,Good,992.2875,
2619,2026-09-16 00:44:57.890,GW-LINE-B,dry01.dewPoint,Good,-34.3,
2620,2026-09-16 00:44:57.890,GW-LINE-B,dry01.materialLevel,Good,66,
2621,2026-09-16 00:44:57.890,GW-LINE-B,dry01.heatPower,Good,5,
2622,2026-09-16 00:44:57.892,GW-LINE-B,dry01.levelTrend,Good,-1.825674,
2623,2026-09-16 00:44:57.897,GW-LINE-B,rob01.trajectory,Good,6.009017,
2624,2026-09-16 00:44:58.369,IM-01,im01.prodTime,Good,09/16/2026 00:44:58,
2625,2026-09-16 00:44:58.838,IM-01,im01.oilTemp,Good,44.3,
2626,2026-09-16 00:44:58.838,IM-01,im01.pumpCurrent,Good,8.3,
2627,2026-09-16 00:44:58.838,IM-01,im01.hydraulicPressure,Good,19,
2628,2026-09-16 00:44:58.838,IM-01,im01.power,Good,23,
2629,2026-09-16 00:44:58.838,IM-01,im01.energyTotal,Good,0.313666666666667,
2630,2026-09-16 00:44:58.856,ENV-01,env01.roomTemp,Good,26.1,
2631,2026-09-16 00:44:58.856,ENV-01,env01.humidity,Good,55,
2632,2026-09-16 00:44:58.856,ENV-01,env01.dewPoint,Good,17.1,
2633,2026-09-16 00:44:58.856,ENV-01,env01.pm25,Good,29,
2634,2026-09-16 00:44:58.856,ENV-01,env01.pressureDiff,Good,1,
2635,2026-09-16 00:44:58.856,ENV-01,env01.illuminance,Good,439,
2636,2026-09-16 00:44:58.856,ENV-01,env01.tempFluctuation,Good,19.40116,
2637,2026-09-16 00:44:58.870,EM-01,em01.totalEnergy,Good,193.07,
2638,2026-09-16 00:44:58.870,EM-01,em01.forwardEnergy,Good,193.07,
2639,2026-09-16 00:44:58.870,EM-01,em01.voltageA,Good,380,
2640,2026-09-16 00:44:58.870,EM-01,em01.voltageB,Good,383,
2641,2026-09-16 00:44:58.870,EM-01,em01.currentA,Good,184,
2642,2026-09-16 00:44:58.870,EM-01,em01.activePower,Good,102,
2643,2026-09-16 00:44:58.870,EM-01,em01.reactivePower,Good,21,
2644,2026-09-16 00:44:58.870,EM-01,em01.powerFactor,Good,0.878,
2645,2026-09-16 00:44:58.870,EM-01,em01.frequency,Good,49.95,
2646,2026-09-16 00:44:58.870,EM-01,em01.demand,Good,102,
2647,2026-09-16 00:44:58.870,EM-01,em01.energyF64,Good,1.96116666666666,
2648,2026-09-16 00:44:58.870,EM-01,em01.unbalance,Good,0.7894737,
2649,2026-09-16 00:44:58.883,GW-LINE-B,mtc01.actualTemp,Good,99.4,
2650,2026-09-16 00:44:58.883,GW-LINE-B,mtc01.pumpFlow,Good,35,
2651,2026-09-16 00:44:58.883,GW-LINE-B,mtc01.pumpCurrent,Good,4.6,
2652,2026-09-16 00:44:58.883,GW-LINE-B,mtc01.heatPower,Good,8,
2653,2026-09-16 00:44:58.883,GW-LINE-B,mtc01.outletTemp,Good,99.9,
2654,2026-09-16 00:44:58.883,GW-LINE-B,mtc01.tempAvg,Good,993.9691,
2655,2026-09-16 00:44:58.892,GW-LINE-B,dry01.dewPoint,Good,-33.8,
2656,2026-09-16 00:44:58.892,GW-LINE-B,dry01.fanCurrent,Good,1.7,
2657,2026-09-16 00:44:58.894,GW-LINE-B,dry01.levelTrend,Good,-1.860029,
2658,2026-09-16 00:44:58.900,GW-LINE-B,rob01.cycleTime,Good,3,
2659,2026-09-16 00:44:58.900,GW-LINE-B,rob01.posX,Good,7,
2660,2026-09-16 00:44:58.900,GW-LINE-B,rob01.posZ,Good,0,
2661,2026-09-16 00:44:58.900,GW-LINE-B,rob01.trajectory,Good,6.906035,
2662,2026-09-16 00:44:59.370,IM-01,im01.prodTime,Good,09/16/2026 00:44:59,
2663,2026-09-16 00:44:59.839,IM-01,im01.barrel5Temp,Good,179.6,
2664,2026-09-16 00:44:59.839,IM-01,im01.moldTemp,Good,84.5,
2665,2026-09-16 00:44:59.839,IM-01,im01.oilTemp,Good,44.6,
2666,2026-09-16 00:44:59.839,IM-01,im01.pumpCurrent,Good,8.1,
2667,2026-09-16 00:44:59.839,IM-01,im01.hydraulicPressure,Good,7,
2668,2026-09-16 00:44:59.839,IM-01,im01.power,Good,21,
2669,2026-09-16 00:44:59.839,IM-01,im01.energyTotal,Good,0.32,
2670,2026-09-16 00:44:59.857,ENV-01,env01.roomTemp,Good,26,
2671,2026-09-16 00:44:59.857,ENV-01,env01.humidity,Good,54,
2672,2026-09-16 00:44:59.857,ENV-01,env01.dewPoint,Good,16.9,
2673,2026-09-16 00:44:59.857,ENV-01,env01.noise,Good,71,
2674,2026-09-16 00:44:59.857,ENV-01,env01.pm25,Good,43,
2675,2026-09-16 00:44:59.857,ENV-01,env01.pressureDiff,Good,-1,
2676,2026-09-16 00:44:59.857,ENV-01,env01.illuminance,Good,447,
2677,2026-09-16 00:44:59.857,ENV-01,env01.tempFluctuation,Good,18.34773,
2678,2026-09-16 00:44:59.871,EM-01,em01.totalEnergy,Good,196.1,
2679,2026-09-16 00:44:59.871,EM-01,em01.forwardEnergy,Good,196.1,
2680,2026-09-16 00:44:59.871,EM-01,em01.voltageA,Good,385,
2681,2026-09-16 00:44:59.871,EM-01,em01.voltageB,Good,380,
2682,2026-09-16 00:44:59.871,EM-01,em01.voltageC,Good,383,
2683,2026-09-16 00:44:59.871,EM-01,em01.currentA,Good,189.3,
2684,2026-09-16 00:44:59.871,EM-01,em01.activePower,Good,108,
2685,2026-09-16 00:44:59.871,EM-01,em01.reactivePower,Good,29,
2686,2026-09-16 00:44:59.871,EM-01,em01.powerFactor,Good,0.873,
2687,2026-09-16 00:44:59.871,EM-01,em01.frequency,Good,50,
2688,2026-09-16 00:44:59.871,EM-01,em01.demand,Good,108,
2689,2026-09-16 00:44:59.871,EM-01,em01.energyF64,Good,1.99191666666666,
2690,2026-09-16 00:44:59.871,EM-01,em01.unbalance,Good,1.315789,
2691,2026-09-16 00:44:59.884,GW-LINE-B,mtc01.actualTemp,Good,99.3,
2692,2026-09-16 00:44:59.884,GW-LINE-B,mtc01.pumpPressure,Good,4,
2693,2026-09-16 00:44:59.884,GW-LINE-B,mtc01.pumpFlow,Good,26,
2694,2026-09-16 00:44:59.884,GW-LINE-B,mtc01.pumpCurrent,Good,4.1,
2695,2026-09-16 00:44:59.884,GW-LINE-B,mtc01.heatPower,Good,3,
2696,2026-09-16 00:44:59.884,GW-LINE-B,mtc01.outletTemp,Good,99.8,
2697,2026-09-16 00:44:59.884,GW-LINE-B,mtc01.tempAvg,Good,993.3079,
2698,2026-09-16 00:44:59.892,GW-LINE-B,dry01.dewPoint,Good,-34.3,
2699,2026-09-16 00:44:59.892,GW-LINE-B,dry01.heatPower,Good,4,
2700,2026-09-16 00:44:59.894,GW-LINE-B,dry01.levelTrend,Good,-1.889936,
2701,2026-09-16 00:44:59.899,GW-LINE-B,rob01.cycleTime,Good,3.2,
2702,2026-09-16 00:44:59.899,GW-LINE-B,rob01.posX,Good,6,
2703,2026-09-16 00:44:59.899,GW-LINE-B,rob01.trajectory,Good,6.01355,
2704,2026-09-16 00:45:00.371,IM-01,im01.prodTime,Good,09/16/2026 00:45:00,
2705,2026-09-16 00:45:00.840,IM-01,im01.barrel1Temp,Good,204.5,
2706,2026-09-16 00:45:00.840,IM-01,im01.barrel5Temp,Good,179.7,
2707,2026-09-16 00:45:00.840,IM-01,im01.oilTemp,Good,44.7,
2708,2026-09-16 00:45:00.840,IM-01,im01.pumpCurrent,Good,4.1,
2709,2026-09-16 00:45:00.840,IM-01,im01.hydraulicPressure,Good,0,
2710,2026-09-16 00:45:00.840,IM-01,im01.power,Good,25,
2711,2026-09-16 00:45:00.840,IM-01,im01.energyTotal,Good,0.326305555555555,
2712,2026-09-16 00:45:00.857,ENV-01,env01.roomTemp,Good,25.9,
2713,2026-09-16 00:45:00.857,ENV-01,env01.humidity,Good,55,
2714,2026-09-16 00:45:00.857,ENV-01,env01.noise,Good,73,
2715,2026-09-16 00:45:00.857,ENV-01,env01.pm25,Good,20,
2716,2026-09-16 00:45:00.857,ENV-01,env01.pressureDiff,Good,8,
2717,2026-09-16 00:45:00.857,ENV-01,env01.illuminance,Good,485,
2718,2026-09-16 00:45:00.857,ENV-01,env01.tempFluctuation,Good,18.29932,
2719,2026-09-16 00:45:00.872,EM-01,em01.totalEnergy,Good,199.29,
2720,2026-09-16 00:45:00.872,EM-01,em01.forwardEnergy,Good,199.29,
2721,2026-09-16 00:45:00.872,EM-01,em01.voltageC,Good,375,
2722,2026-09-16 00:45:00.872,EM-01,em01.currentA,Good,206.4,
2723,2026-09-16 00:45:00.872,EM-01,em01.activePower,Good,119,
2724,2026-09-16 00:45:00.872,EM-01,em01.reactivePower,Good,28,
2725,2026-09-16 00:45:00.872,EM-01,em01.powerFactor,Good,0.943,
2726,2026-09-16 00:45:00.872,EM-01,em01.frequency,Good,49.97,
2727,2026-09-16 00:45:00.872,EM-01,em01.demand,Good,119,
2728,2026-09-16 00:45:00.872,EM-01,em01.energyF64,Good,2.02422222222222,
2729,2026-09-16 00:45:00.872,EM-01,em01.unbalance,Good,2.631579,
2730,2026-09-16 00:45:00.882,GW-LINE-B,mtc01.actualTemp,Good,99.2,
2731,2026-09-16 00:45:00.882,GW-LINE-B,mtc01.pumpFlow,Good,34,
2732,2026-09-16 00:45:00.882,GW-LINE-B,mtc01.pumpCurrent,Good,5.4,
2733,2026-09-16 00:45:00.882,GW-LINE-B,mtc01.heatPower,Good,6,
2734,2026-09-16 00:45:00.882,GW-LINE-B,mtc01.outletTemp,Good,99.7,
2735,2026-09-16 00:45:00.882,GW-LINE-B,mtc01.tempAvg,Good,992.1817,
2736,2026-09-16 00:45:00.891,GW-LINE-B,dry01.dewPoint,Good,-34.1,
2737,2026-09-16 00:45:00.891,GW-LINE-B,dry01.materialLevel,Good,65,
2738,2026-09-16 00:45:00.891,GW-LINE-B,dry01.heatPower,Good,8,
2739,2026-09-16 00:45:00.891,GW-LINE-B,dry01.fanCurrent,Good,0.9,
2740,2026-09-16 00:45:00.893,GW-LINE-B,dry01.levelTrend,Good,-1.917346,
2741,2026-09-16 00:45:00.897,GW-LINE-B,rob01.cycleTime,Good,2.8,
2742,2026-09-16 00:45:00.897,GW-LINE-B,rob01.posX,Good,5,
2743,2026-09-16 00:45:00.897,GW-LINE-B,rob01.trajectory,Good,5.068014,
2744,2026-09-16 00:45:01.372,IM-01,im01.prodTime,Good,09/16/2026 00:45:01,
2745,2026-09-16 00:45:01.803,IM-01,im01.clampForceDev,Good,13,
2746,2026-09-16 00:45:01.804,GW-LINE-B,mtc01.runSeconds,Good,657,
2747,2026-09-16 00:45:01.804,GW-LINE-B,mtc01.energyTotal,Good,0.0999722222222219,
2748,2026-09-16 00:45:01.806,GW-LINE-B,mtc01.tempDeviation,Good,-0.5,
2749,2026-09-16 00:45:01.807,ENV-01,env01.runSeconds,Good,657,
2750,2026-09-16 00:45:01.807,ENV-01,env01.sampleTime,Good,09/16/2026 00:45:01,
2751,2026-09-16 00:45:01.813,ENV-01,env01.tempDeviation,Good,-0.2,
2752,2026-09-16 00:45:01.814,GW-LINE-B,dry01.drySeconds,Good,657,
2753,2026-09-16 00:45:01.814,GW-LINE-B,dry01.energyTotal,Good,0.102083333333333,
2754,2026-09-16 00:45:01.816,GW-LINE-B,dry01.dewDeviation,Good,0.5,
2755,2026-09-16 00:45:01.825,EM-01,em01.readTime,Good,09/16/2026 00:45:01,
2756,2026-09-16 00:45:01.826,GW-LINE-B,rob01.runSeconds,Good,657,
2757,2026-09-16 00:45:01.829,GW-LINE-B,rob01.energyTotal,Good,0.0903055555555554,
2758,2026-09-16 00:45:01.835,GW-LINE-B,rob01.posDeviation,Good,-94,
2759,2026-09-16 00:45:01.841,IM-01,im01.pumpCurrent,Good,4.3,
2760,2026-09-16 00:45:01.841,IM-01,im01.hydraulicPressure,Good,12,
2761,2026-09-16 00:45:01.841,IM-01,im01.power,Good,23,
2762,2026-09-16 00:45:01.841,IM-01,im01.energyTotal,Good,0.332638888888889,
2763,2026-09-16 00:45:01.865,ENV-01,env01.roomTemp,Good,25.8,
2764,2026-09-16 00:45:01.865,ENV-01,env01.humidity,Good,53,
2765,2026-09-16 00:45:01.865,ENV-01,env01.dewPoint,Good,16.6,
2766,2026-09-16 00:45:01.865,ENV-01,env01.noise,Good,72,
2767,2026-09-16 00:45:01.865,ENV-01,env01.pm25,Good,21,
2768,2026-09-16 00:45:01.865,ENV-01,env01.pressureDiff,Good,4,
2769,2026-09-16 00:45:01.865,ENV-01,env01.illuminance,Good,374,
2770,2026-09-16 00:45:01.865,ENV-01,env01.tempFluctuation,Good,17.91219,
2771,2026-09-16 00:45:01.888,EM-01,em01.totalEnergy,Good,202.52,
2772,2026-09-16 00:45:01.888,EM-01,em01.forwardEnergy,Good,202.52,
2773,2026-09-16 00:45:01.888,EM-01,em01.voltageA,Good,382,
2774,2026-09-16 00:45:01.888,EM-01,em01.voltageB,Good,384,
2775,2026-09-16 00:45:01.888,EM-01,em01.voltageC,Good,380,
2776,2026-09-16 00:45:01.888,EM-01,em01.currentA,Good,202.7,
2777,2026-09-16 00:45:01.888,EM-01,em01.activePower,Good,125,
2778,2026-09-16 00:45:01.888,EM-01,em01.reactivePower,Good,20,
2779,2026-09-16 00:45:01.888,EM-01,em01.powerFactor,Good,0.949,
2780,2026-09-16 00:45:01.888,EM-01,em01.frequency,Good,50.05,
2781,2026-09-16 00:45:01.888,EM-01,em01.demand,Good,125,
2782,2026-09-16 00:45:01.888,EM-01,em01.energyF64,Good,2.057,
2783,2026-09-16 00:45:01.888,EM-01,em01.unbalance,Good,1.052632,
2784,2026-09-16 00:45:01.889,GW-LINE-B,mtc01.actualTemp,Good,99.5,
2785,2026-09-16 00:45:01.889,GW-LINE-B,mtc01.pumpFlow,Good,35,
2786,2026-09-16 00:45:01.889,GW-LINE-B,mtc01.pumpCurrent,Good,4.5,
2787,2026-09-16 00:45:01.889,GW-LINE-B,mtc01.outletTemp,Good,100,
2788,2026-09-16 00:45:01.889,GW-LINE-B,mtc01.tempAvg,Good,994.7841,
2789,2026-09-16 00:45:01.904,GW-LINE-B,dry01.dewPoint,Good,-34.6,
2790,2026-09-16 00:45:01.904,GW-LINE-B,dry01.heatPower,Good,6,
2791,2026-09-16 00:45:01.905,GW-LINE-B,dry01.fanCurrent,Good,0.8,
2792,2026-09-16 00:45:01.907,GW-LINE-B,dry01.levelTrend,Good,-1.942318,
2793,2026-09-16 00:45:01.920,GW-LINE-B,rob01.cycleTime,Good,2.7,
2794,2026-09-16 00:45:01.920,GW-LINE-B,rob01.posX,Good,6,
2795,2026-09-16 00:45:01.920,GW-LINE-B,rob01.trajectory,Good,6.183547,
2796,2026-09-16 00:45:02.374,IM-01,im01.prodTime,Good,09/16/2026 00:45:02,
2797,2026-09-16 00:45:02.841,IM-01,im01.moldTemp,Good,84.6,
2798,2026-09-16 00:45:02.841,IM-01,im01.oilTemp,Good,44.6,
2799,2026-09-16 00:45:02.841,IM-01,im01.pumpCurrent,Good,4.9,
2800,2026-09-16 00:45:02.841,IM-01,im01.hydraulicPressure,Good,9,
2801,2026-09-16 00:45:02.841,IM-01,im01.power,Good,25,
2802,2026-09-16 00:45:02.841,IM-01,im01.energyTotal,Good,0.338944444444444,
2803,2026-09-16 00:45:02.861,ENV-01,env01.roomTemp,Good,25.9,
2804,2026-09-16 00:45:02.861,ENV-01,env01.humidity,Good,54,
2805,2026-09-16 00:45:02.861,ENV-01,env01.dewPoint,Good,16.8,
2806,2026-09-16 00:45:02.861,ENV-01,env01.noise,Good,74,
2807,2026-09-16 00:45:02.861,ENV-01,env01.pm25,Good,49,
2808,2026-09-16 00:45:02.861,ENV-01,env01.pressureDiff,Good,2,
2809,2026-09-16 00:45:02.861,ENV-01,env01.illuminance,Good,315,
2810,2026-09-16 00:45:02.861,ENV-01,env01.tempFluctuation,Good,18.26681,
2811,2026-09-16 00:45:02.873,EM-01,em01.totalEnergy,Good,205.7,
2812,2026-09-16 00:45:02.873,EM-01,em01.forwardEnergy,Good,205.7,
2813,2026-09-16 00:45:02.873,EM-01,em01.voltageA,Good,377,
2814,2026-09-16 00:45:02.873,EM-01,em01.voltageB,Good,383,
2815,2026-09-16 00:45:02.873,EM-01,em01.voltageC,Good,384,
2816,2026-09-16 00:45:02.873,EM-01,em01.currentA,Good,204.4,
2817,2026-09-16 00:45:02.873,EM-01,em01.activePower,Good,115,
2818,2026-09-16 00:45:02.873,EM-01,em01.reactivePower,Good,33,
2819,2026-09-16 00:45:02.873,EM-01,em01.powerFactor,Good,0.93,
2820,2026-09-16 00:45:02.873,EM-01,em01.frequency,Good,49.9,
2821,2026-09-16 00:45:02.873,EM-01,em01.demand,Good,115,
2822,2026-09-16 00:45:02.873,EM-01,em01.energyF64,Good,2.08919444444444,
2823,2026-09-16 00:45:02.873,EM-01,em01.unbalance,Good,1.842105,
2824,2026-09-16 00:45:02.887,GW-LINE-B,mtc01.actualTemp,Good,99.3,
2825,2026-09-16 00:45:02.887,GW-LINE-B,mtc01.pumpFlow,Good,19,
2826,2026-09-16 00:45:02.887,GW-LINE-B,mtc01.pumpCurrent,Good,5.7,
2827,2026-09-16 00:45:02.887,GW-LINE-B,mtc01.heatPower,Good,7,
2828,2026-09-16 00:45:02.887,GW-LINE-B,mtc01.outletTemp,Good,99.8,
2829,2026-09-16 00:45:02.887,GW-LINE-B,mtc01.tempAvg,Good,993.1276,
2830,2026-09-16 00:45:02.895,GW-LINE-B,dry01.dewPoint,Good,-34.7,
2831,2026-09-16 00:45:02.895,GW-LINE-B,dry01.heatPower,Good,3,
2832,2026-09-16 00:45:02.895,GW-LINE-B,dry01.fanCurrent,Good,1.7,
2833,2026-09-16 00:45:02.897,GW-LINE-B,dry01.levelTrend,Good,-1.971037,
2834,2026-09-16 00:45:02.903,GW-LINE-B,rob01.cycleTime,Good,3,
2835,2026-09-16 00:45:02.903,GW-LINE-B,rob01.trajectory,Good,6.091699,
2836,2026-09-16 00:45:03.377,IM-01,im01.prodTime,Good,09/16/2026 00:45:03,
2837,2026-09-16 00:45:03.843,IM-01,im01.barrel5Temp,Good,179.5,
2838,2026-09-16 00:45:03.843,IM-01,im01.oilTemp,Good,44.8,
2839,2026-09-16 00:45:03.843,IM-01,im01.pumpCurrent,Good,7.6,
2840,2026-09-16 00:45:03.843,IM-01,im01.hydraulicPressure,Good,0,
2841,2026-09-16 00:45:03.843,IM-01,im01.energyTotal,Good,0.345166666666666,
2842,2026-09-16 00:45:03.862,ENV-01,env01.humidity,Good,56,
2843,2026-09-16 00:45:03.862,ENV-01,env01.dewPoint,Good,17.3,
2844,2026-09-16 00:45:03.862,ENV-01,env01.noise,Good,71,
2845,2026-09-16 00:45:03.862,ENV-01,env01.pm25,Good,50,
2846,2026-09-16 00:45:03.862,ENV-01,env01.pressureDiff,Good,10,
2847,2026-09-16 00:45:03.862,ENV-01,env01.illuminance,Good,335,
2848,2026-09-16 00:45:03.862,ENV-01,env01.tempFluctuation,Good,17.84773,
2849,2026-09-16 00:45:03.874,EM-01,em01.totalEnergy,Good,208.98,
2850,2026-09-16 00:45:03.874,EM-01,em01.forwardEnergy,Good,208.98,
2851,2026-09-16 00:45:03.874,EM-01,em01.voltageA,Good,385,
2852,2026-09-16 00:45:03.874,EM-01,em01.voltageC,Good,379,
2853,2026-09-16 00:45:03.874,EM-01,em01.currentA,Good,213.7,
2854,2026-09-16 00:45:03.874,EM-01,em01.activePower,Good,120,
2855,2026-09-16 00:45:03.874,EM-01,em01.reactivePower,Good,27,
2856,2026-09-16 00:45:03.874,EM-01,em01.powerFactor,Good,0.932,
2857,2026-09-16 00:45:03.874,EM-01,em01.demand,Good,120,
2858,2026-09-16 00:45:03.874,EM-01,em01.energyF64,Good,2.12238888888889,
2859,2026-09-16 00:45:03.874,EM-01,em01.unbalance,Good,1.578947,
2860,2026-09-16 00:45:03.887,GW-LINE-B,mtc01.actualTemp,Good,99.6,
2861,2026-09-16 00:45:03.887,GW-LINE-B,mtc01.pumpPressure,Good,3,
2862,2026-09-16 00:45:03.887,GW-LINE-B,mtc01.pumpFlow,Good,24,
2863,2026-09-16 00:45:03.887,GW-LINE-B,mtc01.pumpCurrent,Good,5.1,
2864,2026-09-16 00:45:03.887,GW-LINE-B,mtc01.heatPower,Good,8,
2865,2026-09-16 00:45:03.887,GW-LINE-B,mtc01.outletTemp,Good,100.1,
2866,2026-09-16 00:45:03.887,GW-LINE-B,mtc01.tempAvg,Good,996.1801,
2867,2026-09-16 00:45:03.895,GW-LINE-B,dry01.dewPoint,Good,-34.6,
2868,2026-09-16 00:45:03.895,GW-LINE-B,dry01.materialLevel,Good,64,
2869,2026-09-16 00:45:03.895,GW-LINE-B,dry01.heatPower,Good,8,
2870,2026-09-16 00:45:03.895,GW-LINE-B,dry01.fanCurrent,Good,1.9,
2871,2026-09-16 00:45:03.897,GW-LINE-B,dry01.levelTrend,Good,-2.001277,
2872,2026-09-16 00:45:03.903,GW-LINE-B,rob01.cycleTime,Good,2.9,
2873,2026-09-16 00:45:03.903,GW-LINE-B,rob01.posX,Good,7,
2874,2026-09-16 00:45:03.903,GW-LINE-B,rob01.trajectory,Good,6.858466,
2875,2026-09-16 00:45:04.376,IM-01,im01.prodTime,Good,09/16/2026 00:45:04,
2876,2026-09-16 00:45:04.842,IM-01,im01.barrel1Temp,Good,204.7,
2877,2026-09-16 00:45:04.842,IM-01,im01.moldTemp,Good,84.5,
2878,2026-09-16 00:45:04.842,IM-01,im01.oilTemp,Good,44.7,
2879,2026-09-16 00:45:04.842,IM-01,im01.pumpCurrent,Good,7.7,
2880,2026-09-16 00:45:04.842,IM-01,im01.hydraulicPressure,Good,17,
2881,2026-09-16 00:45:04.842,IM-01,im01.power,Good,24,
2882,2026-09-16 00:45:04.842,IM-01,im01.energyTotal,Good,0.3515,
2883,2026-09-16 00:45:04.862,ENV-01,env01.humidity,Good,57,
2884,2026-09-16 00:45:04.862,ENV-01,env01.dewPoint,Good,17.4,
2885,2026-09-16 00:45:04.862,ENV-01,env01.noise,Good,74,
2886,2026-09-16 00:45:04.862,ENV-01,env01.pm25,Good,26,
2887,2026-09-16 00:45:04.862,ENV-01,env01.pressureDiff,Good,5,
2888,2026-09-16 00:45:04.862,ENV-01,env01.illuminance,Good,390,
2889,2026-09-16 00:45:04.862,ENV-01,env01.tempFluctuation,Good,18.22953,
2890,2026-09-16 00:45:04.874,EM-01,em01.totalEnergy,Good,212.09,
2891,2026-09-16 00:45:04.874,EM-01,em01.forwardEnergy,Good,212.09,
2892,2026-09-16 00:45:04.874,EM-01,em01.voltageA,Good,375,
2893,2026-09-16 00:45:04.874,EM-01,em01.voltageB,Good,380,
2894,2026-09-16 00:45:04.874,EM-01,em01.currentA,Good,215.3,
2895,2026-09-16 00:45:04.874,EM-01,em01.activePower,Good,123,
2896,2026-09-16 00:45:04.874,EM-01,em01.reactivePower,Good,33,
2897,2026-09-16 00:45:04.874,EM-01,em01.powerFactor,Good,0.864,
2898,2026-09-16 00:45:04.874,EM-01,em01.frequency,Good,50,
2899,2026-09-16 00:45:04.874,EM-01,em01.demand,Good,123,
2900,2026-09-16 00:45:04.874,EM-01,em01.energyF64,Good,2.15380555555555,
2901,2026-09-16 00:45:04.874,EM-01,em01.unbalance,Good,1.315789,
2902,2026-09-16 00:45:04.887,GW-LINE-B,mtc01.actualTemp,Good,99.5,
2903,2026-09-16 00:45:04.887,GW-LINE-B,mtc01.pumpPressure,Good,2,
2904,2026-09-16 00:45:04.887,GW-LINE-B,mtc01.pumpFlow,Good,21,
2905,2026-09-16 00:45:04.887,GW-LINE-B,mtc01.pumpCurrent,Good,5.5,
2906,2026-09-16 00:45:04.887,GW-LINE-B,mtc01.heatPower,Good,6,
2907,2026-09-16 00:45:04.887,GW-LINE-B,mtc01.outletTemp,Good,100,
2908,2026-09-16 00:45:04.887,GW-LINE-B,mtc01.tempAvg,Good,994.6449,
2909,2026-09-16 00:45:04.896,GW-LINE-B,dry01.dewPoint,Good,-34.5,
2910,2026-09-16 00:45:04.896,GW-LINE-B,dry01.heatPower,Good,6,
2911,2026-09-16 00:45:04.898,GW-LINE-B,dry01.levelTrend,Good,-2.032804,
2912,2026-09-16 00:45:04.903,GW-LINE-B,rob01.cycleTime,Good,3,
2913,2026-09-16 00:45:04.903,GW-LINE-B,rob01.posX,Good,8,
2914,2026-09-16 00:45:04.903,GW-LINE-B,rob01.trajectory,Good,7.954638,
2915,2026-09-16 00:45:05.376,IM-01,im01.prodTime,Good,09/16/2026 00:45:05,
2916,2026-09-16 00:45:05.842,IM-01,im01.barrel1Temp,Good,204.9,
2917,2026-09-16 00:45:05.842,IM-01,im01.oilTemp,Good,44.5,
2918,2026-09-16 00:45:05.842,IM-01,im01.hydraulicPressure,Good,3,
2919,2026-09-16 00:45:05.842,IM-01,im01.power,Good,23,
2920,2026-09-16 00:45:05.842,IM-01,im01.energyTotal,Good,0.357805555555555,
2921,2026-09-16 00:45:05.862,ENV-01,env01.humidity,Good,54,
2922,2026-09-16 00:45:05.862,ENV-01,env01.dewPoint,Good,16.9,
2923,2026-09-16 00:45:05.862,ENV-01,env01.noise,Good,72,
2924,2026-09-16 00:45:05.862,ENV-01,env01.pressureDiff,Good,1,
2925,2026-09-16 00:45:05.862,ENV-01,env01.illuminance,Good,422,
2926,2026-09-16 00:45:05.862,ENV-01,env01.tempFluctuation,Good,18.41488,
2927,2026-09-16 00:45:05.874,EM-01,em01.totalEnergy,Good,215.49,
2928,2026-09-16 00:45:05.874,EM-01,em01.forwardEnergy,Good,215.49,
2929,2026-09-16 00:45:05.874,EM-01,em01.voltageA,Good,376,
2930,2026-09-16 00:45:05.874,EM-01,em01.voltageB,Good,379,
2931,2026-09-16 00:45:05.874,EM-01,em01.currentA,Good,144.1,
2932,2026-09-16 00:45:05.874,EM-01,em01.activePower,Good,118,
2933,2026-09-16 00:45:05.874,EM-01,em01.reactivePower,Good,40,
2934,2026-09-16 00:45:05.874,EM-01,em01.powerFactor,Good,0.868,
2935,2026-09-16 00:45:05.874,EM-01,em01.frequency,Good,50.01,
2936,2026-09-16 00:45:05.874,EM-01,em01.demand,Good,118,
2937,2026-09-16 00:45:05.874,EM-01,em01.energyF64,Good,2.1885,
2938,2026-09-16 00:45:05.874,EM-01,em01.unbalance,Good,0.7894737,
2939,2026-09-16 00:45:05.887,GW-LINE-B,mtc01.actualTemp,Good,99.2,
2940,2026-09-16 00:45:05.887,GW-LINE-B,mtc01.pumpFlow,Good,40,
2941,2026-09-16 00:45:05.887,GW-LINE-B,mtc01.pumpCurrent,Good,3.6,
2942,2026-09-16 00:45:05.887,GW-LINE-B,mtc01.heatPower,Good,4,
2943,2026-09-16 00:45:05.887,GW-LINE-B,mtc01.outletTemp,Good,99.7,
2944,2026-09-16 00:45:05.887,GW-LINE-B,mtc01.tempAvg,Good,991.6401,
2945,2026-09-16 00:45:05.895,GW-LINE-B,dry01.heatPower,Good,8,
2946,2026-09-16 00:45:05.895,GW-LINE-B,dry01.fanCurrent,Good,1.5,
2947,2026-09-16 00:45:05.897,GW-LINE-B,dry01.levelTrend,Good,-2.064502,
2948,2026-09-16 00:45:05.903,GW-LINE-B,rob01.cycleTime,Good,2.7,
2949,2026-09-16 00:45:05.904,GW-LINE-B,rob01.posX,Good,7,
2950,2026-09-16 00:45:05.904,GW-LINE-B,rob01.trajectory,Good,7.084181,
2951,2026-09-16 00:45:06.377,IM-01,im01.prodTime,Good,09/16/2026 00:45:06,
2952,2026-09-16 00:45:06.803,GW-LINE-B,mtc01.runSeconds,Good,707,
2953,2026-09-16 00:45:06.803,GW-LINE-B,mtc01.energyTotal,Good,0.107583333333333,
2954,2026-09-16 00:45:06.805,GW-LINE-B,mtc01.tempDeviation,Good,-0.8,
2955,2026-09-16 00:45:06.805,IM-01,im01.clampForceDev,Good,14,
2956,2026-09-16 00:45:06.808,ENV-01,env01.runSeconds,Good,707,
2957,2026-09-16 00:45:06.808,ENV-01,env01.sampleTime,Good,09/16/2026 00:45:06,
2958,2026-09-16 00:45:06.812,GW-LINE-B,dry01.drySeconds,Good,707,
2959,2026-09-16 00:45:06.812,GW-LINE-B,dry01.energyTotal,Good,0.109388888888889,
2960,2026-09-16 00:45:06.813,ENV-01,env01.tempDeviation,Good,-0.1,
2961,2026-09-16 00:45:06.815,GW-LINE-B,dry01.dewDeviation,Good,0.2,
2962,2026-09-16 00:45:06.821,GW-LINE-B,rob01.runSeconds,Good,707,
2963,2026-09-16 00:45:06.823,EM-01,em01.readTime,Good,09/16/2026 00:45:06,
2964,2026-09-16 00:45:06.823,GW-LINE-B,rob01.energyTotal,Good,0.0978611111111109,
2965,2026-09-16 00:45:06.825,GW-LINE-B,rob01.posDeviation,Good,-93,
2966,2026-09-16 00:45:06.843,IM-01,im01.barrel1Temp,Good,204.8,
2967,2026-09-16 00:45:06.843,IM-01,im01.barrel5Temp,Good,179.6,
2968,2026-09-16 00:45:06.843,IM-01,im01.pumpCurrent,Good,3.1,
2969,2026-09-16 00:45:06.843,IM-01,im01.hydraulicPressure,Good,0,
2970,2026-09-16 00:45:06.843,IM-01,im01.power,Good,21,
2971,2026-09-16 00:45:06.843,IM-01,im01.energyTotal,Good,0.363944444444444,
2972,2026-09-16 00:45:06.863,ENV-01,env01.humidity,Good,55,
2973,2026-09-16 00:45:06.863,ENV-01,env01.dewPoint,Good,17,
2974,2026-09-16 00:45:06.863,ENV-01,env01.noise,Good,75,
2975,2026-09-16 00:45:06.863,ENV-01,env01.pm25,Good,24,
2976,2026-09-16 00:45:06.863,ENV-01,env01.pressureDiff,Good,13,
2977,2026-09-16 00:45:06.863,ENV-01,env01.illuminance,Good,348,
2978,2026-09-16 00:45:06.863,ENV-01,env01.tempFluctuation,Good,17.99441,
2979,2026-09-16 00:45:06.875,EM-01,em01.totalEnergy,Good,218.6,
2980,2026-09-16 00:45:06.875,EM-01,em01.forwardEnergy,Good,218.6,
2981,2026-09-16 00:45:06.875,EM-01,em01.voltageA,Good,379,
2982,2026-09-16 00:45:06.875,EM-01,em01.voltageB,Good,377,
2983,2026-09-16 00:45:06.875,EM-01,em01.currentA,Good,142.4,
2984,2026-09-16 00:45:06.875,EM-01,em01.activePower,Good,109,
2985,2026-09-16 00:45:06.875,EM-01,em01.reactivePower,Good,33,
2986,2026-09-16 00:45:06.875,EM-01,em01.powerFactor,Good,0.938,
2987,2026-09-16 00:45:06.875,EM-01,em01.frequency,Good,49.99,
2988,2026-09-16 00:45:06.875,EM-01,em01.demand,Good,109,
2989,2026-09-16 00:45:06.875,EM-01,em01.energyF64,Good,2.22008333333333,
2990,2026-09-16 00:45:06.875,EM-01,em01.unbalance,Good,0.5263158,
2991,2026-09-16 00:45:06.888,GW-LINE-B,mtc01.actualTemp,Good,99.3,
2992,2026-09-16 00:45:06.888,GW-LINE-B,mtc01.pumpFlow,Good,30,
2993,2026-09-16 00:45:06.888,GW-LINE-B,mtc01.pumpCurrent,Good,3.9,
2994,2026-09-16 00:45:06.888,GW-LINE-B,mtc01.outletTemp,Good,99.8,
2995,2026-09-16 00:45:06.888,GW-LINE-B,mtc01.tempAvg,Good,993.3759,
2996,2026-09-16 00:45:06.896,GW-LINE-B,dry01.dewPoint,Good,-34.9,
2997,2026-09-16 00:45:06.896,GW-LINE-B,dry01.heatPower,Good,7,
2998,2026-09-16 00:45:06.896,GW-LINE-B,dry01.fanCurrent,Good,1.1,
2999,2026-09-16 00:45:06.897,GW-LINE-B,dry01.levelTrend,Good,-2.092098,
3000,2026-09-16 00:45:06.903,GW-LINE-B,rob01.cycleTime,Good,2.9,
3001,2026-09-16 00:45:06.903,GW-LINE-B,rob01.trajectory,Good,7.014746,
3002,2026-09-16 00:45:07.380,IM-01,im01.statusWord,Good,65,
3003,2026-09-16 00:45:07.380,IM-01,im01.stage,Good,5,
3004,2026-09-16 00:45:07.380,IM-01,im01.prodTime,Good,09/16/2026 00:45:07,
3005,2026-09-16 00:45:07.844,IM-01,im01.barrel1Temp,Good,204.7,
3006,2026-09-16 00:45:07.844,IM-01,im01.clampPressure,Good,53,
3007,2026-09-16 00:45:07.844,IM-01,im01.pumpCurrent,Good,4.7,
3008,2026-09-16 00:45:07.844,IM-01,im01.hydraulicPressure,Good,15,
3009,2026-09-16 00:45:07.844,IM-01,im01.power,Good,12,
3010,2026-09-16 00:45:07.844,IM-01,im01.energyTotal,Good,0.36725,
3011,2026-09-16 00:45:07.865,ENV-01,env01.humidity,Good,54,
3012,2026-09-16 00:45:07.865,ENV-01,env01.dewPoint,Good,16.8,
3013,2026-09-16 00:45:07.865,ENV-01,env01.noise,Good,73,
3014,2026-09-16 00:45:07.865,ENV-01,env01.pm25,Good,55,
3015,2026-09-16 00:45:07.865,ENV-01,env01.pressureDiff,Good,11,
3016,2026-09-16 00:45:07.865,ENV-01,env01.illuminance,Good,425,
3017,2026-09-16 00:45:07.865,ENV-01,env01.tempFluctuation,Good,18.05778,
3018,2026-09-16 00:45:07.875,EM-01,em01.totalEnergy,Good,221.8,
3019,2026-09-16 00:45:07.875,EM-01,em01.forwardEnergy,Good,221.8,
3020,2026-09-16 00:45:07.875,EM-01,em01.voltageA,Good,383,
3021,2026-09-16 00:45:07.875,EM-01,em01.voltageB,Good,384,
3022,2026-09-16 00:45:07.875,EM-01,em01.voltageC,Good,384,
3023,2026-09-16 00:45:07.875,EM-01,em01.currentA,Good,181.9,
3024,2026-09-16 00:45:07.875,EM-01,em01.activePower,Good,120,
3025,2026-09-16 00:45:07.875,EM-01,em01.powerFactor,Good,0.934,
3026,2026-09-16 00:45:07.875,EM-01,em01.frequency,Good,49.94,
3027,2026-09-16 00:45:07.875,EM-01,em01.demand,Good,120,
3028,2026-09-16 00:45:07.875,EM-01,em01.energyF64,Good,2.25272222222222,
3029,2026-09-16 00:45:07.875,EM-01,em01.unbalance,Good,0.2631579,
3030,2026-09-16 00:45:07.889,GW-LINE-B,mtc01.actualTemp,Good,99.2,
3031,2026-09-16 00:45:07.889,GW-LINE-B,mtc01.pumpPressure,Good,3,
3032,2026-09-16 00:45:07.889,GW-LINE-B,mtc01.pumpFlow,Good,27,
3033,2026-09-16 00:45:07.889,GW-LINE-B,mtc01.pumpCurrent,Good,4.5,
3034,2026-09-16 00:45:07.889,GW-LINE-B,mtc01.heatPower,Good,7,
3035,2026-09-16 00:45:07.889,GW-LINE-B,mtc01.outletTemp,Good,99.7,
3036,2026-09-16 00:45:07.889,GW-LINE-B,mtc01.tempAvg,Good,992.2899,
3037,2026-09-16 00:45:07.897,GW-LINE-B,dry01.dewPoint,Good,-34.1,
3038,2026-09-16 00:45:07.897,GW-LINE-B,dry01.materialLevel,Good,63,
3039,2026-09-16 00:45:07.897,GW-LINE-B,dry01.heatPower,Good,4,
3040,2026-09-16 00:45:07.897,GW-LINE-B,dry01.fanCurrent,Good,1.8,
3041,2026-09-16 00:45:07.899,GW-LINE-B,dry01.levelTrend,Good,-2.114935,
3042,2026-09-16 00:45:07.906,GW-LINE-B,rob01.posX,Good,5,
3043,2026-09-16 00:45:07.906,GW-LINE-B,rob01.trajectory,Good,5.024307,
3044,2026-09-16 00:45:08.382,IM-01,im01.prodTime,Good,09/16/2026 00:45:08,
3045,2026-09-16 00:45:08.846,IM-01,im01.barrel5Temp,Good,179.8,
3046,2026-09-16 00:45:08.846,IM-01,im01.moldTemp,Good,84.6,
3047,2026-09-16 00:45:08.846,IM-01,im01.clampPressure,Good,52,
3048,2026-09-16 00:45:08.846,IM-01,im01.pumpCurrent,Good,5.9,
3049,2026-09-16 00:45:08.846,IM-01,im01.hydraulicPressure,Good,7,
3050,2026-09-16 00:45:08.846,IM-01,im01.power,Good,11,
3051,2026-09-16 00:45:08.846,IM-01,im01.energyTotal,Good,0.370166666666666,
3052,2026-09-16 00:45:08.866,ENV-01,env01.roomTemp,Good,25.8,
3053,2026-09-16 00:45:08.866,ENV-01,env01.humidity,Good,55,
3054,2026-09-16 00:45:08.866,ENV-01,env01.pm25,Good,54,
3055,2026-09-16 00:45:08.866,ENV-01,env01.pressureDiff,Good,7,
3056,2026-09-16 00:45:08.866,ENV-01,env01.illuminance,Good,412,
3057,2026-09-16 00:45:08.866,ENV-01,env01.tempFluctuation,Good,17.82197,
3058,2026-09-16 00:45:08.877,EM-01,em01.totalEnergy,Good,224.94,
3059,2026-09-16 00:45:08.877,EM-01,em01.forwardEnergy,Good,224.94,
3060,2026-09-16 00:45:08.877,EM-01,em01.voltageA,Good,384,
3061,2026-09-16 00:45:08.877,EM-01,em01.voltageC,Good,381,
3062,2026-09-16 00:45:08.877,EM-01,em01.currentA,Good,142.2,
3063,2026-09-16 00:45:08.877,EM-01,em01.activePower,Good,111,
3064,2026-09-16 00:45:08.877,EM-01,em01.reactivePower,Good,39,
3065,2026-09-16 00:45:08.877,EM-01,em01.powerFactor,Good,0.862,
3066,2026-09-16 00:45:08.877,EM-01,em01.frequency,Good,50.05,
3067,2026-09-16 00:45:08.877,EM-01,em01.demand,Good,111,
3068,2026-09-16 00:45:08.877,EM-01,em01.energyF64,Good,2.28469444444444,
3069,2026-09-16 00:45:08.877,EM-01,em01.unbalance,Good,0.7894737,
3070,2026-09-16 00:45:08.883,IM-01,im01.statusWord,Good,129,
3071,2026-09-16 00:45:08.883,IM-01,im01.stage,Good,6,
3072,2026-09-16 00:45:08.890,GW-LINE-B,mtc01.actualTemp,Good,99.1,
3073,2026-09-16 00:45:08.890,GW-LINE-B,mtc01.pumpFlow,Good,20,
3074,2026-09-16 00:45:08.890,GW-LINE-B,mtc01.pumpCurrent,Good,4,
3075,2026-09-16 00:45:08.890,GW-LINE-B,mtc01.heatPower,Good,8,
3076,2026-09-16 00:45:08.890,GW-LINE-B,mtc01.outletTemp,Good,99.6,
3077,2026-09-16 00:45:08.890,GW-LINE-B,mtc01.tempAvg,Good,991.212,
3078,2026-09-16 00:45:08.897,GW-LINE-B,dry01.dewPoint,Good,-34.5,
3079,2026-09-16 00:45:08.897,GW-LINE-B,dry01.heatPower,Good,7,
3080,2026-09-16 00:45:08.897,GW-LINE-B,dry01.fanCurrent,Good,0.8,
3081,2026-09-16 00:45:08.899,GW-LINE-B,dry01.levelTrend,Good,-2.149664,
3082,2026-09-16 00:45:08.905,GW-LINE-B,rob01.cycleTime,Good,3,
3083,2026-09-16 00:45:08.905,GW-LINE-B,rob01.posX,Good,6,
3084,2026-09-16 00:45:08.905,GW-LINE-B,rob01.trajectory,Good,5.738418,
3085,2026-09-16 00:45:09.384,IM-01,im01.prodTime,Good,09/16/2026 00:45:09,
3086,2026-09-16 00:45:09.845,IM-01,im01.oilTemp,Good,44.3,
3087,2026-09-16 00:45:09.845,IM-01,im01.clampPressure,Good,47,
3088,2026-09-16 00:45:09.845,IM-01,im01.pumpCurrent,Good,2,
3089,2026-09-16 00:45:09.845,IM-01,im01.hydraulicPressure,Good,13,
3090,2026-09-16 00:45:09.845,IM-01,im01.power,Good,10,
3091,2026-09-16 00:45:09.845,IM-01,im01.energyTotal,Good,0.372666666666666,
3092,2026-09-16 00:45:09.867,ENV-01,env01.roomTemp,Good,25.9,
3093,2026-09-16 00:45:09.867,ENV-01,env01.dewPoint,Good,17.1,
3094,2026-09-16 00:45:09.867,ENV-01,env01.noise,Good,74,
3095,2026-09-16 00:45:09.867,ENV-01,env01.pm25,Good,52,
3096,2026-09-16 00:45:09.867,ENV-01,env01.pressureDiff,Good,12,
3097,2026-09-16 00:45:09.867,ENV-01,env01.illuminance,Good,343,
3098,2026-09-16 00:45:09.867,ENV-01,env01.tempFluctuation,Good,18.14698,
3099,2026-09-16 00:45:09.877,EM-01,em01.totalEnergy,Good,228.04,
3100,2026-09-16 00:45:09.877,EM-01,em01.forwardEnergy,Good,228.04,
3101,2026-09-16 00:45:09.877,EM-01,em01.voltageB,Good,380,
3102,2026-09-16 00:45:09.877,EM-01,em01.voltageC,Good,380,
3103,2026-09-16 00:45:09.877,EM-01,em01.currentA,Good,174.3,
3104,2026-09-16 00:45:09.877,EM-01,em01.activePower,Good,132,
3105,2026-09-16 00:45:09.877,EM-01,em01.reactivePower,Good,36,
3106,2026-09-16 00:45:09.877,EM-01,em01.powerFactor,Good,0.91,
3107,2026-09-16 00:45:09.877,EM-01,em01.frequency,Good,50.08,
3108,2026-09-16 00:45:09.877,EM-01,em01.demand,Good,132,
3109,2026-09-16 00:45:09.877,EM-01,em01.energyF64,Good,2.31625,
3110,2026-09-16 00:45:09.877,EM-01,em01.unbalance,Good,1.052632,
3111,2026-09-16 00:45:09.891,GW-LINE-B,mtc01.actualTemp,Good,99.3,
3112,2026-09-16 00:45:09.891,GW-LINE-B,mtc01.pumpPressure,Good,5,
3113,2026-09-16 00:45:09.891,GW-LINE-B,mtc01.pumpFlow,Good,30,
3114,2026-09-16 00:45:09.891,GW-LINE-B,mtc01.pumpCurrent,Good,4.3,
3115,2026-09-16 00:45:09.891,GW-LINE-B,mtc01.outletTemp,Good,99.8,
3116,2026-09-16 00:45:09.891,GW-LINE-B,mtc01.tempAvg,Good,992.7214,
3117,2026-09-16 00:45:09.899,GW-LINE-B,dry01.dewPoint,Good,-34,
3118,2026-09-16 00:45:09.899,GW-LINE-B,dry01.heatPower,Good,6,
3119,2026-09-16 00:45:09.899,GW-LINE-B,dry01.fanCurrent,Good,2,
3120,2026-09-16 00:45:09.901,GW-LINE-B,dry01.levelTrend,Good,-2.181843,
3121,2026-09-16 00:45:09.907,GW-LINE-B,rob01.posX,Good,7,
3122,2026-09-16 00:45:09.907,GW-LINE-B,rob01.trajectory,Good,6.780381,
3123,2026-09-16 00:45:10.385,IM-01,im01.prodTime,Good,09/16/2026 00:45:10,
3124,2026-09-16 00:45:10.846,IM-01,im01.barrel1Temp,Good,204.6,
3125,2026-09-16 00:45:10.846,IM-01,im01.barrel5Temp,Good,179.7,
3126,2026-09-16 00:45:10.846,IM-01,im01.moldTemp,Good,84.5,
3127,2026-09-16 00:45:10.846,IM-01,im01.oilTemp,Good,44.6,
3128,2026-09-16 00:45:10.846,IM-01,im01.clampPressure,Good,39,
3129,2026-09-16 00:45:10.846,IM-01,im01.pumpCurrent,Good,3.7,
3130,2026-09-16 00:45:10.846,IM-01,im01.hydraulicPressure,Good,15,
3131,2026-09-16 00:45:10.846,IM-01,im01.power,Good,11,
3132,2026-09-16 00:45:10.846,IM-01,im01.energyTotal,Good,0.375083333333333,
3133,2026-09-16 00:45:10.867,ENV-01,env01.humidity,Good,56,
3134,2026-09-16 00:45:10.867,ENV-01,env01.dewPoint,Good,17.3,
3135,2026-09-16 00:45:10.867,ENV-01,env01.pm25,Good,57,
3136,2026-09-16 00:45:10.867,ENV-01,env01.pressureDiff,Good,-3,
3137,2026-09-16 00:45:10.867,ENV-01,env01.illuminance,Good,368,
3138,2026-09-16 00:45:10.867,ENV-01,env01.tempFluctuation,Good,18.20683,
3139,2026-09-16 00:45:10.878,EM-01,em01.totalEnergy,Good,231.28,
3140,2026-09-16 00:45:10.878,EM-01,em01.forwardEnergy,Good,231.28,
3141,2026-09-16 00:45:10.878,EM-01,em01.voltageA,Good,381,
3142,2026-09-16 00:45:10.878,EM-01,em01.voltageB,Good,377,
3143,2026-09-16 00:45:10.878,EM-01,em01.voltageC,Good,379,
3144,2026-09-16 00:45:10.878,EM-01,em01.currentA,Good,207,
3145,2026-09-16 00:45:10.878,EM-01,em01.activePower,Good,111,
3146,2026-09-16 00:45:10.878,EM-01,em01.reactivePower,Good,26,
3147,2026-09-16 00:45:10.878,EM-01,em01.powerFactor,Good,0.874,
3148,2026-09-16 00:45:10.878,EM-01,em01.frequency,Good,50.01,
3149,2026-09-16 00:45:10.878,EM-01,em01.demand,Good,111,
3150,2026-09-16 00:45:10.878,EM-01,em01.energyF64,Good,2.34911111111111,
3151,2026-09-16 00:45:10.886,IM-01,im01.statusWord,Good,3,
3152,2026-09-16 00:45:10.886,IM-01,im01.totalMolds,Good,2,
3153,2026-09-16 00:45:10.886,IM-01,im01.goodParts,Good,2,
3154,2026-09-16 00:45:10.886,IM-01,im01.cycleTime,Good,40.5,
3155,2026-09-16 00:45:10.886,IM-01,im01.avgCycleTime,Good,37.7,
3156,2026-09-16 00:45:10.886,IM-01,im01.stage,Good,0,
3157,2026-09-16 00:45:10.886,IM-01,im01.batchNo,Good,2002,
3158,2026-09-16 00:45:10.891,GW-LINE-B,mtc01.actualTemp,Good,99.2,
3159,2026-09-16 00:45:10.891,GW-LINE-B,mtc01.pumpPressure,Good,3,
3160,2026-09-16 00:45:10.891,GW-LINE-B,mtc01.pumpFlow,Good,40,
3161,2026-09-16 00:45:10.891,GW-LINE-B,mtc01.pumpCurrent,Good,3.2,
3162,2026-09-16 00:45:10.891,GW-LINE-B,mtc01.heatPower,Good,4,
3163,2026-09-16 00:45:10.891,GW-LINE-B,mtc01.outletTemp,Good,99.7,
3164,2026-09-16 00:45:10.891,GW-LINE-B,mtc01.tempAvg,Good,992.2868,
3165,2026-09-16 00:45:10.900,GW-LINE-B,dry01.dewPoint,Good,-34.1,
3166,2026-09-16 00:45:10.900,GW-LINE-B,dry01.materialLevel,Good,62,
3167,2026-09-16 00:45:10.900,GW-LINE-B,dry01.heatPower,Good,8,
3168,2026-09-16 00:45:10.900,GW-LINE-B,dry01.fanCurrent,Good,0.8,
3169,2026-09-16 00:45:10.902,GW-LINE-B,dry01.levelTrend,Good,-2.212193,
3170,2026-09-16 00:45:10.906,GW-LINE-B,rob01.inPlace,Good,False,
3171,2026-09-16 00:45:10.908,GW-LINE-B,rob01.cycleTime,Good,2.7,
3172,2026-09-16 00:45:10.908,GW-LINE-B,rob01.posX,Good,97,
3173,2026-09-16 00:45:10.908,GW-LINE-B,rob01.posY,Good,304,
3174,2026-09-16 00:45:10.908,GW-LINE-B,rob01.posZ,Good,81,
3175,2026-09-16 00:45:10.908,GW-LINE-B,rob01.gripState,Good,1,
3176,2026-09-16 00:45:10.908,GW-LINE-B,rob01.trajectory,Good,97.22936,
3177,2026-09-16 00:45:11.387,IM-01,im01.prodTime,Good,09/16/2026 00:45:11,
3178,2026-09-16 00:45:11.819,GW-LINE-B,mtc01.runSeconds,Good,757,
3179,2026-09-16 00:45:11.820,GW-LINE-B,mtc01.energyTotal,Good,0.115305555555555,
3180,2026-09-16 00:45:11.822,GW-LINE-B,mtc01.tempDeviation,Good,-0.6,
3181,2026-09-16 00:45:11.823,IM-01,im01.clampForceDev,Good,16.5,
3182,2026-09-16 00:45:11.847,EM-01,em01.readTime,Good,09/16/2026 00:45:11,
3183,2026-09-16 00:45:11.890,EM-01,em01.totalEnergy,Good,234.51,
3184,2026-09-16 00:45:11.890,EM-01,em01.forwardEnergy,Good,234.51,
3185,2026-09-16 00:45:11.890,GW-LINE-B,dry01.drySeconds,Good,757,
3186,2026-09-16 00:45:11.890,GW-LINE-B,dry01.energyTotal,Good,0.117333333333333,
3187,2026-09-16 00:45:11.890,EM-01,em01.voltageA,Good,383,
3188,2026-09-16 00:45:11.890,EM-01,em01.voltageB,Good,381,
3189,2026-09-16 00:45:11.890,EM-01,em01.voltageC,Good,374,
3190,2026-09-16 00:45:11.891,EM-01,em01.currentA,Good,147.5,
3191,2026-09-16 00:45:11.891,EM-01,em01.activePower,Good,126,
3192,2026-09-16 00:45:11.891,EM-01,em01.reactivePower,Good,39,
3193,2026-09-16 00:45:11.891,EM-01,em01.powerFactor,Good,0.903,
3194,2026-09-16 00:45:11.891,EM-01,em01.frequency,Good,49.95,
3195,2026-09-16 00:45:11.891,EM-01,em01.demand,Good,126,
3196,2026-09-16 00:45:11.891,EM-01,em01.energyF64,Good,2.38180555555555,
3197,2026-09-16 00:45:11.891,EM-01,em01.unbalance,Good,2.368421,
3198,2026-09-16 00:45:11.894,GW-LINE-B,dry01.dewDeviation,Good,1.1,
3199,2026-09-16 00:45:11.914,IM-01,im01.barrel5Temp,Good,179.6,
3200,2026-09-16 00:45:11.914,IM-01,im01.oilTemp,Good,44.3,
3201,2026-09-16 00:45:11.915,IM-01,im01.pumpCurrent,Good,6.5,
3202,2026-09-16 00:45:11.915,IM-01,im01.hydraulicPressure,Good,7,
3203,2026-09-16 00:45:11.915,IM-01,im01.power,Good,9,
3204,2026-09-16 00:45:11.915,IM-01,im01.energyTotal,Good,0.377527777777777,
3205,2026-09-16 00:45:11.938,GW-LINE-B,rob01.runSeconds,Good,758,
3206,2026-09-16 00:45:11.939,GW-LINE-B,rob01.energyTotal,Good,0.104416666666667,
3207,2026-09-16 00:45:11.940,ENV-01,env01.runSeconds,Good,759,
3208,2026-09-16 00:45:11.941,ENV-01,env01.sampleTime,Good,09/16/2026 00:45:11,
3209,2026-09-16 00:45:11.942,GW-LINE-B,rob01.posDeviation,Good,4,
