seq,host_time,device,point,quality,value,reason
1,2026-09-15 23:39:14.551,EM-01,em01.totalEnergy,Good,4367.06,
4,2026-09-15 23:39:14.552,ENV-01,env01.roomTemp,Good,23.9,
2,2026-09-15 23:39:14.552,IM-01,im01.statusWord,Good,1,
3,2026-09-15 23:39:14.552,GW-LINE-B,mtc01.ready,Good,True,
5,2026-09-15 23:39:14.553,EM-01,em01.forwardEnergy,Good,4367.06,
6,2026-09-15 23:39:14.553,EM-01,em01.voltageA,Good,375,
7,2026-09-15 23:39:14.553,IM-01,im01.alarmCode,Good,0,
8,2026-09-15 23:39:14.553,GW-LINE-B,mtc01.heating,Good,False,
9,2026-09-15 23:39:14.555,ENV-01,env01.humidity,Good,51,
10,2026-09-15 23:39:14.555,EM-01,em01.voltageB,Good,386,
11,2026-09-15 23:39:14.555,ENV-01,env01.dewPoint,Good,14.3,
12,2026-09-15 23:39:14.555,EM-01,em01.voltageC,Good,379,
13,2026-09-15 23:39:14.555,ENV-01,env01.noise,Good,73,
14,2026-09-15 23:39:14.555,ENV-01,env01.co2,Good,450,
15,2026-09-15 23:39:14.555,ENV-01,env01.pm25,Good,33,
16,2026-09-15 23:39:14.555,ENV-01,env01.pressureDiff,Good,2,
17,2026-09-15 23:39:14.555,ENV-01,env01.illuminance,Good,329,
18,2026-09-15 23:39:14.555,GW-LINE-B,mtc01.actualTemp,Good,99.5,
19,2026-09-15 23:39:14.555,GW-LINE-B,mtc01.returnTemp,Good,95.1,
20,2026-09-15 23:39:14.555,GW-LINE-B,mtc01.pumpPressure,Good,2,
21,2026-09-15 23:39:14.555,GW-LINE-B,mtc01.pumpFlow,Good,19,
22,2026-09-15 23:39:14.555,GW-LINE-B,mtc01.pumpCurrent,Good,5.7,
23,2026-09-15 23:39:14.555,EM-01,em01.currentA,Good,131.7,
24,2026-09-15 23:39:14.555,GW-LINE-B,mtc01.heatPower,Good,3,
25,2026-09-15 23:39:14.555,EM-01,em01.activePower,Good,109,
26,2026-09-15 23:39:14.555,GW-LINE-B,mtc01.outletTemp,Good,100,
27,2026-09-15 23:39:14.555,EM-01,em01.reactivePower,Good,30,
28,2026-09-15 23:39:14.555,EM-01,em01.powerFactor,Good,0.93,
29,2026-09-15 23:39:14.555,EM-01,em01.frequency,Good,49.99,
30,2026-09-15 23:39:14.555,EM-01,em01.alarmCode,Good,0,
31,2026-09-15 23:39:14.555,EM-01,em01.demand,Good,109,
32,2026-09-15 23:39:14.555,EM-01,em01.energyF64,Good,44.3337222222227,
33,2026-09-15 23:39:14.555,GW-LINE-B,mtc01.tempAvg,Good,995.4702,
34,2026-09-15 23:39:14.555,EM-01,em01.unbalance,Good,2.894737,
36,2026-09-15 23:39:14.555,EM-01,em01.energyDual,Good,0,
35,2026-09-15 23:39:14.555,ENV-01,env01.roomTempDual,Good,0,
37,2026-09-15 23:39:14.555,ENV-01,env01.tempFluctuation,Good,12.29228,
38,2026-09-15 23:39:14.555,IM-01,im01.totalMolds,Good,2,
39,2026-09-15 23:39:14.555,IM-01,im01.goodParts,Good,2,
40,2026-09-15 23:39:14.555,IM-01,im01.rejectParts,Good,0,
41,2026-09-15 23:39:14.555,IM-01,im01.cycleTime,Good,40.5,
42,2026-09-15 23:39:14.555,IM-01,im01.avgCycleTime,Good,37.7,
43,2026-09-15 23:39:14.555,IM-01,im01.oee,Good,10,
44,2026-09-15 23:39:14.555,IM-01,im01.stage,Good,0,
45,2026-09-15 23:39:14.555,IM-01,im01.batchNo,Good,2002,
46,2026-09-15 23:39:14.556,IM-01,im01.prodTime,Good,09/15/2026 23:39:14,
47,2026-09-15 23:39:14.557,EM-01,em01.overDemand,Good,False,
48,2026-09-15 23:39:14.557,GW-LINE-B,mtc01.tempDual,Good,0,
49,2026-09-15 23:39:14.558,IM-01,im01.ready,Good,True,
50,2026-09-15 23:39:14.558,IM-01,im01.producing,Good,False,
51,2026-09-15 23:39:14.558,IM-01,im01.faultAlarm,Good,False,
52,2026-09-15 23:39:14.559,ENV-01,env01.highTempAlarm,Good,False,
53,2026-09-15 23:39:14.559,GW-LINE-B,mtc01.setTemp,Good,100,
54,2026-09-15 23:39:14.560,IM-01,im01.barrel1Temp,Good,191.8,
55,2026-09-15 23:39:14.560,IM-01,im01.barrel5Temp,Good,147.6,
56,2026-09-15 23:39:14.560,IM-01,im01.moldTemp,Good,84.5,
57,2026-09-15 23:39:14.560,IM-01,im01.oilTemp,Good,44.6,
58,2026-09-15 23:39:14.560,IM-01,im01.injectPressure,Good,0,
59,2026-09-15 23:39:14.560,IM-01,im01.injectSpeed,Good,0,
60,2026-09-15 23:39:14.560,IM-01,im01.screwSpeed,Good,0,
61,2026-09-15 23:39:14.560,IM-01,im01.clampPressure,Good,0,
62,2026-09-15 23:39:14.560,IM-01,im01.pumpCurrent,Good,0,
63,2026-09-15 23:39:14.560,IM-01,im01.hydraulicPressure,Good,0,
64,2026-09-15 23:39:14.560,IM-01,im01.power,Good,3,
65,2026-09-15 23:39:14.560,IM-01,im01.meltEnergy,Good,0,
66,2026-09-15 23:39:14.560,IM-01,im01.energyTotal,Good,1.62658333333405,
67,2026-09-15 23:39:14.560,IM-01,im01.moldTempDual,Good,0,
68,2026-09-15 23:39:14.561,GW-LINE-B,dry01.drying,Good,True,
69,2026-09-15 23:39:14.561,GW-LINE-B,dry01.levelLow,Good,False,
70,2026-09-15 23:39:14.561,EM-01,em01.meterModel,Good,EM-2026-0001,
71,2026-09-15 23:39:14.561,EM-01,em01.readTime,Good,09/15/2026 23:39:14,
72,2026-09-15 23:39:14.562,IM-01,im01.moldCloseJog,Good,False,
73,2026-09-15 23:39:14.562,IM-01,im01.start,Good,False,
74,2026-09-15 23:39:14.562,IM-01,im01.stop,Good,False,
75,2026-09-15 23:39:14.562,IM-01,im01.estop,Good,False,
76,2026-09-15 23:39:14.563,ENV-01,env01.acSetTemp,Good,24,
77,2026-09-15 23:39:14.563,GW-LINE-B,dry01.dryTemp,Good,79.4,
78,2026-09-15 23:39:14.563,GW-LINE-B,dry01.dewPoint,Good,-34.8,
79,2026-09-15 23:39:14.563,GW-LINE-B,dry01.materialLevel,Good,31,
80,2026-09-15 23:39:14.563,GW-LINE-B,dry01.heatPower,Good,3,
81,2026-09-15 23:39:14.563,GW-LINE-B,dry01.fanCurrent,Good,1.1,
82,2026-09-15 23:39:14.563,GW-LINE-B,dry01.inTemp,Good,444,
83,2026-09-15 23:39:14.563,GW-LINE-B,dry01.outTemp,Good,594,
84,2026-09-15 23:39:14.564,IM-01,im01.workMode,Good,3,
85,2026-09-15 23:39:14.564,IM-01,im01.targetOutput,Good,50000,
86,2026-09-15 23:39:14.564,IM-01,im01.cavitySetTemp,Good,234,
87,2026-09-15 23:39:14.564,IM-01,im01.moldSetTemp,Good,85,
88,2026-09-15 23:39:14.564,IM-01,im01.holdTime,Good,2.5,
89,2026-09-15 23:39:14.564,IM-01,im01.coolTime,Good,15,
90,2026-09-15 23:39:14.564,IM-01,im01.overTempLimit,Good,260,
91,2026-09-15 23:39:14.564,IM-01,im01.moldTempDualSet,Good,25,
92,2026-09-15 23:39:14.564,IM-01,im01.energyBudget,Good,1500,
93,2026-09-15 23:39:14.564,IM-01,im01.planHours,Good,28800,
94,2026-09-15 23:39:14.564,IM-01,im01.ratedPower,Good,45.5,
95,2026-09-15 23:39:14.565,GW-LINE-B,dry01.levelDual,Good,0,
96,2026-09-15 23:39:14.565,GW-LINE-B,dry01.levelTrend,Good,-5.390188,
97,2026-09-15 23:39:14.565,EM-01,em01.ctRatio,Good,20,
98,2026-09-15 23:39:14.565,EM-01,em01.demandThreshold,Good,320,
99,2026-09-15 23:39:14.566,IM-01,im01.clampForceDev,Good,-52,
100,2026-09-15 23:39:14.567,GW-LINE-B,dry01.setTemp,Good,80,
101,2026-09-15 23:39:14.567,EM-01,em01.meterNo,Good,EM-2026-0001,
102,2026-09-15 23:39:14.568,IM-01,im01.recipeName,Good,PC-ABS-757 ??????,
103,2026-09-15 23:39:14.568,IM-01,im01.bootTime,Good,09/15/2026 23:15:45,
104,2026-09-15 23:39:14.569,GW-LINE-B,rob01.inPlace,Good,True,
105,2026-09-15 23:39:14.569,ENV-01,env01.runSeconds,Good,14075,
106,2026-09-15 23:39:14.569,ENV-01,env01.sampleTime,Good,09/15/2026 23:39:14,
107,2026-09-15 23:39:14.569,ENV-01,env01.areaName,Good,注塑车间A区,
108,2026-09-15 23:39:14.569,ENV-01,env01.alarmCode,Good,0,
109,2026-09-15 23:39:14.571,ENV-01,env01.acRunning,Good,True,
110,2026-09-15 23:39:14.571,GW-LINE-B,rob01.cycleTime,Good,3,
111,2026-09-15 23:39:14.571,GW-LINE-B,rob01.totalPicks,Good,45,
112,2026-09-15 23:39:14.571,GW-LINE-B,rob01.successPicks,Good,45,
113,2026-09-15 23:39:14.571,GW-LINE-B,rob01.failPicks,Good,0,
114,2026-09-15 23:39:14.571,GW-LINE-B,rob01.posX,Good,8,
115,2026-09-15 23:39:14.571,GW-LINE-B,rob01.posY,Good,8,
116,2026-09-15 23:39:14.571,GW-LINE-B,rob01.posZ,Good,8,
117,2026-09-15 23:39:14.571,GW-LINE-B,rob01.gripState,Good,0,
118,2026-09-15 23:39:14.571,GW-LINE-B,rob01.beat,Good,1161,
119,2026-09-15 23:39:14.571,GW-LINE-B,rob01.posDual,Good,0,
120,2026-09-15 23:39:14.571,GW-LINE-B,rob01.trajectory,Good,7.872045,
121,2026-09-15 23:39:14.573,GW-LINE-B,mtc01.runSeconds,Good,14075,
122,2026-09-15 23:39:14.573,ENV-01,env01.tempDeviation,Good,-0.1,
123,2026-09-15 23:39:14.573,GW-LINE-B,mtc01.energyTotal,Good,2.10136111111114,
124,2026-09-15 23:39:14.575,GW-LINE-B,mtc01.tempDeviation,Good,-0.5,
125,2026-09-15 23:39:14.575,ENV-01,env01.tempAlarmLimit,Good,32,
126,2026-09-15 23:39:14.575,ENV-01,env01.co2Threshold,Good,1000,
127,2026-09-15 23:39:14.577,GW-LINE-B,mtc01.heatingMode,Good,1,
128,2026-09-15 23:39:14.577,ENV-01,env01.areaNameW,Good,注塑车间A区,
129,2026-09-15 23:39:14.579,GW-LINE-B,mtc01.serialNo,Good,MTC-2026-0001,
130,2026-09-15 23:39:14.579,GW-LINE-B,mtc01.calibTime,Good,09/15/2026 23:15:45,
131,2026-09-15 23:39:14.581,GW-LINE-B,dry01.drySeconds,Good,13451,
132,2026-09-15 23:39:14.581,GW-LINE-B,dry01.energyTotal,Good,2.16016666666672,
133,2026-09-15 23:39:14.582,GW-LINE-B,dry01.dewDeviation,Good,0.2,
134,2026-09-15 23:39:14.584,GW-LINE-B,dry01.materialBatch,Good,BATCH-2026W38,
135,2026-09-15 23:39:14.586,GW-LINE-B,dry01.batchBcd,Good,910,
136,2026-09-15 23:39:14.588,GW-LINE-B,rob01.runSeconds,Good,14075,
137,2026-09-15 23:39:14.590,GW-LINE-B,rob01.energyTotal,Good,1.95583333333328,
138,2026-09-15 23:39:14.592,GW-LINE-B,rob01.posDeviation,Good,-92,
139,2026-09-15 23:39:14.594,GW-LINE-B,rob01.pickDelay,Good,2,
140,2026-09-15 23:39:14.596,GW-LINE-B,rob01.programName,Good,PICK-STD-01,
142,2026-09-15 23:39:15.524,EM-01,em01.totalEnergy,Good,4369.86,
141,2026-09-15 23:39:15.524,IM-01,im01.moldTemp,Good,84.6,
143,2026-09-15 23:39:15.524,EM-01,em01.forwardEnergy,Good,4369.86,
144,2026-09-15 23:39:15.524,EM-01,em01.voltageA,Good,379,
145,2026-09-15 23:39:15.524,EM-01,em01.voltageB,Good,384,
146,2026-09-15 23:39:15.524,EM-01,em01.voltageC,Good,380,
147,2026-09-15 23:39:15.524,EM-01,em01.currentA,Good,207.9,
148,2026-09-15 23:39:15.524,EM-01,em01.activePower,Good,100,
149,2026-09-15 23:39:15.524,EM-01,em01.reactivePower,Good,36,
150,2026-09-15 23:39:15.524,EM-01,em01.powerFactor,Good,0.862,
151,2026-09-15 23:39:15.524,EM-01,em01.frequency,Good,50.04,
152,2026-09-15 23:39:15.524,EM-01,em01.demand,Good,100,
153,2026-09-15 23:39:15.524,EM-01,em01.energyF64,Good,44.3622500000005,
154,2026-09-15 23:39:15.524,IM-01,im01.oilTemp,Good,44.4,
155,2026-09-15 23:39:15.524,EM-01,em01.unbalance,Good,1.315789,
156,2026-09-15 23:39:15.524,IM-01,im01.energyTotal,Good,1.62733333333405,
157,2026-09-15 23:39:15.526,GW-LINE-B,mtc01.actualTemp,Good,99.3,
158,2026-09-15 23:39:15.526,GW-LINE-B,mtc01.pumpPressure,Good,4,
159,2026-09-15 23:39:15.526,GW-LINE-B,mtc01.pumpFlow,Good,39,
160,2026-09-15 23:39:15.526,GW-LINE-B,mtc01.pumpCurrent,Good,3.5,
161,2026-09-15 23:39:15.526,GW-LINE-B,mtc01.heatPower,Good,8,
162,2026-09-15 23:39:15.526,GW-LINE-B,mtc01.outletTemp,Good,99.8,
163,2026-09-15 23:39:15.526,GW-LINE-B,mtc01.tempAvg,Good,992.6694,
164,2026-09-15 23:39:15.528,ENV-01,env01.roomTemp,Good,23.8,
165,2026-09-15 23:39:15.528,ENV-01,env01.humidity,Good,53,
166,2026-09-15 23:39:15.528,ENV-01,env01.dewPoint,Good,14.4,
167,2026-09-15 23:39:15.528,ENV-01,env01.noise,Good,76,
168,2026-09-15 23:39:15.528,ENV-01,env01.pm25,Good,39,
169,2026-09-15 23:39:15.528,ENV-01,env01.pressureDiff,Good,-1,
170,2026-09-15 23:39:15.528,ENV-01,env01.illuminance,Good,382,
171,2026-09-15 23:39:15.528,ENV-01,env01.tempFluctuation,Good,12.02243,
172,2026-09-15 23:39:15.530,IM-01,im01.prodTime,Good,09/15/2026 23:39:15,
173,2026-09-15 23:39:15.534,GW-LINE-B,dry01.dewPoint,Good,-35,
174,2026-09-15 23:39:15.534,GW-LINE-B,dry01.materialLevel,Good,30,
175,2026-09-15 23:39:15.534,GW-LINE-B,dry01.heatPower,Good,4,
176,2026-09-15 23:39:15.534,GW-LINE-B,dry01.fanCurrent,Good,1.8,
177,2026-09-15 23:39:15.536,GW-LINE-B,dry01.levelTrend,Good,-5.427163,
178,2026-09-15 23:39:15.542,GW-LINE-B,rob01.cycleTime,Good,2.9,
179,2026-09-15 23:39:15.542,GW-LINE-B,rob01.trajectory,Good,7.939255,
180,2026-09-15 23:39:16.032,IM-01,im01.prodTime,Good,09/15/2026 23:39:16,
181,2026-09-15 23:39:16.524,IM-01,im01.oilTemp,Good,44.6,
183,2026-09-15 23:39:16.524,EM-01,em01.totalEnergy,Good,4372.99,
182,2026-09-15 23:39:16.524,IM-01,im01.energyTotal,Good,1.62816666666738,
184,2026-09-15 23:39:16.524,EM-01,em01.forwardEnergy,Good,4372.99,
185,2026-09-15 23:39:16.524,EM-01,em01.voltageA,Good,383,
186,2026-09-15 23:39:16.524,EM-01,em01.voltageC,Good,378,
187,2026-09-15 23:39:16.524,EM-01,em01.currentA,Good,132.5,
188,2026-09-15 23:39:16.524,EM-01,em01.activePower,Good,105,
189,2026-09-15 23:39:16.524,EM-01,em01.reactivePower,Good,37,
190,2026-09-15 23:39:16.524,EM-01,em01.powerFactor,Good,0.906,
191,2026-09-15 23:39:16.524,EM-01,em01.frequency,Good,49.93,
192,2026-09-15 23:39:16.524,EM-01,em01.demand,Good,105,
193,2026-09-15 23:39:16.524,EM-01,em01.energyF64,Good,44.3940833333338,
194,2026-09-15 23:39:16.524,EM-01,em01.unbalance,Good,1.578947,
195,2026-09-15 23:39:16.528,GW-LINE-B,mtc01.actualTemp,Good,99.4,
196,2026-09-15 23:39:16.528,GW-LINE-B,mtc01.pumpPressure,Good,2,
197,2026-09-15 23:39:16.528,GW-LINE-B,mtc01.pumpFlow,Good,24,
198,2026-09-15 23:39:16.528,GW-LINE-B,mtc01.pumpCurrent,Good,5.9,
199,2026-09-15 23:39:16.528,GW-LINE-B,mtc01.heatPower,Good,4,
200,2026-09-15 23:39:16.528,GW-LINE-B,mtc01.outletTemp,Good,99.9,
201,2026-09-15 23:39:16.528,GW-LINE-B,mtc01.tempAvg,Good,993.9921,
202,2026-09-15 23:39:16.530,ENV-01,env01.roomTemp,Good,23.9,
203,2026-09-15 23:39:16.530,ENV-01,env01.dewPoint,Good,14.5,
204,2026-09-15 23:39:16.530,ENV-01,env01.noise,Good,71,
205,2026-09-15 23:39:16.530,ENV-01,env01.pm25,Good,32,
206,2026-09-15 23:39:16.530,ENV-01,env01.illuminance,Good,377,
207,2026-09-15 23:39:16.530,ENV-01,env01.tempFluctuation,Good,11.96119,
208,2026-09-15 23:39:16.536,GW-LINE-B,dry01.dewPoint,Good,-35.3,
209,2026-09-15 23:39:16.537,GW-LINE-B,dry01.heatPower,Good,8,
210,2026-09-15 23:39:16.537,GW-LINE-B,dry01.fanCurrent,Good,1.6,
211,2026-09-15 23:39:16.539,GW-LINE-B,dry01.levelTrend,Good,-5.457808,
212,2026-09-15 23:39:16.545,GW-LINE-B,rob01.trajectory,Good,8.15982,
213,2026-09-15 23:39:17.032,IM-01,im01.prodTime,Good,09/15/2026 23:39:17,
214,2026-09-15 23:39:17.525,IM-01,im01.moldTemp,Good,84.5,
215,2026-09-15 23:39:17.525,EM-01,em01.totalEnergy,Good,4375.75,
216,2026-09-15 23:39:17.525,EM-01,em01.forwardEnergy,Good,4375.75,
217,2026-09-15 23:39:17.525,IM-01,im01.oilTemp,Good,44.8,
218,2026-09-15 23:39:17.525,EM-01,em01.voltageA,Good,380,
219,2026-09-15 23:39:17.525,EM-01,em01.voltageB,Good,382,
220,2026-09-15 23:39:17.525,EM-01,em01.voltageC,Good,377,
221,2026-09-15 23:39:17.525,EM-01,em01.currentA,Good,207.5,
222,2026-09-15 23:39:17.525,EM-01,em01.activePower,Good,95,
223,2026-09-15 23:39:17.525,EM-01,em01.reactivePower,Good,22,
224,2026-09-15 23:39:17.525,IM-01,im01.energyTotal,Good,1.62900000000072,
225,2026-09-15 23:39:17.525,EM-01,em01.powerFactor,Good,0.867,
226,2026-09-15 23:39:17.525,EM-01,em01.frequency,Good,49.9,
227,2026-09-15 23:39:17.525,EM-01,em01.demand,Good,95,
228,2026-09-15 23:39:17.525,EM-01,em01.energyF64,Good,44.4220555555561,
229,2026-09-15 23:39:17.525,EM-01,em01.unbalance,Good,1.315789,
230,2026-09-15 23:39:17.527,GW-LINE-B,mtc01.actualTemp,Good,99.2,
231,2026-09-15 23:39:17.527,GW-LINE-B,mtc01.pumpFlow,Good,37,
232,2026-09-15 23:39:17.527,GW-LINE-B,mtc01.pumpCurrent,Good,6,
233,2026-09-15 23:39:17.527,GW-LINE-B,mtc01.heatPower,Good,8,
234,2026-09-15 23:39:17.527,GW-LINE-B,mtc01.outletTemp,Good,99.7,
235,2026-09-15 23:39:17.527,GW-LINE-B,mtc01.tempAvg,Good,991.514,
236,2026-09-15 23:39:17.529,ENV-01,env01.humidity,Good,55,
237,2026-09-15 23:39:17.529,ENV-01,env01.dewPoint,Good,15.1,
238,2026-09-15 23:39:17.529,ENV-01,env01.noise,Good,75,
239,2026-09-15 23:39:17.529,ENV-01,env01.pm25,Good,41,
240,2026-09-15 23:39:17.529,ENV-01,env01.pressureDiff,Good,-2,
241,2026-09-15 23:39:17.529,ENV-01,env01.illuminance,Good,363,
242,2026-09-15 23:39:17.529,ENV-01,env01.tempFluctuation,Good,11.7954,
243,2026-09-15 23:39:17.535,GW-LINE-B,dry01.dewPoint,Good,-34.6,
244,2026-09-15 23:39:17.535,GW-LINE-B,dry01.heatPower,Good,5,
245,2026-09-15 23:39:17.535,GW-LINE-B,dry01.fanCurrent,Good,1.7,
246,2026-09-15 23:39:17.537,GW-LINE-B,dry01.levelTrend,Good,-5.480335,
247,2026-09-15 23:39:17.543,GW-LINE-B,rob01.cycleTime,Good,2.7,
248,2026-09-15 23:39:17.543,GW-LINE-B,rob01.trajectory,Good,7.711706,
249,2026-09-15 23:39:18.034,IM-01,im01.prodTime,Good,09/15/2026 23:39:18,
250,2026-09-15 23:39:18.525,EM-01,em01.totalEnergy,Good,4378.77,
251,2026-09-15 23:39:18.525,IM-01,im01.moldTemp,Good,84.6,
252,2026-09-15 23:39:18.525,IM-01,im01.oilTemp,Good,44.4,
254,2026-09-15 23:39:18.525,IM-01,im01.energyTotal,Good,1.62983333333405,
253,2026-09-15 23:39:18.525,EM-01,em01.forwardEnergy,Good,4378.77,
255,2026-09-15 23:39:18.525,EM-01,em01.voltageA,Good,375,
256,2026-09-15 23:39:18.525,EM-01,em01.voltageB,Good,376,
257,2026-09-15 23:39:18.525,EM-01,em01.voltageC,Good,380,
258,2026-09-15 23:39:18.525,EM-01,em01.currentA,Good,192.2,
259,2026-09-15 23:39:18.525,EM-01,em01.activePower,Good,114,
260,2026-09-15 23:39:18.525,EM-01,em01.reactivePower,Good,29,
261,2026-09-15 23:39:18.525,EM-01,em01.powerFactor,Good,0.87,
262,2026-09-15 23:39:18.525,EM-01,em01.frequency,Good,50.01,
263,2026-09-15 23:39:18.525,EM-01,em01.demand,Good,114,
264,2026-09-15 23:39:18.525,EM-01,em01.energyF64,Good,44.4526666666672,
265,2026-09-15 23:39:18.527,ENV-01,env01.noise,Good,72,
266,2026-09-15 23:39:18.527,ENV-01,env01.pm25,Good,35,
267,2026-09-15 23:39:18.527,ENV-01,env01.pressureDiff,Good,0,
268,2026-09-15 23:39:18.527,ENV-01,env01.illuminance,Good,448,
269,2026-09-15 23:39:18.527,ENV-01,env01.tempFluctuation,Good,11.77861,
270,2026-09-15 23:39:18.527,GW-LINE-B,mtc01.pumpPressure,Good,4,
271,2026-09-15 23:39:18.527,GW-LINE-B,mtc01.pumpFlow,Good,39,
272,2026-09-15 23:39:18.527,GW-LINE-B,mtc01.pumpCurrent,Good,3.2,
273,2026-09-15 23:39:18.527,GW-LINE-B,mtc01.heatPower,Good,6,
274,2026-09-15 23:39:18.527,GW-LINE-B,mtc01.tempAvg,Good,991.8369,
275,2026-09-15 23:39:18.535,GW-LINE-B,dry01.dewPoint,Good,-34.7,
276,2026-09-15 23:39:18.535,GW-LINE-B,dry01.materialLevel,Good,29,
277,2026-09-15 23:39:18.535,GW-LINE-B,dry01.heatPower,Good,3,
278,2026-09-15 23:39:18.535,GW-LINE-B,dry01.fanCurrent,Good,1.6,
279,2026-09-15 23:39:18.537,GW-LINE-B,dry01.levelTrend,Good,-5.511041,
280,2026-09-15 23:39:18.543,GW-LINE-B,rob01.cycleTime,Good,2.8,
281,2026-09-15 23:39:18.543,GW-LINE-B,rob01.trajectory,Good,8.157841,
282,2026-09-15 23:39:19.034,IM-01,im01.prodTime,Good,09/15/2026 23:39:19,
283,2026-09-15 23:39:19.524,GW-LINE-B,mtc01.runSeconds,Good,14124,
284,2026-09-15 23:39:19.524,GW-LINE-B,mtc01.energyTotal,Good,2.10855555555559,
285,2026-09-15 23:39:19.524,EM-01,em01.readTime,Good,09/15/2026 23:39:19,
286,2026-09-15 23:39:19.528,IM-01,im01.clampForceDev,Good,-32,
287,2026-09-15 23:39:19.528,GW-LINE-B,mtc01.tempDeviation,Good,-0.6,
288,2026-09-15 23:39:19.530,EM-01,em01.totalEnergy,Good,4382.05,
289,2026-09-15 23:39:19.530,EM-01,em01.forwardEnergy,Good,4382.05,
290,2026-09-15 23:39:19.530,EM-01,em01.voltageA,Good,384,
291,2026-09-15 23:39:19.530,EM-01,em01.voltageB,Good,379,
292,2026-09-15 23:39:19.530,EM-01,em01.voltageC,Good,379,
293,2026-09-15 23:39:19.530,EM-01,em01.currentA,Good,154.5,
294,2026-09-15 23:39:19.530,EM-01,em01.activePower,Good,109,
295,2026-09-15 23:39:19.530,EM-01,em01.reactivePower,Good,32,
296,2026-09-15 23:39:19.530,EM-01,em01.powerFactor,Good,0.943,
297,2026-09-15 23:39:19.530,EM-01,em01.frequency,Good,49.91,
298,2026-09-15 23:39:19.530,EM-01,em01.demand,Good,109,
299,2026-09-15 23:39:19.530,EM-01,em01.energyF64,Good,44.4860833333338,
300,2026-09-15 23:39:19.532,ENV-01,env01.runSeconds,Good,14125,
301,2026-09-15 23:39:19.532,ENV-01,env01.sampleTime,Good,09/15/2026 23:39:19,
302,2026-09-15 23:39:19.532,IM-01,im01.oilTemp,Good,44.8,
303,2026-09-15 23:39:19.532,IM-01,im01.energyTotal,Good,1.63075000000072,
304,2026-09-15 23:39:19.534,GW-LINE-B,dry01.drySeconds,Good,13501,
305,2026-09-15 23:39:19.534,GW-LINE-B,dry01.energyTotal,Good,2.1676944444445,
306,2026-09-15 23:39:19.536,GW-LINE-B,dry01.dewDeviation,Good,-0.1,
307,2026-09-15 23:39:19.542,GW-LINE-B,rob01.runSeconds,Good,14125,
308,2026-09-15 23:39:19.544,GW-LINE-B,rob01.energyTotal,Good,1.96286111111106,
309,2026-09-15 23:39:19.544,ENV-01,env01.humidity,Good,57,
310,2026-09-15 23:39:19.544,ENV-01,env01.dewPoint,Good,15.4,
311,2026-09-15 23:39:19.544,ENV-01,env01.noise,Good,77,
312,2026-09-15 23:39:19.544,ENV-01,env01.pm25,Good,22,
313,2026-09-15 23:39:19.544,ENV-01,env01.pressureDiff,Good,6,
314,2026-09-15 23:39:19.544,ENV-01,env01.illuminance,Good,429,
315,2026-09-15 23:39:19.544,ENV-01,env01.tempFluctuation,Good,12.42731,
316,2026-09-15 23:39:19.553,GW-LINE-B,mtc01.actualTemp,Good,99.4,
317,2026-09-15 23:39:19.553,GW-LINE-B,mtc01.pumpFlow,Good,18,
318,2026-09-15 23:39:19.553,GW-LINE-B,mtc01.pumpCurrent,Good,5,
319,2026-09-15 23:39:19.553,GW-LINE-B,mtc01.heatPower,Good,7,
320,2026-09-15 23:39:19.553,GW-LINE-B,mtc01.outletTemp,Good,99.9,
321,2026-09-15 23:39:19.553,GW-LINE-B,mtc01.tempAvg,Good,993.8607,
322,2026-09-15 23:39:19.561,GW-LINE-B,dry01.dewPoint,Good,-35.1,
323,2026-09-15 23:39:19.561,GW-LINE-B,dry01.heatPower,Good,8,
324,2026-09-15 23:39:19.561,GW-LINE-B,dry01.fanCurrent,Good,1.7,
325,2026-09-15 23:39:19.563,GW-LINE-B,dry01.levelTrend,Good,-5.539003,
326,2026-09-15 23:39:19.569,GW-LINE-B,rob01.cycleTime,Good,3.1,
327,2026-09-15 23:39:19.569,GW-LINE-B,rob01.trajectory,Good,7.885559,
328,2026-09-15 23:39:20.037,IM-01,im01.prodTime,Good,09/15/2026 23:39:20,
329,2026-09-15 23:39:20.531,EM-01,em01.totalEnergy,Good,4385.06,
330,2026-09-15 23:39:20.531,EM-01,em01.forwardEnergy,Good,4385.06,
331,2026-09-15 23:39:20.531,EM-01,em01.voltageA,Good,379,
332,2026-09-15 23:39:20.531,EM-01,em01.voltageB,Good,381,
333,2026-09-15 23:39:20.531,EM-01,em01.voltageC,Good,382,
334,2026-09-15 23:39:20.531,EM-01,em01.currentA,Good,149.4,
335,2026-09-15 23:39:20.531,EM-01,em01.activePower,Good,117,
336,2026-09-15 23:39:20.531,EM-01,em01.reactivePower,Good,38,
337,2026-09-15 23:39:20.531,EM-01,em01.powerFactor,Good,0.883,
338,2026-09-15 23:39:20.531,EM-01,em01.frequency,Good,50.07,
339,2026-09-15 23:39:20.531,EM-01,em01.demand,Good,117,
340,2026-09-15 23:39:20.531,EM-01,em01.energyF64,Good,44.516694444445,
341,2026-09-15 23:39:20.531,EM-01,em01.unbalance,Good,0.7894737,
342,2026-09-15 23:39:20.533,IM-01,im01.oilTemp,Good,44.6,
343,2026-09-15 23:39:20.533,IM-01,im01.energyTotal,Good,1.63158333333405,
344,2026-09-15 23:39:20.545,ENV-01,env01.roomTemp,Good,23.8,
345,2026-09-15 23:39:20.545,ENV-01,env01.humidity,Good,55,
346,2026-09-15 23:39:20.545,ENV-01,env01.dewPoint,Good,14.9,
347,2026-09-15 23:39:20.545,ENV-01,env01.noise,Good,71,
348,2026-09-15 23:39:20.545,ENV-01,env01.pm25,Good,51,
349,2026-09-15 23:39:20.545,ENV-01,env01.pressureDiff,Good,13,
350,2026-09-15 23:39:20.545,ENV-01,env01.illuminance,Good,359,
351,2026-09-15 23:39:20.545,ENV-01,env01.tempFluctuation,Good,11.74969,
352,2026-09-15 23:39:20.554,GW-LINE-B,mtc01.actualTemp,Good,99.6,
353,2026-09-15 23:39:20.554,GW-LINE-B,mtc01.pumpPressure,Good,5,
354,2026-09-15 23:39:20.554,GW-LINE-B,mtc01.pumpFlow,Good,20,
355,2026-09-15 23:39:20.554,GW-LINE-B,mtc01.pumpCurrent,Good,5.7,
356,2026-09-15 23:39:20.554,GW-LINE-B,mtc01.heatPower,Good,4,
357,2026-09-15 23:39:20.554,GW-LINE-B,mtc01.outletTemp,Good,100.1,
358,2026-09-15 23:39:20.554,GW-LINE-B,mtc01.tempAvg,Good,995.6309,
359,2026-09-15 23:39:20.562,GW-LINE-B,dry01.dewPoint,Good,-34.6,
360,2026-09-15 23:39:20.562,GW-LINE-B,dry01.heatPower,Good,4,
361,2026-09-15 23:39:20.562,GW-LINE-B,dry01.fanCurrent,Good,1.2,
362,2026-09-15 23:39:20.564,GW-LINE-B,dry01.levelTrend,Good,-5.570131,
363,2026-09-15 23:39:20.570,GW-LINE-B,rob01.trajectory,Good,7.915094,
364,2026-09-15 23:39:21.037,IM-01,im01.prodTime,Good,09/15/2026 23:39:21,
365,2026-09-15 23:39:21.531,EM-01,em01.totalEnergy,Good,4388.21,
366,2026-09-15 23:39:21.531,EM-01,em01.forwardEnergy,Good,4388.21,
367,2026-09-15 23:39:21.531,EM-01,em01.voltageA,Good,375,
368,2026-09-15 23:39:21.531,EM-01,em01.voltageB,Good,386,
369,2026-09-15 23:39:21.531,EM-01,em01.voltageC,Good,377,
370,2026-09-15 23:39:21.531,EM-01,em01.currentA,Good,212.2,
371,2026-09-15 23:39:21.531,EM-01,em01.activePower,Good,115,
372,2026-09-15 23:39:21.531,EM-01,em01.reactivePower,Good,24,
373,2026-09-15 23:39:21.531,EM-01,em01.powerFactor,Good,0.895,
374,2026-09-15 23:39:21.531,EM-01,em01.frequency,Good,50.09,
375,2026-09-15 23:39:21.531,EM-01,em01.demand,Good,115,
376,2026-09-15 23:39:21.531,EM-01,em01.energyF64,Good,44.5488055555561,
377,2026-09-15 23:39:21.531,EM-01,em01.unbalance,Good,2.894737,
378,2026-09-15 23:39:21.533,IM-01,im01.oilTemp,Good,44.4,
379,2026-09-15 23:39:21.533,IM-01,im01.energyTotal,Good,1.63241666666739,
380,2026-09-15 23:39:21.545,ENV-01,env01.roomTemp,Good,23.9,
381,2026-09-15 23:39:21.545,ENV-01,env01.humidity,Good,54,
382,2026-09-15 23:39:21.545,ENV-01,env01.dewPoint,Good,14.8,
383,2026-09-15 23:39:21.545,ENV-01,env01.noise,Good,78,
384,2026-09-15 23:39:21.545,ENV-01,env01.pm25,Good,31,
385,2026-09-15 23:39:21.545,ENV-01,env01.pressureDiff,Good,3,
386,2026-09-15 23:39:21.545,ENV-01,env01.illuminance,Good,353,
387,2026-09-15 23:39:21.545,ENV-01,env01.tempFluctuation,Good,12.13922,
388,2026-09-15 23:39:21.555,GW-LINE-B,mtc01.actualTemp,Good,99.3,
389,2026-09-15 23:39:21.555,GW-LINE-B,mtc01.pumpFlow,Good,33,
390,2026-09-15 23:39:21.555,GW-LINE-B,mtc01.pumpCurrent,Good,5.2,
391,2026-09-15 23:39:21.555,GW-LINE-B,mtc01.outletTemp,Good,99.8,
392,2026-09-15 23:39:21.555,GW-LINE-B,mtc01.tempAvg,Good,993.186,
393,2026-09-15 23:39:21.563,GW-LINE-B,dry01.dewPoint,Good,-33.9,
394,2026-09-15 23:39:21.563,GW-LINE-B,dry01.materialLevel,Good,28,
395,2026-09-15 23:39:21.563,GW-LINE-B,dry01.heatPower,Good,6,
396,2026-09-15 23:39:21.563,GW-LINE-B,dry01.fanCurrent,Good,1,
397,2026-09-15 23:39:21.565,GW-LINE-B,dry01.levelTrend,Good,-5.602858,
398,2026-09-15 23:39:21.570,GW-LINE-B,rob01.cycleTime,Good,3,
399,2026-09-15 23:39:21.570,GW-LINE-B,rob01.trajectory,Good,8.09536,
400,2026-09-15 23:39:22.039,IM-01,im01.prodTime,Good,09/15/2026 23:39:22,
401,2026-09-15 23:39:22.532,EM-01,em01.totalEnergy,Good,4391.55,
402,2026-09-15 23:39:22.532,EM-01,em01.forwardEnergy,Good,4391.55,
403,2026-09-15 23:39:22.532,EM-01,em01.voltageA,Good,385,
404,2026-09-15 23:39:22.532,EM-01,em01.voltageB,Good,376,
405,2026-09-15 23:39:22.532,EM-01,em01.voltageC,Good,382,
406,2026-09-15 23:39:22.532,EM-01,em01.currentA,Good,169.1,
407,2026-09-15 23:39:22.532,EM-01,em01.activePower,Good,131,
408,2026-09-15 23:39:22.532,EM-01,em01.reactivePower,Good,38,
409,2026-09-15 23:39:22.532,EM-01,em01.powerFactor,Good,0.902,
410,2026-09-15 23:39:22.532,EM-01,em01.frequency,Good,50.04,
411,2026-09-15 23:39:22.532,EM-01,em01.demand,Good,131,
412,2026-09-15 23:39:22.532,EM-01,em01.energyF64,Good,44.582694444445,
413,2026-09-15 23:39:22.532,EM-01,em01.unbalance,Good,2.368421,
414,2026-09-15 23:39:22.534,IM-01,im01.energyTotal,Good,1.63325000000072,
415,2026-09-15 23:39:22.546,ENV-01,env01.roomTemp,Good,23.8,
416,2026-09-15 23:39:22.546,ENV-01,env01.humidity,Good,55,
417,2026-09-15 23:39:22.546,ENV-01,env01.dewPoint,Good,14.9,
418,2026-09-15 23:39:22.546,ENV-01,env01.noise,Good,71,
419,2026-09-15 23:39:22.546,ENV-01,env01.pm25,Good,45,
420,2026-09-15 23:39:22.546,ENV-01,env01.pressureDiff,Good,-1,
421,2026-09-15 23:39:22.546,ENV-01,env01.illuminance,Good,336,
422,2026-09-15 23:39:22.546,ENV-01,env01.tempFluctuation,Good,11.82484,
423,2026-09-15 23:39:22.555,GW-LINE-B,mtc01.actualTemp,Good,99.5,
424,2026-09-15 23:39:22.555,GW-LINE-B,mtc01.pumpPressure,Good,3,
425,2026-09-15 23:39:22.555,GW-LINE-B,mtc01.pumpFlow,Good,21,
426,2026-09-15 23:39:22.555,GW-LINE-B,mtc01.pumpCurrent,Good,4.5,
427,2026-09-15 23:39:22.555,GW-LINE-B,mtc01.heatPower,Good,7,
428,2026-09-15 23:39:22.555,GW-LINE-B,mtc01.outletTemp,Good,100,
429,2026-09-15 23:39:22.555,GW-LINE-B,mtc01.tempAvg,Good,994.5676,
430,2026-09-15 23:39:22.563,GW-LINE-B,dry01.dewPoint,Good,-34,
431,2026-09-15 23:39:22.563,GW-LINE-B,dry01.heatPower,Good,3,
432,2026-09-15 23:39:22.563,GW-LINE-B,dry01.fanCurrent,Good,1.1,
433,2026-09-15 23:39:22.565,GW-LINE-B,dry01.levelTrend,Good,-5.634926,
434,2026-09-15 23:39:22.571,GW-LINE-B,rob01.cycleTime,Good,3.1,
435,2026-09-15 23:39:22.571,GW-LINE-B,rob01.trajectory,Good,7.77131,
436,2026-09-15 23:39:23.041,IM-01,im01.prodTime,Good,09/15/2026 23:39:23,
437,2026-09-15 23:39:23.532,EM-01,em01.totalEnergy,Good,4394.84,
438,2026-09-15 23:39:23.532,EM-01,em01.forwardEnergy,Good,4394.84,
439,2026-09-15 23:39:23.532,EM-01,em01.voltageB,Good,384,
440,2026-09-15 23:39:23.532,EM-01,em01.voltageC,Good,375,
441,2026-09-15 23:39:23.532,EM-01,em01.currentA,Good,161.2,
442,2026-09-15 23:39:23.532,EM-01,em01.activePower,Good,122,
443,2026-09-15 23:39:23.532,EM-01,em01.reactivePower,Good,32,
444,2026-09-15 23:39:23.532,EM-01,em01.powerFactor,Good,0.864,
445,2026-09-15 23:39:23.532,EM-01,em01.frequency,Good,50.1,
446,2026-09-15 23:39:23.532,EM-01,em01.demand,Good,122,
447,2026-09-15 23:39:23.532,EM-01,em01.energyF64,Good,44.6161666666672,
448,2026-09-15 23:39:23.532,EM-01,em01.unbalance,Good,2.631579,
449,2026-09-15 23:39:23.534,IM-01,im01.moldTemp,Good,84.5,
450,2026-09-15 23:39:23.534,IM-01,im01.energyTotal,Good,1.63408333333406,
451,2026-09-15 23:39:23.546,ENV-01,env01.roomTemp,Good,23.7,
452,2026-09-15 23:39:23.546,ENV-01,env01.dewPoint,Good,14.8,
453,2026-09-15 23:39:23.546,ENV-01,env01.noise,Good,78,
454,2026-09-15 23:39:23.546,ENV-01,env01.pm25,Good,34,
455,2026-09-15 23:39:23.546,ENV-01,env01.pressureDiff,Good,11,
456,2026-09-15 23:39:23.546,ENV-01,env01.illuminance,Good,417,
457,2026-09-15 23:39:23.546,ENV-01,env01.tempFluctuation,Good,11.54571,
458,2026-09-15 23:39:23.555,GW-LINE-B,mtc01.pumpPressure,Good,2,
459,2026-09-15 23:39:23.555,GW-LINE-B,mtc01.pumpFlow,Good,37,
460,2026-09-15 23:39:23.555,GW-LINE-B,mtc01.pumpCurrent,Good,3.5,
461,2026-09-15 23:39:23.555,GW-LINE-B,mtc01.tempAvg,Good,995.1985,
462,2026-09-15 23:39:23.563,GW-LINE-B,dry01.dewPoint,Good,-33.9,
463,2026-09-15 23:39:23.563,GW-LINE-B,dry01.heatPower,Good,6,
464,2026-09-15 23:39:23.563,GW-LINE-B,dry01.fanCurrent,Good,1.3,
465,2026-09-15 23:39:23.565,GW-LINE-B,dry01.levelTrend,Good,-5.666664,
466,2026-09-15 23:39:23.571,GW-LINE-B,rob01.cycleTime,Good,3,
467,2026-09-15 23:39:23.571,GW-LINE-B,rob01.trajectory,Good,7.855048,
468,2026-09-15 23:39:24.042,IM-01,im01.prodTime,Good,09/15/2026 23:39:24,
469,2026-09-15 23:39:24.524,GW-LINE-B,mtc01.runSeconds,Good,14174,
470,2026-09-15 23:39:24.524,GW-LINE-B,mtc01.energyTotal,Good,2.11652777777781,
471,2026-09-15 23:39:24.524,EM-01,em01.readTime,Good,09/15/2026 23:39:24,
472,2026-09-15 23:39:24.526,IM-01,im01.clampForceDev,Good,-40,
473,2026-09-15 23:39:24.526,GW-LINE-B,mtc01.tempDeviation,Good,-0.8,
474,2026-09-15 23:39:24.530,ENV-01,env01.runSeconds,Good,14175,
475,2026-09-15 23:39:24.530,ENV-01,env01.sampleTime,Good,09/15/2026 23:39:24,
476,2026-09-15 23:39:24.531,GW-LINE-B,dry01.drySeconds,Good,13551,
477,2026-09-15 23:39:24.531,GW-LINE-B,dry01.energyTotal,Good,2.17486111111117,
478,2026-09-15 23:39:24.533,GW-LINE-B,dry01.dewDeviation,Good,0.6,
479,2026-09-15 23:39:24.533,ENV-01,env01.tempDeviation,Good,-0.2,
480,2026-09-15 23:39:24.535,IM-01,im01.moldTemp,Good,84.6,
481,2026-09-15 23:39:24.535,IM-01,im01.oilTemp,Good,44.5,
482,2026-09-15 23:39:24.535,IM-01,im01.energyTotal,Good,1.63491666666739,
483,2026-09-15 23:39:24.539,GW-LINE-B,rob01.runSeconds,Good,14175,
484,2026-09-15 23:39:24.539,EM-01,em01.totalEnergy,Good,4397.83,
485,2026-09-15 23:39:24.539,EM-01,em01.forwardEnergy,Good,4397.83,
486,2026-09-15 23:39:24.539,EM-01,em01.voltageA,Good,379,
487,2026-09-15 23:39:24.539,EM-01,em01.voltageB,Good,386,
488,2026-09-15 23:39:24.539,EM-01,em01.voltageC,Good,384,
489,2026-09-15 23:39:24.539,EM-01,em01.currentA,Good,209.7,
490,2026-09-15 23:39:24.539,EM-01,em01.activePower,Good,114,
491,2026-09-15 23:39:24.539,EM-01,em01.reactivePower,Good,31,
492,2026-09-15 23:39:24.539,EM-01,em01.powerFactor,Good,0.917,
493,2026-09-15 23:39:24.539,EM-01,em01.frequency,Good,49.91,
494,2026-09-15 23:39:24.539,EM-01,em01.demand,Good,114,
495,2026-09-15 23:39:24.539,EM-01,em01.energyF64,Good,44.6463611111116,
496,2026-09-15 23:39:24.539,EM-01,em01.unbalance,Good,1.842105,
497,2026-09-15 23:39:24.541,GW-LINE-B,rob01.energyTotal,Good,1.9703055555555,
498,2026-09-15 23:39:24.546,ENV-01,env01.roomTemp,Good,23.8,
499,2026-09-15 23:39:24.546,ENV-01,env01.humidity,Good,54,
500,2026-09-15 23:39:24.546,ENV-01,env01.pm25,Good,39,
501,2026-09-15 23:39:24.546,ENV-01,env01.pressureDiff,Good,9,
502,2026-09-15 23:39:24.546,ENV-01,env01.illuminance,Good,473,
503,2026-09-15 23:39:24.546,ENV-01,env01.tempFluctuation,Good,11.80497,
504,2026-09-15 23:39:24.556,GW-LINE-B,mtc01.actualTemp,Good,99.2,
505,2026-09-15 23:39:24.556,GW-LINE-B,mtc01.pumpFlow,Good,21,
506,2026-09-15 23:39:24.556,GW-LINE-B,mtc01.pumpCurrent,Good,4.4,
507,2026-09-15 23:39:24.556,GW-LINE-B,mtc01.heatPower,Good,3,
508,2026-09-15 23:39:24.556,GW-LINE-B,mtc01.outletTemp,Good,99.7,
509,2026-09-15 23:39:24.556,GW-LINE-B,mtc01.tempAvg,Good,991.8568,
510,2026-09-15 23:39:24.563,GW-LINE-B,dry01.dewPoint,Good,-34.4,
511,2026-09-15 23:39:24.563,GW-LINE-B,dry01.materialLevel,Good,27,
512,2026-09-15 23:39:24.563,GW-LINE-B,dry01.heatPower,Good,3,
513,2026-09-15 23:39:24.563,GW-LINE-B,dry01.fanCurrent,Good,1.5,
514,2026-09-15 23:39:24.565,GW-LINE-B,dry01.levelTrend,Good,-5.700265,
515,2026-09-15 23:39:24.571,GW-LINE-B,rob01.trajectory,Good,8.205774,
516,2026-09-15 23:39:25.044,IM-01,im01.prodTime,Good,09/15/2026 23:39:25,
517,2026-09-15 23:39:25.533,EM-01,em01.totalEnergy,Good,4400.77,
518,2026-09-15 23:39:25.533,EM-01,em01.forwardEnergy,Good,4400.77,
519,2026-09-15 23:39:25.533,EM-01,em01.voltageA,Good,385,
520,2026-09-15 23:39:25.533,EM-01,em01.voltageB,Good,385,
521,2026-09-15 23:39:25.533,EM-01,em01.currentA,Good,182.6,
522,2026-09-15 23:39:25.533,EM-01,em01.activePower,Good,98,
523,2026-09-15 23:39:25.533,EM-01,em01.reactivePower,Good,36,
524,2026-09-15 23:39:25.533,EM-01,em01.powerFactor,Good,0.903,
525,2026-09-15 23:39:25.533,EM-01,em01.frequency,Good,49.99,
526,2026-09-15 23:39:25.533,EM-01,em01.demand,Good,98,
527,2026-09-15 23:39:25.533,EM-01,em01.energyF64,Good,44.6761388888894,
528,2026-09-15 23:39:25.533,EM-01,em01.unbalance,Good,0.2631579,
529,2026-09-15 23:39:25.535,IM-01,im01.oilTemp,Good,44.7,
530,2026-09-15 23:39:25.535,IM-01,im01.energyTotal,Good,1.63575000000073,
531,2026-09-15 23:39:25.547,ENV-01,env01.dewPoint,Good,14.7,
532,2026-09-15 23:39:25.547,ENV-01,env01.noise,Good,73,
533,2026-09-15 23:39:25.547,ENV-01,env01.pm25,Good,56,
534,2026-09-15 23:39:25.547,ENV-01,env01.pressureDiff,Good,-2,
535,2026-09-15 23:39:25.547,ENV-01,env01.illuminance,Good,431,
536,2026-09-15 23:39:25.547,ENV-01,env01.tempFluctuation,Good,12.11911,
537,2026-09-15 23:39:25.556,GW-LINE-B,mtc01.actualTemp,Good,99.3,
538,2026-09-15 23:39:25.556,GW-LINE-B,mtc01.pumpFlow,Good,23,
539,2026-09-15 23:39:25.556,GW-LINE-B,mtc01.pumpCurrent,Good,4,
540,2026-09-15 23:39:25.556,GW-LINE-B,mtc01.heatPower,Good,6,
541,2026-09-15 23:39:25.556,GW-LINE-B,mtc01.outletTemp,Good,99.8,
542,2026-09-15 23:39:25.556,GW-LINE-B,mtc01.tempAvg,Good,992.7953,
543,2026-09-15 23:39:25.565,GW-LINE-B,dry01.dewPoint,Good,-34,
544,2026-09-15 23:39:25.565,GW-LINE-B,dry01.heatPower,Good,6,
545,2026-09-15 23:39:25.565,GW-LINE-B,dry01.fanCurrent,Good,1.9,
546,2026-09-15 23:39:25.567,GW-LINE-B,dry01.levelTrend,Good,-5.738414,
547,2026-09-15 23:39:25.573,GW-LINE-B,rob01.cycleTime,Good,2.7,
548,2026-09-15 23:39:25.573,GW-LINE-B,rob01.trajectory,Good,7.898661,
549,2026-09-15 23:39:26.044,IM-01,im01.prodTime,Good,09/15/2026 23:39:26,
550,2026-09-15 23:39:26.534,EM-01,em01.totalEnergy,Good,4403.71,
551,2026-09-15 23:39:26.534,EM-01,em01.forwardEnergy,Good,4403.71,
552,2026-09-15 23:39:26.534,EM-01,em01.voltageA,Good,378,
553,2026-09-15 23:39:26.534,EM-01,em01.voltageB,Good,381,
554,2026-09-15 23:39:26.534,EM-01,em01.voltageC,Good,381,
555,2026-09-15 23:39:26.534,EM-01,em01.currentA,Good,202.3,
556,2026-09-15 23:39:26.534,EM-01,em01.activePower,Good,104,
557,2026-09-15 23:39:26.534,EM-01,em01.reactivePower,Good,33,
558,2026-09-15 23:39:26.534,EM-01,em01.powerFactor,Good,0.897,
559,2026-09-15 23:39:26.534,EM-01,em01.frequency,Good,49.9,
560,2026-09-15 23:39:26.534,EM-01,em01.demand,Good,104,
561,2026-09-15 23:39:26.534,EM-01,em01.energyF64,Good,44.7060555555561,
562,2026-09-15 23:39:26.534,EM-01,em01.unbalance,Good,0.7894737,
563,2026-09-15 23:39:26.536,IM-01,im01.energyTotal,Good,1.63658333333406,
564,2026-09-15 23:39:26.547,ENV-01,env01.humidity,Good,56,
565,2026-09-15 23:39:26.547,ENV-01,env01.dewPoint,Good,15,
566,2026-09-15 23:39:26.547,ENV-01,env01.noise,Good,76,
567,2026-09-15 23:39:26.547,ENV-01,env01.pm25,Good,52,
568,2026-09-15 23:39:26.547,ENV-01,env01.pressureDiff,Good,0,
569,2026-09-15 23:39:26.547,ENV-01,env01.illuminance,Good,418,
570,2026-09-15 23:39:26.547,ENV-01,env01.tempFluctuation,Good,11.30921,
571,2026-09-15 23:39:26.557,GW-LINE-B,mtc01.actualTemp,Good,99.6,
572,2026-09-15 23:39:26.557,GW-LINE-B,mtc01.pumpPressure,Good,3,
573,2026-09-15 23:39:26.557,GW-LINE-B,mtc01.pumpFlow,Good,21,
574,2026-09-15 23:39:26.557,GW-LINE-B,mtc01.pumpCurrent,Good,3.4,
575,2026-09-15 23:39:26.557,GW-LINE-B,mtc01.heatPower,Good,3,
576,2026-09-15 23:39:26.557,GW-LINE-B,mtc01.outletTemp,Good,100.1,
577,2026-09-15 23:39:26.557,GW-LINE-B,mtc01.tempAvg,Good,995.8018,
578,2026-09-15 23:39:26.565,GW-LINE-B,dry01.dewPoint,Good,-34.1,
579,2026-09-15 23:39:26.565,GW-LINE-B,dry01.heatPower,Good,7,
580,2026-09-15 23:39:26.565,GW-LINE-B,dry01.fanCurrent,Good,1,
581,2026-09-15 23:39:26.567,GW-LINE-B,dry01.levelTrend,Good,-5.765495,
582,2026-09-15 23:39:26.573,GW-LINE-B,rob01.cycleTime,Good,3.1,
583,2026-09-15 23:39:26.573,GW-LINE-B,rob01.trajectory,Good,8.029425,
584,2026-09-15 23:39:27.045,IM-01,im01.prodTime,Good,09/15/2026 23:39:27,
585,2026-09-15 23:39:27.534,EM-01,em01.totalEnergy,Good,4406.57,
586,2026-09-15 23:39:27.534,EM-01,em01.forwardEnergy,Good,4406.57,
587,2026-09-15 23:39:27.534,EM-01,em01.voltageA,Good,385,
588,2026-09-15 23:39:27.534,EM-01,em01.voltageB,Good,382,
589,2026-09-15 23:39:27.534,EM-01,em01.voltageC,Good,377,
590,2026-09-15 23:39:27.534,EM-01,em01.currentA,Good,211.8,
591,2026-09-15 23:39:27.534,EM-01,em01.reactivePower,Good,20,
592,2026-09-15 23:39:27.534,EM-01,em01.powerFactor,Good,0.864,
593,2026-09-15 23:39:27.534,EM-01,em01.frequency,Good,50.01,
594,2026-09-15 23:39:27.534,EM-01,em01.energyF64,Good,44.7352500000005,
595,2026-09-15 23:39:27.534,EM-01,em01.unbalance,Good,2.105263,
596,2026-09-15 23:39:27.536,IM-01,im01.oilTemp,Good,44.9,
597,2026-09-15 23:39:27.536,IM-01,im01.energyTotal,Good,1.63741666666739,
598,2026-09-15 23:39:27.547,ENV-01,env01.dewPoint,Good,15.2,
599,2026-09-15 23:39:27.547,ENV-01,env01.noise,Good,75,
600,2026-09-15 23:39:27.547,ENV-01,env01.pm25,Good,50,
601,2026-09-15 23:39:27.547,ENV-01,env01.pressureDiff,Good,1,
602,2026-09-15 23:39:27.547,ENV-01,env01.illuminance,Good,353,
603,2026-09-15 23:39:27.547,ENV-01,env01.tempFluctuation,Good,11.30162,
604,2026-09-15 23:39:27.557,GW-LINE-B,mtc01.actualTemp,Good,99.2,
605,2026-09-15 23:39:27.557,GW-LINE-B,mtc01.pumpPressure,Good,2,
606,2026-09-15 23:39:27.557,GW-LINE-B,mtc01.pumpFlow,Good,18,
607,2026-09-15 23:39:27.557,GW-LINE-B,mtc01.pumpCurrent,Good,4.8,
608,2026-09-15 23:39:27.557,GW-LINE-B,mtc01.heatPower,Good,7,
609,2026-09-15 23:39:27.557,GW-LINE-B,mtc01.outletTemp,Good,99.7,
610,2026-09-15 23:39:27.557,GW-LINE-B,mtc01.tempAvg,Good,991.8712,
611,2026-09-15 23:39:27.565,GW-LINE-B,dry01.dewPoint,Good,-34,
612,2026-09-15 23:39:27.565,GW-LINE-B,dry01.heatPower,Good,8,
613,2026-09-15 23:39:27.565,GW-LINE-B,dry01.fanCurrent,Good,1.9,
614,2026-09-15 23:39:27.567,GW-LINE-B,dry01.levelTrend,Good,-5.795333,
615,2026-09-15 23:39:27.572,GW-LINE-B,rob01.cycleTime,Good,2.8,
616,2026-09-15 23:39:27.572,GW-LINE-B,rob01.trajectory,Good,8.225471,
617,2026-09-15 23:39:28.046,IM-01,im01.prodTime,Good,09/15/2026 23:39:28,
618,2026-09-15 23:39:28.535,EM-01,em01.totalEnergy,Good,4409.58,
619,2026-09-15 23:39:28.535,EM-01,em01.forwardEnergy,Good,4409.58,
620,2026-09-15 23:39:28.535,EM-01,em01.voltageA,Good,383,
621,2026-09-15 23:39:28.535,EM-01,em01.voltageB,Good,381,
622,2026-09-15 23:39:28.535,EM-01,em01.voltageC,Good,375,
623,2026-09-15 23:39:28.535,EM-01,em01.currentA,Good,215.5,
624,2026-09-15 23:39:28.535,EM-01,em01.activePower,Good,124,
625,2026-09-15 23:39:28.535,EM-01,em01.reactivePower,Good,39,
626,2026-09-15 23:39:28.535,EM-01,em01.powerFactor,Good,0.866,
627,2026-09-15 23:39:28.535,EM-01,em01.frequency,Good,50.02,
628,2026-09-15 23:39:28.535,EM-01,em01.demand,Good,124,
629,2026-09-15 23:39:28.535,EM-01,em01.energyF64,Good,44.765944444445,
630,2026-09-15 23:39:28.537,IM-01,im01.oilTemp,Good,44.8,
631,2026-09-15 23:39:28.537,IM-01,im01.energyTotal,Good,1.63825000000073,
632,2026-09-15 23:39:28.548,ENV-01,env01.roomTemp,Good,23.9,
633,2026-09-15 23:39:28.548,ENV-01,env01.humidity,Good,57,
634,2026-09-15 23:39:28.548,ENV-01,env01.dewPoint,Good,15.4,
635,2026-09-15 23:39:28.548,ENV-01,env01.noise,Good,76,
636,2026-09-15 23:39:28.548,ENV-01,env01.pm25,Good,34,
637,2026-09-15 23:39:28.548,ENV-01,env01.pressureDiff,Good,4,
638,2026-09-15 23:39:28.548,ENV-01,env01.illuminance,Good,392,
639,2026-09-15 23:39:28.548,ENV-01,env01.tempFluctuation,Good,11.65752,
640,2026-09-15 23:39:28.557,GW-LINE-B,mtc01.actualTemp,Good,99.3,
641,2026-09-15 23:39:28.557,GW-LINE-B,mtc01.pumpPressure,Good,5,
642,2026-09-15 23:39:28.557,GW-LINE-B,mtc01.pumpFlow,Good,32,
643,2026-09-15 23:39:28.557,GW-LINE-B,mtc01.pumpCurrent,Good,3.2,
644,2026-09-15 23:39:28.557,GW-LINE-B,mtc01.heatPower,Good,3,
645,2026-09-15 23:39:28.557,GW-LINE-B,mtc01.outletTemp,Good,99.8,
646,2026-09-15 23:39:28.557,GW-LINE-B,mtc01.tempAvg,Good,992.936,
647,2026-09-15 23:39:28.565,GW-LINE-B,dry01.dewPoint,Good,-34.4,
648,2026-09-15 23:39:28.565,GW-LINE-B,dry01.materialLevel,Good,26,
649,2026-09-15 23:39:28.565,GW-LINE-B,dry01.heatPower,Good,3,
650,2026-09-15 23:39:28.565,GW-LINE-B,dry01.fanCurrent,Good,1.8,
651,2026-09-15 23:39:28.567,GW-LINE-B,dry01.levelTrend,Good,-5.81868,
652,2026-09-15 23:39:28.572,GW-LINE-B,rob01.cycleTime,Good,2.7,
653,2026-09-15 23:39:28.572,GW-LINE-B,rob01.trajectory,Good,8.102085,
654,2026-09-15 23:39:29.047,IM-01,im01.prodTime,Good,09/15/2026 23:39:29,
655,2026-09-15 23:39:29.525,GW-LINE-B,mtc01.runSeconds,Good,14224,
656,2026-09-15 23:39:29.525,GW-LINE-B,mtc01.energyTotal,Good,2.12430555555559,
657,2026-09-15 23:39:29.525,EM-01,em01.readTime,Good,09/15/2026 23:39:29,
658,2026-09-15 23:39:29.529,GW-LINE-B,mtc01.tempDeviation,Good,-0.9,
659,2026-09-15 23:39:29.529,IM-01,im01.clampForceDev,Good,-32,
660,2026-09-15 23:39:29.533,ENV-01,env01.runSeconds,Good,14225,
661,2026-09-15 23:39:29.533,ENV-01,env01.sampleTime,Good,09/15/2026 23:39:29,
662,2026-09-15 23:39:29.535,GW-LINE-B,dry01.drySeconds,Good,13601,
663,2026-09-15 23:39:29.535,GW-LINE-B,dry01.energyTotal,Good,2.18283333333339,
665,2026-09-15 23:39:29.536,GW-LINE-B,dry01.dewDeviation,Good,1.1,
666,2026-09-15 23:39:29.536,ENV-01,env01.tempDeviation,Good,-0.1,
667,2026-09-15 23:39:29.538,IM-01,im01.oilTemp,Good,45,
668,2026-09-15 23:39:29.538,IM-01,im01.energyTotal,Good,1.63908333333406,
669,2026-09-15 23:39:29.540,EM-01,em01.totalEnergy,Good,4412.72,
670,2026-09-15 23:39:29.540,EM-01,em01.forwardEnergy,Good,4412.72,
671,2026-09-15 23:39:29.540,EM-01,em01.voltageA,Good,381,
672,2026-09-15 23:39:29.540,EM-01,em01.voltageB,Good,385,
673,2026-09-15 23:39:29.540,EM-01,em01.voltageC,Good,378,
674,2026-09-15 23:39:29.540,EM-01,em01.currentA,Good,210.8,
675,2026-09-15 23:39:29.540,EM-01,em01.activePower,Good,117,
676,2026-09-15 23:39:29.540,EM-01,em01.reactivePower,Good,24,
677,2026-09-15 23:39:29.540,EM-01,em01.powerFactor,Good,0.864,
678,2026-09-15 23:39:29.540,EM-01,em01.frequency,Good,50.01,
679,2026-09-15 23:39:29.540,EM-01,em01.demand,Good,117,
680,2026-09-15 23:39:29.540,EM-01,em01.energyF64,Good,44.7977777777783,
681,2026-09-15 23:39:29.540,EM-01,em01.unbalance,Good,1.842105,
682,2026-09-15 23:39:29.542,GW-LINE-B,rob01.runSeconds,Good,14225,
683,2026-09-15 23:39:29.544,GW-LINE-B,rob01.energyTotal,Good,1.97738888888884,
684,2026-09-15 23:39:29.548,ENV-01,env01.noise,Good,71,
685,2026-09-15 23:39:29.548,ENV-01,env01.pm25,Good,33,
686,2026-09-15 23:39:29.548,ENV-01,env01.pressureDiff,Good,9,
687,2026-09-15 23:39:29.548,ENV-01,env01.illuminance,Good,363,
688,2026-09-15 23:39:29.548,ENV-01,env01.tempFluctuation,Good,11.99751,
689,2026-09-15 23:39:29.558,GW-LINE-B,mtc01.actualTemp,Good,99.1,
690,2026-09-15 23:39:29.558,GW-LINE-B,mtc01.pumpPressure,Good,4,
691,2026-09-15 23:39:29.558,GW-LINE-B,mtc01.pumpFlow,Good,27,
692,2026-09-15 23:39:29.558,GW-LINE-B,mtc01.pumpCurrent,Good,4.2,
693,2026-09-15 23:39:29.558,GW-LINE-B,mtc01.heatPower,Good,4,
694,2026-09-15 23:39:29.558,GW-LINE-B,mtc01.outletTemp,Good,99.6,
695,2026-09-15 23:39:29.558,GW-LINE-B,mtc01.tempAvg,Good,991.432,
696,2026-09-15 23:39:29.566,GW-LINE-B,dry01.dewPoint,Good,-33.9,
697,2026-09-15 23:39:29.566,GW-LINE-B,dry01.heatPower,Good,4,
698,2026-09-15 23:39:29.566,GW-LINE-B,dry01.fanCurrent,Good,1.9,
699,2026-09-15 23:39:29.568,GW-LINE-B,dry01.levelTrend,Good,-5.846015,
700,2026-09-15 23:39:29.575,GW-LINE-B,rob01.cycleTime,Good,2.9,
701,2026-09-15 23:39:29.575,GW-LINE-B,rob01.trajectory,Good,8.070477,
702,2026-09-15 23:39:30.048,IM-01,im01.prodTime,Good,09/15/2026 23:39:30,
703,2026-09-15 23:39:30.536,EM-01,em01.totalEnergy,Good,4415.66,
704,2026-09-15 23:39:30.536,EM-01,em01.forwardEnergy,Good,4415.66,
705,2026-09-15 23:39:30.536,EM-01,em01.voltageA,Good,379,
706,2026-09-15 23:39:30.536,EM-01,em01.voltageB,Good,381,
707,2026-09-15 23:39:30.536,EM-01,em01.voltageC,Good,379,
708,2026-09-15 23:39:30.536,EM-01,em01.currentA,Good,131,
709,2026-09-15 23:39:30.536,EM-01,em01.activePower,Good,115,
710,2026-09-15 23:39:30.536,EM-01,em01.reactivePower,Good,32,
711,2026-09-15 23:39:30.536,EM-01,em01.powerFactor,Good,0.893,
712,2026-09-15 23:39:30.536,EM-01,em01.frequency,Good,49.96,
713,2026-09-15 23:39:30.536,EM-01,em01.demand,Good,115,
714,2026-09-15 23:39:30.536,EM-01,em01.energyF64,Good,44.8276388888894,
715,2026-09-15 23:39:30.536,EM-01,em01.unbalance,Good,0.5263158,
716,2026-09-15 23:39:30.540,IM-01,im01.barrel1Temp,Good,191,
717,2026-09-15 23:39:30.540,IM-01,im01.moldTemp,Good,84.5,
718,2026-09-15 23:39:30.540,IM-01,im01.oilTemp,Good,44.4,
719,2026-09-15 23:39:30.540,IM-01,im01.energyTotal,Good,1.6399166666674,
720,2026-09-15 23:39:30.548,ENV-01,env01.pm25,Good,53,
721,2026-09-15 23:39:30.548,ENV-01,env01.pressureDiff,Good,2,
722,2026-09-15 23:39:30.548,ENV-01,env01.illuminance,Good,328,
723,2026-09-15 23:39:30.548,ENV-01,env01.tempFluctuation,Good,11.89453,
724,2026-09-15 23:39:30.560,GW-LINE-B,mtc01.actualTemp,Good,99.4,
725,2026-09-15 23:39:30.560,GW-LINE-B,mtc01.pumpPressure,Good,5,
726,2026-09-15 23:39:30.560,GW-LINE-B,mtc01.pumpFlow,Good,36,
727,2026-09-15 23:39:30.560,GW-LINE-B,mtc01.pumpCurrent,Good,3.3,
728,2026-09-15 23:39:30.560,GW-LINE-B,mtc01.heatPower,Good,5,
729,2026-09-15 23:39:30.560,GW-LINE-B,mtc01.outletTemp,Good,99.9,
730,2026-09-15 23:39:30.560,GW-LINE-B,mtc01.tempAvg,Good,993.998,
731,2026-09-15 23:39:30.567,GW-LINE-B,dry01.dewPoint,Good,-34.6,
732,2026-09-15 23:39:30.567,GW-LINE-B,dry01.heatPower,Good,8,
733,2026-09-15 23:39:30.567,GW-LINE-B,dry01.fanCurrent,Good,1,
734,2026-09-15 23:39:30.569,GW-LINE-B,dry01.levelTrend,Good,-5.875875,
735,2026-09-15 23:39:30.575,GW-LINE-B,rob01.cycleTime,Good,2.7,
736,2026-09-15 23:39:30.575,GW-LINE-B,rob01.trajectory,Good,8.014934,
737,2026-09-15 23:39:31.049,IM-01,im01.prodTime,Good,09/15/2026 23:39:31,
738,2026-09-15 23:39:31.537,EM-01,em01.totalEnergy,Good,4418.89,
739,2026-09-15 23:39:31.537,EM-01,em01.forwardEnergy,Good,4418.89,
740,2026-09-15 23:39:31.537,EM-01,em01.voltageA,Good,376,
741,2026-09-15 23:39:31.537,EM-01,em01.voltageB,Good,379,
742,2026-09-15 23:39:31.537,EM-01,em01.voltageC,Good,382,
743,2026-09-15 23:39:31.537,EM-01,em01.currentA,Good,214,
744,2026-09-15 23:39:31.537,EM-01,em01.activePower,Good,116,
745,2026-09-15 23:39:31.537,EM-01,em01.reactivePower,Good,29,
746,2026-09-15 23:39:31.537,EM-01,em01.powerFactor,Good,0.942,
747,2026-09-15 23:39:31.537,EM-01,em01.frequency,Good,49.97,
748,2026-09-15 23:39:31.537,EM-01,em01.demand,Good,116,
749,2026-09-15 23:39:31.537,EM-01,em01.energyF64,Good,44.8603055555561,
750,2026-09-15 23:39:31.537,EM-01,em01.unbalance,Good,1.578947,
751,2026-09-15 23:39:31.540,IM-01,im01.moldTemp,Good,84.6,
752,2026-09-15 23:39:31.540,IM-01,im01.energyTotal,Good,1.64075000000073,
753,2026-09-15 23:39:31.548,ENV-01,env01.humidity,Good,56,
754,2026-09-15 23:39:31.548,ENV-01,env01.dewPoint,Good,15.3,
755,2026-09-15 23:39:31.548,ENV-01,env01.noise,Good,73,
756,2026-09-15 23:39:31.548,ENV-01,env01.pm25,Good,38,
757,2026-09-15 23:39:31.548,ENV-01,env01.pressureDiff,Good,4,
758,2026-09-15 23:39:31.548,ENV-01,env01.illuminance,Good,329,
759,2026-09-15 23:39:31.548,ENV-01,env01.tempFluctuation,Good,12.02358,
760,2026-09-15 23:39:31.560,GW-LINE-B,mtc01.pumpPressure,Good,2,
761,2026-09-15 23:39:31.560,GW-LINE-B,mtc01.pumpFlow,Good,28,
762,2026-09-15 23:39:31.560,GW-LINE-B,mtc01.pumpCurrent,Good,4.5,
763,2026-09-15 23:39:31.560,GW-LINE-B,mtc01.heatPower,Good,3,
764,2026-09-15 23:39:31.560,GW-LINE-B,mtc01.tempAvg,Good,994.4236,
765,2026-09-15 23:39:31.568,GW-LINE-B,dry01.dewPoint,Good,-34.4,
766,2026-09-15 23:39:31.568,GW-LINE-B,dry01.materialLevel,Good,25,
767,2026-09-15 23:39:31.568,GW-LINE-B,dry01.fanCurrent,Good,1.2,
768,2026-09-15 23:39:31.570,GW-LINE-B,dry01.levelTrend,Good,-5.901212,
769,2026-09-15 23:39:31.576,GW-LINE-B,rob01.cycleTime,Good,2.9,
770,2026-09-15 23:39:31.576,GW-LINE-B,rob01.trajectory,Good,7.818569,
771,2026-09-15 23:39:32.050,IM-01,im01.prodTime,Good,09/15/2026 23:39:32,
772,2026-09-15 23:39:32.537,EM-01,em01.totalEnergy,Good,4422.09,
773,2026-09-15 23:39:32.537,EM-01,em01.forwardEnergy,Good,4422.09,
774,2026-09-15 23:39:32.537,EM-01,em01.voltageA,Good,382,
775,2026-09-15 23:39:32.537,EM-01,em01.voltageB,Good,380,
776,2026-09-15 23:39:32.537,EM-01,em01.voltageC,Good,374,
777,2026-09-15 23:39:32.537,EM-01,em01.currentA,Good,136.2,
778,2026-09-15 23:39:32.537,EM-01,em01.activePower,Good,117,
779,2026-09-15 23:39:32.537,EM-01,em01.reactivePower,Good,24,
780,2026-09-15 23:39:32.537,EM-01,em01.powerFactor,Good,0.913,
781,2026-09-15 23:39:32.537,EM-01,em01.frequency,Good,50.02,
782,2026-09-15 23:39:32.537,EM-01,em01.demand,Good,117,
783,2026-09-15 23:39:32.537,EM-01,em01.energyF64,Good,44.8928055555561,
784,2026-09-15 23:39:32.537,EM-01,em01.unbalance,Good,2.105263,
785,2026-09-15 23:39:32.540,IM-01,im01.oilTemp,Good,44.6,
786,2026-09-15 23:39:32.540,IM-01,im01.energyTotal,Good,1.64158333333407,
787,2026-09-15 23:39:32.549,ENV-01,env01.dewPoint,Good,15.1,
788,2026-09-15 23:39:32.549,ENV-01,env01.pm25,Good,53,
789,2026-09-15 23:39:32.549,ENV-01,env01.pressureDiff,Good,-1,
790,2026-09-15 23:39:32.549,ENV-01,env01.illuminance,Good,311,
791,2026-09-15 23:39:32.549,ENV-01,env01.tempFluctuation,Good,11.93513,
792,2026-09-15 23:39:32.559,GW-LINE-B,mtc01.actualTemp,Good,99.5,
793,2026-09-15 23:39:32.559,GW-LINE-B,mtc01.pumpFlow,Good,40,
794,2026-09-15 23:39:32.559,GW-LINE-B,mtc01.pumpCurrent,Good,3,
795,2026-09-15 23:39:32.559,GW-LINE-B,mtc01.heatPower,Good,7,
796,2026-09-15 23:39:32.559,GW-LINE-B,mtc01.outletTemp,Good,100,
797,2026-09-15 23:39:32.559,GW-LINE-B,mtc01.tempAvg,Good,994.8441,
798,2026-09-15 23:39:32.565,GW-LINE-B,dry01.dewPoint,Good,-34.5,
799,2026-09-15 23:39:32.565,GW-LINE-B,dry01.heatPower,Good,4,
800,2026-09-15 23:39:32.565,GW-LINE-B,dry01.fanCurrent,Good,1.9,
801,2026-09-15 23:39:32.567,GW-LINE-B,dry01.levelTrend,Good,-5.928725,
802,2026-09-15 23:39:32.571,GW-LINE-B,rob01.cycleTime,Good,3.2,
803,2026-09-15 23:39:32.571,GW-LINE-B,rob01.trajectory,Good,7.883974,
804,2026-09-15 23:39:33.050,IM-01,im01.prodTime,Good,09/15/2026 23:39:33,
805,2026-09-15 23:39:33.537,EM-01,em01.totalEnergy,Good,4425.28,
806,2026-09-15 23:39:33.537,EM-01,em01.forwardEnergy,Good,4425.28,
807,2026-09-15 23:39:33.537,EM-01,em01.voltageA,Good,375,
808,2026-09-15 23:39:33.537,EM-01,em01.voltageB,Good,382,
809,2026-09-15 23:39:33.537,EM-01,em01.voltageC,Good,379,
810,2026-09-15 23:39:33.537,EM-01,em01.currentA,Good,199.9,
811,2026-09-15 23:39:33.537,EM-01,em01.activePower,Good,125,
812,2026-09-15 23:39:33.537,EM-01,em01.reactivePower,Good,39,
813,2026-09-15 23:39:33.537,EM-01,em01.powerFactor,Good,0.939,
814,2026-09-15 23:39:33.537,EM-01,em01.frequency,Good,50.05,
815,2026-09-15 23:39:33.537,EM-01,em01.demand,Good,125,
816,2026-09-15 23:39:33.537,EM-01,em01.energyF64,Good,44.925194444445,
817,2026-09-15 23:39:33.537,EM-01,em01.unbalance,Good,1.842105,
818,2026-09-15 23:39:33.540,IM-01,im01.energyTotal,Good,1.6424166666674,
819,2026-09-15 23:39:33.548,ENV-01,env01.humidity,Good,53,
820,2026-09-15 23:39:33.549,ENV-01,env01.dewPoint,Good,14.7,
821,2026-09-15 23:39:33.549,ENV-01,env01.noise,Good,74,
822,2026-09-15 23:39:33.549,ENV-01,env01.pm25,Good,51,
823,2026-09-15 23:39:33.549,ENV-01,env01.pressureDiff,Good,12,
824,2026-09-15 23:39:33.549,ENV-01,env01.illuminance,Good,366,
825,2026-09-15 23:39:33.549,ENV-01,env01.tempFluctuation,Good,11.80409,
826,2026-09-15 23:39:33.561,GW-LINE-B,mtc01.actualTemp,Good,99.4,
827,2026-09-15 23:39:33.561,GW-LINE-B,mtc01.pumpPressure,Good,3,
828,2026-09-15 23:39:33.561,GW-LINE-B,mtc01.pumpFlow,Good,39,
829,2026-09-15 23:39:33.561,GW-LINE-B,mtc01.pumpCurrent,Good,3.1,
830,2026-09-15 23:39:33.561,GW-LINE-B,mtc01.heatPower,Good,4,
831,2026-09-15 23:39:33.561,GW-LINE-B,mtc01.outletTemp,Good,99.9,
832,2026-09-15 23:39:33.561,GW-LINE-B,mtc01.tempAvg,Good,994.262,
833,2026-09-15 23:39:33.567,GW-LINE-B,dry01.dewPoint,Good,-34.3,
834,2026-09-15 23:39:33.567,GW-LINE-B,dry01.heatPower,Good,3,
835,2026-09-15 23:39:33.567,GW-LINE-B,dry01.fanCurrent,Good,1.4,
836,2026-09-15 23:39:33.568,GW-LINE-B,dry01.levelTrend,Good,-5.959125,
837,2026-09-15 23:39:33.573,GW-LINE-B,rob01.cycleTime,Good,3.1,
838,2026-09-15 23:39:33.573,GW-LINE-B,rob01.trajectory,Good,8.196432,
839,2026-09-15 23:39:34.050,IM-01,im01.prodTime,Good,09/15/2026 23:39:34,
842,2026-09-15 23:39:35.517,IM-01,im01.workMode,Bad,,ss.reason.comm
843,2026-09-15 23:39:35.517,IM-01,im01.targetOutput,Bad,,ss.reason.comm
844,2026-09-15 23:39:35.517,IM-01,im01.cavitySetTemp,Bad,,ss.reason.comm
845,2026-09-15 23:39:35.517,IM-01,im01.moldSetTemp,Bad,,ss.reason.comm
846,2026-09-15 23:39:35.517,IM-01,im01.holdTime,Bad,,ss.reason.comm
847,2026-09-15 23:39:35.517,IM-01,im01.coolTime,Bad,,ss.reason.comm
848,2026-09-15 23:39:35.517,IM-01,im01.overTempLimit,Bad,,ss.reason.comm
849,2026-09-15 23:39:35.517,IM-01,im01.moldTempDualSet,Bad,,ss.reason.comm
850,2026-09-15 23:39:35.517,IM-01,im01.energyBudget,Bad,,ss.reason.comm
851,2026-09-15 23:39:35.517,IM-01,im01.planHours,Bad,,ss.reason.comm
852,2026-09-15 23:39:35.517,IM-01,im01.ratedPower,Bad,,ss.reason.comm
853,2026-09-15 23:39:35.517,EM-01,em01.meterModel,Bad,,ss.reason.comm
854,2026-09-15 23:39:35.517,EM-01,em01.readTime,Bad,,ss.reason.comm
856,2026-09-15 23:39:35.517,GW-LINE-B,mtc01.runSeconds,Bad,,ss.reason.comm
857,2026-09-15 23:39:35.517,GW-LINE-B,mtc01.energyTotal,Bad,,ss.reason.comm
859,2026-09-15 23:39:37.607,GW-LINE-B,mtc01.tempDeviation,Bad,,ss.reason.comm
862,2026-09-15 23:39:38.514,IM-01,im01.clampForceDev,Bad,,ss.reason.comm
863,2026-09-15 23:39:38.514,ENV-01,env01.runSeconds,Bad,,ss.reason.comm
864,2026-09-15 23:39:38.514,ENV-01,env01.sampleTime,Bad,,ss.reason.comm
865,2026-09-15 23:39:38.514,ENV-01,env01.areaName,Bad,,ss.reason.comm
866,2026-09-15 23:39:38.514,ENV-01,env01.alarmCode,Bad,,ss.reason.comm
868,2026-09-15 23:39:39.517,EM-01,em01.ctRatio,Bad,,ss.reason.comm
869,2026-09-15 23:39:39.517,EM-01,em01.demandThreshold,Bad,,ss.reason.comm
871,2026-09-15 23:39:39.702,GW-LINE-B,mtc01.heatingMode,Bad,,ss.reason.comm
873,2026-09-15 23:39:41.795,GW-LINE-B,mtc01.serialNo,Bad,,ss.reason.comm
874,2026-09-15 23:39:41.795,GW-LINE-B,mtc01.calibTime,Bad,,ss.reason.comm
877,2026-09-15 23:39:42.515,IM-01,im01.recipeName,Bad,,ss.reason.comm
878,2026-09-15 23:39:42.515,ENV-01,env01.acRunning,Bad,,ss.reason.comm
879,2026-09-15 23:39:42.515,IM-01,im01.bootTime,Bad,,ss.reason.comm
881,2026-09-15 23:39:43.513,EM-01,em01.meterNo,Bad,,ss.reason.comm
884,2026-09-15 23:39:43.889,GW-LINE-B,dry01.drySeconds,Bad,,ss.reason.comm
885,2026-09-15 23:39:43.889,GW-LINE-B,dry01.energyTotal,Bad,,ss.reason.comm
887,2026-09-15 23:39:45.607,IM-01,im01.statusWord,Bad,,ss.reason.comm
888,2026-09-15 23:39:45.607,IM-01,im01.alarmCode,Bad,,ss.reason.comm
889,2026-09-15 23:39:45.607,IM-01,im01.totalMolds,Bad,,ss.reason.comm
890,2026-09-15 23:39:45.607,IM-01,im01.goodParts,Bad,,ss.reason.comm
891,2026-09-15 23:39:45.607,IM-01,im01.rejectParts,Bad,,ss.reason.comm
892,2026-09-15 23:39:45.607,IM-01,im01.cycleTime,Bad,,ss.reason.comm
893,2026-09-15 23:39:45.607,IM-01,im01.avgCycleTime,Bad,,ss.reason.comm
894,2026-09-15 23:39:45.607,IM-01,im01.oee,Bad,,ss.reason.comm
895,2026-09-15 23:39:45.607,IM-01,im01.stage,Bad,,ss.reason.comm
896,2026-09-15 23:39:45.607,IM-01,im01.batchNo,Bad,,ss.reason.comm
897,2026-09-15 23:39:45.607,IM-01,im01.prodTime,Bad,,ss.reason.comm
899,2026-09-15 23:39:45.983,GW-LINE-B,dry01.dewDeviation,Bad,,ss.reason.comm
901,2026-09-15 23:39:46.513,ENV-01,env01.tempDeviation,Bad,,ss.reason.comm
903,2026-09-15 23:39:47.514,EM-01,em01.totalEnergy,Bad,,ss.reason.comm
904,2026-09-15 23:39:47.514,EM-01,em01.forwardEnergy,Bad,,ss.reason.comm
905,2026-09-15 23:39:47.514,EM-01,em01.voltageA,Bad,,ss.reason.comm
906,2026-09-15 23:39:47.514,EM-01,em01.voltageB,Bad,,ss.reason.comm
907,2026-09-15 23:39:47.514,EM-01,em01.voltageC,Bad,,ss.reason.comm
908,2026-09-15 23:39:47.514,EM-01,em01.currentA,Bad,,ss.reason.comm
909,2026-09-15 23:39:47.514,EM-01,em01.activePower,Bad,,ss.reason.comm
910,2026-09-15 23:39:47.514,EM-01,em01.reactivePower,Bad,,ss.reason.comm
911,2026-09-15 23:39:47.514,EM-01,em01.powerFactor,Bad,,ss.reason.comm
912,2026-09-15 23:39:47.514,EM-01,em01.frequency,Bad,,ss.reason.comm
913,2026-09-15 23:39:47.514,EM-01,em01.alarmCode,Bad,,ss.reason.comm
914,2026-09-15 23:39:47.514,EM-01,em01.demand,Bad,,ss.reason.comm
915,2026-09-15 23:39:47.514,EM-01,em01.energyF64,Bad,,ss.reason.comm
916,2026-09-15 23:39:47.514,EM-01,em01.unbalance,Bad,,ss.reason.comm
917,2026-09-15 23:39:47.514,EM-01,em01.energyDual,Bad,,ss.reason.comm
919,2026-09-15 23:39:47.701,IM-01,im01.ready,Bad,,ss.reason.comm
920,2026-09-15 23:39:47.701,IM-01,im01.producing,Bad,,ss.reason.comm
921,2026-09-15 23:39:47.701,IM-01,im01.faultAlarm,Bad,,ss.reason.comm
923,2026-09-15 23:39:48.076,GW-LINE-B,dry01.materialBatch,Bad,,ss.reason.comm
925,2026-09-15 23:39:49.796,IM-01,im01.barrel1Temp,Bad,,ss.reason.comm
926,2026-09-15 23:39:49.796,IM-01,im01.barrel5Temp,Bad,,ss.reason.comm
927,2026-09-15 23:39:49.796,IM-01,im01.moldTemp,Bad,,ss.reason.comm
928,2026-09-15 23:39:49.796,IM-01,im01.oilTemp,Bad,,ss.reason.comm
929,2026-09-15 23:39:49.796,IM-01,im01.injectPressure,Bad,,ss.reason.comm
930,2026-09-15 23:39:49.796,IM-01,im01.injectSpeed,Bad,,ss.reason.comm
931,2026-09-15 23:39:49.796,IM-01,im01.screwSpeed,Bad,,ss.reason.comm
932,2026-09-15 23:39:49.796,IM-01,im01.clampPressure,Bad,,ss.reason.comm
933,2026-09-15 23:39:49.796,IM-01,im01.pumpCurrent,Bad,,ss.reason.comm
934,2026-09-15 23:39:49.796,IM-01,im01.hydraulicPressure,Bad,,ss.reason.comm
935,2026-09-15 23:39:49.796,IM-01,im01.power,Bad,,ss.reason.comm
936,2026-09-15 23:39:49.796,IM-01,im01.meltEnergy,Bad,,ss.reason.comm
937,2026-09-15 23:39:49.796,IM-01,im01.energyTotal,Bad,,ss.reason.comm
938,2026-09-15 23:39:49.796,IM-01,im01.moldTempDual,Bad,,ss.reason.comm
940,2026-09-15 23:39:50.170,GW-LINE-B,dry01.batchBcd,Bad,,ss.reason.comm
942,2026-09-15 23:39:50.514,ENV-01,env01.tempAlarmLimit,Bad,,ss.reason.comm
943,2026-09-15 23:39:50.514,ENV-01,env01.co2Threshold,Bad,,ss.reason.comm
945,2026-09-15 23:39:51.514,EM-01,em01.overDemand,Bad,,ss.reason.comm
947,2026-09-15 23:39:51.889,IM-01,im01.moldCloseJog,Bad,,ss.reason.comm
948,2026-09-15 23:39:51.889,IM-01,im01.start,Bad,,ss.reason.comm
949,2026-09-15 23:39:51.889,IM-01,im01.stop,Bad,,ss.reason.comm
950,2026-09-15 23:39:51.889,IM-01,im01.estop,Bad,,ss.reason.comm
952,2026-09-15 23:39:52.264,GW-LINE-B,rob01.runSeconds,Bad,,ss.reason.comm
955,2026-09-15 23:39:54.358,GW-LINE-B,rob01.energyTotal,Bad,,ss.reason.comm
957,2026-09-15 23:39:54.514,ENV-01,env01.areaNameW,Bad,,ss.reason.comm
958,2026-09-15 23:39:55.086,IM-01,im01.clampForceDev,Good,-44,
959,2026-09-15 23:39:55.087,IM-01,im01.recipeName,Good,PC-ABS-757 ??????,
960,2026-09-15 23:39:55.087,IM-01,im01.bootTime,Good,09/15/2026 23:39:53,
961,2026-09-15 23:39:55.089,IM-01,im01.statusWord,Good,17,
962,2026-09-15 23:39:55.089,IM-01,im01.alarmCode,Good,0,
963,2026-09-15 23:39:55.089,IM-01,im01.totalMolds,Good,0,
964,2026-09-15 23:39:55.089,IM-01,im01.goodParts,Good,0,
965,2026-09-15 23:39:55.089,IM-01,im01.rejectParts,Good,0,
966,2026-09-15 23:39:55.089,IM-01,im01.cycleTime,Good,30,
967,2026-09-15 23:39:55.089,IM-01,im01.avgCycleTime,Good,30,
968,2026-09-15 23:39:55.089,IM-01,im01.oee,Good,92,
969,2026-09-15 23:39:55.089,IM-01,im01.stage,Good,3,
970,2026-09-15 23:39:55.089,IM-01,im01.batchNo,Good,2026,
971,2026-09-15 23:39:55.089,IM-01,im01.prodTime,Good,09/15/2026 23:39:55,
972,2026-09-15 23:39:55.090,IM-01,im01.ready,Good,True,
973,2026-09-15 23:39:55.090,IM-01,im01.producing,Good,True,
974,2026-09-15 23:39:55.090,IM-01,im01.faultAlarm,Good,False,
975,2026-09-15 23:39:55.092,IM-01,im01.barrel1Temp,Good,220,
976,2026-09-15 23:39:55.092,IM-01,im01.barrel5Temp,Good,179.9,
977,2026-09-15 23:39:55.092,IM-01,im01.moldTemp,Good,85,
978,2026-09-15 23:39:55.092,IM-01,im01.oilTemp,Good,45,
979,2026-09-15 23:39:55.092,IM-01,im01.injectPressure,Good,0,
980,2026-09-15 23:39:55.092,IM-01,im01.injectSpeed,Good,0,
981,2026-09-15 23:39:55.092,IM-01,im01.screwSpeed,Good,209,
982,2026-09-15 23:39:55.092,IM-01,im01.clampPressure,Good,0,
983,2026-09-15 23:39:55.092,IM-01,im01.pumpCurrent,Good,7,
984,2026-09-15 23:39:55.092,IM-01,im01.hydraulicPressure,Good,18,
985,2026-09-15 23:39:55.092,IM-01,im01.power,Good,14,
986,2026-09-15 23:39:55.092,IM-01,im01.meltEnergy,Good,9.76318,
987,2026-09-15 23:39:55.092,IM-01,im01.energyTotal,Good,0.000388888888888889,
988,2026-09-15 23:39:55.092,IM-01,im01.moldTempDual,Good,0,
989,2026-09-15 23:39:55.094,IM-01,im01.moldCloseJog,Good,False,
990,2026-09-15 23:39:55.094,IM-01,im01.start,Good,False,
991,2026-09-15 23:39:55.094,IM-01,im01.stop,Good,False,
992,2026-09-15 23:39:55.094,IM-01,im01.estop,Good,False,
993,2026-09-15 23:39:55.095,IM-01,im01.workMode,Good,3,
994,2026-09-15 23:39:55.095,IM-01,im01.targetOutput,Good,50000,
995,2026-09-15 23:39:55.095,IM-01,im01.cavitySetTemp,Good,220,
996,2026-09-15 23:39:55.095,IM-01,im01.moldSetTemp,Good,85,
997,2026-09-15 23:39:55.095,IM-01,im01.holdTime,Good,2.5,
998,2026-09-15 23:39:55.095,IM-01,im01.coolTime,Good,15,
999,2026-09-15 23:39:55.095,IM-01,im01.overTempLimit,Good,260,
1000,2026-09-15 23:39:55.095,IM-01,im01.moldTempDualSet,Good,25,
1001,2026-09-15 23:39:55.095,IM-01,im01.energyBudget,Good,1500,
1002,2026-09-15 23:39:55.095,IM-01,im01.planHours,Good,28800,
1003,2026-09-15 23:39:55.095,IM-01,im01.ratedPower,Good,75.5,
1004,2026-09-15 23:39:55.460,GW-LINE-B,rob01.posDeviation,Good,-100,
1005,2026-09-15 23:39:55.467,GW-LINE-B,mtc01.actualTemp,Good,99.7,
1006,2026-09-15 23:39:55.467,GW-LINE-B,mtc01.pumpFlow,Good,19,
1007,2026-09-15 23:39:55.467,GW-LINE-B,mtc01.pumpCurrent,Good,3.6,
1008,2026-09-15 23:39:55.467,GW-LINE-B,mtc01.heatPower,Good,7,
1009,2026-09-15 23:39:55.467,GW-LINE-B,mtc01.outletTemp,Good,100.2,
1010,2026-09-15 23:39:55.467,GW-LINE-B,mtc01.tempAvg,Good,996.6426,
1011,2026-09-15 23:39:55.473,GW-LINE-B,dry01.dryTemp,Good,79.8,
1012,2026-09-15 23:39:55.473,GW-LINE-B,dry01.dewPoint,Good,-34.8,
1013,2026-09-15 23:39:55.473,GW-LINE-B,dry01.materialLevel,Good,84,
1014,2026-09-15 23:39:55.473,GW-LINE-B,dry01.heatPower,Good,6,
1015,2026-09-15 23:39:55.473,GW-LINE-B,dry01.fanCurrent,Good,1.7,
1016,2026-09-15 23:39:55.473,GW-LINE-B,dry01.inTemp,Good,448,
1017,2026-09-15 23:39:55.473,GW-LINE-B,dry01.outTemp,Good,598,
1018,2026-09-15 23:39:55.475,GW-LINE-B,dry01.levelTrend,Good,-0.01585614,
1019,2026-09-15 23:39:55.479,GW-LINE-B,rob01.cycleTime,Good,2.9,
1020,2026-09-15 23:39:55.479,GW-LINE-B,rob01.totalPicks,Good,0,
1021,2026-09-15 23:39:55.479,GW-LINE-B,rob01.successPicks,Good,0,
1022,2026-09-15 23:39:55.479,GW-LINE-B,rob01.posX,Good,0,
1023,2026-09-15 23:39:55.479,GW-LINE-B,rob01.posY,Good,0,
1024,2026-09-15 23:39:55.479,GW-LINE-B,rob01.posZ,Good,0,
1025,2026-09-15 23:39:55.479,GW-LINE-B,rob01.trajectory,Good,0.01771214,
1026,2026-09-15 23:39:55.481,GW-LINE-B,mtc01.runSeconds,Good,5,
1027,2026-09-15 23:39:55.481,GW-LINE-B,mtc01.energyTotal,Good,0.000666666666666667,
1028,2026-09-15 23:39:55.482,GW-LINE-B,mtc01.tempDeviation,Good,-0.3,
1029,2026-09-15 23:39:55.484,GW-LINE-B,mtc01.heatingMode,Good,1,
1030,2026-09-15 23:39:55.485,GW-LINE-B,mtc01.serialNo,Good,MTC-2026-0001,
1031,2026-09-15 23:39:55.485,GW-LINE-B,mtc01.calibTime,Good,09/15/2026 23:39:53,
1032,2026-09-15 23:39:55.487,GW-LINE-B,dry01.drySeconds,Good,5,
1033,2026-09-15 23:39:55.487,GW-LINE-B,dry01.energyTotal,Good,0.000833333333333333,
1034,2026-09-15 23:39:55.488,GW-LINE-B,dry01.dewDeviation,Good,0.2,
1035,2026-09-15 23:39:55.490,GW-LINE-B,dry01.materialBatch,Good,PA66-GF30-0912,
1036,2026-09-15 23:39:55.492,GW-LINE-B,dry01.batchBcd,Good,910,
1037,2026-09-15 23:39:55.494,GW-LINE-B,rob01.runSeconds,Good,5,
1038,2026-09-15 23:39:55.495,GW-LINE-B,rob01.energyTotal,Good,0.000722222222222222,
1040,2026-09-15 23:39:55.517,ENV-01,env01.roomTemp,Good,25.9,
1041,2026-09-15 23:39:55.517,ENV-01,env01.humidity,Good,55,
1042,2026-09-15 23:39:55.517,ENV-01,env01.dewPoint,Good,17,
1043,2026-09-15 23:39:55.517,ENV-01,env01.noise,Good,72,
1044,2026-09-15 23:39:55.517,ENV-01,env01.co2,Good,552,
1045,2026-09-15 23:39:55.517,ENV-01,env01.pm25,Good,24,
1046,2026-09-15 23:39:55.517,ENV-01,env01.pressureDiff,Good,4,
1047,2026-09-15 23:39:55.517,ENV-01,env01.illuminance,Good,319,
1048,2026-09-15 23:39:55.517,ENV-01,env01.tempFluctuation,Good,18.61612,
1049,2026-09-15 23:39:55.520,ENV-01,env01.acSetTemp,Good,26,
1050,2026-09-15 23:39:55.521,EM-01,em01.ctRatio,Good,20,
1051,2026-09-15 23:39:55.521,EM-01,em01.demandThreshold,Good,150,
1052,2026-09-15 23:39:55.523,EM-01,em01.meterNo,Good,EM-2026-0001,
1053,2026-09-15 23:39:55.524,EM-01,em01.totalEnergy,Good,0.95,
1054,2026-09-15 23:39:55.524,EM-01,em01.forwardEnergy,Good,0.95,
1055,2026-09-15 23:39:55.524,EM-01,em01.voltageA,Good,378,
1056,2026-09-15 23:39:55.524,EM-01,em01.voltageB,Good,377,
1057,2026-09-15 23:39:55.524,EM-01,em01.voltageC,Good,384,
1058,2026-09-15 23:39:55.524,EM-01,em01.currentA,Good,148.7,
1059,2026-09-15 23:39:55.524,EM-01,em01.activePower,Good,109,
1060,2026-09-15 23:39:55.524,EM-01,em01.reactivePower,Good,31,
1061,2026-09-15 23:39:55.524,EM-01,em01.powerFactor,Good,0.865,
1062,2026-09-15 23:39:55.524,EM-01,em01.frequency,Good,49.95,
1063,2026-09-15 23:39:55.524,EM-01,em01.alarmCode,Good,0,
1064,2026-09-15 23:39:55.524,EM-01,em01.demand,Good,109,
1065,2026-09-15 23:39:55.524,EM-01,em01.energyF64,Good,0.00972222222222222,
1066,2026-09-15 23:39:55.524,EM-01,em01.unbalance,Good,1.842105,
1067,2026-09-15 23:39:55.524,EM-01,em01.energyDual,Good,0,
1068,2026-09-15 23:39:55.526,EM-01,em01.overDemand,Good,False,
1069,2026-09-15 23:39:55.527,ENV-01,env01.runSeconds,Good,5,
1070,2026-09-15 23:39:55.527,ENV-01,env01.sampleTime,Good,09/15/2026 23:39:55,
1071,2026-09-15 23:39:55.527,ENV-01,env01.areaName,Good,注塑车间A区,
1072,2026-09-15 23:39:55.527,ENV-01,env01.alarmCode,Good,0,
1073,2026-09-15 23:39:55.529,ENV-01,env01.acRunning,Good,True,
1074,2026-09-15 23:39:55.530,ENV-01,env01.tempDeviation,Good,-0.1,
1075,2026-09-15 23:39:55.532,ENV-01,env01.tempAlarmLimit,Good,32,
1076,2026-09-15 23:39:55.532,ENV-01,env01.co2Threshold,Good,1000,
1077,2026-09-15 23:39:55.533,ENV-01,env01.areaNameW,Good,注塑车间A区,
1078,2026-09-15 23:39:55.538,EM-01,em01.meterModel,Good,EM-2026-0001,
1079,2026-09-15 23:39:55.538,EM-01,em01.readTime,Good,09/15/2026 23:39:55,
1080,2026-09-15 23:39:56.089,IM-01,im01.prodTime,Good,09/15/2026 23:39:56,
1081,2026-09-15 23:39:56.092,IM-01,im01.barrel1Temp,Good,219.9,
1082,2026-09-15 23:39:56.092,IM-01,im01.barrel5Temp,Good,179.6,
1083,2026-09-15 23:39:56.092,IM-01,im01.moldTemp,Good,84.9,
1084,2026-09-15 23:39:56.092,IM-01,im01.oilTemp,Good,44.9,
1085,2026-09-15 23:39:56.092,IM-01,im01.screwSpeed,Good,152,
1086,2026-09-15 23:39:56.092,IM-01,im01.pumpCurrent,Good,4.7,
1087,2026-09-15 23:39:56.092,IM-01,im01.hydraulicPressure,Good,12,
1088,2026-09-15 23:39:56.092,IM-01,im01.power,Good,10,
1089,2026-09-15 23:39:56.092,IM-01,im01.meltEnergy,Good,7.127473,
1090,2026-09-15 23:39:56.092,IM-01,im01.energyTotal,Good,0.00369444444444444,
1091,2026-09-15 23:39:56.467,GW-LINE-B,mtc01.actualTemp,Good,99.6,
1092,2026-09-15 23:39:56.467,GW-LINE-B,mtc01.pumpFlow,Good,38,
1093,2026-09-15 23:39:56.467,GW-LINE-B,mtc01.pumpCurrent,Good,3.8,
1094,2026-09-15 23:39:56.467,GW-LINE-B,mtc01.heatPower,Good,5,
1095,2026-09-15 23:39:56.467,GW-LINE-B,mtc01.outletTemp,Good,100.1,
1096,2026-09-15 23:39:56.467,GW-LINE-B,mtc01.tempAvg,Good,995.7751,
1097,2026-09-15 23:39:56.473,GW-LINE-B,dry01.dryTemp,Good,79.6,
1098,2026-09-15 23:39:56.473,GW-LINE-B,dry01.dewPoint,Good,-33.8,
1099,2026-09-15 23:39:56.473,GW-LINE-B,dry01.heatPower,Good,8,
1100,2026-09-15 23:39:56.473,GW-LINE-B,dry01.fanCurrent,Good,1.1,
1101,2026-09-15 23:39:56.473,GW-LINE-B,dry01.inTemp,Good,446,
1102,2026-09-15 23:39:56.473,GW-LINE-B,dry01.outTemp,Good,596,
1103,2026-09-15 23:39:56.474,GW-LINE-B,dry01.levelTrend,Good,-0.0442036,
1104,2026-09-15 23:39:56.479,GW-LINE-B,rob01.posY,Good,1,
1105,2026-09-15 23:39:56.479,GW-LINE-B,rob01.posZ,Good,1,
1106,2026-09-15 23:39:56.479,GW-LINE-B,rob01.trajectory,Good,-0.09927856,
1107,2026-09-15 23:39:56.524,EM-01,em01.totalEnergy,Good,3.86,
1108,2026-09-15 23:39:56.524,EM-01,em01.forwardEnergy,Good,3.86,
1109,2026-09-15 23:39:56.524,EM-01,em01.voltageA,Good,380,
1110,2026-09-15 23:39:56.524,EM-01,em01.voltageB,Good,380,
1111,2026-09-15 23:39:56.524,EM-01,em01.voltageC,Good,378,
1112,2026-09-15 23:39:56.524,EM-01,em01.currentA,Good,171.3,
1113,2026-09-15 23:39:56.524,EM-01,em01.activePower,Good,122,
1114,2026-09-15 23:39:56.524,EM-01,em01.reactivePower,Good,21,
1115,2026-09-15 23:39:56.524,EM-01,em01.powerFactor,Good,0.908,
1116,2026-09-15 23:39:56.524,EM-01,em01.frequency,Good,50.02,
1117,2026-09-15 23:39:56.524,EM-01,em01.demand,Good,122,
1118,2026-09-15 23:39:56.524,EM-01,em01.energyF64,Good,0.0393055555555556,
1119,2026-09-15 23:39:56.524,EM-01,em01.unbalance,Good,0.5263158,
1120,2026-09-15 23:39:56.535,ENV-01,env01.noise,Good,74,
1121,2026-09-15 23:39:56.535,ENV-01,env01.co2,Good,450,
1122,2026-09-15 23:39:56.535,ENV-01,env01.pm25,Good,22,
1123,2026-09-15 23:39:56.535,ENV-01,env01.pressureDiff,Good,10,
1124,2026-09-15 23:39:56.535,ENV-01,env01.illuminance,Good,482,
1125,2026-09-15 23:39:56.535,ENV-01,env01.tempFluctuation,Good,18.35072,
1126,2026-09-15 23:39:57.089,IM-01,im01.prodTime,Good,09/15/2026 23:39:57,
1127,2026-09-15 23:39:57.092,IM-01,im01.barrel1Temp,Good,219.6,
1128,2026-09-15 23:39:57.092,IM-01,im01.moldTemp,Good,84.5,
1129,2026-09-15 23:39:57.092,IM-01,im01.oilTemp,Good,44.5,
1130,2026-09-15 23:39:57.092,IM-01,im01.screwSpeed,Good,206,
1131,2026-09-15 23:39:57.092,IM-01,im01.pumpCurrent,Good,5.3,
1132,2026-09-15 23:39:57.092,IM-01,im01.hydraulicPressure,Good,10,
1133,2026-09-15 23:39:57.092,IM-01,im01.power,Good,13,
1134,2026-09-15 23:39:57.092,IM-01,im01.meltEnergy,Good,9.721148,
1135,2026-09-15 23:39:57.092,IM-01,im01.energyTotal,Good,0.00719444444444444,
1136,2026-09-15 23:39:57.467,GW-LINE-B,mtc01.actualTemp,Good,99.3,
1137,2026-09-15 23:39:57.467,GW-LINE-B,mtc01.pumpPressure,Good,4,
1138,2026-09-15 23:39:57.467,GW-LINE-B,mtc01.pumpFlow,Good,21,
1139,2026-09-15 23:39:57.467,GW-LINE-B,mtc01.pumpCurrent,Good,5.3,
1140,2026-09-15 23:39:57.467,GW-LINE-B,mtc01.heatPower,Good,7,
1141,2026-09-15 23:39:57.467,GW-LINE-B,mtc01.outletTemp,Good,99.8,
1142,2026-09-15 23:39:57.467,GW-LINE-B,mtc01.tempAvg,Good,993.1228,
1143,2026-09-15 23:39:57.474,GW-LINE-B,dry01.dewPoint,Good,-34.5,
1144,2026-09-15 23:39:57.474,GW-LINE-B,dry01.heatPower,Good,4,
1145,2026-09-15 23:39:57.474,GW-LINE-B,dry01.fanCurrent,Good,1.6,
1146,2026-09-15 23:39:57.475,GW-LINE-B,dry01.levelTrend,Good,-0.07765717,
1147,2026-09-15 23:39:57.480,GW-LINE-B,rob01.cycleTime,Good,2.8,
1148,2026-09-15 23:39:57.480,GW-LINE-B,rob01.trajectory,Good,0.2921019,
1149,2026-09-15 23:39:57.524,EM-01,em01.totalEnergy,Good,6.97,
1150,2026-09-15 23:39:57.524,EM-01,em01.forwardEnergy,Good,6.97,
1151,2026-09-15 23:39:57.524,EM-01,em01.voltageA,Good,379,
1152,2026-09-15 23:39:57.524,EM-01,em01.voltageB,Good,383,
1153,2026-09-15 23:39:57.524,EM-01,em01.voltageC,Good,381,
1154,2026-09-15 23:39:57.525,EM-01,em01.currentA,Good,137.6,
1155,2026-09-15 23:39:57.525,EM-01,em01.activePower,Good,101,
1156,2026-09-15 23:39:57.525,EM-01,em01.reactivePower,Good,23,
1157,2026-09-15 23:39:57.525,EM-01,em01.powerFactor,Good,0.896,
1158,2026-09-15 23:39:57.525,EM-01,em01.frequency,Good,50.03,
1159,2026-09-15 23:39:57.525,EM-01,em01.demand,Good,101,
1160,2026-09-15 23:39:57.525,EM-01,em01.energyF64,Good,0.0708333333333333,
1161,2026-09-15 23:39:57.525,EM-01,em01.unbalance,Good,1.052632,
1162,2026-09-15 23:39:57.535,ENV-01,env01.humidity,Good,56,
1163,2026-09-15 23:39:57.535,ENV-01,env01.dewPoint,Good,17.2,
1164,2026-09-15 23:39:57.535,ENV-01,env01.pm25,Good,39,
1165,2026-09-15 23:39:57.535,ENV-01,env01.pressureDiff,Good,5,
1166,2026-09-15 23:39:57.535,ENV-01,env01.illuminance,Good,447,
1167,2026-09-15 23:39:57.535,ENV-01,env01.tempFluctuation,Good,18.20214,
1168,2026-09-15 23:39:58.089,IM-01,im01.barrel5Temp,Good,179.9,
1169,2026-09-15 23:39:58.089,IM-01,im01.moldTemp,Good,84.6,
1170,2026-09-15 23:39:58.089,IM-01,im01.oilTemp,Good,44.9,
1171,2026-09-15 23:39:58.089,IM-01,im01.screwSpeed,Good,191,
1172,2026-09-15 23:39:58.089,IM-01,im01.hydraulicPressure,Good,14,
1173,2026-09-15 23:39:58.089,IM-01,im01.meltEnergy,Good,9.147842,
1174,2026-09-15 23:39:58.089,IM-01,im01.energyTotal,Good,0.0104166666666667,
1175,2026-09-15 23:39:58.092,IM-01,im01.prodTime,Good,09/15/2026 23:39:58,
1176,2026-09-15 23:39:58.467,GW-LINE-B,mtc01.pumpPressure,Good,3,
1177,2026-09-15 23:39:58.467,GW-LINE-B,mtc01.pumpFlow,Good,32,
1178,2026-09-15 23:39:58.467,GW-LINE-B,mtc01.pumpCurrent,Good,3.9,
1179,2026-09-15 23:39:58.467,GW-LINE-B,mtc01.heatPower,Good,5,
1180,2026-09-15 23:39:58.467,GW-LINE-B,mtc01.tempAvg,Good,993.3955,
1181,2026-09-15 23:39:58.474,GW-LINE-B,dry01.dryTemp,Good,79.5,
1182,2026-09-15 23:39:58.474,GW-LINE-B,dry01.dewPoint,Good,-34.2,
1183,2026-09-15 23:39:58.474,GW-LINE-B,dry01.materialLevel,Good,83,
1184,2026-09-15 23:39:58.474,GW-LINE-B,dry01.heatPower,Good,8,
1185,2026-09-15 23:39:58.474,GW-LINE-B,dry01.fanCurrent,Good,2,
1186,2026-09-15 23:39:58.474,GW-LINE-B,dry01.inTemp,Good,445,
1187,2026-09-15 23:39:58.474,GW-LINE-B,dry01.outTemp,Good,595,
1188,2026-09-15 23:39:58.475,GW-LINE-B,dry01.levelTrend,Good,-0.1024528,
1189,2026-09-15 23:39:58.480,GW-LINE-B,rob01.cycleTime,Good,3.2,
1190,2026-09-15 23:39:58.480,GW-LINE-B,rob01.posY,Good,2,
1191,2026-09-15 23:39:58.480,GW-LINE-B,rob01.posZ,Good,2,
1192,2026-09-15 23:39:58.480,GW-LINE-B,rob01.trajectory,Good,-0.2881722,
1193,2026-09-15 23:39:58.525,EM-01,em01.totalEnergy,Good,9.98,
1194,2026-09-15 23:39:58.525,EM-01,em01.forwardEnergy,Good,9.98,
1195,2026-09-15 23:39:58.525,EM-01,em01.voltageA,Good,378,
1196,2026-09-15 23:39:58.525,EM-01,em01.voltageB,Good,377,
1197,2026-09-15 23:39:58.525,EM-01,em01.voltageC,Good,382,
1198,2026-09-15 23:39:58.525,EM-01,em01.currentA,Good,214.4,
1199,2026-09-15 23:39:58.525,EM-01,em01.activePower,Good,113,
1200,2026-09-15 23:39:58.525,EM-01,em01.reactivePower,Good,38,
1201,2026-09-15 23:39:58.525,EM-01,em01.powerFactor,Good,0.923,
1202,2026-09-15 23:39:58.525,EM-01,em01.frequency,Good,50.05,
1203,2026-09-15 23:39:58.525,EM-01,em01.demand,Good,113,
1204,2026-09-15 23:39:58.525,EM-01,em01.energyF64,Good,0.101583333333333,
1205,2026-09-15 23:39:58.525,EM-01,em01.unbalance,Good,1.315789,
1206,2026-09-15 23:39:58.536,ENV-01,env01.noise,Good,77,
1207,2026-09-15 23:39:58.536,ENV-01,env01.pm25,Good,57,
1208,2026-09-15 23:39:58.536,ENV-01,env01.pressureDiff,Good,11,
1209,2026-09-15 23:39:58.536,ENV-01,env01.illuminance,Good,430,
1210,2026-09-15 23:39:58.536,ENV-01,env01.tempFluctuation,Good,18.7191,
1211,2026-09-15 23:39:59.090,IM-01,im01.barrel5Temp,Good,179.7,
1212,2026-09-15 23:39:59.090,IM-01,im01.moldTemp,Good,84.5,
1213,2026-09-15 23:39:59.090,IM-01,im01.oilTemp,Good,44.8,
1214,2026-09-15 23:39:59.090,IM-01,im01.screwSpeed,Good,195,
1215,2026-09-15 23:39:59.090,IM-01,im01.pumpCurrent,Good,5.9,
1216,2026-09-15 23:39:59.090,IM-01,im01.hydraulicPressure,Good,10,
1217,2026-09-15 23:39:59.090,IM-01,im01.power,Good,14,
1218,2026-09-15 23:39:59.090,IM-01,im01.meltEnergy,Good,10.06552,
1219,2026-09-15 23:39:59.090,IM-01,im01.energyTotal,Good,0.0139444444444444,
1220,2026-09-15 23:39:59.094,IM-01,im01.prodTime,Good,09/15/2026 23:39:59,
1221,2026-09-15 23:39:59.468,GW-LINE-B,mtc01.pumpFlow,Good,15,
1222,2026-09-15 23:39:59.468,GW-LINE-B,mtc01.pumpCurrent,Good,5.7,
1223,2026-09-15 23:39:59.468,GW-LINE-B,mtc01.heatPower,Good,8,
1224,2026-09-15 23:39:59.468,GW-LINE-B,mtc01.tempAvg,Good,992.5592,
1225,2026-09-15 23:39:59.474,GW-LINE-B,dry01.dewPoint,Good,-34.6,
1226,2026-09-15 23:39:59.474,GW-LINE-B,dry01.heatPower,Good,6,
1227,2026-09-15 23:39:59.474,GW-LINE-B,dry01.fanCurrent,Good,1.7,
1228,2026-09-15 23:39:59.475,GW-LINE-B,dry01.levelTrend,Good,-0.131882,
1229,2026-09-15 23:39:59.480,GW-LINE-B,rob01.cycleTime,Good,2.8,
1230,2026-09-15 23:39:59.480,GW-LINE-B,rob01.posY,Good,0,
1231,2026-09-15 23:39:59.480,GW-LINE-B,rob01.trajectory,Good,0.09541399,
1232,2026-09-15 23:39:59.516,ENV-01,env01.runSeconds,Good,45,
1233,2026-09-15 23:39:59.516,ENV-01,env01.sampleTime,Good,09/15/2026 23:39:59,
1234,2026-09-15 23:39:59.525,EM-01,em01.totalEnergy,Good,13.36,
1235,2026-09-15 23:39:59.525,EM-01,em01.forwardEnergy,Good,13.36,
1236,2026-09-15 23:39:59.525,EM-01,em01.voltageA,Good,384,
1237,2026-09-15 23:39:59.525,EM-01,em01.voltageB,Good,383,
1238,2026-09-15 23:39:59.525,EM-01,em01.voltageC,Good,378,
1239,2026-09-15 23:39:59.525,EM-01,em01.currentA,Good,162.9,
1240,2026-09-15 23:39:59.525,EM-01,em01.activePower,Good,132,
1241,2026-09-15 23:39:59.525,EM-01,em01.reactivePower,Good,21,
1242,2026-09-15 23:39:59.525,EM-01,em01.powerFactor,Good,0.882,
1243,2026-09-15 23:39:59.525,EM-01,em01.frequency,Good,50,
1244,2026-09-15 23:39:59.525,EM-01,em01.demand,Good,132,
1245,2026-09-15 23:39:59.525,EM-01,em01.energyF64,Good,0.135916666666667,
1246,2026-09-15 23:39:59.525,EM-01,em01.unbalance,Good,1.578947,
1247,2026-09-15 23:39:59.536,ENV-01,env01.dewPoint,Good,17.1,
1248,2026-09-15 23:39:59.536,ENV-01,env01.pm25,Good,20,
1249,2026-09-15 23:39:59.536,ENV-01,env01.pressureDiff,Good,-3,
1250,2026-09-15 23:39:59.536,ENV-01,env01.illuminance,Good,344,
1251,2026-09-15 23:39:59.536,ENV-01,env01.tempFluctuation,Good,18.11147,
1252,2026-09-15 23:40:00.090,IM-01,im01.clampForceDev,Good,-48,
1253,2026-09-15 23:40:00.094,IM-01,im01.prodTime,Good,09/15/2026 23:40:00,
1254,2026-09-15 23:40:00.097,IM-01,im01.moldTemp,Good,84.6,
1255,2026-09-15 23:40:00.097,IM-01,im01.oilTemp,Good,44.9,
1256,2026-09-15 23:40:00.097,IM-01,im01.screwSpeed,Good,190,
1257,2026-09-15 23:40:00.097,IM-01,im01.pumpCurrent,Good,5,
1258,2026-09-15 23:40:00.097,IM-01,im01.hydraulicPressure,Good,17,
1259,2026-09-15 23:40:00.097,IM-01,im01.power,Good,10,
1260,2026-09-15 23:40:00.097,IM-01,im01.meltEnergy,Good,9.349526,
1261,2026-09-15 23:40:00.097,IM-01,im01.energyTotal,Good,0.0173333333333333,
1262,2026-09-15 23:40:00.465,GW-LINE-B,mtc01.runSeconds,Good,55,
1263,2026-09-15 23:40:00.465,GW-LINE-B,mtc01.energyTotal,Good,0.00819444444444445,
1264,2026-09-15 23:40:00.467,GW-LINE-B,mtc01.tempDeviation,Good,-0.8,
1265,2026-09-15 23:40:00.471,GW-LINE-B,dry01.drySeconds,Good,55,
1266,2026-09-15 23:40:00.471,GW-LINE-B,dry01.energyTotal,Good,0.00852777777777778,
1267,2026-09-15 23:40:00.473,GW-LINE-B,dry01.dewDeviation,Good,0.8,
1268,2026-09-15 23:40:00.477,GW-LINE-B,rob01.runSeconds,Good,55,
1269,2026-09-15 23:40:00.479,GW-LINE-B,rob01.energyTotal,Good,0.00769444444444444,
1270,2026-09-15 23:40:00.486,GW-LINE-B,mtc01.actualTemp,Good,99.2,
1271,2026-09-15 23:40:00.486,GW-LINE-B,mtc01.pumpPressure,Good,2,
1272,2026-09-15 23:40:00.486,GW-LINE-B,mtc01.pumpFlow,Good,33,
1273,2026-09-15 23:40:00.486,GW-LINE-B,mtc01.pumpCurrent,Good,5.4,
1274,2026-09-15 23:40:00.486,GW-LINE-B,mtc01.heatPower,Good,4,
1275,2026-09-15 23:40:00.486,GW-LINE-B,mtc01.outletTemp,Good,99.7,
1276,2026-09-15 23:40:00.486,GW-LINE-B,mtc01.tempAvg,Good,991.6855,
1277,2026-09-15 23:40:00.492,GW-LINE-B,dry01.dryTemp,Good,79.4,
1278,2026-09-15 23:40:00.492,GW-LINE-B,dry01.dewPoint,Good,-34.2,
1279,2026-09-15 23:40:00.492,GW-LINE-B,dry01.fanCurrent,Good,1.5,
1280,2026-09-15 23:40:00.492,GW-LINE-B,dry01.inTemp,Good,444,
1281,2026-09-15 23:40:00.492,GW-LINE-B,dry01.outTemp,Good,594,
1282,2026-09-15 23:40:00.494,GW-LINE-B,dry01.levelTrend,Good,-0.15923,
1283,2026-09-15 23:40:00.498,GW-LINE-B,rob01.posY,Good,1,
1284,2026-09-15 23:40:00.498,GW-LINE-B,rob01.posZ,Good,1,
1285,2026-09-15 23:40:00.498,GW-LINE-B,rob01.trajectory,Good,-0.2080241,
1286,2026-09-15 23:40:00.524,EM-01,em01.readTime,Good,09/15/2026 23:40:00,
1287,2026-09-15 23:40:00.529,EM-01,em01.totalEnergy,Good,16.66,
1288,2026-09-15 23:40:00.529,EM-01,em01.forwardEnergy,Good,16.66,
1289,2026-09-15 23:40:00.529,EM-01,em01.voltageA,Good,381,
1290,2026-09-15 23:40:00.529,EM-01,em01.voltageB,Good,385,
1291,2026-09-15 23:40:00.529,EM-01,em01.voltageC,Good,379,
1292,2026-09-15 23:40:00.529,EM-01,em01.currentA,Good,170.3,
1293,2026-09-15 23:40:00.529,EM-01,em01.activePower,Good,112,
1294,2026-09-15 23:40:00.529,EM-01,em01.reactivePower,Good,35,
1295,2026-09-15 23:40:00.529,EM-01,em01.powerFactor,Good,0.861,
1296,2026-09-15 23:40:00.529,EM-01,em01.frequency,Good,49.9,
1297,2026-09-15 23:40:00.529,EM-01,em01.demand,Good,112,
1298,2026-09-15 23:40:00.529,EM-01,em01.energyF64,Good,0.169277777777778,
1299,2026-09-15 23:40:00.536,ENV-01,env01.humidity,Good,54,
1300,2026-09-15 23:40:00.536,ENV-01,env01.dewPoint,Good,16.9,
1301,2026-09-15 23:40:00.536,ENV-01,env01.noise,Good,73,
1302,2026-09-15 23:40:00.536,ENV-01,env01.pm25,Good,27,
1303,2026-09-15 23:40:00.536,ENV-01,env01.pressureDiff,Good,9,
1304,2026-09-15 23:40:00.536,ENV-01,env01.illuminance,Good,392,
1305,2026-09-15 23:40:00.536,ENV-01,env01.tempFluctuation,Good,18.08339,
1306,2026-09-15 23:40:01.094,IM-01,im01.prodTime,Good,09/15/2026 23:40:01,
1307,2026-09-15 23:40:01.097,IM-01,im01.barrel1Temp,Good,220,
1308,2026-09-15 23:40:01.097,IM-01,im01.oilTemp,Good,44.8,
1309,2026-09-15 23:40:01.097,IM-01,im01.screwSpeed,Good,234,
1310,2026-09-15 23:40:01.097,IM-01,im01.pumpCurrent,Good,7.8,
1311,2026-09-15 23:40:01.097,IM-01,im01.power,Good,14,
1312,2026-09-15 23:40:01.097,IM-01,im01.meltEnergy,Good,12.52524,
1313,2026-09-15 23:40:01.097,IM-01,im01.energyTotal,Good,0.0205833333333333,
1314,2026-09-15 23:40:01.487,GW-LINE-B,mtc01.actualTemp,Good,99.3,
1315,2026-09-15 23:40:01.487,GW-LINE-B,mtc01.pumpPressure,Good,5,
1316,2026-09-15 23:40:01.487,GW-LINE-B,mtc01.pumpFlow,Good,21,
1317,2026-09-15 23:40:01.487,GW-LINE-B,mtc01.pumpCurrent,Good,3.2,
1318,2026-09-15 23:40:01.487,GW-LINE-B,mtc01.heatPower,Good,6,
1319,2026-09-15 23:40:01.487,GW-LINE-B,mtc01.outletTemp,Good,99.8,
1320,2026-09-15 23:40:01.487,GW-LINE-B,mtc01.tempAvg,Good,992.9216,
1321,2026-09-15 23:40:01.496,GW-LINE-B,dry01.dewPoint,Good,-33.6,
1322,2026-09-15 23:40:01.496,GW-LINE-B,dry01.heatPower,Good,8,
1323,2026-09-15 23:40:01.496,GW-LINE-B,dry01.fanCurrent,Good,1,
1324,2026-09-15 23:40:01.497,GW-LINE-B,dry01.levelTrend,Good,-0.1861061,
1325,2026-09-15 23:40:01.502,GW-LINE-B,rob01.cycleTime,Good,2.9,
1326,2026-09-15 23:40:01.502,GW-LINE-B,rob01.posZ,Good,2,
1327,2026-09-15 23:40:01.502,GW-LINE-B,rob01.trajectory,Good,-0.2831298,
1328,2026-09-15 23:40:01.529,EM-01,em01.totalEnergy,Good,19.67,
1329,2026-09-15 23:40:01.529,EM-01,em01.forwardEnergy,Good,19.67,
1330,2026-09-15 23:40:01.529,EM-01,em01.voltageA,Good,383,
1331,2026-09-15 23:40:01.529,EM-01,em01.voltageB,Good,381,
1332,2026-09-15 23:40:01.529,EM-01,em01.voltageC,Good,381,
1333,2026-09-15 23:40:01.529,EM-01,em01.currentA,Good,141.8,
1334,2026-09-15 23:40:01.529,EM-01,em01.activePower,Good,109,
1335,2026-09-15 23:40:01.529,EM-01,em01.reactivePower,Good,29,
1336,2026-09-15 23:40:01.529,EM-01,em01.powerFactor,Good,0.943,
1337,2026-09-15 23:40:01.529,EM-01,em01.frequency,Good,50.03,
1338,2026-09-15 23:40:01.529,EM-01,em01.demand,Good,109,
1339,2026-09-15 23:40:01.529,EM-01,em01.energyF64,Good,0.199944444444444,
1340,2026-09-15 23:40:01.529,EM-01,em01.unbalance,Good,0.5263158,
1341,2026-09-15 23:40:01.536,ENV-01,env01.roomTemp,Good,26,
1342,2026-09-15 23:40:01.536,ENV-01,env01.humidity,Good,55,
1343,2026-09-15 23:40:01.536,ENV-01,env01.dewPoint,Good,17,
1344,2026-09-15 23:40:01.536,ENV-01,env01.noise,Good,70,
1345,2026-09-15 23:40:01.536,ENV-01,env01.pm25,Good,50,
1346,2026-09-15 23:40:01.536,ENV-01,env01.pressureDiff,Good,7,
1347,2026-09-15 23:40:01.536,ENV-01,env01.illuminance,Good,371,
1348,2026-09-15 23:40:01.536,ENV-01,env01.tempFluctuation,Good,18.48702,
1349,2026-09-15 23:40:02.094,IM-01,im01.prodTime,Good,09/15/2026 23:40:02,
1350,2026-09-15 23:40:02.097,IM-01,im01.barrel1Temp,Good,219.8,
1351,2026-09-15 23:40:02.097,IM-01,im01.barrel5Temp,Good,179.6,
1352,2026-09-15 23:40:02.097,IM-01,im01.moldTemp,Good,84.5,
1353,2026-09-15 23:40:02.097,IM-01,im01.oilTemp,Good,44.6,
1354,2026-09-15 23:40:02.097,IM-01,im01.screwSpeed,Good,158,
1355,2026-09-15 23:40:02.097,IM-01,im01.pumpCurrent,Good,3.5,
1356,2026-09-15 23:40:02.097,IM-01,im01.hydraulicPressure,Good,6,
1357,2026-09-15 23:40:02.097,IM-01,im01.power,Good,11,
1358,2026-09-15 23:40:02.097,IM-01,im01.meltEnergy,Good,8.094804,
1359,2026-09-15 23:40:02.097,IM-01,im01.energyTotal,Good,0.0238888888888889,
1360,2026-09-15 23:40:02.487,GW-LINE-B,mtc01.pumpPressure,Good,2,
1361,2026-09-15 23:40:02.487,GW-LINE-B,mtc01.pumpFlow,Good,22,
1362,2026-09-15 23:40:02.487,GW-LINE-B,mtc01.pumpCurrent,Good,5.6,
1363,2026-09-15 23:40:02.487,GW-LINE-B,mtc01.heatPower,Good,3,
1364,2026-09-15 23:40:02.487,GW-LINE-B,mtc01.tempAvg,Good,992.994,
1365,2026-09-15 23:40:02.493,GW-LINE-B,dry01.dewPoint,Good,-34,
1366,2026-09-15 23:40:02.493,GW-LINE-B,dry01.materialLevel,Good,82,
1367,2026-09-15 23:40:02.493,GW-LINE-B,dry01.fanCurrent,Good,2,
1368,2026-09-15 23:40:02.494,GW-LINE-B,dry01.levelTrend,Good,-0.2122606,
1369,2026-09-15 23:40:02.499,GW-LINE-B,rob01.posZ,Good,1,
1370,2026-09-15 23:40:02.499,GW-LINE-B,rob01.trajectory,Good,-0.06779745,
1371,2026-09-15 23:40:02.529,EM-01,em01.totalEnergy,Good,22.78,
1372,2026-09-15 23:40:02.529,EM-01,em01.forwardEnergy,Good,22.78,
1373,2026-09-15 23:40:02.529,EM-01,em01.voltageB,Good,377,
1374,2026-09-15 23:40:02.529,EM-01,em01.voltageC,Good,377,
1375,2026-09-15 23:40:02.529,EM-01,em01.currentA,Good,125.5,
1376,2026-09-15 23:40:02.529,EM-01,em01.activePower,Good,131,
1377,2026-09-15 23:40:02.529,EM-01,em01.reactivePower,Good,25,
1378,2026-09-15 23:40:02.529,EM-01,em01.powerFactor,Good,0.871,
1379,2026-09-15 23:40:02.529,EM-01,em01.frequency,Good,50.01,
1380,2026-09-15 23:40:02.529,EM-01,em01.demand,Good,131,
1381,2026-09-15 23:40:02.529,EM-01,em01.energyF64,Good,0.2315,
1382,2026-09-15 23:40:02.529,EM-01,em01.unbalance,Good,1.578947,
1383,2026-09-15 23:40:02.536,ENV-01,env01.dewPoint,Good,17.1,
1384,2026-09-15 23:40:02.536,ENV-01,env01.noise,Good,78,
1385,2026-09-15 23:40:02.536,ENV-01,env01.pm25,Good,23,
1386,2026-09-15 23:40:02.536,ENV-01,env01.pressureDiff,Good,10,
1387,2026-09-15 23:40:02.536,ENV-01,env01.illuminance,Good,313,
1388,2026-09-15 23:40:02.536,ENV-01,env01.tempFluctuation,Good,19.0477,
1389,2026-09-15 23:40:03.095,IM-01,im01.prodTime,Good,09/15/2026 23:40:03,
1390,2026-09-15 23:40:03.098,IM-01,im01.barrel1Temp,Good,219.6,
1391,2026-09-15 23:40:03.098,IM-01,im01.barrel5Temp,Good,179.5,
1392,2026-09-15 23:40:03.098,IM-01,im01.moldTemp,Good,84.6,
1393,2026-09-15 23:40:03.098,IM-01,im01.oilTemp,Good,44.3,
1394,2026-09-15 23:40:03.098,IM-01,im01.screwSpeed,Good,200,
1395,2026-09-15 23:40:03.098,IM-01,im01.pumpCurrent,Good,3,
1396,2026-09-15 23:40:03.098,IM-01,im01.hydraulicPressure,Good,12,
1397,2026-09-15 23:40:03.098,IM-01,im01.power,Good,10,
1398,2026-09-15 23:40:03.098,IM-01,im01.meltEnergy,Good,9.235276,
1399,2026-09-15 23:40:03.098,IM-01,im01.energyTotal,Good,0.0271666666666667,
1400,2026-09-15 23:40:03.487,GW-LINE-B,mtc01.actualTemp,Good,99.2,
1401,2026-09-15 23:40:03.487,GW-LINE-B,mtc01.pumpPressure,Good,4,
1402,2026-09-15 23:40:03.487,GW-LINE-B,mtc01.pumpFlow,Good,19,
1403,2026-09-15 23:40:03.487,GW-LINE-B,mtc01.pumpCurrent,Good,5.1,
1404,2026-09-15 23:40:03.487,GW-LINE-B,mtc01.heatPower,Good,6,
1405,2026-09-15 23:40:03.487,GW-LINE-B,mtc01.outletTemp,Good,99.7,
1406,2026-09-15 23:40:03.487,GW-LINE-B,mtc01.tempAvg,Good,991.6331,
1407,2026-09-15 23:40:03.493,GW-LINE-B,dry01.dewPoint,Good,-33.8,
1408,2026-09-15 23:40:03.493,GW-LINE-B,dry01.heatPower,Good,5,
1409,2026-09-15 23:40:03.493,GW-LINE-B,dry01.fanCurrent,Good,1.4,
1410,2026-09-15 23:40:03.495,GW-LINE-B,dry01.levelTrend,Good,-0.2477966,
1411,2026-09-15 23:40:03.499,GW-LINE-B,rob01.posZ,Good,0,
1412,2026-09-15 23:40:03.499,GW-LINE-B,rob01.trajectory,Good,0.2694369,
1413,2026-09-15 23:40:03.529,EM-01,em01.totalEnergy,Good,26.1,
1414,2026-09-15 23:40:03.529,EM-01,em01.forwardEnergy,Good,26.1,
1415,2026-09-15 23:40:03.529,EM-01,em01.voltageA,Good,379,
1416,2026-09-15 23:40:03.529,EM-01,em01.voltageC,Good,382,
1417,2026-09-15 23:40:03.529,EM-01,em01.currentA,Good,215.9,
1418,2026-09-15 23:40:03.529,EM-01,em01.activePower,Good,104,
1419,2026-09-15 23:40:03.529,EM-01,em01.reactivePower,Good,22,
1420,2026-09-15 23:40:03.529,EM-01,em01.powerFactor,Good,0.902,
1421,2026-09-15 23:40:03.529,EM-01,em01.frequency,Good,50.04,
1422,2026-09-15 23:40:03.529,EM-01,em01.demand,Good,104,
1423,2026-09-15 23:40:03.529,EM-01,em01.energyF64,Good,0.265277777777778,
1424,2026-09-15 23:40:03.529,EM-01,em01.unbalance,Good,1.315789,
1425,2026-09-15 23:40:03.537,ENV-01,env01.roomTemp,Good,26.1,
1426,2026-09-15 23:40:03.537,ENV-01,env01.humidity,Good,54,
1427,2026-09-15 23:40:03.537,ENV-01,env01.dewPoint,Good,17,
1428,2026-09-15 23:40:03.537,ENV-01,env01.noise,Good,77,
1429,2026-09-15 23:40:03.537,ENV-01,env01.pm25,Good,55,
1430,2026-09-15 23:40:03.537,ENV-01,env01.illuminance,Good,444,
1431,2026-09-15 23:40:03.537,ENV-01,env01.tempFluctuation,Good,19.12969,
1432,2026-09-15 23:40:04.095,IM-01,im01.barrel1Temp,Good,219.7,
1433,2026-09-15 23:40:04.095,IM-01,im01.barrel5Temp,Good,179.7,
1434,2026-09-15 23:40:04.095,IM-01,im01.moldTemp,Good,84.5,
1435,2026-09-15 23:40:04.095,IM-01,im01.oilTemp,Good,44.6,
1436,2026-09-15 23:40:04.095,IM-01,im01.screwSpeed,Good,239,
1437,2026-09-15 23:40:04.095,IM-01,im01.pumpCurrent,Good,8.1,
1438,2026-09-15 23:40:04.095,IM-01,im01.hydraulicPressure,Good,10,
1439,2026-09-15 23:40:04.095,IM-01,im01.power,Good,14,
1440,2026-09-15 23:40:04.095,IM-01,im01.meltEnergy,Good,12.64253,
1441,2026-09-15 23:40:04.095,IM-01,im01.energyTotal,Good,0.0307222222222222,
1442,2026-09-15 23:40:04.098,IM-01,im01.prodTime,Good,09/15/2026 23:40:04,
1443,2026-09-15 23:40:04.487,GW-LINE-B,mtc01.actualTemp,Good,99.4,
1444,2026-09-15 23:40:04.487,GW-LINE-B,mtc01.pumpPressure,Good,2,
1445,2026-09-15 23:40:04.487,GW-LINE-B,mtc01.pumpFlow,Good,17,
1446,2026-09-15 23:40:04.487,GW-LINE-B,mtc01.pumpCurrent,Good,3.3,
1447,2026-09-15 23:40:04.487,GW-LINE-B,mtc01.outletTemp,Good,99.9,
1448,2026-09-15 23:40:04.487,GW-LINE-B,mtc01.tempAvg,Good,993.7367,
1449,2026-09-15 23:40:04.494,GW-LINE-B,dry01.dewPoint,Good,-34.1,
1450,2026-09-15 23:40:04.494,GW-LINE-B,dry01.heatPower,Good,6,
1451,2026-09-15 23:40:04.494,GW-LINE-B,dry01.fanCurrent,Good,1.1,
1452,2026-09-15 23:40:04.495,GW-LINE-B,dry01.levelTrend,Good,-0.2767195,
1453,2026-09-15 23:40:04.500,GW-LINE-B,rob01.cycleTime,Good,3.2,
1454,2026-09-15 23:40:04.500,GW-LINE-B,rob01.posY,Good,0,
1455,2026-09-15 23:40:04.500,GW-LINE-B,rob01.trajectory,Good,-0.0004521236,
1456,2026-09-15 23:40:04.517,ENV-01,env01.runSeconds,Good,95,
1457,2026-09-15 23:40:04.517,ENV-01,env01.sampleTime,Good,09/15/2026 23:40:04,
1458,2026-09-15 23:40:04.520,ENV-01,env01.tempDeviation,Good,0.1,
1460,2026-09-15 23:40:04.530,EM-01,em01.totalEnergy,Good,29.34,
1461,2026-09-15 23:40:04.530,EM-01,em01.forwardEnergy,Good,29.34,
1462,2026-09-15 23:40:04.530,EM-01,em01.voltageA,Good,378,
1463,2026-09-15 23:40:04.530,EM-01,em01.voltageB,Good,384,
1464,2026-09-15 23:40:04.530,EM-01,em01.voltageC,Good,377,
1465,2026-09-15 23:40:04.530,EM-01,em01.currentA,Good,201,
1466,2026-09-15 23:40:04.530,EM-01,em01.activePower,Good,131,
1467,2026-09-15 23:40:04.530,EM-01,em01.reactivePower,Good,36,
1468,2026-09-15 23:40:04.530,EM-01,em01.powerFactor,Good,0.886,
1469,2026-09-15 23:40:04.530,EM-01,em01.frequency,Good,49.9,
1470,2026-09-15 23:40:04.530,EM-01,em01.demand,Good,131,
1471,2026-09-15 23:40:04.530,EM-01,em01.energyF64,Good,0.298083333333333,
1472,2026-09-15 23:40:04.530,EM-01,em01.unbalance,Good,1.842105,
1473,2026-09-15 23:40:04.537,ENV-01,env01.noise,Good,78,
1474,2026-09-15 23:40:04.537,ENV-01,env01.pm25,Good,50,
1475,2026-09-15 23:40:04.537,ENV-01,env01.pressureDiff,Good,12,
1476,2026-09-15 23:40:04.537,ENV-01,env01.illuminance,Good,437,
1477,2026-09-15 23:40:04.537,ENV-01,env01.tempFluctuation,Good,18.67856,
1478,2026-09-15 23:40:05.089,IM-01,im01.cavitySetTemp,Good,234,
1479,2026-09-15 23:40:05.091,IM-01,im01.clampForceDev,Good,-56,
1480,2026-09-15 23:40:05.095,IM-01,im01.barrel1Temp,Good,228.6,
1481,2026-09-15 23:40:05.095,IM-01,im01.barrel5Temp,Good,179.6,
1482,2026-09-15 23:40:05.095,IM-01,im01.oilTemp,Good,44.5,
1483,2026-09-15 23:40:05.095,IM-01,im01.screwSpeed,Good,156,
1484,2026-09-15 23:40:05.095,IM-01,im01.pumpCurrent,Good,3.8,
1485,2026-09-15 23:40:05.095,IM-01,im01.hydraulicPressure,Good,14,
1486,2026-09-15 23:40:05.095,IM-01,im01.meltEnergy,Good,8.565868,
1487,2026-09-15 23:40:05.095,IM-01,im01.energyTotal,Good,0.0342222222222222,
1488,2026-09-15 23:40:05.098,IM-01,im01.prodTime,Good,09/15/2026 23:40:05,
1489,2026-09-15 23:40:05.466,GW-LINE-B,mtc01.runSeconds,Good,105,
1490,2026-09-15 23:40:05.466,GW-LINE-B,mtc01.energyTotal,Good,0.0156111111111111,
1491,2026-09-15 23:40:05.467,GW-LINE-B,mtc01.tempDeviation,Good,-0.5,
1492,2026-09-15 23:40:05.472,GW-LINE-B,dry01.drySeconds,Good,105,
1493,2026-09-15 23:40:05.472,GW-LINE-B,dry01.energyTotal,Good,0.017,
1494,2026-09-15 23:40:05.473,GW-LINE-B,dry01.dewDeviation,Good,1.4,
1495,2026-09-15 23:40:05.478,GW-LINE-B,rob01.runSeconds,Good,105,
1496,2026-09-15 23:40:05.479,GW-LINE-B,rob01.energyTotal,Good,0.0138888888888889,
1497,2026-09-15 23:40:05.488,GW-LINE-B,mtc01.actualTemp,Good,99.5,
1498,2026-09-15 23:40:05.488,GW-LINE-B,mtc01.pumpPressure,Good,3,
1499,2026-09-15 23:40:05.488,GW-LINE-B,mtc01.pumpFlow,Good,23,
1500,2026-09-15 23:40:05.488,GW-LINE-B,mtc01.pumpCurrent,Good,4.3,
1501,2026-09-15 23:40:05.488,GW-LINE-B,mtc01.heatPower,Good,3,
1502,2026-09-15 23:40:05.488,GW-LINE-B,mtc01.outletTemp,Good,100,
1503,2026-09-15 23:40:05.488,GW-LINE-B,mtc01.tempAvg,Good,994.7937,
1504,2026-09-15 23:40:05.494,GW-LINE-B,dry01.dewPoint,Good,-33.6,
1505,2026-09-15 23:40:05.494,GW-LINE-B,dry01.materialLevel,Good,81,
1506,2026-09-15 23:40:05.494,GW-LINE-B,dry01.heatPower,Good,3,
1507,2026-09-15 23:40:05.494,GW-LINE-B,dry01.fanCurrent,Good,1.9,
1508,2026-09-15 23:40:05.495,GW-LINE-B,dry01.levelTrend,Good,-0.305819,
1509,2026-09-15 23:40:05.500,GW-LINE-B,rob01.cycleTime,Good,3.1,
1510,2026-09-15 23:40:05.500,GW-LINE-B,rob01.posY,Good,1,
1511,2026-09-15 23:40:05.500,GW-LINE-B,rob01.trajectory,Good,-0.2186499,
1512,2026-09-15 23:40:05.524,EM-01,em01.readTime,Good,09/15/2026 23:40:05,
1513,2026-09-15 23:40:05.530,EM-01,em01.totalEnergy,Good,32.78,
1514,2026-09-15 23:40:05.530,EM-01,em01.forwardEnergy,Good,32.78,
1515,2026-09-15 23:40:05.530,EM-01,em01.voltageA,Good,384,
1516,2026-09-15 23:40:05.530,EM-01,em01.voltageB,Good,377,
1517,2026-09-15 23:40:05.530,EM-01,em01.voltageC,Good,383,
1518,2026-09-15 23:40:05.530,EM-01,em01.currentA,Good,129.7,
1519,2026-09-15 23:40:05.530,EM-01,em01.activePower,Good,129,
1520,2026-09-15 23:40:05.530,EM-01,em01.reactivePower,Good,20,
1521,2026-09-15 23:40:05.530,EM-01,em01.powerFactor,Good,0.898,
1522,2026-09-15 23:40:05.530,EM-01,em01.frequency,Good,50,
1523,2026-09-15 23:40:05.530,EM-01,em01.demand,Good,129,
1524,2026-09-15 23:40:05.530,EM-01,em01.energyF64,Good,0.333,
1525,2026-09-15 23:40:05.537,ENV-01,env01.roomTemp,Good,26,
1526,2026-09-15 23:40:05.537,ENV-01,env01.dewPoint,Good,16.8,
1527,2026-09-15 23:40:05.537,ENV-01,env01.noise,Good,74,
1528,2026-09-15 23:40:05.537,ENV-01,env01.pm25,Good,43,
1529,2026-09-15 23:40:05.537,ENV-01,env01.pressureDiff,Good,9,
1530,2026-09-15 23:40:05.537,ENV-01,env01.illuminance,Good,425,
1531,2026-09-15 23:40:05.537,ENV-01,env01.tempFluctuation,Good,18.53753,
1532,2026-09-15 23:40:06.096,IM-01,im01.barrel1Temp,Good,232.9,
1533,2026-09-15 23:40:06.096,IM-01,im01.barrel5Temp,Good,179.8,
1534,2026-09-15 23:40:06.096,IM-01,im01.oilTemp,Good,44.4,
1535,2026-09-15 23:40:06.096,IM-01,im01.screwSpeed,Good,227,
1536,2026-09-15 23:40:06.096,IM-01,im01.pumpCurrent,Good,8.4,
1537,2026-09-15 23:40:06.096,IM-01,im01.hydraulicPressure,Good,17,
1538,2026-09-15 23:40:06.096,IM-01,im01.meltEnergy,Good,11.8869,
1539,2026-09-15 23:40:06.096,IM-01,im01.energyTotal,Good,0.0374722222222222,
1540,2026-09-15 23:40:06.099,IM-01,im01.prodTime,Good,09/15/2026 23:40:06,
1541,2026-09-15 23:40:06.488,GW-LINE-B,mtc01.actualTemp,Good,99.6,
1542,2026-09-15 23:40:06.488,GW-LINE-B,mtc01.pumpPressure,Good,4,
1543,2026-09-15 23:40:06.488,GW-LINE-B,mtc01.pumpFlow,Good,25,
1544,2026-09-15 23:40:06.488,GW-LINE-B,mtc01.pumpCurrent,Good,5.3,
1545,2026-09-15 23:40:06.488,GW-LINE-B,mtc01.heatPower,Good,4,
1546,2026-09-15 23:40:06.488,GW-LINE-B,mtc01.outletTemp,Good,100.1,
1547,2026-09-15 23:40:06.488,GW-LINE-B,mtc01.tempAvg,Good,995.9177,
1548,2026-09-15 23:40:06.494,GW-LINE-B,dry01.dewPoint,Good,-33.8,
1549,2026-09-15 23:40:06.494,GW-LINE-B,dry01.heatPower,Good,8,
1550,2026-09-15 23:40:06.494,GW-LINE-B,dry01.fanCurrent,Good,1.7,
1551,2026-09-15 23:40:06.496,GW-LINE-B,dry01.levelTrend,Good,-0.3393466,
1552,2026-09-15 23:40:06.500,GW-LINE-B,rob01.posY,Good,2,
1553,2026-09-15 23:40:06.500,GW-LINE-B,rob01.trajectory,Good,0.09005547,
1554,2026-09-15 23:40:06.530,EM-01,em01.totalEnergy,Good,36.12,
1555,2026-09-15 23:40:06.530,EM-01,em01.forwardEnergy,Good,36.12,
1556,2026-09-15 23:40:06.530,EM-01,em01.voltageA,Good,378,
1557,2026-09-15 23:40:06.530,EM-01,em01.voltageB,Good,376,
1558,2026-09-15 23:40:06.530,EM-01,em01.voltageC,Good,384,
1559,2026-09-15 23:40:06.530,EM-01,em01.currentA,Good,164.8,
1560,2026-09-15 23:40:06.530,EM-01,em01.activePower,Good,126,
1561,2026-09-15 23:40:06.530,EM-01,em01.reactivePower,Good,22,
1562,2026-09-15 23:40:06.530,EM-01,em01.powerFactor,Good,0.938,
1563,2026-09-15 23:40:06.530,EM-01,em01.frequency,Good,49.96,
1564,2026-09-15 23:40:06.530,EM-01,em01.demand,Good,126,
1565,2026-09-15 23:40:06.530,EM-01,em01.energyF64,Good,0.367,
1566,2026-09-15 23:40:06.530,EM-01,em01.unbalance,Good,2.105263,
1567,2026-09-15 23:40:06.538,ENV-01,env01.dewPoint,Good,16.9,
1568,2026-09-15 23:40:06.538,ENV-01,env01.noise,Good,71,
1569,2026-09-15 23:40:06.538,ENV-01,env01.pm25,Good,28,
1570,2026-09-15 23:40:06.538,ENV-01,env01.pressureDiff,Good,-1,
1571,2026-09-15 23:40:06.538,ENV-01,env01.illuminance,Good,389,
1572,2026-09-15 23:40:06.538,ENV-01,env01.tempFluctuation,Good,18.11304,
1573,2026-09-15 23:40:07.096,IM-01,im01.barrel1Temp,Good,233.5,
1574,2026-09-15 23:40:07.096,IM-01,im01.barrel5Temp,Good,179.6,
1575,2026-09-15 23:40:07.096,IM-01,im01.screwSpeed,Good,183,
1576,2026-09-15 23:40:07.096,IM-01,im01.pumpCurrent,Good,3.3,
1577,2026-09-15 23:40:07.096,IM-01,im01.hydraulicPressure,Good,12,
1578,2026-09-15 23:40:07.096,IM-01,im01.power,Good,11,
1579,2026-09-15 23:40:07.096,IM-01,im01.meltEnergy,Good,9.698736,
1580,2026-09-15 23:40:07.096,IM-01,im01.energyTotal,Good,0.0410833333333334,
1581,2026-09-15 23:40:07.099,IM-01,im01.prodTime,Good,09/15/2026 23:40:07,
1582,2026-09-15 23:40:07.488,GW-LINE-B,mtc01.actualTemp,Good,99.4,
1583,2026-09-15 23:40:07.488,GW-LINE-B,mtc01.pumpPressure,Good,5,
1584,2026-09-15 23:40:07.488,GW-LINE-B,mtc01.pumpFlow,Good,34,
1585,2026-09-15 23:40:07.488,GW-LINE-B,mtc01.pumpCurrent,Good,4.6,
1586,2026-09-15 23:40:07.488,GW-LINE-B,mtc01.heatPower,Good,6,
1587,2026-09-15 23:40:07.488,GW-LINE-B,mtc01.outletTemp,Good,99.9,
1588,2026-09-15 23:40:07.488,GW-LINE-B,mtc01.tempAvg,Good,993.9642,
1589,2026-09-15 23:40:07.495,GW-LINE-B,dry01.dewPoint,Good,-34.4,
1590,2026-09-15 23:40:07.495,GW-LINE-B,dry01.heatPower,Good,7,
1591,2026-09-15 23:40:07.495,GW-LINE-B,dry01.fanCurrent,Good,0.9,
1592,2026-09-15 23:40:07.496,GW-LINE-B,dry01.levelTrend,Good,-0.3683802,
1593,2026-09-15 23:40:07.499,GW-LINE-B,rob01.inPlace,Good,False,
1594,2026-09-15 23:40:07.501,GW-LINE-B,rob01.cycleTime,Good,3.2,
1595,2026-09-15 23:40:07.501,GW-LINE-B,rob01.posX,Good,98,
1596,2026-09-15 23:40:07.501,GW-LINE-B,rob01.posY,Good,299,
1597,2026-09-15 23:40:07.501,GW-LINE-B,rob01.posZ,Good,85,
1598,2026-09-15 23:40:07.501,GW-LINE-B,rob01.gripState,Good,1,
1599,2026-09-15 23:40:07.501,GW-LINE-B,rob01.trajectory,Good,98.15634,
1600,2026-09-15 23:40:07.530,EM-01,em01.totalEnergy,Good,39.32,
1601,2026-09-15 23:40:07.530,EM-01,em01.forwardEnergy,Good,39.32,
1602,2026-09-15 23:40:07.530,EM-01,em01.voltageA,Good,381,
1603,2026-09-15 23:40:07.530,EM-01,em01.voltageB,Good,378,
1604,2026-09-15 23:40:07.530,EM-01,em01.voltageC,Good,378,
1605,2026-09-15 23:40:07.530,EM-01,em01.currentA,Good,213,
1606,2026-09-15 23:40:07.530,EM-01,em01.activePower,Good,124,
1607,2026-09-15 23:40:07.530,EM-01,em01.reactivePower,Good,25,
1608,2026-09-15 23:40:07.530,EM-01,em01.powerFactor,Good,0.894,
1609,2026-09-15 23:40:07.530,EM-01,em01.frequency,Good,49.97,
1610,2026-09-15 23:40:07.530,EM-01,em01.demand,Good,124,
1611,2026-09-15 23:40:07.530,EM-01,em01.energyF64,Good,0.399472222222222,
1612,2026-09-15 23:40:07.530,EM-01,em01.unbalance,Good,0.7894737,
1613,2026-09-15 23:40:07.538,ENV-01,env01.humidity,Good,56,
1614,2026-09-15 23:40:07.538,ENV-01,env01.dewPoint,Good,17.3,
1615,2026-09-15 23:40:07.538,ENV-01,env01.noise,Good,72,
1616,2026-09-15 23:40:07.538,ENV-01,env01.pm25,Good,57,
1617,2026-09-15 23:40:07.538,ENV-01,env01.pressureDiff,Good,13,
1618,2026-09-15 23:40:07.538,ENV-01,env01.illuminance,Good,463,
1619,2026-09-15 23:40:07.538,ENV-01,env01.tempFluctuation,Good,19.02001,
1620,2026-09-15 23:40:08.096,IM-01,im01.barrel1Temp,Good,233.8,
1621,2026-09-15 23:40:08.096,IM-01,im01.barrel5Temp,Good,179.8,
1622,2026-09-15 23:40:08.096,IM-01,im01.oilTemp,Good,44.2,
1623,2026-09-15 23:40:08.096,IM-01,im01.screwSpeed,Good,171,
1624,2026-09-15 23:40:08.096,IM-01,im01.pumpCurrent,Good,7.4,
1625,2026-09-15 23:40:08.096,IM-01,im01.hydraulicPressure,Good,0,
1626,2026-09-15 23:40:08.096,IM-01,im01.power,Good,15,
1627,2026-09-15 23:40:08.096,IM-01,im01.meltEnergy,Good,9.271752,
1628,2026-09-15 23:40:08.096,IM-01,im01.energyTotal,Good,0.0447777777777778,
1629,2026-09-15 23:40:08.100,IM-01,im01.prodTime,Good,09/15/2026 23:40:08,
1630,2026-09-15 23:40:08.489,GW-LINE-B,mtc01.actualTemp,Good,99.3,
1631,2026-09-15 23:40:08.489,GW-LINE-B,mtc01.pumpPressure,Good,3,
1632,2026-09-15 23:40:08.489,GW-LINE-B,mtc01.pumpFlow,Good,29,
1633,2026-09-15 23:40:08.489,GW-LINE-B,mtc01.pumpCurrent,Good,6,
1634,2026-09-15 23:40:08.489,GW-LINE-B,mtc01.heatPower,Good,7,
1635,2026-09-15 23:40:08.489,GW-LINE-B,mtc01.outletTemp,Good,99.8,
1636,2026-09-15 23:40:08.489,GW-LINE-B,mtc01.tempAvg,Good,992.5488,
1637,2026-09-15 23:40:08.495,GW-LINE-B,dry01.dewPoint,Good,-34.6,
1638,2026-09-15 23:40:08.495,GW-LINE-B,dry01.heatPower,Good,5,
1639,2026-09-15 23:40:08.495,GW-LINE-B,dry01.fanCurrent,Good,1.4,
1640,2026-09-15 23:40:08.497,GW-LINE-B,dry01.levelTrend,Good,-0.397528,
1641,2026-09-15 23:40:08.502,GW-LINE-B,rob01.cycleTime,Good,2.8,
1642,2026-09-15 23:40:08.502,GW-LINE-B,rob01.posX,Good,101,
1643,2026-09-15 23:40:08.502,GW-LINE-B,rob01.posY,Good,298,
1644,2026-09-15 23:40:08.502,GW-LINE-B,rob01.posZ,Good,76,
1645,2026-09-15 23:40:08.502,GW-LINE-B,rob01.trajectory,Good,101.1227,
1646,2026-09-15 23:40:08.530,EM-01,em01.totalEnergy,Good,42.3,
1647,2026-09-15 23:40:08.530,EM-01,em01.forwardEnergy,Good,42.3,
1648,2026-09-15 23:40:08.530,EM-01,em01.voltageA,Good,377,
1649,2026-09-15 23:40:08.530,EM-01,em01.voltageB,Good,382,
1650,2026-09-15 23:40:08.530,EM-01,em01.voltageC,Good,383,
1651,2026-09-15 23:40:08.530,EM-01,em01.currentA,Good,174.5,
1652,2026-09-15 23:40:08.530,EM-01,em01.activePower,Good,112,
1653,2026-09-15 23:40:08.530,EM-01,em01.reactivePower,Good,21,
1654,2026-09-15 23:40:08.530,EM-01,em01.powerFactor,Good,0.873,
1655,2026-09-15 23:40:08.530,EM-01,em01.frequency,Good,49.99,
1656,2026-09-15 23:40:08.530,EM-01,em01.demand,Good,112,
1657,2026-09-15 23:40:08.530,EM-01,em01.energyF64,Good,0.429777777777778,
1658,2026-09-15 23:40:08.530,EM-01,em01.unbalance,Good,1.578947,
1659,2026-09-15 23:40:08.538,ENV-01,env01.humidity,Good,57,
1660,2026-09-15 23:40:08.538,ENV-01,env01.dewPoint,Good,17.4,
1661,2026-09-15 23:40:08.538,ENV-01,env01.pm25,Good,47,
1662,2026-09-15 23:40:08.538,ENV-01,env01.pressureDiff,Good,8,
1663,2026-09-15 23:40:08.538,ENV-01,env01.illuminance,Good,326,
1664,2026-09-15 23:40:08.538,ENV-01,env01.tempFluctuation,Good,18.69108,
1665,2026-09-15 23:40:09.096,IM-01,im01.barrel1Temp,Good,233.6,
1666,2026-09-15 23:40:09.096,IM-01,im01.barrel5Temp,Good,179.7,
1667,2026-09-15 23:40:09.096,IM-01,im01.oilTemp,Good,44.6,
1668,2026-09-15 23:40:09.096,IM-01,im01.screwSpeed,Good,235,
1669,2026-09-15 23:40:09.096,IM-01,im01.hydraulicPressure,Good,14,
1670,2026-09-15 23:40:09.096,IM-01,im01.power,Good,13,
1671,2026-09-15 23:40:09.096,IM-01,im01.meltEnergy,Good,12.18281,
1672,2026-09-15 23:40:09.096,IM-01,im01.energyTotal,Good,0.0482222222222223,
1673,2026-09-15 23:40:09.100,IM-01,im01.prodTime,Good,09/15/2026 23:40:09,
1674,2026-09-15 23:40:09.489,GW-LINE-B,mtc01.actualTemp,Good,99.4,
1675,2026-09-15 23:40:09.489,GW-LINE-B,mtc01.pumpFlow,Good,39,
1676,2026-09-15 23:40:09.489,GW-LINE-B,mtc01.pumpCurrent,Good,3.2,
1677,2026-09-15 23:40:09.489,GW-LINE-B,mtc01.heatPower,Good,8,
1678,2026-09-15 23:40:09.489,GW-LINE-B,mtc01.outletTemp,Good,99.9,
1679,2026-09-15 23:40:09.489,GW-LINE-B,mtc01.tempAvg,Good,993.6058,
1680,2026-09-15 23:40:09.495,GW-LINE-B,dry01.dewPoint,Good,-34.4,
1681,2026-09-15 23:40:09.495,GW-LINE-B,dry01.materialLevel,Good,80,
1682,2026-09-15 23:40:09.495,GW-LINE-B,dry01.fanCurrent,Good,1.1,
1683,2026-09-15 23:40:09.497,GW-LINE-B,dry01.levelTrend,Good,-0.4289561,
1684,2026-09-15 23:40:09.501,GW-LINE-B,rob01.cycleTime,Good,2.7,
1685,2026-09-15 23:40:09.501,GW-LINE-B,rob01.posX,Good,0,
1686,2026-09-15 23:40:09.501,GW-LINE-B,rob01.posY,Good,400,
1687,2026-09-15 23:40:09.501,GW-LINE-B,rob01.posZ,Good,200,
1688,2026-09-15 23:40:09.501,GW-LINE-B,rob01.trajectory,Good,0.2019043,
1689,2026-09-15 23:40:09.517,ENV-01,env01.runSeconds,Good,145,
1690,2026-09-15 23:40:09.517,ENV-01,env01.sampleTime,Good,09/15/2026 23:40:09,
1691,2026-09-15 23:40:09.520,ENV-01,env01.tempDeviation,Good,0,
1692,2026-09-15 23:40:09.531,EM-01,em01.totalEnergy,Good,45.4,
1693,2026-09-15 23:40:09.531,EM-01,em01.forwardEnergy,Good,45.4,
1694,2026-09-15 23:40:09.531,EM-01,em01.voltageA,Good,378,
1695,2026-09-15 23:40:09.531,EM-01,em01.voltageB,Good,377,
1696,2026-09-15 23:40:09.531,EM-01,em01.voltageC,Good,380,
1697,2026-09-15 23:40:09.531,EM-01,em01.currentA,Good,179.9,
1698,2026-09-15 23:40:09.531,EM-01,em01.activePower,Good,117,
1699,2026-09-15 23:40:09.531,EM-01,em01.reactivePower,Good,35,
1700,2026-09-15 23:40:09.531,EM-01,em01.powerFactor,Good,0.939,
1701,2026-09-15 23:40:09.531,EM-01,em01.frequency,Good,49.96,
1702,2026-09-15 23:40:09.531,EM-01,em01.demand,Good,117,
1703,2026-09-15 23:40:09.531,EM-01,em01.energyF64,Good,0.461333333333333,
1704,2026-09-15 23:40:09.531,EM-01,em01.unbalance,Good,0.7894737,
1705,2026-09-15 23:40:09.538,ENV-01,env01.pm25,Good,43,
1706,2026-09-15 23:40:09.538,ENV-01,env01.pressureDiff,Good,1,
1707,2026-09-15 23:40:09.538,ENV-01,env01.illuminance,Good,432,
1708,2026-09-15 23:40:09.538,ENV-01,env01.tempFluctuation,Good,18.92032,
1709,2026-09-15 23:40:10.091,IM-01,im01.clampForceDev,Good,-48,
1710,2026-09-15 23:40:10.097,IM-01,im01.barrel1Temp,Good,233.7,
1711,2026-09-15 23:40:10.097,IM-01,im01.moldTemp,Good,84.6,
1712,2026-09-15 23:40:10.097,IM-01,im01.oilTemp,Good,44.5,
1713,2026-09-15 23:40:10.097,IM-01,im01.screwSpeed,Good,0,
1714,2026-09-15 23:40:10.097,IM-01,im01.pumpCurrent,Good,2.5,
1715,2026-09-15 23:40:10.097,IM-01,im01.hydraulicPressure,Good,11,
1716,2026-09-15 23:40:10.097,IM-01,im01.power,Good,25,
1717,2026-09-15 23:40:10.097,IM-01,im01.meltEnergy,Good,0,
1718,2026-09-15 23:40:10.097,IM-01,im01.energyTotal,Good,0.0524444444444445,
1719,2026-09-15 23:40:10.101,IM-01,im01.statusWord,Good,33,
1720,2026-09-15 23:40:10.101,IM-01,im01.stage,Good,4,
1721,2026-09-15 23:40:10.101,IM-01,im01.prodTime,Good,09/15/2026 23:40:10,
1722,2026-09-15 23:40:10.466,GW-LINE-B,mtc01.runSeconds,Good,155,
1723,2026-09-15 23:40:10.466,GW-LINE-B,mtc01.energyTotal,Good,0.023,
1724,2026-09-15 23:40:10.467,GW-LINE-B,mtc01.tempDeviation,Good,-0.6,
1725,2026-09-15 23:40:10.472,GW-LINE-B,dry01.drySeconds,Good,155,
1726,2026-09-15 23:40:10.472,GW-LINE-B,dry01.energyTotal,Good,0.0247222222222222,
1727,2026-09-15 23:40:10.473,GW-LINE-B,dry01.dewDeviation,Good,0.4,
1728,2026-09-15 23:40:10.478,GW-LINE-B,rob01.runSeconds,Good,155,
1729,2026-09-15 23:40:10.480,GW-LINE-B,rob01.energyTotal,Good,0.0207222222222222,
1730,2026-09-15 23:40:10.481,GW-LINE-B,rob01.posDeviation,Good,-91,
1731,2026-09-15 23:40:10.489,GW-LINE-B,mtc01.pumpFlow,Good,34,
1732,2026-09-15 23:40:10.489,GW-LINE-B,mtc01.pumpCurrent,Good,4.9,
1733,2026-09-15 23:40:10.489,GW-LINE-B,mtc01.heatPower,Good,5,
1734,2026-09-15 23:40:10.489,GW-LINE-B,mtc01.tempAvg,Good,993.7659,
1735,2026-09-15 23:40:10.495,GW-LINE-B,dry01.dewPoint,Good,-34.6,
1736,2026-09-15 23:40:10.495,GW-LINE-B,dry01.heatPower,Good,6,
1737,2026-09-15 23:40:10.495,GW-LINE-B,dry01.fanCurrent,Good,1.4,
1738,2026-09-15 23:40:10.496,GW-LINE-B,dry01.levelTrend,Good,-0.4567802,
1739,2026-09-15 23:40:10.501,GW-LINE-B,rob01.cycleTime,Good,2.9,
1740,2026-09-15 23:40:10.501,GW-LINE-B,rob01.posX,Good,9,
1741,2026-09-15 23:40:10.501,GW-LINE-B,rob01.posY,Good,0,
1742,2026-09-15 23:40:10.501,GW-LINE-B,rob01.posZ,Good,5,
1743,2026-09-15 23:40:10.501,GW-LINE-B,rob01.gripState,Good,0,
1744,2026-09-15 23:40:10.501,GW-LINE-B,rob01.trajectory,Good,9.027096,
1745,2026-09-15 23:40:10.525,EM-01,em01.readTime,Good,09/15/2026 23:40:10,
1746,2026-09-15 23:40:10.531,EM-01,em01.totalEnergy,Good,48.39,
1747,2026-09-15 23:40:10.531,EM-01,em01.forwardEnergy,Good,48.39,
1748,2026-09-15 23:40:10.531,EM-01,em01.voltageA,Good,384,
1749,2026-09-15 23:40:10.531,EM-01,em01.voltageB,Good,376,
1750,2026-09-15 23:40:10.531,EM-01,em01.voltageC,Good,383,
1751,2026-09-15 23:40:10.531,EM-01,em01.currentA,Good,185.8,
1752,2026-09-15 23:40:10.531,EM-01,em01.activePower,Good,112,
1753,2026-09-15 23:40:10.531,EM-01,em01.reactivePower,Good,34,
1754,2026-09-15 23:40:10.531,EM-01,em01.powerFactor,Good,0.948,
1755,2026-09-15 23:40:10.531,EM-01,em01.frequency,Good,50.09,
1756,2026-09-15 23:40:10.531,EM-01,em01.demand,Good,112,
1757,2026-09-15 23:40:10.531,EM-01,em01.energyF64,Good,0.491527777777778,
1758,2026-09-15 23:40:10.531,EM-01,em01.unbalance,Good,2.105263,
1759,2026-09-15 23:40:10.539,ENV-01,env01.humidity,Good,56,
1760,2026-09-15 23:40:10.539,ENV-01,env01.dewPoint,Good,17.3,
1761,2026-09-15 23:40:10.539,ENV-01,env01.noise,Good,70,
1762,2026-09-15 23:40:10.539,ENV-01,env01.pm25,Good,28,
1763,2026-09-15 23:40:10.539,ENV-01,env01.pressureDiff,Good,0,
1764,2026-09-15 23:40:10.539,ENV-01,env01.illuminance,Good,392,
1765,2026-09-15 23:40:10.539,ENV-01,env01.tempFluctuation,Good,18.18891,
1766,2026-09-15 23:40:11.097,IM-01,im01.barrel1Temp,Good,233.8,
1767,2026-09-15 23:40:11.097,IM-01,im01.barrel5Temp,Good,179.8,
1768,2026-09-15 23:40:11.097,IM-01,im01.oilTemp,Good,44.4,
1769,2026-09-15 23:40:11.097,IM-01,im01.pumpCurrent,Good,2.8,
1770,2026-09-15 23:40:11.097,IM-01,im01.hydraulicPressure,Good,7,
1771,2026-09-15 23:40:11.097,IM-01,im01.power,Good,22,
1772,2026-09-15 23:40:11.097,IM-01,im01.energyTotal,Good,0.0586666666666667,
1773,2026-09-15 23:40:11.102,IM-01,im01.prodTime,Good,09/15/2026 23:40:11,
1774,2026-09-15 23:40:11.489,GW-LINE-B,mtc01.actualTemp,Good,99.6,
1775,2026-09-15 23:40:11.489,GW-LINE-B,mtc01.pumpCurrent,Good,4.7,
1776,2026-09-15 23:40:11.489,GW-LINE-B,mtc01.heatPower,Good,6,
1777,2026-09-15 23:40:11.489,GW-LINE-B,mtc01.outletTemp,Good,100.1,
1778,2026-09-15 23:40:11.489,GW-LINE-B,mtc01.tempAvg,Good,996.0842,
1779,2026-09-15 23:40:11.495,GW-LINE-B,dry01.dewPoint,Good,-34.5,
1780,2026-09-15 23:40:11.495,GW-LINE-B,dry01.heatPower,Good,5,
1781,2026-09-15 23:40:11.495,GW-LINE-B,dry01.fanCurrent,Good,2,
1782,2026-09-15 23:40:11.497,GW-LINE-B,dry01.levelTrend,Good,-0.4889181,
1783,2026-09-15 23:40:11.500,GW-LINE-B,rob01.inPlace,Good,True,
1784,2026-09-15 23:40:11.502,GW-LINE-B,rob01.cycleTime,Good,3.1,
1785,2026-09-15 23:40:11.502,GW-LINE-B,rob01.totalPicks,Good,1,
1786,2026-09-15 23:40:11.502,GW-LINE-B,rob01.successPicks,Good,1,
1787,2026-09-15 23:40:11.502,GW-LINE-B,rob01.posX,Good,0,
1788,2026-09-15 23:40:11.502,GW-LINE-B,rob01.posY,Good,1,
1789,2026-09-15 23:40:11.502,GW-LINE-B,rob01.trajectory,Good,-0.1508249,
1790,2026-09-15 23:40:11.531,EM-01,em01.totalEnergy,Good,51.5,
1791,2026-09-15 23:40:11.531,EM-01,em01.forwardEnergy,Good,51.5,
1792,2026-09-15 23:40:11.531,EM-01,em01.voltageA,Good,375,
1793,2026-09-15 23:40:11.531,EM-01,em01.voltageB,Good,386,
1794,2026-09-15 23:40:11.531,EM-01,em01.voltageC,Good,381,
1795,2026-09-15 23:40:11.531,EM-01,em01.currentA,Good,139.8,
1796,2026-09-15 23:40:11.531,EM-01,em01.activePower,Good,122,
1797,2026-09-15 23:40:11.531,EM-01,em01.reactivePower,Good,29,
1798,2026-09-15 23:40:11.531,EM-01,em01.powerFactor,Good,0.916,
1799,2026-09-15 23:40:11.531,EM-01,em01.frequency,Good,50.07,
1800,2026-09-15 23:40:11.531,EM-01,em01.demand,Good,122,
1801,2026-09-15 23:40:11.531,EM-01,em01.energyF64,Good,0.523083333333333,
1802,2026-09-15 23:40:11.531,EM-01,em01.unbalance,Good,2.894737,
1803,2026-09-15 23:40:11.539,ENV-01,env01.roomTemp,Good,26.1,
1804,2026-09-15 23:40:11.539,ENV-01,env01.humidity,Good,55,
1805,2026-09-15 23:40:11.539,ENV-01,env01.dewPoint,Good,17.2,
1806,2026-09-15 23:40:11.539,ENV-01,env01.noise,Good,76,
1807,2026-09-15 23:40:11.539,ENV-01,env01.pm25,Good,33,
1808,2026-09-15 23:40:11.539,ENV-01,env01.pressureDiff,Good,10,
1809,2026-09-15 23:40:11.539,ENV-01,env01.illuminance,Good,348,
1810,2026-09-15 23:40:11.539,ENV-01,env01.tempFluctuation,Good,18.82837,
1811,2026-09-15 23:40:12.097,IM-01,im01.barrel1Temp,Good,233.6,
1812,2026-09-15 23:40:12.097,IM-01,im01.barrel5Temp,Good,179.6,
1813,2026-09-15 23:40:12.097,IM-01,im01.oilTemp,Good,44.6,
1814,2026-09-15 23:40:12.097,IM-01,im01.pumpCurrent,Good,3.5,
1815,2026-09-15 23:40:12.097,IM-01,im01.hydraulicPressure,Good,16,
1816,2026-09-15 23:40:12.097,IM-01,im01.energyTotal,Good,0.0649166666666667,
1817,2026-09-15 23:40:12.103,IM-01,im01.prodTime,Good,09/15/2026 23:40:12,
1818,2026-09-15 23:40:12.489,GW-LINE-B,mtc01.actualTemp,Good,99.4,
1819,2026-09-15 23:40:12.489,GW-LINE-B,mtc01.pumpPressure,Good,5,
1820,2026-09-15 23:40:12.489,GW-LINE-B,mtc01.pumpFlow,Good,29,
1821,2026-09-15 23:40:12.489,GW-LINE-B,mtc01.pumpCurrent,Good,3.1,
1822,2026-09-15 23:40:12.489,GW-LINE-B,mtc01.heatPower,Good,4,
1823,2026-09-15 23:40:12.489,GW-LINE-B,mtc01.outletTemp,Good,99.9,
1824,2026-09-15 23:40:12.489,GW-LINE-B,mtc01.tempAvg,Good,994.0601,
1825,2026-09-15 23:40:12.495,GW-LINE-B,dry01.dewPoint,Good,-35.1,
1826,2026-09-15 23:40:12.495,GW-LINE-B,dry01.materialLevel,Good,79,
1827,2026-09-15 23:40:12.495,GW-LINE-B,dry01.heatPower,Good,7,
1828,2026-09-15 23:40:12.495,GW-LINE-B,dry01.fanCurrent,Good,1.8,
1829,2026-09-15 23:40:12.497,GW-LINE-B,dry01.levelTrend,Good,-0.5189823,
1830,2026-09-15 23:40:12.502,GW-LINE-B,rob01.cycleTime,Good,2.7,
1831,2026-09-15 23:40:12.502,GW-LINE-B,rob01.posY,Good,0,
1832,2026-09-15 23:40:12.502,GW-LINE-B,rob01.posZ,Good,7,
1833,2026-09-15 23:40:12.502,GW-LINE-B,rob01.trajectory,Good,-0.06377273,
1834,2026-09-15 23:40:12.531,EM-01,em01.totalEnergy,Good,54.48,
1835,2026-09-15 23:40:12.531,EM-01,em01.forwardEnergy,Good,54.48,
1836,2026-09-15 23:40:12.531,EM-01,em01.voltageA,Good,380,
1837,2026-09-15 23:40:12.531,EM-01,em01.voltageB,Good,384,
1838,2026-09-15 23:40:12.531,EM-01,em01.voltageC,Good,380,
1839,2026-09-15 23:40:12.531,EM-01,em01.currentA,Good,202.8,
1840,2026-09-15 23:40:12.531,EM-01,em01.activePower,Good,107,
1841,2026-09-15 23:40:12.531,EM-01,em01.reactivePower,Good,25,
1842,2026-09-15 23:40:12.531,EM-01,em01.powerFactor,Good,0.883,
1843,2026-09-15 23:40:12.531,EM-01,em01.frequency,Good,50.09,
1844,2026-09-15 23:40:12.531,EM-01,em01.demand,Good,107,
1845,2026-09-15 23:40:12.531,EM-01,em01.energyF64,Good,0.553333333333333,
1846,2026-09-15 23:40:12.531,EM-01,em01.unbalance,Good,1.052632,
1847,2026-09-15 23:40:12.539,ENV-01,env01.noise,Good,73,
1848,2026-09-15 23:40:12.539,ENV-01,env01.pm25,Good,51,
1849,2026-09-15 23:40:12.539,ENV-01,env01.pressureDiff,Good,-3,
1850,2026-09-15 23:40:12.539,ENV-01,env01.illuminance,Good,475,
1851,2026-09-15 23:40:12.539,ENV-01,env01.tempFluctuation,Good,19.10395,
1852,2026-09-15 23:40:13.097,IM-01,im01.pumpCurrent,Good,8.6,
1853,2026-09-15 23:40:13.097,IM-01,im01.hydraulicPressure,Good,9,
1854,2026-09-15 23:40:13.097,IM-01,im01.power,Good,24,
1855,2026-09-15 23:40:13.097,IM-01,im01.energyTotal,Good,0.0713611111111112,
1856,2026-09-15 23:40:13.103,IM-01,im01.prodTime,Good,09/15/2026 23:40:13,
1857,2026-09-15 23:40:13.490,GW-LINE-B,mtc01.actualTemp,Good,99.3,
1858,2026-09-15 23:40:13.490,GW-LINE-B,mtc01.pumpFlow,Good,28,
1859,2026-09-15 23:40:13.490,GW-LINE-B,mtc01.pumpCurrent,Good,3.7,
1860,2026-09-15 23:40:13.490,GW-LINE-B,mtc01.heatPower,Good,8,
1861,2026-09-15 23:40:13.490,GW-LINE-B,mtc01.outletTemp,Good,99.8,
1862,2026-09-15 23:40:13.490,GW-LINE-B,mtc01.tempAvg,Good,993.4218,
1863,2026-09-15 23:40:13.497,GW-LINE-B,dry01.dewPoint,Good,-35.2,
1864,2026-09-15 23:40:13.497,GW-LINE-B,dry01.heatPower,Good,6,
1865,2026-09-15 23:40:13.497,GW-LINE-B,dry01.fanCurrent,Good,1.3,
1866,2026-09-15 23:40:13.499,GW-LINE-B,dry01.levelTrend,Good,-0.5527779,
1867,2026-09-15 23:40:13.503,GW-LINE-B,rob01.cycleTime,Good,3,
1868,2026-09-15 23:40:13.503,GW-LINE-B,rob01.posZ,Good,6,
1869,2026-09-15 23:40:13.503,GW-LINE-B,rob01.trajectory,Good,0.08568382,
1870,2026-09-15 23:40:13.532,EM-01,em01.totalEnergy,Good,57.52,
1871,2026-09-15 23:40:13.532,EM-01,em01.forwardEnergy,Good,57.52,
1872,2026-09-15 23:40:13.532,EM-01,em01.voltageA,Good,378,
1873,2026-09-15 23:40:13.532,EM-01,em01.voltageB,Good,385,
1874,2026-09-15 23:40:13.532,EM-01,em01.voltageC,Good,382,
1875,2026-09-15 23:40:13.532,EM-01,em01.currentA,Good,206.8,
1876,2026-09-15 23:40:13.532,EM-01,em01.activePower,Good,116,
1877,2026-09-15 23:40:13.532,EM-01,em01.powerFactor,Good,0.923,
1878,2026-09-15 23:40:13.532,EM-01,em01.frequency,Good,49.98,
1879,2026-09-15 23:40:13.532,EM-01,em01.demand,Good,116,
1880,2026-09-15 23:40:13.532,EM-01,em01.energyF64,Good,0.58425,
1881,2026-09-15 23:40:13.532,EM-01,em01.unbalance,Good,1.842105,
1882,2026-09-15 23:40:13.539,ENV-01,env01.roomTemp,Good,26,
1883,2026-09-15 23:40:13.539,ENV-01,env01.humidity,Good,54,
1884,2026-09-15 23:40:13.539,ENV-01,env01.dewPoint,Good,17,
1885,2026-09-15 23:40:13.539,ENV-01,env01.noise,Good,72,
1886,2026-09-15 23:40:13.539,ENV-01,env01.pm25,Good,46,
1887,2026-09-15 23:40:13.539,ENV-01,env01.pressureDiff,Good,13,
1888,2026-09-15 23:40:13.539,ENV-01,env01.illuminance,Good,462,
1889,2026-09-15 23:40:13.539,ENV-01,env01.tempFluctuation,Good,18.97682,
1890,2026-09-15 23:40:14.097,IM-01,im01.barrel5Temp,Good,179.8,
1891,2026-09-15 23:40:14.097,IM-01,im01.moldTemp,Good,84.5,
1892,2026-09-15 23:40:14.097,IM-01,im01.pumpCurrent,Good,8.9,
1893,2026-09-15 23:40:14.097,IM-01,im01.hydraulicPressure,Good,12,
1894,2026-09-15 23:40:14.097,IM-01,im01.power,Good,25,
1895,2026-09-15 23:40:14.097,IM-01,im01.energyTotal,Good,0.0775833333333334,
1896,2026-09-15 23:40:14.105,IM-01,im01.prodTime,Good,09/15/2026 23:40:14,
1897,2026-09-15 23:40:14.490,GW-LINE-B,mtc01.actualTemp,Good,99.4,
1898,2026-09-15 23:40:14.490,GW-LINE-B,mtc01.pumpFlow,Good,23,
1899,2026-09-15 23:40:14.490,GW-LINE-B,mtc01.pumpCurrent,Good,4.5,
1900,2026-09-15 23:40:14.490,GW-LINE-B,mtc01.heatPower,Good,6,
1901,2026-09-15 23:40:14.490,GW-LINE-B,mtc01.outletTemp,Good,99.9,
1902,2026-09-15 23:40:14.490,GW-LINE-B,mtc01.tempAvg,Good,993.7656,
1903,2026-09-15 23:40:14.496,GW-LINE-B,dry01.dewPoint,Good,-34.7,
1904,2026-09-15 23:40:14.496,GW-LINE-B,dry01.heatPower,Good,4,
1905,2026-09-15 23:40:14.496,GW-LINE-B,dry01.fanCurrent,Good,1.6,
1906,2026-09-15 23:40:14.497,GW-LINE-B,dry01.levelTrend,Good,-0.5827743,
1907,2026-09-15 23:40:14.502,GW-LINE-B,rob01.cycleTime,Good,3.2,
1908,2026-09-15 23:40:14.502,GW-LINE-B,rob01.trajectory,Good,0.1632036,
1909,2026-09-15 23:40:14.517,ENV-01,env01.runSeconds,Good,195,
1910,2026-09-15 23:40:14.517,ENV-01,env01.sampleTime,Good,09/15/2026 23:40:14,
1911,2026-09-15 23:40:14.532,EM-01,em01.totalEnergy,Good,60.82,
1912,2026-09-15 23:40:14.532,EM-01,em01.forwardEnergy,Good,60.82,
1913,2026-09-15 23:40:14.532,EM-01,em01.voltageA,Good,384,
1914,2026-09-15 23:40:14.532,EM-01,em01.voltageB,Good,381,
1915,2026-09-15 23:40:14.532,EM-01,em01.voltageC,Good,374,
1916,2026-09-15 23:40:14.532,EM-01,em01.currentA,Good,130.7,
1917,2026-09-15 23:40:14.532,EM-01,em01.reactivePower,Good,22,
1918,2026-09-15 23:40:14.532,EM-01,em01.powerFactor,Good,0.868,
1919,2026-09-15 23:40:14.532,EM-01,em01.frequency,Good,50.01,
1920,2026-09-15 23:40:14.532,EM-01,em01.energyF64,Good,0.617722222222222,
1921,2026-09-15 23:40:14.532,EM-01,em01.unbalance,Good,2.631579,
1922,2026-09-15 23:40:14.539,ENV-01,env01.humidity,Good,55,
1923,2026-09-15 23:40:14.539,ENV-01,env01.dewPoint,Good,17.2,
1924,2026-09-15 23:40:14.539,ENV-01,env01.pm25,Good,33,
1925,2026-09-15 23:40:14.539,ENV-01,env01.pressureDiff,Good,6,
1926,2026-09-15 23:40:14.539,ENV-01,env01.illuminance,Good,436,
1927,2026-09-15 23:40:14.539,ENV-01,env01.tempFluctuation,Good,18.27817,
1928,2026-09-15 23:40:15.091,IM-01,im01.clampForceDev,Good,-40,
1929,2026-09-15 23:40:15.098,IM-01,im01.barrel5Temp,Good,179.9,
1930,2026-09-15 23:40:15.098,IM-01,im01.oilTemp,Good,44.8,
1931,2026-09-15 23:40:15.098,IM-01,im01.pumpCurrent,Good,2.5,
1932,2026-09-15 23:40:15.098,IM-01,im01.hydraulicPressure,Good,2,
1933,2026-09-15 23:40:15.098,IM-01,im01.power,Good,21,
1934,2026-09-15 23:40:15.098,IM-01,im01.energyTotal,Good,0.0837500000000001,
1935,2026-09-15 23:40:15.105,IM-01,im01.prodTime,Good,09/15/2026 23:40:15,
1936,2026-09-15 23:40:15.466,GW-LINE-B,mtc01.runSeconds,Good,205,
1937,2026-09-15 23:40:15.466,GW-LINE-B,mtc01.energyTotal,Good,0.0306111111111111,
1938,2026-09-15 23:40:15.468,GW-LINE-B,mtc01.tempDeviation,Good,-0.8,
1939,2026-09-15 23:40:15.472,GW-LINE-B,dry01.drySeconds,Good,205,
1940,2026-09-15 23:40:15.472,GW-LINE-B,dry01.energyTotal,Good,0.0324166666666667,
1941,2026-09-15 23:40:15.474,GW-LINE-B,dry01.dewDeviation,Good,0.6,
1942,2026-09-15 23:40:15.478,GW-LINE-B,rob01.runSeconds,Good,205,
1943,2026-09-15 23:40:15.480,GW-LINE-B,rob01.energyTotal,Good,0.0265833333333333,
1944,2026-09-15 23:40:15.481,GW-LINE-B,rob01.posDeviation,Good,-100,
1945,2026-09-15 23:40:15.491,GW-LINE-B,mtc01.actualTemp,Good,99.2,
1946,2026-09-15 23:40:15.491,GW-LINE-B,mtc01.pumpFlow,Good,39,
1947,2026-09-15 23:40:15.491,GW-LINE-B,mtc01.pumpCurrent,Good,5.8,
1948,2026-09-15 23:40:15.491,GW-LINE-B,mtc01.heatPower,Good,8,
1949,2026-09-15 23:40:15.491,GW-LINE-B,mtc01.outletTemp,Good,99.7,
1950,2026-09-15 23:40:15.491,GW-LINE-B,mtc01.tempAvg,Good,991.5015,
1951,2026-09-15 23:40:15.497,GW-LINE-B,dry01.dewPoint,Good,-34.4,
1952,2026-09-15 23:40:15.497,GW-LINE-B,dry01.materialLevel,Good,78,
1953,2026-09-15 23:40:15.497,GW-LINE-B,dry01.heatPower,Good,3,
1954,2026-09-15 23:40:15.497,GW-LINE-B,dry01.fanCurrent,Good,1.3,
1955,2026-09-15 23:40:15.498,GW-LINE-B,dry01.levelTrend,Good,-0.6117241,
1956,2026-09-15 23:40:15.503,GW-LINE-B,rob01.cycleTime,Good,3,
1957,2026-09-15 23:40:15.503,GW-LINE-B,rob01.trajectory,Good,0.1188521,
1958,2026-09-15 23:40:15.525,EM-01,em01.readTime,Good,09/15/2026 23:40:15,
1959,2026-09-15 23:40:15.532,EM-01,em01.totalEnergy,Good,63.9,
1960,2026-09-15 23:40:15.532,EM-01,em01.forwardEnergy,Good,63.9,
1961,2026-09-15 23:40:15.532,EM-01,em01.voltageA,Good,375,
1962,2026-09-15 23:40:15.532,EM-01,em01.voltageB,Good,380,
1963,2026-09-15 23:40:15.532,EM-01,em01.voltageC,Good,377,
1964,2026-09-15 23:40:15.532,EM-01,em01.currentA,Good,142.1,
1965,2026-09-15 23:40:15.532,EM-01,em01.activePower,Good,109,
1966,2026-09-15 23:40:15.532,EM-01,em01.reactivePower,Good,34,
1967,2026-09-15 23:40:15.532,EM-01,em01.powerFactor,Good,0.897,
1968,2026-09-15 23:40:15.532,EM-01,em01.frequency,Good,49.97,
1969,2026-09-15 23:40:15.532,EM-01,em01.demand,Good,109,
1970,2026-09-15 23:40:15.532,EM-01,em01.energyF64,Good,0.648944444444444,
1971,2026-09-15 23:40:15.532,EM-01,em01.unbalance,Good,1.315789,
1972,2026-09-15 23:40:15.540,ENV-01,env01.roomTemp,Good,26.1,
1973,2026-09-15 23:40:15.540,ENV-01,env01.humidity,Good,56,
1974,2026-09-15 23:40:15.540,ENV-01,env01.dewPoint,Good,17.3,
1975,2026-09-15 23:40:15.540,ENV-01,env01.noise,Good,74,
1976,2026-09-15 23:40:15.540,ENV-01,env01.pm25,Good,43,
1977,2026-09-15 23:40:15.540,ENV-01,env01.pressureDiff,Good,9,
1978,2026-09-15 23:40:15.540,ENV-01,env01.illuminance,Good,310,
1979,2026-09-15 23:40:15.540,ENV-01,env01.tempFluctuation,Good,18.65602,
1980,2026-09-15 23:40:16.098,IM-01,im01.barrel1Temp,Good,233.7,
1981,2026-09-15 23:40:16.098,IM-01,im01.barrel5Temp,Good,180,
1982,2026-09-15 23:40:16.098,IM-01,im01.oilTemp,Good,44.4,
1983,2026-09-15 23:40:16.098,IM-01,im01.pumpCurrent,Good,7.5,
1984,2026-09-15 23:40:16.098,IM-01,im01.hydraulicPressure,Good,5,
1985,2026-09-15 23:40:16.098,IM-01,im01.energyTotal,Good,0.0901111111111112,
1986,2026-09-15 23:40:16.106,IM-01,im01.prodTime,Good,09/15/2026 23:40:16,
1987,2026-09-15 23:40:16.491,GW-LINE-B,mtc01.pumpFlow,Good,40,
1988,2026-09-15 23:40:16.491,GW-LINE-B,mtc01.pumpCurrent,Good,3.2,
1989,2026-09-15 23:40:16.491,GW-LINE-B,mtc01.heatPower,Good,4,
1990,2026-09-15 23:40:16.491,GW-LINE-B,mtc01.tempAvg,Good,992.4149,
1991,2026-09-15 23:40:16.497,GW-LINE-B,dry01.dewPoint,Good,-34.7,
1992,2026-09-15 23:40:16.497,GW-LINE-B,dry01.heatPower,Good,7,
1993,2026-09-15 23:40:16.497,GW-LINE-B,dry01.fanCurrent,Good,1.1,
1994,2026-09-15 23:40:16.498,GW-LINE-B,dry01.levelTrend,Good,-0.6338066,
1995,2026-09-15 23:40:16.503,GW-LINE-B,rob01.posZ,Good,5,
1996,2026-09-15 23:40:16.503,GW-LINE-B,rob01.trajectory,Good,-0.09805943,
1997,2026-09-15 23:40:16.532,EM-01,em01.totalEnergy,Good,66.85,
1998,2026-09-15 23:40:16.532,EM-01,em01.forwardEnergy,Good,66.85,
1999,2026-09-15 23:40:16.532,EM-01,em01.voltageA,Good,378,
2000,2026-09-15 23:40:16.532,EM-01,em01.voltageB,Good,379,
2001,2026-09-15 23:40:16.532,EM-01,em01.voltageC,Good,375,
2002,2026-09-15 23:40:16.532,EM-01,em01.currentA,Good,147.6,
2003,2026-09-15 23:40:16.532,EM-01,em01.activePower,Good,114,
2004,2026-09-15 23:40:16.532,EM-01,em01.reactivePower,Good,35,
2005,2026-09-15 23:40:16.532,EM-01,em01.powerFactor,Good,0.946,
2006,2026-09-15 23:40:16.532,EM-01,em01.frequency,Good,50.1,
2007,2026-09-15 23:40:16.532,EM-01,em01.demand,Good,114,
2008,2026-09-15 23:40:16.532,EM-01,em01.energyF64,Good,0.679027777777778,
2009,2026-09-15 23:40:16.532,EM-01,em01.unbalance,Good,1.052632,
2010,2026-09-15 23:40:16.540,ENV-01,env01.roomTemp,Good,26.2,
2011,2026-09-15 23:40:16.540,ENV-01,env01.humidity,Good,55,
2012,2026-09-15 23:40:16.540,ENV-01,env01.dewPoint,Good,17.4,
2013,2026-09-15 23:40:16.540,ENV-01,env01.noise,Good,75,
2014,2026-09-15 23:40:16.540,ENV-01,env01.pm25,Good,40,
2015,2026-09-15 23:40:16.540,ENV-01,env01.pressureDiff,Good,10,
2016,2026-09-15 23:40:16.540,ENV-01,env01.illuminance,Good,479,
2017,2026-09-15 23:40:16.540,ENV-01,env01.tempFluctuation,Good,19.56246,
2018,2026-09-15 23:40:17.098,IM-01,im01.pumpCurrent,Good,3.2,
2019,2026-09-15 23:40:17.098,IM-01,im01.hydraulicPressure,Good,0,
2020,2026-09-15 23:40:17.098,IM-01,im01.energyTotal,Good,0.0965833333333334,
2021,2026-09-15 23:40:17.106,IM-01,im01.prodTime,Good,09/15/2026 23:40:17,
2022,2026-09-15 23:40:17.491,GW-LINE-B,mtc01.actualTemp,Good,99.3,
2023,2026-09-15 23:40:17.491,GW-LINE-B,mtc01.pumpPressure,Good,3,
2024,2026-09-15 23:40:17.491,GW-LINE-B,mtc01.pumpCurrent,Good,3.7,
2025,2026-09-15 23:40:17.491,GW-LINE-B,mtc01.heatPower,Good,7,
2026,2026-09-15 23:40:17.491,GW-LINE-B,mtc01.outletTemp,Good,99.8,
2027,2026-09-15 23:40:17.491,GW-LINE-B,mtc01.tempAvg,Good,993.0312,
2028,2026-09-15 23:40:17.497,GW-LINE-B,dry01.dewPoint,Good,-34.5,
2029,2026-09-15 23:40:17.497,GW-LINE-B,dry01.heatPower,Good,5,
2030,2026-09-15 23:40:17.497,GW-LINE-B,dry01.fanCurrent,Good,1.8,
2031,2026-09-15 23:40:17.498,GW-LINE-B,dry01.levelTrend,Good,-0.6618128,
2032,2026-09-15 23:40:17.503,GW-LINE-B,rob01.cycleTime,Good,3.1,
2033,2026-09-15 23:40:17.503,GW-LINE-B,rob01.trajectory,Good,0.05018057,
2034,2026-09-15 23:40:17.532,EM-01,em01.totalEnergy,Good,70.03,
2035,2026-09-15 23:40:17.532,EM-01,em01.forwardEnergy,Good,70.03,
2036,2026-09-15 23:40:17.532,EM-01,em01.voltageA,Good,377,
2037,2026-09-15 23:40:17.532,EM-01,em01.voltageB,Good,378,
2038,2026-09-15 23:40:17.532,EM-01,em01.voltageC,Good,376,
2039,2026-09-15 23:40:17.532,EM-01,em01.currentA,Good,216.1,
2040,2026-09-15 23:40:17.532,EM-01,em01.activePower,Good,112,
2041,2026-09-15 23:40:17.532,EM-01,em01.reactivePower,Good,21,
2042,2026-09-15 23:40:17.532,EM-01,em01.powerFactor,Good,0.869,
2043,2026-09-15 23:40:17.532,EM-01,em01.frequency,Good,49.91,
2044,2026-09-15 23:40:17.532,EM-01,em01.demand,Good,112,
2045,2026-09-15 23:40:17.532,EM-01,em01.energyF64,Good,0.711333333333333,
2046,2026-09-15 23:40:17.532,EM-01,em01.unbalance,Good,0.5263158,
2047,2026-09-15 23:40:17.540,ENV-01,env01.roomTemp,Good,26.1,
2048,2026-09-15 23:40:17.540,ENV-01,env01.humidity,Good,56,
2049,2026-09-15 23:40:17.540,ENV-01,env01.noise,Good,70,
2050,2026-09-15 23:40:17.540,ENV-01,env01.pm25,Good,39,
2051,2026-09-15 23:40:17.540,ENV-01,env01.pressureDiff,Good,-3,
2052,2026-09-15 23:40:17.540,ENV-01,env01.illuminance,Good,427,
2053,2026-09-15 23:40:17.540,ENV-01,env01.tempFluctuation,Good,18.51362,
2054,2026-09-15 23:40:18.098,IM-01,im01.barrel1Temp,Good,233.9,
2055,2026-09-15 23:40:18.098,IM-01,im01.barrel5Temp,Good,179.9,
2056,2026-09-15 23:40:18.098,IM-01,im01.moldTemp,Good,84.6,
2057,2026-09-15 23:40:18.098,IM-01,im01.oilTemp,Good,44.3,
2058,2026-09-15 23:40:18.098,IM-01,im01.pumpCurrent,Good,4.6,
2059,2026-09-15 23:40:18.098,IM-01,im01.hydraulicPressure,Good,8,
2060,2026-09-15 23:40:18.098,IM-01,im01.power,Good,25,
2061,2026-09-15 23:40:18.098,IM-01,im01.energyTotal,Good,0.102916666666667,
2062,2026-09-15 23:40:18.107,IM-01,im01.prodTime,Good,09/15/2026 23:40:18,
2063,2026-09-15 23:40:18.491,GW-LINE-B,mtc01.actualTemp,Good,99.2,
2064,2026-09-15 23:40:18.491,GW-LINE-B,mtc01.pumpPressure,Good,5,
2065,2026-09-15 23:40:18.491,GW-LINE-B,mtc01.pumpFlow,Good,31,
2066,2026-09-15 23:40:18.491,GW-LINE-B,mtc01.pumpCurrent,Good,3.4,
2067,2026-09-15 23:40:18.491,GW-LINE-B,mtc01.heatPower,Good,5,
2068,2026-09-15 23:40:18.491,GW-LINE-B,mtc01.outletTemp,Good,99.7,
2069,2026-09-15 23:40:18.491,GW-LINE-B,mtc01.tempAvg,Good,991.5993,
2070,2026-09-15 23:40:18.497,GW-LINE-B,dry01.dewPoint,Good,-34.7,
2071,2026-09-15 23:40:18.497,GW-LINE-B,dry01.fanCurrent,Good,1.1,
2072,2026-09-15 23:40:18.498,GW-LINE-B,dry01.levelTrend,Good,-0.689557,
2073,2026-09-15 23:40:18.503,GW-LINE-B,rob01.cycleTime,Good,3,
2074,2026-09-15 23:40:18.503,GW-LINE-B,rob01.posZ,Good,4,
2075,2026-09-15 23:40:18.503,GW-LINE-B,rob01.trajectory,Good,-0.02851275,
2076,2026-09-15 23:40:18.532,EM-01,em01.totalEnergy,Good,73,
2077,2026-09-15 23:40:18.532,EM-01,em01.forwardEnergy,Good,73,
2078,2026-09-15 23:40:18.532,EM-01,em01.voltageA,Good,380,
2079,2026-09-15 23:40:18.532,EM-01,em01.voltageB,Good,381,
2080,2026-09-15 23:40:18.532,EM-01,em01.voltageC,Good,375,
2081,2026-09-15 23:40:18.532,EM-01,em01.currentA,Good,144.7,
2082,2026-09-15 23:40:18.532,EM-01,em01.activePower,Good,113,
2083,2026-09-15 23:40:18.532,EM-01,em01.reactivePower,Good,29,
2084,2026-09-15 23:40:18.532,EM-01,em01.powerFactor,Good,0.944,
2085,2026-09-15 23:40:18.532,EM-01,em01.frequency,Good,49.97,
2086,2026-09-15 23:40:18.532,EM-01,em01.demand,Good,113,
2087,2026-09-15 23:40:18.532,EM-01,em01.energyF64,Good,0.741555555555556,
2088,2026-09-15 23:40:18.532,EM-01,em01.unbalance,Good,1.578947,
2089,2026-09-15 23:40:18.540,ENV-01,env01.humidity,Good,54,
2090,2026-09-15 23:40:18.540,ENV-01,env01.dewPoint,Good,16.9,
2091,2026-09-15 23:40:18.540,ENV-01,env01.pm25,Good,25,
2092,2026-09-15 23:40:18.540,ENV-01,env01.pressureDiff,Good,9,
2093,2026-09-15 23:40:18.540,ENV-01,env01.illuminance,Good,450,
2094,2026-09-15 23:40:18.540,ENV-01,env01.tempFluctuation,Good,19.12078,
2095,2026-09-15 23:40:19.099,IM-01,im01.barrel1Temp,Good,233.6,
2096,2026-09-15 23:40:19.099,IM-01,im01.moldTemp,Good,84.5,
2097,2026-09-15 23:40:19.099,IM-01,im01.oilTemp,Good,44.5,
2098,2026-09-15 23:40:19.099,IM-01,im01.pumpCurrent,Good,7.3,
2099,2026-09-15 23:40:19.099,IM-01,im01.hydraulicPressure,Good,4,
2100,2026-09-15 23:40:19.099,IM-01,im01.power,Good,21,
2101,2026-09-15 23:40:19.099,IM-01,im01.energyTotal,Good,0.108972222222222,
2102,2026-09-15 23:40:19.107,IM-01,im01.prodTime,Good,09/15/2026 23:40:19,
2103,2026-09-15 23:40:19.491,GW-LINE-B,mtc01.actualTemp,Good,99.3,
2104,2026-09-15 23:40:19.491,GW-LINE-B,mtc01.pumpPressure,Good,2,
2105,2026-09-15 23:40:19.491,GW-LINE-B,mtc01.pumpFlow,Good,16,
2106,2026-09-15 23:40:19.491,GW-LINE-B,mtc01.pumpCurrent,Good,4.2,
2107,2026-09-15 23:40:19.491,GW-LINE-B,mtc01.outletTemp,Good,99.8,
2108,2026-09-15 23:40:19.491,GW-LINE-B,mtc01.tempAvg,Good,993.1552,
2109,2026-09-15 23:40:19.498,GW-LINE-B,dry01.materialLevel,Good,77,
2110,2026-09-15 23:40:19.498,GW-LINE-B,dry01.heatPower,Good,4,
2111,2026-09-15 23:40:19.498,GW-LINE-B,dry01.fanCurrent,Good,1.6,
2112,2026-09-15 23:40:19.499,GW-LINE-B,dry01.levelTrend,Good,-0.7233421,
2113,2026-09-15 23:40:19.504,GW-LINE-B,rob01.cycleTime,Good,3.2,
2114,2026-09-15 23:40:19.504,GW-LINE-B,rob01.posX,Good,1,
2115,2026-09-15 23:40:19.504,GW-LINE-B,rob01.trajectory,Good,0.9010343,
2116,2026-09-15 23:40:19.517,ENV-01,env01.runSeconds,Good,245,
2117,2026-09-15 23:40:19.517,ENV-01,env01.sampleTime,Good,09/15/2026 23:40:19,
2118,2026-09-15 23:40:19.532,EM-01,em01.totalEnergy,Good,76.25,
2119,2026-09-15 23:40:19.532,EM-01,em01.forwardEnergy,Good,76.25,
2120,2026-09-15 23:40:19.532,EM-01,em01.voltageA,Good,376,
2121,2026-09-15 23:40:19.532,EM-01,em01.voltageB,Good,378,
2122,2026-09-15 23:40:19.532,EM-01,em01.voltageC,Good,378,
2123,2026-09-15 23:40:19.532,EM-01,em01.currentA,Good,125.1,
2124,2026-09-15 23:40:19.532,EM-01,em01.activePower,Good,112,
2125,2026-09-15 23:40:19.532,EM-01,em01.reactivePower,Good,20,
2126,2026-09-15 23:40:19.532,EM-01,em01.powerFactor,Good,0.879,
2127,2026-09-15 23:40:19.532,EM-01,em01.frequency,Good,49.94,
2128,2026-09-15 23:40:19.532,EM-01,em01.demand,Good,112,
2129,2026-09-15 23:40:19.532,EM-01,em01.energyF64,Good,0.774361111111111,
2130,2026-09-15 23:40:19.532,EM-01,em01.unbalance,Good,0.5263158,
2131,2026-09-15 23:40:19.541,ENV-01,env01.roomTemp,Good,26,
2132,2026-09-15 23:40:19.541,ENV-01,env01.noise,Good,73,
2133,2026-09-15 23:40:19.541,ENV-01,env01.pm25,Good,56,
2134,2026-09-15 23:40:19.541,ENV-01,env01.pressureDiff,Good,8,
2135,2026-09-15 23:40:19.541,ENV-01,env01.illuminance,Good,367,
2136,2026-09-15 23:40:19.541,ENV-01,env01.tempFluctuation,Good,18.3311,
