seq,host_time,device,point,quality,value,reason
1,2026-09-15 23:36:32.475,IM-01,im01.statusWord,Good,1,
2,2026-09-15 23:36:32.475,GW-LINE-B,mtc01.ready,Good,True,
3,2026-09-15 23:36:32.475,EM-01,em01.totalEnergy,Good,3863,
4,2026-09-15 23:36:32.476,IM-01,im01.alarmCode,Good,0,
5,2026-09-15 23:36:32.476,GW-LINE-B,mtc01.heating,Good,False,
6,2026-09-15 23:36:32.476,EM-01,em01.forwardEnergy,Good,3863,
7,2026-09-15 23:36:32.476,EM-01,em01.voltageA,Good,385,
8,2026-09-15 23:36:32.477,ENV-01,env01.roomTemp,Good,23.9,
9,2026-09-15 23:36:32.478,GW-LINE-B,mtc01.actualTemp,Good,103.7,
10,2026-09-15 23:36:32.478,GW-LINE-B,mtc01.returnTemp,Good,101.8,
11,2026-09-15 23:36:32.478,GW-LINE-B,mtc01.pumpPressure,Good,3,
12,2026-09-15 23:36:32.478,IM-01,im01.totalMolds,Good,2,
13,2026-09-15 23:36:32.478,IM-01,im01.goodParts,Good,2,
14,2026-09-15 23:36:32.478,IM-01,im01.rejectParts,Good,0,
15,2026-09-15 23:36:32.478,IM-01,im01.cycleTime,Good,40.5,
16,2026-09-15 23:36:32.478,IM-01,im01.avgCycleTime,Good,37.7,
17,2026-09-15 23:36:32.478,IM-01,im01.oee,Good,10,
18,2026-09-15 23:36:32.478,IM-01,im01.stage,Good,0,
19,2026-09-15 23:36:32.478,GW-LINE-B,mtc01.pumpFlow,Good,26,
20,2026-09-15 23:36:32.478,GW-LINE-B,mtc01.pumpCurrent,Good,5.1,
21,2026-09-15 23:36:32.478,GW-LINE-B,mtc01.heatPower,Good,8,
22,2026-09-15 23:36:32.478,GW-LINE-B,mtc01.outletTemp,Good,104.2,
23,2026-09-15 23:36:32.478,GW-LINE-B,mtc01.tempAvg,Good,1037.208,
24,2026-09-15 23:36:32.478,IM-01,im01.batchNo,Good,2002,
25,2026-09-15 23:36:32.478,ENV-01,env01.humidity,Good,53,
26,2026-09-15 23:36:32.478,ENV-01,env01.dewPoint,Good,14.6,
27,2026-09-15 23:36:32.478,ENV-01,env01.noise,Good,74,
28,2026-09-15 23:36:32.478,ENV-01,env01.co2,Good,450,
29,2026-09-15 23:36:32.478,ENV-01,env01.pm25,Good,39,
30,2026-09-15 23:36:32.478,ENV-01,env01.pressureDiff,Good,1,
31,2026-09-15 23:36:32.478,ENV-01,env01.illuminance,Good,429,
32,2026-09-15 23:36:32.478,EM-01,em01.voltageB,Good,380,
33,2026-09-15 23:36:32.478,EM-01,em01.voltageC,Good,376,
34,2026-09-15 23:36:32.478,EM-01,em01.currentA,Good,210.4,
36,2026-09-15 23:36:32.478,EM-01,em01.activePower,Good,116,
35,2026-09-15 23:36:32.478,ENV-01,env01.roomTempDual,Good,0,
37,2026-09-15 23:36:32.478,EM-01,em01.reactivePower,Good,28,
38,2026-09-15 23:36:32.478,EM-01,em01.powerFactor,Good,0.876,
39,2026-09-15 23:36:32.478,ENV-01,env01.tempFluctuation,Good,12.37912,
40,2026-09-15 23:36:32.478,EM-01,em01.frequency,Good,50.06,
41,2026-09-15 23:36:32.478,EM-01,em01.alarmCode,Good,0,
42,2026-09-15 23:36:32.478,EM-01,em01.demand,Good,116,
43,2026-09-15 23:36:32.478,EM-01,em01.energyF64,Good,39.2185000000001,
44,2026-09-15 23:36:32.478,EM-01,em01.unbalance,Good,2.368421,
45,2026-09-15 23:36:32.478,EM-01,em01.energyDual,Good,0,
46,2026-09-15 23:36:32.479,IM-01,im01.prodTime,Good,09/15/2026 23:36:32,
47,2026-09-15 23:36:32.480,EM-01,em01.overDemand,Good,False,
48,2026-09-15 23:36:32.480,GW-LINE-B,mtc01.tempDual,Good,0,
49,2026-09-15 23:36:32.481,IM-01,im01.ready,Good,True,
50,2026-09-15 23:36:32.481,IM-01,im01.producing,Good,False,
51,2026-09-15 23:36:32.481,IM-01,im01.faultAlarm,Good,False,
52,2026-09-15 23:36:32.482,GW-LINE-B,mtc01.setTemp,Good,100,
53,2026-09-15 23:36:32.482,EM-01,em01.meterModel,Good,EM-2026-0001,
54,2026-09-15 23:36:32.482,EM-01,em01.readTime,Good,09/15/2026 23:36:32,
55,2026-09-15 23:36:32.483,IM-01,im01.barrel1Temp,Good,191.8,
56,2026-09-15 23:36:32.483,IM-01,im01.barrel5Temp,Good,147.6,
57,2026-09-15 23:36:32.483,IM-01,im01.moldTemp,Good,84.5,
58,2026-09-15 23:36:32.483,IM-01,im01.oilTemp,Good,44.6,
59,2026-09-15 23:36:32.483,IM-01,im01.injectPressure,Good,0,
60,2026-09-15 23:36:32.483,IM-01,im01.injectSpeed,Good,0,
61,2026-09-15 23:36:32.483,IM-01,im01.screwSpeed,Good,0,
62,2026-09-15 23:36:32.483,IM-01,im01.clampPressure,Good,0,
63,2026-09-15 23:36:32.483,IM-01,im01.pumpCurrent,Good,0,
64,2026-09-15 23:36:32.483,IM-01,im01.hydraulicPressure,Good,0,
65,2026-09-15 23:36:32.483,IM-01,im01.power,Good,3,
66,2026-09-15 23:36:32.483,IM-01,im01.meltEnergy,Good,0,
67,2026-09-15 23:36:32.483,IM-01,im01.energyTotal,Good,1.49150000000055,
68,2026-09-15 23:36:32.483,IM-01,im01.moldTempDual,Good,0,
69,2026-09-15 23:36:32.484,ENV-01,env01.highTempAlarm,Good,False,
70,2026-09-15 23:36:32.484,GW-LINE-B,dry01.drying,Good,True,
71,2026-09-15 23:36:32.484,GW-LINE-B,dry01.levelLow,Good,False,
72,2026-09-15 23:36:32.485,IM-01,im01.moldCloseJog,Good,False,
73,2026-09-15 23:36:32.485,IM-01,im01.start,Good,False,
74,2026-09-15 23:36:32.485,IM-01,im01.stop,Good,False,
75,2026-09-15 23:36:32.485,IM-01,im01.estop,Good,False,
76,2026-09-15 23:36:32.486,ENV-01,env01.acSetTemp,Good,24,
77,2026-09-15 23:36:32.486,GW-LINE-B,dry01.dryTemp,Good,79.4,
78,2026-09-15 23:36:32.486,GW-LINE-B,dry01.dewPoint,Good,-34.9,
79,2026-09-15 23:36:32.486,GW-LINE-B,dry01.materialLevel,Good,80,
80,2026-09-15 23:36:32.486,GW-LINE-B,dry01.heatPower,Good,8,
81,2026-09-15 23:36:32.486,GW-LINE-B,dry01.fanCurrent,Good,1.2,
82,2026-09-15 23:36:32.486,GW-LINE-B,dry01.inTemp,Good,444,
83,2026-09-15 23:36:32.486,GW-LINE-B,dry01.outTemp,Good,594,
84,2026-09-15 23:36:32.487,IM-01,im01.workMode,Good,3,
85,2026-09-15 23:36:32.487,IM-01,im01.targetOutput,Good,50000,
86,2026-09-15 23:36:32.487,IM-01,im01.cavitySetTemp,Good,234,
87,2026-09-15 23:36:32.487,IM-01,im01.moldSetTemp,Good,85,
88,2026-09-15 23:36:32.487,IM-01,im01.holdTime,Good,2.5,
89,2026-09-15 23:36:32.487,IM-01,im01.coolTime,Good,15,
90,2026-09-15 23:36:32.487,IM-01,im01.overTempLimit,Good,260,
91,2026-09-15 23:36:32.487,IM-01,im01.moldTempDualSet,Good,25,
92,2026-09-15 23:36:32.487,IM-01,im01.energyBudget,Good,1500,
93,2026-09-15 23:36:32.487,IM-01,im01.planHours,Good,28800,
94,2026-09-15 23:36:32.487,IM-01,im01.ratedPower,Good,45.5,
95,2026-09-15 23:36:32.488,EM-01,em01.ctRatio,Good,20,
96,2026-09-15 23:36:32.488,GW-LINE-B,dry01.levelDual,Good,0,
97,2026-09-15 23:36:32.488,EM-01,em01.demandThreshold,Good,320,
98,2026-09-15 23:36:32.488,GW-LINE-B,dry01.levelTrend,Good,-0.4414432,
99,2026-09-15 23:36:32.489,IM-01,im01.clampForceDev,Good,-36,
100,2026-09-15 23:36:32.490,GW-LINE-B,dry01.setTemp,Good,80,
101,2026-09-15 23:36:32.490,EM-01,em01.meterNo,Good,EM-2026-0001,
102,2026-09-15 23:36:32.491,IM-01,im01.recipeName,Good,PC-ABS-757 ??????,
103,2026-09-15 23:36:32.491,IM-01,im01.bootTime,Good,09/15/2026 23:15:45,
104,2026-09-15 23:36:32.492,GW-LINE-B,rob01.inPlace,Good,True,
105,2026-09-15 23:36:32.492,ENV-01,env01.runSeconds,Good,12454,
106,2026-09-15 23:36:32.492,ENV-01,env01.sampleTime,Good,09/15/2026 23:36:32,
107,2026-09-15 23:36:32.492,ENV-01,env01.areaName,Good,注塑车间A区,
108,2026-09-15 23:36:32.492,ENV-01,env01.alarmCode,Good,0,
109,2026-09-15 23:36:32.494,ENV-01,env01.acRunning,Good,True,
110,2026-09-15 23:36:32.494,GW-LINE-B,rob01.cycleTime,Good,2.9,
111,2026-09-15 23:36:32.494,GW-LINE-B,rob01.totalPicks,Good,40,
112,2026-09-15 23:36:32.494,GW-LINE-B,rob01.successPicks,Good,40,
113,2026-09-15 23:36:32.494,GW-LINE-B,rob01.failPicks,Good,0,
114,2026-09-15 23:36:32.494,GW-LINE-B,rob01.posX,Good,8,
115,2026-09-15 23:36:32.494,GW-LINE-B,rob01.posY,Good,8,
116,2026-09-15 23:36:32.494,GW-LINE-B,rob01.posZ,Good,8,
117,2026-09-15 23:36:32.494,GW-LINE-B,rob01.gripState,Good,0,
118,2026-09-15 23:36:32.494,GW-LINE-B,rob01.beat,Good,1161,
119,2026-09-15 23:36:32.494,GW-LINE-B,rob01.posDual,Good,0,
120,2026-09-15 23:36:32.494,GW-LINE-B,rob01.trajectory,Good,7.993663,
121,2026-09-15 23:36:32.496,ENV-01,env01.tempDeviation,Good,-0.1,
122,2026-09-15 23:36:32.496,GW-LINE-B,mtc01.runSeconds,Good,12454,
123,2026-09-15 23:36:32.496,GW-LINE-B,mtc01.energyTotal,Good,1.85436111111112,
124,2026-09-15 23:36:32.498,ENV-01,env01.tempAlarmLimit,Good,32,
125,2026-09-15 23:36:32.498,GW-LINE-B,mtc01.tempDeviation,Good,3.7,
126,2026-09-15 23:36:32.498,ENV-01,env01.co2Threshold,Good,1000,
127,2026-09-15 23:36:32.500,GW-LINE-B,mtc01.heatingMode,Good,1,
128,2026-09-15 23:36:32.500,ENV-01,env01.areaNameW,Good,注塑车间A区,
129,2026-09-15 23:36:32.503,GW-LINE-B,mtc01.serialNo,Good,MTC-2026-0001,
130,2026-09-15 23:36:32.503,GW-LINE-B,mtc01.calibTime,Good,09/15/2026 23:15:45,
131,2026-09-15 23:36:32.505,GW-LINE-B,dry01.drySeconds,Good,11830,
132,2026-09-15 23:36:32.505,GW-LINE-B,dry01.energyTotal,Good,1.90866666666668,
133,2026-09-15 23:36:32.507,GW-LINE-B,dry01.dewDeviation,Good,0.1,
134,2026-09-15 23:36:32.509,GW-LINE-B,dry01.materialBatch,Good,BATCH-2026W38,
135,2026-09-15 23:36:32.511,GW-LINE-B,dry01.batchBcd,Good,910,
136,2026-09-15 23:36:32.513,GW-LINE-B,rob01.runSeconds,Good,12454,
137,2026-09-15 23:36:32.515,GW-LINE-B,rob01.energyTotal,Good,1.73338888888886,
138,2026-09-15 23:36:32.517,GW-LINE-B,rob01.posDeviation,Good,-92,
139,2026-09-15 23:36:32.518,GW-LINE-B,rob01.pickDelay,Good,2,
140,2026-09-15 23:36:32.520,GW-LINE-B,rob01.programName,Good,PICK-STD-01,
141,2026-09-15 23:36:33.457,ENV-01,env01.roomTemp,Good,24,
142,2026-09-15 23:36:33.457,ENV-01,env01.humidity,Good,54,
143,2026-09-15 23:36:33.457,ENV-01,env01.dewPoint,Good,14.8,
144,2026-09-15 23:36:33.457,ENV-01,env01.noise,Good,76,
145,2026-09-15 23:36:33.457,ENV-01,env01.pm25,Good,59,
146,2026-09-15 23:36:33.457,ENV-01,env01.pressureDiff,Good,10,
147,2026-09-15 23:36:33.457,ENV-01,env01.illuminance,Good,478,
148,2026-09-15 23:36:33.457,ENV-01,env01.tempFluctuation,Good,11.96147,
149,2026-09-15 23:36:33.457,IM-01,im01.prodTime,Good,09/15/2026 23:36:33,
150,2026-09-15 23:36:33.459,GW-LINE-B,mtc01.actualTemp,Good,101.4,
151,2026-09-15 23:36:33.459,GW-LINE-B,mtc01.returnTemp,Good,99.1,
152,2026-09-15 23:36:33.459,GW-LINE-B,mtc01.pumpPressure,Good,2,
153,2026-09-15 23:36:33.459,GW-LINE-B,mtc01.pumpFlow,Good,32,
154,2026-09-15 23:36:33.459,GW-LINE-B,mtc01.pumpCurrent,Good,3.4,
155,2026-09-15 23:36:33.459,GW-LINE-B,mtc01.heatPower,Good,7,
157,2026-09-15 23:36:33.459,GW-LINE-B,mtc01.outletTemp,Good,101.9,
156,2026-09-15 23:36:33.459,EM-01,em01.totalEnergy,Good,3865.93,
158,2026-09-15 23:36:33.459,GW-LINE-B,mtc01.tempAvg,Good,1014.494,
159,2026-09-15 23:36:33.459,EM-01,em01.forwardEnergy,Good,3865.93,
160,2026-09-15 23:36:33.459,EM-01,em01.voltageA,Good,378,
161,2026-09-15 23:36:33.459,EM-01,em01.voltageB,Good,386,
162,2026-09-15 23:36:33.459,EM-01,em01.voltageC,Good,380,
163,2026-09-15 23:36:33.459,EM-01,em01.currentA,Good,148.4,
164,2026-09-15 23:36:33.459,EM-01,em01.activePower,Good,102,
165,2026-09-15 23:36:33.459,EM-01,em01.reactivePower,Good,39,
166,2026-09-15 23:36:33.459,EM-01,em01.powerFactor,Good,0.9,
167,2026-09-15 23:36:33.459,EM-01,em01.frequency,Good,50.03,
168,2026-09-15 23:36:33.459,EM-01,em01.demand,Good,102,
169,2026-09-15 23:36:33.459,EM-01,em01.energyF64,Good,39.2483333333335,
170,2026-09-15 23:36:33.459,EM-01,em01.unbalance,Good,2.105263,
171,2026-09-15 23:36:33.461,IM-01,im01.moldTemp,Good,84.6,
172,2026-09-15 23:36:33.461,IM-01,im01.oilTemp,Good,44.5,
173,2026-09-15 23:36:33.461,IM-01,im01.energyTotal,Good,1.49233333333388,
174,2026-09-15 23:36:33.467,GW-LINE-B,dry01.dewPoint,Good,-35.3,
175,2026-09-15 23:36:33.467,GW-LINE-B,dry01.heatPower,Good,7,
176,2026-09-15 23:36:33.467,GW-LINE-B,dry01.fanCurrent,Good,2,
177,2026-09-15 23:36:33.469,GW-LINE-B,dry01.levelTrend,Good,-0.467941,
178,2026-09-15 23:36:33.475,GW-LINE-B,rob01.cycleTime,Good,2.7,
179,2026-09-15 23:36:33.475,GW-LINE-B,rob01.trajectory,Good,7.882187,
180,2026-09-15 23:36:34.457,EM-01,em01.totalEnergy,Good,3868.64,
181,2026-09-15 23:36:34.457,EM-01,em01.forwardEnergy,Good,3868.64,
182,2026-09-15 23:36:34.457,EM-01,em01.voltageA,Good,383,
183,2026-09-15 23:36:34.457,EM-01,em01.voltageC,Good,374,
184,2026-09-15 23:36:34.457,EM-01,em01.currentA,Good,184.1,
185,2026-09-15 23:36:34.457,EM-01,em01.activePower,Good,117,
186,2026-09-15 23:36:34.457,EM-01,em01.reactivePower,Good,33,
187,2026-09-15 23:36:34.457,EM-01,em01.powerFactor,Good,0.895,
188,2026-09-15 23:36:34.457,EM-01,em01.frequency,Good,49.96,
189,2026-09-15 23:36:34.457,EM-01,em01.demand,Good,117,
190,2026-09-15 23:36:34.457,EM-01,em01.energyF64,Good,39.2760277777779,
191,2026-09-15 23:36:34.457,EM-01,em01.unbalance,Good,3.157895,
192,2026-09-15 23:36:34.457,IM-01,im01.energyTotal,Good,1.49316666666722,
193,2026-09-15 23:36:34.459,GW-LINE-B,mtc01.actualTemp,Good,100.5,
194,2026-09-15 23:36:34.459,GW-LINE-B,mtc01.returnTemp,Good,97.4,
195,2026-09-15 23:36:34.459,GW-LINE-B,mtc01.pumpFlow,Good,34,
196,2026-09-15 23:36:34.459,GW-LINE-B,mtc01.pumpCurrent,Good,3.2,
197,2026-09-15 23:36:34.459,GW-LINE-B,mtc01.heatPower,Good,6,
198,2026-09-15 23:36:34.459,GW-LINE-B,mtc01.outletTemp,Good,101,
199,2026-09-15 23:36:34.459,GW-LINE-B,mtc01.tempAvg,Good,1005.384,
200,2026-09-15 23:36:34.461,ENV-01,env01.humidity,Good,53,
201,2026-09-15 23:36:34.461,ENV-01,env01.dewPoint,Good,14.7,
202,2026-09-15 23:36:34.461,ENV-01,env01.noise,Good,74,
204,2026-09-15 23:36:34.461,ENV-01,env01.pm25,Good,53,
203,2026-09-15 23:36:34.461,IM-01,im01.prodTime,Good,09/15/2026 23:36:34,
205,2026-09-15 23:36:34.461,ENV-01,env01.pressureDiff,Good,6,
206,2026-09-15 23:36:34.461,ENV-01,env01.illuminance,Good,333,
207,2026-09-15 23:36:34.461,ENV-01,env01.tempFluctuation,Good,12.86364,
208,2026-09-15 23:36:34.467,GW-LINE-B,dry01.dewPoint,Good,-34.6,
209,2026-09-15 23:36:34.467,GW-LINE-B,dry01.heatPower,Good,6,
210,2026-09-15 23:36:34.467,GW-LINE-B,dry01.fanCurrent,Good,1.6,
211,2026-09-15 23:36:34.469,GW-LINE-B,dry01.levelTrend,Good,-0.4936173,
212,2026-09-15 23:36:34.475,GW-LINE-B,rob01.cycleTime,Good,2.8,
213,2026-09-15 23:36:34.475,GW-LINE-B,rob01.trajectory,Good,7.942913,
214,2026-09-15 23:36:35.458,EM-01,em01.totalEnergy,Good,3871.73,
215,2026-09-15 23:36:35.458,IM-01,im01.moldTemp,Good,84.5,
216,2026-09-15 23:36:35.458,EM-01,em01.forwardEnergy,Good,3871.73,
217,2026-09-15 23:36:35.458,EM-01,em01.voltageA,Good,385,
218,2026-09-15 23:36:35.458,EM-01,em01.voltageB,Good,385,
219,2026-09-15 23:36:35.458,EM-01,em01.currentA,Good,160.3,
220,2026-09-15 23:36:35.458,EM-01,em01.activePower,Good,100,
221,2026-09-15 23:36:35.458,EM-01,em01.reactivePower,Good,22,
222,2026-09-15 23:36:35.458,EM-01,em01.powerFactor,Good,0.95,
223,2026-09-15 23:36:35.458,EM-01,em01.frequency,Good,50.06,
224,2026-09-15 23:36:35.458,EM-01,em01.demand,Good,100,
225,2026-09-15 23:36:35.458,EM-01,em01.energyF64,Good,39.3074166666668,
226,2026-09-15 23:36:35.458,EM-01,em01.unbalance,Good,2.894737,
227,2026-09-15 23:36:35.458,IM-01,im01.oilTemp,Good,44.3,
228,2026-09-15 23:36:35.458,IM-01,im01.energyTotal,Good,1.49400000000055,
230,2026-09-15 23:36:35.460,GW-LINE-B,mtc01.actualTemp,Good,99.8,
229,2026-09-15 23:36:35.460,ENV-01,env01.roomTemp,Good,23.9,
231,2026-09-15 23:36:35.460,ENV-01,env01.humidity,Good,54,
232,2026-09-15 23:36:35.460,GW-LINE-B,mtc01.returnTemp,Good,96.4,
233,2026-09-15 23:36:35.460,ENV-01,env01.dewPoint,Good,14.8,
234,2026-09-15 23:36:35.460,GW-LINE-B,mtc01.pumpPressure,Good,3,
235,2026-09-15 23:36:35.460,ENV-01,env01.noise,Good,75,
236,2026-09-15 23:36:35.460,GW-LINE-B,mtc01.pumpFlow,Good,21,
237,2026-09-15 23:36:35.460,ENV-01,env01.pm25,Good,35,
238,2026-09-15 23:36:35.460,GW-LINE-B,mtc01.pumpCurrent,Good,4.5,
239,2026-09-15 23:36:35.460,GW-LINE-B,mtc01.heatPower,Good,3,
240,2026-09-15 23:36:35.460,ENV-01,env01.pressureDiff,Good,7,
241,2026-09-15 23:36:35.460,GW-LINE-B,mtc01.outletTemp,Good,100.3,
242,2026-09-15 23:36:35.460,ENV-01,env01.illuminance,Good,417,
243,2026-09-15 23:36:35.460,GW-LINE-B,mtc01.tempAvg,Good,997.6425,
244,2026-09-15 23:36:35.460,ENV-01,env01.tempFluctuation,Good,12.28595,
245,2026-09-15 23:36:35.463,IM-01,im01.prodTime,Good,09/15/2026 23:36:35,
246,2026-09-15 23:36:35.468,GW-LINE-B,dry01.dewPoint,Good,-33.8,
247,2026-09-15 23:36:35.468,GW-LINE-B,dry01.materialLevel,Good,79,
248,2026-09-15 23:36:35.468,GW-LINE-B,dry01.fanCurrent,Good,1.7,
249,2026-09-15 23:36:35.470,GW-LINE-B,dry01.levelTrend,Good,-0.5197237,
250,2026-09-15 23:36:35.475,GW-LINE-B,rob01.cycleTime,Good,3,
251,2026-09-15 23:36:35.475,GW-LINE-B,rob01.trajectory,Good,7.854074,
252,2026-09-15 23:36:36.458,IM-01,im01.moldTemp,Good,84.6,
253,2026-09-15 23:36:36.458,ENV-01,env01.humidity,Good,53,
254,2026-09-15 23:36:36.458,IM-01,im01.oilTemp,Good,44.5,
255,2026-09-15 23:36:36.458,IM-01,im01.energyTotal,Good,1.49483333333389,
256,2026-09-15 23:36:36.458,ENV-01,env01.dewPoint,Good,14.6,
257,2026-09-15 23:36:36.458,ENV-01,env01.noise,Good,70,
258,2026-09-15 23:36:36.458,ENV-01,env01.pm25,Good,43,
259,2026-09-15 23:36:36.458,ENV-01,env01.pressureDiff,Good,4,
260,2026-09-15 23:36:36.458,ENV-01,env01.illuminance,Good,454,
261,2026-09-15 23:36:36.458,ENV-01,env01.tempFluctuation,Good,12.388,
262,2026-09-15 23:36:36.460,GW-LINE-B,mtc01.returnTemp,Good,95.8,
263,2026-09-15 23:36:36.460,GW-LINE-B,mtc01.pumpCurrent,Good,5.6,
264,2026-09-15 23:36:36.460,GW-LINE-B,mtc01.heatPower,Good,4,
265,2026-09-15 23:36:36.460,GW-LINE-B,mtc01.tempAvg,Good,997.6691,
266,2026-09-15 23:36:36.460,EM-01,em01.totalEnergy,Good,3874.85,
267,2026-09-15 23:36:36.460,EM-01,em01.forwardEnergy,Good,3874.85,
268,2026-09-15 23:36:36.460,EM-01,em01.voltageA,Good,383,
269,2026-09-15 23:36:36.460,EM-01,em01.voltageB,Good,376,
270,2026-09-15 23:36:36.460,EM-01,em01.currentA,Good,190.2,
271,2026-09-15 23:36:36.460,EM-01,em01.activePower,Good,121,
272,2026-09-15 23:36:36.460,EM-01,em01.reactivePower,Good,35,
273,2026-09-15 23:36:36.460,EM-01,em01.powerFactor,Good,0.862,
274,2026-09-15 23:36:36.460,EM-01,em01.frequency,Good,50.04,
275,2026-09-15 23:36:36.460,EM-01,em01.demand,Good,121,
276,2026-09-15 23:36:36.460,EM-01,em01.energyF64,Good,39.3392222222224,
277,2026-09-15 23:36:36.460,EM-01,em01.unbalance,Good,2.368421,
278,2026-09-15 23:36:36.464,IM-01,im01.prodTime,Good,09/15/2026 23:36:36,
279,2026-09-15 23:36:36.467,GW-LINE-B,dry01.dewPoint,Good,-33.5,
280,2026-09-15 23:36:36.467,GW-LINE-B,dry01.heatPower,Good,8,
281,2026-09-15 23:36:36.467,GW-LINE-B,dry01.fanCurrent,Good,1.2,
282,2026-09-15 23:36:36.469,GW-LINE-B,dry01.levelTrend,Good,-0.5434685,
283,2026-09-15 23:36:36.476,GW-LINE-B,rob01.trajectory,Good,7.846889,
284,2026-09-15 23:36:37.457,GW-LINE-B,mtc01.runSeconds,Good,12504,
285,2026-09-15 23:36:37.457,GW-LINE-B,mtc01.energyTotal,Good,1.86155555555556,
286,2026-09-15 23:36:37.457,EM-01,em01.readTime,Good,09/15/2026 23:36:37,
288,2026-09-15 23:36:37.459,GW-LINE-B,mtc01.tempDeviation,Good,-0.3,
287,2026-09-15 23:36:37.459,IM-01,im01.clampForceDev,Good,-48,
289,2026-09-15 23:36:37.462,EM-01,em01.totalEnergy,Good,3877.88,
290,2026-09-15 23:36:37.462,EM-01,em01.forwardEnergy,Good,3877.88,
291,2026-09-15 23:36:37.462,EM-01,em01.voltageB,Good,383,
292,2026-09-15 23:36:37.462,EM-01,em01.voltageC,Good,376,
293,2026-09-15 23:36:37.462,EM-01,em01.currentA,Good,163.3,
294,2026-09-15 23:36:37.462,EM-01,em01.activePower,Good,100,
295,2026-09-15 23:36:37.462,EM-01,em01.reactivePower,Good,20,
296,2026-09-15 23:36:37.462,EM-01,em01.powerFactor,Good,0.879,
297,2026-09-15 23:36:37.462,EM-01,em01.frequency,Good,50.05,
298,2026-09-15 23:36:37.462,EM-01,em01.demand,Good,100,
299,2026-09-15 23:36:37.462,EM-01,em01.energyF64,Good,39.3699444444446,
300,2026-09-15 23:36:37.462,EM-01,em01.unbalance,Good,1.842105,
301,2026-09-15 23:36:37.462,IM-01,im01.oilTemp,Good,44.6,
302,2026-09-15 23:36:37.462,IM-01,im01.energyTotal,Good,1.49566666666722,
303,2026-09-15 23:36:37.464,GW-LINE-B,dry01.drySeconds,Good,11880,
304,2026-09-15 23:36:37.464,GW-LINE-B,dry01.energyTotal,Good,1.91597222222224,
305,2026-09-15 23:36:37.466,GW-LINE-B,dry01.dewDeviation,Good,1.3,
306,2026-09-15 23:36:37.466,IM-01,im01.prodTime,Good,09/15/2026 23:36:37,
307,2026-09-15 23:36:37.466,ENV-01,env01.runSeconds,Good,12504,
308,2026-09-15 23:36:37.466,ENV-01,env01.sampleTime,Good,09/15/2026 23:36:37,
309,2026-09-15 23:36:37.473,GW-LINE-B,rob01.runSeconds,Good,12504,
310,2026-09-15 23:36:37.475,GW-LINE-B,rob01.energyTotal,Good,1.74097222222219,
311,2026-09-15 23:36:37.477,ENV-01,env01.humidity,Good,56,
312,2026-09-15 23:36:37.477,ENV-01,env01.dewPoint,Good,15.2,
313,2026-09-15 23:36:37.477,ENV-01,env01.noise,Good,78,
314,2026-09-15 23:36:37.477,ENV-01,env01.pm25,Good,58,
315,2026-09-15 23:36:37.477,ENV-01,env01.pressureDiff,Good,11,
316,2026-09-15 23:36:37.477,ENV-01,env01.illuminance,Good,355,
317,2026-09-15 23:36:37.477,ENV-01,env01.tempFluctuation,Good,12.22751,
318,2026-09-15 23:36:37.485,GW-LINE-B,mtc01.actualTemp,Good,99.7,
319,2026-09-15 23:36:37.485,GW-LINE-B,mtc01.returnTemp,Good,95.6,
320,2026-09-15 23:36:37.485,GW-LINE-B,mtc01.pumpPressure,Good,5,
321,2026-09-15 23:36:37.485,GW-LINE-B,mtc01.pumpFlow,Good,27,
322,2026-09-15 23:36:37.485,GW-LINE-B,mtc01.pumpCurrent,Good,4.9,
323,2026-09-15 23:36:37.485,GW-LINE-B,mtc01.heatPower,Good,6,
324,2026-09-15 23:36:37.485,GW-LINE-B,mtc01.outletTemp,Good,100.2,
325,2026-09-15 23:36:37.485,GW-LINE-B,mtc01.tempAvg,Good,996.6505,
326,2026-09-15 23:36:37.493,GW-LINE-B,dry01.dewPoint,Good,-33.7,
327,2026-09-15 23:36:37.493,GW-LINE-B,dry01.heatPower,Good,5,
328,2026-09-15 23:36:37.493,GW-LINE-B,dry01.fanCurrent,Good,2,
329,2026-09-15 23:36:37.494,GW-LINE-B,dry01.levelTrend,Good,-0.5770912,
330,2026-09-15 23:36:37.500,GW-LINE-B,rob01.cycleTime,Good,2.8,
331,2026-09-15 23:36:37.500,GW-LINE-B,rob01.trajectory,Good,7.764369,
332,2026-09-15 23:36:38.463,EM-01,em01.totalEnergy,Good,3880.72,
333,2026-09-15 23:36:38.463,IM-01,im01.moldTemp,Good,84.5,
334,2026-09-15 23:36:38.463,EM-01,em01.forwardEnergy,Good,3880.72,
335,2026-09-15 23:36:38.463,EM-01,em01.voltageA,Good,382,
336,2026-09-15 23:36:38.463,EM-01,em01.voltageB,Good,385,
337,2026-09-15 23:36:38.463,IM-01,im01.oilTemp,Good,44.4,
338,2026-09-15 23:36:38.463,EM-01,em01.voltageC,Good,374,
339,2026-09-15 23:36:38.463,EM-01,em01.currentA,Good,208.8,
340,2026-09-15 23:36:38.463,EM-01,em01.activePower,Good,118,
341,2026-09-15 23:36:38.463,EM-01,em01.reactivePower,Good,26,
342,2026-09-15 23:36:38.463,EM-01,em01.powerFactor,Good,0.875,
343,2026-09-15 23:36:38.463,EM-01,em01.frequency,Good,49.99,
344,2026-09-15 23:36:38.463,EM-01,em01.demand,Good,118,
345,2026-09-15 23:36:38.463,EM-01,em01.energyF64,Good,39.3988333333335,
346,2026-09-15 23:36:38.463,EM-01,em01.unbalance,Good,2.894737,
347,2026-09-15 23:36:38.463,IM-01,im01.energyTotal,Good,1.49650000000056,
348,2026-09-15 23:36:38.467,IM-01,im01.prodTime,Good,09/15/2026 23:36:38,
349,2026-09-15 23:36:38.477,ENV-01,env01.roomTemp,Good,24,
350,2026-09-15 23:36:38.477,ENV-01,env01.noise,Good,71,
351,2026-09-15 23:36:38.477,ENV-01,env01.pm25,Good,24,
352,2026-09-15 23:36:38.477,ENV-01,env01.pressureDiff,Good,13,
353,2026-09-15 23:36:38.477,ENV-01,env01.illuminance,Good,482,
354,2026-09-15 23:36:38.477,ENV-01,env01.tempFluctuation,Good,11.92473,
355,2026-09-15 23:36:38.485,GW-LINE-B,mtc01.actualTemp,Good,99.5,
356,2026-09-15 23:36:38.485,GW-LINE-B,mtc01.returnTemp,Good,95.4,
357,2026-09-15 23:36:38.485,GW-LINE-B,mtc01.pumpPressure,Good,2,
358,2026-09-15 23:36:38.485,GW-LINE-B,mtc01.pumpFlow,Good,20,
359,2026-09-15 23:36:38.485,GW-LINE-B,mtc01.pumpCurrent,Good,5.5,
360,2026-09-15 23:36:38.485,GW-LINE-B,mtc01.heatPower,Good,5,
361,2026-09-15 23:36:38.485,GW-LINE-B,mtc01.outletTemp,Good,100,
362,2026-09-15 23:36:38.485,GW-LINE-B,mtc01.tempAvg,Good,995.4727,
363,2026-09-15 23:36:38.494,GW-LINE-B,dry01.dewPoint,Good,-34.4,
364,2026-09-15 23:36:38.494,GW-LINE-B,dry01.materialLevel,Good,78,
365,2026-09-15 23:36:38.494,GW-LINE-B,dry01.heatPower,Good,4,
366,2026-09-15 23:36:38.494,GW-LINE-B,dry01.fanCurrent,Good,0.9,
367,2026-09-15 23:36:38.496,GW-LINE-B,dry01.levelTrend,Good,-0.6026112,
368,2026-09-15 23:36:38.501,GW-LINE-B,rob01.trajectory,Good,7.838974,
369,2026-09-15 23:36:39.463,EM-01,em01.totalEnergy,Good,3883.81,
370,2026-09-15 23:36:39.463,EM-01,em01.forwardEnergy,Good,3883.81,
371,2026-09-15 23:36:39.463,IM-01,im01.oilTemp,Good,44.7,
372,2026-09-15 23:36:39.463,EM-01,em01.voltageA,Good,380,
373,2026-09-15 23:36:39.463,EM-01,em01.voltageB,Good,378,
374,2026-09-15 23:36:39.463,EM-01,em01.voltageC,Good,381,
375,2026-09-15 23:36:39.463,EM-01,em01.currentA,Good,204.5,
376,2026-09-15 23:36:39.463,EM-01,em01.activePower,Good,117,
377,2026-09-15 23:36:39.463,EM-01,em01.reactivePower,Good,21,
378,2026-09-15 23:36:39.463,EM-01,em01.powerFactor,Good,0.906,
379,2026-09-15 23:36:39.463,EM-01,em01.frequency,Good,49.98,
380,2026-09-15 23:36:39.463,EM-01,em01.demand,Good,117,
381,2026-09-15 23:36:39.463,EM-01,em01.energyF64,Good,39.430138888889,
382,2026-09-15 23:36:39.463,EM-01,em01.unbalance,Good,0.7894737,
383,2026-09-15 23:36:39.463,IM-01,im01.energyTotal,Good,1.49733333333389,
384,2026-09-15 23:36:39.468,IM-01,im01.prodTime,Good,09/15/2026 23:36:39,
385,2026-09-15 23:36:39.478,ENV-01,env01.roomTemp,Good,23.9,
386,2026-09-15 23:36:39.478,ENV-01,env01.humidity,Good,55,
387,2026-09-15 23:36:39.478,ENV-01,env01.dewPoint,Good,15,
388,2026-09-15 23:36:39.478,ENV-01,env01.noise,Good,70,
389,2026-09-15 23:36:39.478,ENV-01,env01.pm25,Good,38,
390,2026-09-15 23:36:39.478,ENV-01,env01.pressureDiff,Good,12,
391,2026-09-15 23:36:39.478,ENV-01,env01.illuminance,Good,376,
392,2026-09-15 23:36:39.478,ENV-01,env01.tempFluctuation,Good,12.02886,
393,2026-09-15 23:36:39.486,GW-LINE-B,mtc01.actualTemp,Good,99.3,
394,2026-09-15 23:36:39.486,GW-LINE-B,mtc01.returnTemp,Good,95.3,
395,2026-09-15 23:36:39.486,GW-LINE-B,mtc01.pumpPressure,Good,5,
396,2026-09-15 23:36:39.486,GW-LINE-B,mtc01.pumpFlow,Good,32,
397,2026-09-15 23:36:39.486,GW-LINE-B,mtc01.pumpCurrent,Good,3.8,
398,2026-09-15 23:36:39.486,GW-LINE-B,mtc01.heatPower,Good,7,
399,2026-09-15 23:36:39.486,GW-LINE-B,mtc01.outletTemp,Good,99.8,
400,2026-09-15 23:36:39.486,GW-LINE-B,mtc01.tempAvg,Good,993.0981,
401,2026-09-15 23:36:39.494,GW-LINE-B,dry01.dewPoint,Good,-33.5,
402,2026-09-15 23:36:39.494,GW-LINE-B,dry01.heatPower,Good,5,
403,2026-09-15 23:36:39.496,GW-LINE-B,dry01.levelTrend,Good,-0.6334121,
404,2026-09-15 23:36:39.500,GW-LINE-B,rob01.inPlace,Good,False,
405,2026-09-15 23:36:39.502,GW-LINE-B,rob01.cycleTime,Good,2.9,
406,2026-09-15 23:36:39.502,GW-LINE-B,rob01.posX,Good,97,
407,2026-09-15 23:36:39.502,GW-LINE-B,rob01.posY,Good,304,
408,2026-09-15 23:36:39.502,GW-LINE-B,rob01.posZ,Good,81,
409,2026-09-15 23:36:39.502,GW-LINE-B,rob01.gripState,Good,1,
410,2026-09-15 23:36:39.502,GW-LINE-B,rob01.trajectory,Good,97.28732,
411,2026-09-15 23:36:40.464,EM-01,em01.totalEnergy,Good,3886.93,
412,2026-09-15 23:36:40.464,IM-01,im01.oilTemp,Good,44.6,
413,2026-09-15 23:36:40.464,EM-01,em01.forwardEnergy,Good,3886.93,
414,2026-09-15 23:36:40.464,EM-01,em01.voltageA,Good,376,
415,2026-09-15 23:36:40.464,EM-01,em01.voltageC,Good,377,
416,2026-09-15 23:36:40.464,EM-01,em01.currentA,Good,138.8,
417,2026-09-15 23:36:40.464,IM-01,im01.energyTotal,Good,1.49816666666722,
418,2026-09-15 23:36:40.464,EM-01,em01.reactivePower,Good,35,
419,2026-09-15 23:36:40.464,EM-01,em01.powerFactor,Good,0.876,
420,2026-09-15 23:36:40.464,EM-01,em01.frequency,Good,49.91,
421,2026-09-15 23:36:40.464,EM-01,em01.energyF64,Good,39.4618333333335,
422,2026-09-15 23:36:40.464,EM-01,em01.unbalance,Good,0.5263158,
423,2026-09-15 23:36:40.469,IM-01,im01.prodTime,Good,09/15/2026 23:36:40,
424,2026-09-15 23:36:40.479,ENV-01,env01.humidity,Good,54,
425,2026-09-15 23:36:40.479,ENV-01,env01.dewPoint,Good,14.8,
426,2026-09-15 23:36:40.479,ENV-01,env01.noise,Good,72,
427,2026-09-15 23:36:40.479,ENV-01,env01.pm25,Good,39,
428,2026-09-15 23:36:40.479,ENV-01,env01.pressureDiff,Good,0,
429,2026-09-15 23:36:40.479,ENV-01,env01.illuminance,Good,419,
430,2026-09-15 23:36:40.479,ENV-01,env01.tempFluctuation,Good,11.75863,
431,2026-09-15 23:36:40.487,GW-LINE-B,mtc01.actualTemp,Good,99.1,
432,2026-09-15 23:36:40.487,GW-LINE-B,mtc01.returnTemp,Good,95.1,
433,2026-09-15 23:36:40.487,GW-LINE-B,mtc01.pumpPressure,Good,4,
434,2026-09-15 23:36:40.487,GW-LINE-B,mtc01.pumpFlow,Good,40,
435,2026-09-15 23:36:40.487,GW-LINE-B,mtc01.pumpCurrent,Good,5.3,
436,2026-09-15 23:36:40.487,GW-LINE-B,mtc01.heatPower,Good,3,
437,2026-09-15 23:36:40.487,GW-LINE-B,mtc01.outletTemp,Good,99.6,
438,2026-09-15 23:36:40.487,GW-LINE-B,mtc01.tempAvg,Good,990.6476,
439,2026-09-15 23:36:40.494,GW-LINE-B,dry01.dewPoint,Good,-34.3,
440,2026-09-15 23:36:40.494,GW-LINE-B,dry01.heatPower,Good,4,
441,2026-09-15 23:36:40.494,GW-LINE-B,dry01.fanCurrent,Good,1.2,
442,2026-09-15 23:36:40.496,GW-LINE-B,dry01.levelTrend,Good,-0.6702557,
443,2026-09-15 23:36:40.502,GW-LINE-B,rob01.cycleTime,Good,3.1,
444,2026-09-15 23:36:40.502,GW-LINE-B,rob01.posX,Good,98,
445,2026-09-15 23:36:40.502,GW-LINE-B,rob01.posY,Good,298,
446,2026-09-15 23:36:40.502,GW-LINE-B,rob01.posZ,Good,85,
447,2026-09-15 23:36:40.502,GW-LINE-B,rob01.trajectory,Good,97.8857,
448,2026-09-15 23:36:41.464,EM-01,em01.totalEnergy,Good,3889.97,
449,2026-09-15 23:36:41.464,EM-01,em01.forwardEnergy,Good,3889.97,
450,2026-09-15 23:36:41.464,EM-01,em01.voltageA,Good,382,
451,2026-09-15 23:36:41.464,EM-01,em01.voltageC,Good,375,
452,2026-09-15 23:36:41.464,EM-01,em01.currentA,Good,141.7,
453,2026-09-15 23:36:41.464,EM-01,em01.activePower,Good,120,
454,2026-09-15 23:36:41.464,EM-01,em01.powerFactor,Good,0.945,
455,2026-09-15 23:36:41.464,EM-01,em01.frequency,Good,50,
456,2026-09-15 23:36:41.464,EM-01,em01.demand,Good,120,
457,2026-09-15 23:36:41.464,EM-01,em01.energyF64,Good,39.4926944444446,
458,2026-09-15 23:36:41.464,EM-01,em01.unbalance,Good,1.842105,
459,2026-09-15 23:36:41.464,IM-01,im01.moldTemp,Good,84.6,
460,2026-09-15 23:36:41.464,IM-01,im01.oilTemp,Good,44.5,
461,2026-09-15 23:36:41.464,IM-01,im01.energyTotal,Good,1.49900000000056,
462,2026-09-15 23:36:41.470,IM-01,im01.prodTime,Good,09/15/2026 23:36:41,
463,2026-09-15 23:36:41.479,ENV-01,env01.noise,Good,75,
464,2026-09-15 23:36:41.479,ENV-01,env01.pm25,Good,30,
465,2026-09-15 23:36:41.479,ENV-01,env01.pressureDiff,Good,-1,
466,2026-09-15 23:36:41.479,ENV-01,env01.illuminance,Good,470,
467,2026-09-15 23:36:41.479,ENV-01,env01.tempFluctuation,Good,11.6572,
468,2026-09-15 23:36:41.487,GW-LINE-B,mtc01.actualTemp,Good,99.2,
469,2026-09-15 23:36:41.487,GW-LINE-B,mtc01.pumpPressure,Good,5,
470,2026-09-15 23:36:41.487,GW-LINE-B,mtc01.pumpFlow,Good,37,
471,2026-09-15 23:36:41.487,GW-LINE-B,mtc01.pumpCurrent,Good,3.5,
472,2026-09-15 23:36:41.487,GW-LINE-B,mtc01.heatPower,Good,4,
473,2026-09-15 23:36:41.487,GW-LINE-B,mtc01.outletTemp,Good,99.7,
474,2026-09-15 23:36:41.487,GW-LINE-B,mtc01.tempAvg,Good,992.4711,
475,2026-09-15 23:36:41.496,GW-LINE-B,dry01.materialLevel,Good,77,
476,2026-09-15 23:36:41.496,GW-LINE-B,dry01.heatPower,Good,5,
477,2026-09-15 23:36:41.496,GW-LINE-B,dry01.fanCurrent,Good,2,
478,2026-09-15 23:36:41.498,GW-LINE-B,dry01.levelTrend,Good,-0.7051558,
479,2026-09-15 23:36:41.503,GW-LINE-B,rob01.cycleTime,Good,2.7,
480,2026-09-15 23:36:41.503,GW-LINE-B,rob01.posX,Good,0,
481,2026-09-15 23:36:41.503,GW-LINE-B,rob01.posY,Good,395,
482,2026-09-15 23:36:41.503,GW-LINE-B,rob01.posZ,Good,204,
483,2026-09-15 23:36:41.503,GW-LINE-B,rob01.trajectory,Good,0.2878747,
484,2026-09-15 23:36:42.458,GW-LINE-B,mtc01.runSeconds,Good,12554,
485,2026-09-15 23:36:42.458,GW-LINE-B,mtc01.energyTotal,Good,1.86891666666668,
486,2026-09-15 23:36:42.458,ENV-01,env01.runSeconds,Good,12554,
487,2026-09-15 23:36:42.458,ENV-01,env01.sampleTime,Good,09/15/2026 23:36:42,
488,2026-09-15 23:36:42.460,GW-LINE-B,mtc01.tempDeviation,Good,-0.6,
489,2026-09-15 23:36:42.460,IM-01,im01.clampForceDev,Good,-56,
490,2026-09-15 23:36:42.464,IM-01,im01.moldTemp,Good,84.5,
491,2026-09-15 23:36:42.464,IM-01,im01.oilTemp,Good,44.6,
492,2026-09-15 23:36:42.464,IM-01,im01.energyTotal,Good,1.49983333333389,
493,2026-09-15 23:36:42.466,GW-LINE-B,dry01.drySeconds,Good,11930,
494,2026-09-15 23:36:42.466,GW-LINE-B,dry01.energyTotal,Good,1.92363888888891,
495,2026-09-15 23:36:42.468,GW-LINE-B,dry01.dewDeviation,Good,0.6,
496,2026-09-15 23:36:42.468,EM-01,em01.readTime,Good,09/15/2026 23:36:42,
497,2026-09-15 23:36:42.471,IM-01,im01.prodTime,Good,09/15/2026 23:36:42,
498,2026-09-15 23:36:42.474,GW-LINE-B,rob01.runSeconds,Good,12554,
499,2026-09-15 23:36:42.474,EM-01,em01.totalEnergy,Good,3892.77,
500,2026-09-15 23:36:42.474,EM-01,em01.forwardEnergy,Good,3892.77,
501,2026-09-15 23:36:42.474,EM-01,em01.voltageA,Good,385,
502,2026-09-15 23:36:42.474,EM-01,em01.voltageB,Good,380,
503,2026-09-15 23:36:42.474,EM-01,em01.voltageC,Good,384,
504,2026-09-15 23:36:42.474,EM-01,em01.currentA,Good,156.8,
505,2026-09-15 23:36:42.474,EM-01,em01.activePower,Good,102,
506,2026-09-15 23:36:42.474,EM-01,em01.reactivePower,Good,24,
507,2026-09-15 23:36:42.474,EM-01,em01.powerFactor,Good,0.869,
508,2026-09-15 23:36:42.474,EM-01,em01.frequency,Good,50.03,
509,2026-09-15 23:36:42.474,EM-01,em01.demand,Good,102,
510,2026-09-15 23:36:42.474,EM-01,em01.energyF64,Good,39.5210555555557,
511,2026-09-15 23:36:42.474,EM-01,em01.unbalance,Good,1.315789,
512,2026-09-15 23:36:42.476,GW-LINE-B,rob01.energyTotal,Good,1.74772222222219,
513,2026-09-15 23:36:42.478,GW-LINE-B,rob01.posDeviation,Good,-100,
514,2026-09-15 23:36:42.480,ENV-01,env01.humidity,Good,55,
515,2026-09-15 23:36:42.480,ENV-01,env01.dewPoint,Good,14.9,
516,2026-09-15 23:36:42.480,ENV-01,env01.pm25,Good,21,
517,2026-09-15 23:36:42.480,ENV-01,env01.pressureDiff,Good,8,
518,2026-09-15 23:36:42.480,ENV-01,env01.illuminance,Good,377,
519,2026-09-15 23:36:42.480,ENV-01,env01.tempFluctuation,Good,11.8872,
520,2026-09-15 23:36:42.488,GW-LINE-B,mtc01.actualTemp,Good,99.4,
521,2026-09-15 23:36:42.488,GW-LINE-B,mtc01.pumpPressure,Good,2,
522,2026-09-15 23:36:42.488,GW-LINE-B,mtc01.pumpFlow,Good,34,
523,2026-09-15 23:36:42.488,GW-LINE-B,mtc01.pumpCurrent,Good,5.6,
524,2026-09-15 23:36:42.488,GW-LINE-B,mtc01.heatPower,Good,8,
525,2026-09-15 23:36:42.488,GW-LINE-B,mtc01.outletTemp,Good,99.9,
526,2026-09-15 23:36:42.488,GW-LINE-B,mtc01.tempAvg,Good,993.8478,
527,2026-09-15 23:36:42.497,GW-LINE-B,dry01.dewPoint,Good,-34.4,
528,2026-09-15 23:36:42.497,GW-LINE-B,dry01.fanCurrent,Good,1,
529,2026-09-15 23:36:42.499,GW-LINE-B,dry01.levelTrend,Good,-0.7406536,
530,2026-09-15 23:36:42.504,GW-LINE-B,rob01.cycleTime,Good,2.9,
531,2026-09-15 23:36:42.504,GW-LINE-B,rob01.posZ,Good,198,
532,2026-09-15 23:36:42.504,GW-LINE-B,rob01.trajectory,Good,0.2479712,
533,2026-09-15 23:36:43.465,IM-01,im01.oilTemp,Good,44.8,
534,2026-09-15 23:36:43.465,IM-01,im01.energyTotal,Good,1.50066666666723,
535,2026-09-15 23:36:43.472,IM-01,im01.prodTime,Good,09/15/2026 23:36:43,
536,2026-09-15 23:36:43.475,EM-01,em01.totalEnergy,Good,3895.93,
537,2026-09-15 23:36:43.475,EM-01,em01.forwardEnergy,Good,3895.93,
538,2026-09-15 23:36:43.475,EM-01,em01.voltageB,Good,379,
539,2026-09-15 23:36:43.475,EM-01,em01.voltageC,Good,381,
540,2026-09-15 23:36:43.475,EM-01,em01.currentA,Good,126.2,
541,2026-09-15 23:36:43.475,EM-01,em01.activePower,Good,129,
542,2026-09-15 23:36:43.475,EM-01,em01.reactivePower,Good,35,
543,2026-09-15 23:36:43.475,EM-01,em01.powerFactor,Good,0.897,
544,2026-09-15 23:36:43.475,EM-01,em01.frequency,Good,49.9,
545,2026-09-15 23:36:43.475,EM-01,em01.demand,Good,129,
546,2026-09-15 23:36:43.475,EM-01,em01.energyF64,Good,39.5530833333335,
547,2026-09-15 23:36:43.475,EM-01,em01.unbalance,Good,1.578947,
548,2026-09-15 23:36:43.480,ENV-01,env01.noise,Good,78,
549,2026-09-15 23:36:43.480,ENV-01,env01.pm25,Good,26,
550,2026-09-15 23:36:43.480,ENV-01,env01.illuminance,Good,332,
551,2026-09-15 23:36:43.480,ENV-01,env01.tempFluctuation,Good,12.11723,
552,2026-09-15 23:36:43.489,GW-LINE-B,mtc01.pumpPressure,Good,4,
553,2026-09-15 23:36:43.489,GW-LINE-B,mtc01.pumpFlow,Good,18,
554,2026-09-15 23:36:43.489,GW-LINE-B,mtc01.pumpCurrent,Good,3.2,
555,2026-09-15 23:36:43.489,GW-LINE-B,mtc01.heatPower,Good,4,
556,2026-09-15 23:36:43.489,GW-LINE-B,mtc01.tempAvg,Good,994.3921,
557,2026-09-15 23:36:43.497,GW-LINE-B,dry01.dewPoint,Good,-34.9,
558,2026-09-15 23:36:43.497,GW-LINE-B,dry01.fanCurrent,Good,0.9,
559,2026-09-15 23:36:43.499,GW-LINE-B,dry01.levelTrend,Good,-0.7744513,
560,2026-09-15 23:36:43.503,GW-LINE-B,rob01.inPlace,Good,True,
561,2026-09-15 23:36:43.504,GW-LINE-B,rob01.cycleTime,Good,2.8,
562,2026-09-15 23:36:43.504,GW-LINE-B,rob01.totalPicks,Good,41,
563,2026-09-15 23:36:43.504,GW-LINE-B,rob01.successPicks,Good,41,
564,2026-09-15 23:36:43.504,GW-LINE-B,rob01.posX,Good,8,
565,2026-09-15 23:36:43.504,GW-LINE-B,rob01.posY,Good,8,
566,2026-09-15 23:36:43.504,GW-LINE-B,rob01.posZ,Good,8,
567,2026-09-15 23:36:43.504,GW-LINE-B,rob01.gripState,Good,0,
568,2026-09-15 23:36:43.504,GW-LINE-B,rob01.trajectory,Good,8.255444,
569,2026-09-15 23:36:44.465,IM-01,im01.moldTemp,Good,84.6,
570,2026-09-15 23:36:44.465,IM-01,im01.oilTemp,Good,44.6,
571,2026-09-15 23:36:44.465,IM-01,im01.energyTotal,Good,1.50150000000056,
572,2026-09-15 23:36:44.473,IM-01,im01.prodTime,Good,09/15/2026 23:36:44,
573,2026-09-15 23:36:44.476,EM-01,em01.totalEnergy,Good,3899.18,
574,2026-09-15 23:36:44.476,EM-01,em01.forwardEnergy,Good,3899.18,
575,2026-09-15 23:36:44.476,EM-01,em01.voltageA,Good,380,
576,2026-09-15 23:36:44.476,EM-01,em01.voltageB,Good,381,
577,2026-09-15 23:36:44.476,EM-01,em01.voltageC,Good,383,
578,2026-09-15 23:36:44.476,EM-01,em01.currentA,Good,202.4,
579,2026-09-15 23:36:44.476,EM-01,em01.activePower,Good,117,
580,2026-09-15 23:36:44.476,EM-01,em01.reactivePower,Good,27,
581,2026-09-15 23:36:44.476,EM-01,em01.powerFactor,Good,0.92,
582,2026-09-15 23:36:44.476,EM-01,em01.frequency,Good,50.06,
583,2026-09-15 23:36:44.476,EM-01,em01.demand,Good,117,
584,2026-09-15 23:36:44.476,EM-01,em01.energyF64,Good,39.5859722222224,
585,2026-09-15 23:36:44.476,EM-01,em01.unbalance,Good,0.7894737,
586,2026-09-15 23:36:44.481,ENV-01,env01.humidity,Good,53,
587,2026-09-15 23:36:44.481,ENV-01,env01.dewPoint,Good,14.6,
588,2026-09-15 23:36:44.481,ENV-01,env01.noise,Good,74,
589,2026-09-15 23:36:44.481,ENV-01,env01.pm25,Good,37,
590,2026-09-15 23:36:44.481,ENV-01,env01.pressureDiff,Good,-3,
591,2026-09-15 23:36:44.481,ENV-01,env01.illuminance,Good,354,
592,2026-09-15 23:36:44.481,ENV-01,env01.tempFluctuation,Good,12.0463,
593,2026-09-15 23:36:44.489,GW-LINE-B,mtc01.actualTemp,Good,99.3,
594,2026-09-15 23:36:44.489,GW-LINE-B,mtc01.pumpFlow,Good,19,
595,2026-09-15 23:36:44.489,GW-LINE-B,mtc01.heatPower,Good,5,
596,2026-09-15 23:36:44.489,GW-LINE-B,mtc01.outletTemp,Good,99.8,
597,2026-09-15 23:36:44.489,GW-LINE-B,mtc01.tempAvg,Good,993.4678,
598,2026-09-15 23:36:44.497,GW-LINE-B,dry01.materialLevel,Good,76,
599,2026-09-15 23:36:44.497,GW-LINE-B,dry01.heatPower,Good,8,
600,2026-09-15 23:36:44.497,GW-LINE-B,dry01.fanCurrent,Good,1.7,
601,2026-09-15 23:36:44.499,GW-LINE-B,dry01.levelTrend,Good,-0.8043385,
602,2026-09-15 23:36:44.504,GW-LINE-B,rob01.cycleTime,Good,3.2,
603,2026-09-15 23:36:44.504,GW-LINE-B,rob01.trajectory,Good,8.186741,
604,2026-09-15 23:36:45.465,IM-01,im01.moldTemp,Good,84.5,
605,2026-09-15 23:36:45.465,IM-01,im01.oilTemp,Good,44.4,
606,2026-09-15 23:36:45.465,IM-01,im01.energyTotal,Good,1.5023333333339,
607,2026-09-15 23:36:45.475,IM-01,im01.prodTime,Good,09/15/2026 23:36:45,
608,2026-09-15 23:36:45.476,EM-01,em01.totalEnergy,Good,3902.09,
609,2026-09-15 23:36:45.476,EM-01,em01.forwardEnergy,Good,3902.09,
610,2026-09-15 23:36:45.476,EM-01,em01.voltageA,Good,384,
611,2026-09-15 23:36:45.476,EM-01,em01.voltageB,Good,383,
612,2026-09-15 23:36:45.476,EM-01,em01.currentA,Good,186.2,
613,2026-09-15 23:36:45.476,EM-01,em01.activePower,Good,110,
614,2026-09-15 23:36:45.476,EM-01,em01.reactivePower,Good,33,
615,2026-09-15 23:36:45.476,EM-01,em01.powerFactor,Good,0.949,
616,2026-09-15 23:36:45.476,EM-01,em01.frequency,Good,50.05,
617,2026-09-15 23:36:45.476,EM-01,em01.demand,Good,110,
618,2026-09-15 23:36:45.476,EM-01,em01.energyF64,Good,39.6156111111113,
619,2026-09-15 23:36:45.476,EM-01,em01.unbalance,Good,0.2631579,
620,2026-09-15 23:36:45.481,ENV-01,env01.roomTemp,Good,24,
621,2026-09-15 23:36:45.481,ENV-01,env01.dewPoint,Good,14.7,
622,2026-09-15 23:36:45.481,ENV-01,env01.noise,Good,77,
623,2026-09-15 23:36:45.481,ENV-01,env01.pm25,Good,20,
624,2026-09-15 23:36:45.481,ENV-01,env01.pressureDiff,Good,6,
625,2026-09-15 23:36:45.481,ENV-01,env01.illuminance,Good,383,
626,2026-09-15 23:36:45.481,ENV-01,env01.tempFluctuation,Good,11.94625,
627,2026-09-15 23:36:45.490,GW-LINE-B,mtc01.actualTemp,Good,99.6,
628,2026-09-15 23:36:45.490,GW-LINE-B,mtc01.pumpPressure,Good,3,
629,2026-09-15 23:36:45.490,GW-LINE-B,mtc01.pumpFlow,Good,37,
630,2026-09-15 23:36:45.490,GW-LINE-B,mtc01.pumpCurrent,Good,5.8,
631,2026-09-15 23:36:45.490,GW-LINE-B,mtc01.outletTemp,Good,100.1,
632,2026-09-15 23:36:45.490,GW-LINE-B,mtc01.tempAvg,Good,996.1267,
633,2026-09-15 23:36:45.498,GW-LINE-B,dry01.dewPoint,Good,-34.2,
634,2026-09-15 23:36:45.498,GW-LINE-B,dry01.fanCurrent,Good,1.5,
635,2026-09-15 23:36:45.500,GW-LINE-B,dry01.levelTrend,Good,-0.8345724,
636,2026-09-15 23:36:45.506,GW-LINE-B,rob01.cycleTime,Good,2.7,
637,2026-09-15 23:36:45.506,GW-LINE-B,rob01.trajectory,Good,7.993113,
638,2026-09-15 23:36:46.466,IM-01,im01.oilTemp,Good,44.3,
639,2026-09-15 23:36:46.466,IM-01,im01.energyTotal,Good,1.50316666666723,
640,2026-09-15 23:36:46.476,IM-01,im01.prodTime,Good,09/15/2026 23:36:46,
641,2026-09-15 23:36:46.477,EM-01,em01.totalEnergy,Good,3905.2,
642,2026-09-15 23:36:46.477,EM-01,em01.forwardEnergy,Good,3905.2,
643,2026-09-15 23:36:46.477,EM-01,em01.voltageB,Good,386,
644,2026-09-15 23:36:46.477,EM-01,em01.voltageC,Good,379,
645,2026-09-15 23:36:46.477,EM-01,em01.currentA,Good,153.7,
646,2026-09-15 23:36:46.477,EM-01,em01.activePower,Good,111,
647,2026-09-15 23:36:46.477,EM-01,em01.reactivePower,Good,35,
648,2026-09-15 23:36:46.477,EM-01,em01.powerFactor,Good,0.889,
649,2026-09-15 23:36:46.477,EM-01,em01.frequency,Good,50.1,
650,2026-09-15 23:36:46.477,EM-01,em01.demand,Good,111,
651,2026-09-15 23:36:46.477,EM-01,em01.energyF64,Good,39.6472777777779,
652,2026-09-15 23:36:46.477,EM-01,em01.unbalance,Good,1.842105,
653,2026-09-15 23:36:46.482,ENV-01,env01.roomTemp,Good,23.9,
654,2026-09-15 23:36:46.482,ENV-01,env01.humidity,Good,54,
655,2026-09-15 23:36:46.482,ENV-01,env01.dewPoint,Good,14.8,
656,2026-09-15 23:36:46.482,ENV-01,env01.pm25,Good,43,
657,2026-09-15 23:36:46.482,ENV-01,env01.pressureDiff,Good,0,
658,2026-09-15 23:36:46.482,ENV-01,env01.illuminance,Good,479,
659,2026-09-15 23:36:46.482,ENV-01,env01.tempFluctuation,Good,11.63567,
660,2026-09-15 23:36:46.490,GW-LINE-B,mtc01.pumpPressure,Good,5,
661,2026-09-15 23:36:46.490,GW-LINE-B,mtc01.pumpFlow,Good,15,
662,2026-09-15 23:36:46.490,GW-LINE-B,mtc01.pumpCurrent,Good,3.1,
663,2026-09-15 23:36:46.490,GW-LINE-B,mtc01.heatPower,Good,7,
664,2026-09-15 23:36:46.490,GW-LINE-B,mtc01.tempAvg,Good,995.8519,
665,2026-09-15 23:36:46.498,GW-LINE-B,dry01.dewPoint,Good,-33.9,
666,2026-09-15 23:36:46.498,GW-LINE-B,dry01.heatPower,Good,5,
667,2026-09-15 23:36:46.498,GW-LINE-B,dry01.fanCurrent,Good,1.3,
668,2026-09-15 23:36:46.500,GW-LINE-B,dry01.levelTrend,Good,-0.8669814,
669,2026-09-15 23:36:46.506,GW-LINE-B,rob01.cycleTime,Good,3.2,
670,2026-09-15 23:36:46.506,GW-LINE-B,rob01.trajectory,Good,7.773398,
671,2026-09-15 23:36:47.459,GW-LINE-B,mtc01.runSeconds,Good,12604,
672,2026-09-15 23:36:47.459,EM-01,em01.readTime,Good,09/15/2026 23:36:47,
673,2026-09-15 23:36:47.459,GW-LINE-B,mtc01.energyTotal,Good,1.87602777777779,
674,2026-09-15 23:36:47.461,GW-LINE-B,mtc01.tempDeviation,Good,-0.5,
675,2026-09-15 23:36:47.463,IM-01,im01.clampForceDev,Good,-48,
676,2026-09-15 23:36:47.465,ENV-01,env01.runSeconds,Good,12604,
677,2026-09-15 23:36:47.465,ENV-01,env01.sampleTime,Good,09/15/2026 23:36:47,
678,2026-09-15 23:36:47.467,GW-LINE-B,dry01.drySeconds,Good,11980,
679,2026-09-15 23:36:47.467,GW-LINE-B,dry01.energyTotal,Good,1.93158333333335,
680,2026-09-15 23:36:47.467,IM-01,im01.oilTemp,Good,44.2,
681,2026-09-15 23:36:47.467,IM-01,im01.energyTotal,Good,1.50400000000057,
682,2026-09-15 23:36:47.469,GW-LINE-B,dry01.dewDeviation,Good,0.8,
684,2026-09-15 23:36:47.475,GW-LINE-B,rob01.runSeconds,Good,12604,
685,2026-09-15 23:36:47.477,GW-LINE-B,rob01.energyTotal,Good,1.75441666666663,
686,2026-09-15 23:36:47.477,IM-01,im01.prodTime,Good,09/15/2026 23:36:47,
687,2026-09-15 23:36:47.477,EM-01,em01.totalEnergy,Good,3908.2,
688,2026-09-15 23:36:47.477,EM-01,em01.forwardEnergy,Good,3908.2,
689,2026-09-15 23:36:47.477,EM-01,em01.voltageA,Good,380,
690,2026-09-15 23:36:47.477,EM-01,em01.voltageC,Good,383,
691,2026-09-15 23:36:47.477,EM-01,em01.currentA,Good,183.5,
692,2026-09-15 23:36:47.477,EM-01,em01.activePower,Good,109,
693,2026-09-15 23:36:47.477,EM-01,em01.reactivePower,Good,37,
694,2026-09-15 23:36:47.477,EM-01,em01.powerFactor,Good,0.922,
695,2026-09-15 23:36:47.477,EM-01,em01.frequency,Good,49.92,
696,2026-09-15 23:36:47.477,EM-01,em01.demand,Good,109,
697,2026-09-15 23:36:47.477,EM-01,em01.energyF64,Good,39.6777222222224,
698,2026-09-15 23:36:47.477,EM-01,em01.unbalance,Good,1.578947,
699,2026-09-15 23:36:47.479,GW-LINE-B,rob01.posDeviation,Good,-92,
700,2026-09-15 23:36:47.482,ENV-01,env01.humidity,Good,55,
701,2026-09-15 23:36:47.482,ENV-01,env01.dewPoint,Good,15,
702,2026-09-15 23:36:47.482,ENV-01,env01.noise,Good,72,
703,2026-09-15 23:36:47.482,ENV-01,env01.pm25,Good,41,
704,2026-09-15 23:36:47.482,ENV-01,env01.pressureDiff,Good,-1,
705,2026-09-15 23:36:47.482,ENV-01,env01.illuminance,Good,319,
706,2026-09-15 23:36:47.482,ENV-01,env01.tempFluctuation,Good,12.02099,
707,2026-09-15 23:36:47.491,GW-LINE-B,mtc01.actualTemp,Good,99.5,
708,2026-09-15 23:36:47.491,GW-LINE-B,mtc01.pumpPressure,Good,2,
709,2026-09-15 23:36:47.491,GW-LINE-B,mtc01.pumpFlow,Good,29,
710,2026-09-15 23:36:47.491,GW-LINE-B,mtc01.pumpCurrent,Good,4.9,
711,2026-09-15 23:36:47.491,GW-LINE-B,mtc01.heatPower,Good,6,
712,2026-09-15 23:36:47.491,GW-LINE-B,mtc01.outletTemp,Good,100,
713,2026-09-15 23:36:47.491,GW-LINE-B,mtc01.tempAvg,Good,995.4788,
714,2026-09-15 23:36:47.500,GW-LINE-B,dry01.dewPoint,Good,-34.2,
715,2026-09-15 23:36:47.500,GW-LINE-B,dry01.materialLevel,Good,75,
716,2026-09-15 23:36:47.500,GW-LINE-B,dry01.heatPower,Good,6,
717,2026-09-15 23:36:47.500,GW-LINE-B,dry01.fanCurrent,Good,1.6,
718,2026-09-15 23:36:47.502,GW-LINE-B,dry01.levelTrend,Good,-0.90294,
719,2026-09-15 23:36:47.508,GW-LINE-B,rob01.cycleTime,Good,2.8,
720,2026-09-15 23:36:47.508,GW-LINE-B,rob01.trajectory,Good,8.178314,
721,2026-09-15 23:36:48.468,IM-01,im01.barrel1Temp,Good,190.2,
722,2026-09-15 23:36:48.468,IM-01,im01.moldTemp,Good,84.6,
723,2026-09-15 23:36:48.468,IM-01,im01.oilTemp,Good,44.3,
724,2026-09-15 23:36:48.468,IM-01,im01.energyTotal,Good,1.5048333333339,
725,2026-09-15 23:36:48.477,EM-01,em01.totalEnergy,Good,3911.32,
726,2026-09-15 23:36:48.477,EM-01,em01.forwardEnergy,Good,3911.32,
727,2026-09-15 23:36:48.477,EM-01,em01.voltageA,Good,376,
728,2026-09-15 23:36:48.477,EM-01,em01.voltageB,Good,377,
729,2026-09-15 23:36:48.477,EM-01,em01.voltageC,Good,374,
730,2026-09-15 23:36:48.477,EM-01,em01.currentA,Good,166.8,
731,2026-09-15 23:36:48.477,EM-01,em01.activePower,Good,123,
732,2026-09-15 23:36:48.477,EM-01,em01.reactivePower,Good,26,
733,2026-09-15 23:36:48.477,EM-01,em01.powerFactor,Good,0.89,
734,2026-09-15 23:36:48.477,EM-01,em01.frequency,Good,50.02,
735,2026-09-15 23:36:48.477,EM-01,em01.demand,Good,123,
736,2026-09-15 23:36:48.477,EM-01,em01.energyF64,Good,39.7093611111113,
737,2026-09-15 23:36:48.477,EM-01,em01.unbalance,Good,0.7894737,
738,2026-09-15 23:36:48.478,IM-01,im01.prodTime,Good,09/15/2026 23:36:48,
739,2026-09-15 23:36:48.483,ENV-01,env01.roomTemp,Good,24,
740,2026-09-15 23:36:48.483,ENV-01,env01.dewPoint,Good,15.2,
741,2026-09-15 23:36:48.483,ENV-01,env01.noise,Good,78,
742,2026-09-15 23:36:48.483,ENV-01,env01.pm25,Good,55,
743,2026-09-15 23:36:48.483,ENV-01,env01.pressureDiff,Good,13,
744,2026-09-15 23:36:48.483,ENV-01,env01.illuminance,Good,317,
745,2026-09-15 23:36:48.483,ENV-01,env01.tempFluctuation,Good,12.06669,
746,2026-09-15 23:36:48.492,GW-LINE-B,mtc01.actualTemp,Good,99.3,
747,2026-09-15 23:36:48.492,GW-LINE-B,mtc01.pumpPressure,Good,3,
748,2026-09-15 23:36:48.492,GW-LINE-B,mtc01.pumpFlow,Good,20,
749,2026-09-15 23:36:48.492,GW-LINE-B,mtc01.pumpCurrent,Good,4.1,
750,2026-09-15 23:36:48.492,GW-LINE-B,mtc01.outletTemp,Good,99.8,
751,2026-09-15 23:36:48.492,GW-LINE-B,mtc01.tempAvg,Good,992.924,
752,2026-09-15 23:36:48.499,GW-LINE-B,dry01.dewPoint,Good,-34.7,
753,2026-09-15 23:36:48.499,GW-LINE-B,dry01.heatPower,Good,3,
754,2026-09-15 23:36:48.499,GW-LINE-B,dry01.fanCurrent,Good,0.8,
755,2026-09-15 23:36:48.501,GW-LINE-B,dry01.levelTrend,Good,-0.9259644,
756,2026-09-15 23:36:48.507,GW-LINE-B,rob01.cycleTime,Good,3,
757,2026-09-15 23:36:48.507,GW-LINE-B,rob01.trajectory,Good,8.015537,
758,2026-09-15 23:36:49.468,IM-01,im01.moldTemp,Good,84.5,
759,2026-09-15 23:36:49.468,IM-01,im01.oilTemp,Good,44.7,
760,2026-09-15 23:36:49.468,IM-01,im01.energyTotal,Good,1.50566666666723,
761,2026-09-15 23:36:49.478,EM-01,em01.totalEnergy,Good,3914.79,
762,2026-09-15 23:36:49.478,EM-01,em01.forwardEnergy,Good,3914.79,
763,2026-09-15 23:36:49.478,EM-01,em01.voltageA,Good,382,
764,2026-09-15 23:36:49.478,EM-01,em01.voltageC,Good,380,
765,2026-09-15 23:36:49.478,EM-01,em01.currentA,Good,204.2,
766,2026-09-15 23:36:49.478,EM-01,em01.activePower,Good,127,
767,2026-09-15 23:36:49.478,EM-01,em01.reactivePower,Good,28,
768,2026-09-15 23:36:49.478,EM-01,em01.powerFactor,Good,0.876,
769,2026-09-15 23:36:49.478,EM-01,em01.frequency,Good,49.91,
770,2026-09-15 23:36:49.478,EM-01,em01.demand,Good,127,
771,2026-09-15 23:36:49.478,EM-01,em01.energyF64,Good,39.7443611111113,
772,2026-09-15 23:36:49.478,EM-01,em01.unbalance,Good,1.315789,
773,2026-09-15 23:36:49.479,IM-01,im01.prodTime,Good,09/15/2026 23:36:49,
774,2026-09-15 23:36:49.484,ENV-01,env01.humidity,Good,57,
775,2026-09-15 23:36:49.484,ENV-01,env01.dewPoint,Good,15.5,
776,2026-09-15 23:36:49.484,ENV-01,env01.noise,Good,76,
777,2026-09-15 23:36:49.484,ENV-01,env01.pm25,Good,50,
778,2026-09-15 23:36:49.484,ENV-01,env01.pressureDiff,Good,-1,
779,2026-09-15 23:36:49.484,ENV-01,env01.illuminance,Good,445,
780,2026-09-15 23:36:49.484,ENV-01,env01.tempFluctuation,Good,12.48121,
781,2026-09-15 23:36:49.492,GW-LINE-B,mtc01.actualTemp,Good,99.4,
782,2026-09-15 23:36:49.492,GW-LINE-B,mtc01.pumpPressure,Good,2,
783,2026-09-15 23:36:49.492,GW-LINE-B,mtc01.pumpFlow,Good,18,
784,2026-09-15 23:36:49.492,GW-LINE-B,mtc01.pumpCurrent,Good,3.9,
785,2026-09-15 23:36:49.492,GW-LINE-B,mtc01.heatPower,Good,5,
786,2026-09-15 23:36:49.492,GW-LINE-B,mtc01.outletTemp,Good,99.9,
787,2026-09-15 23:36:49.492,GW-LINE-B,mtc01.tempAvg,Good,993.5161,
788,2026-09-15 23:36:49.500,GW-LINE-B,dry01.dewPoint,Good,-35.1,
789,2026-09-15 23:36:49.500,GW-LINE-B,dry01.fanCurrent,Good,1.3,
790,2026-09-15 23:36:49.502,GW-LINE-B,dry01.levelTrend,Good,-0.9583281,
791,2026-09-15 23:36:49.508,GW-LINE-B,rob01.cycleTime,Good,2.8,
792,2026-09-15 23:36:49.508,GW-LINE-B,rob01.trajectory,Good,8.040535,
793,2026-09-15 23:36:50.469,IM-01,im01.energyTotal,Good,1.50650000000057,
794,2026-09-15 23:36:50.479,EM-01,em01.totalEnergy,Good,3918.19,
795,2026-09-15 23:36:50.479,EM-01,em01.forwardEnergy,Good,3918.19,
796,2026-09-15 23:36:50.479,EM-01,em01.voltageA,Good,383,
797,2026-09-15 23:36:50.479,EM-01,em01.voltageB,Good,380,
798,2026-09-15 23:36:50.479,EM-01,em01.voltageC,Good,374,
799,2026-09-15 23:36:50.479,EM-01,em01.currentA,Good,219.2,
800,2026-09-15 23:36:50.479,EM-01,em01.activePower,Good,126,
801,2026-09-15 23:36:50.479,EM-01,em01.reactivePower,Good,31,
802,2026-09-15 23:36:50.479,EM-01,em01.powerFactor,Good,0.943,
803,2026-09-15 23:36:50.479,EM-01,em01.frequency,Good,49.94,
804,2026-09-15 23:36:50.479,EM-01,em01.demand,Good,126,
805,2026-09-15 23:36:50.479,EM-01,em01.energyF64,Good,39.7788055555557,
806,2026-09-15 23:36:50.479,EM-01,em01.unbalance,Good,2.368421,
807,2026-09-15 23:36:50.481,IM-01,im01.prodTime,Good,09/15/2026 23:36:50,
808,2026-09-15 23:36:50.484,ENV-01,env01.roomTemp,Good,23.9,
809,2026-09-15 23:36:50.484,ENV-01,env01.humidity,Good,56,
810,2026-09-15 23:36:50.484,ENV-01,env01.dewPoint,Good,15.3,
811,2026-09-15 23:36:50.484,ENV-01,env01.noise,Good,73,
812,2026-09-15 23:36:50.484,ENV-01,env01.pm25,Good,59,
813,2026-09-15 23:36:50.484,ENV-01,env01.pressureDiff,Good,-3,
814,2026-09-15 23:36:50.484,ENV-01,env01.illuminance,Good,464,
815,2026-09-15 23:36:50.484,ENV-01,env01.tempFluctuation,Good,12.38443,
816,2026-09-15 23:36:50.492,GW-LINE-B,mtc01.actualTemp,Good,99.6,
817,2026-09-15 23:36:50.492,GW-LINE-B,mtc01.pumpPressure,Good,3,
818,2026-09-15 23:36:50.492,GW-LINE-B,mtc01.pumpFlow,Good,32,
819,2026-09-15 23:36:50.492,GW-LINE-B,mtc01.pumpCurrent,Good,6,
820,2026-09-15 23:36:50.492,GW-LINE-B,mtc01.heatPower,Good,4,
821,2026-09-15 23:36:50.492,GW-LINE-B,mtc01.outletTemp,Good,100.1,
822,2026-09-15 23:36:50.492,GW-LINE-B,mtc01.tempAvg,Good,995.9421,
823,2026-09-15 23:36:50.500,GW-LINE-B,dry01.dewPoint,Good,-34.6,
824,2026-09-15 23:36:50.500,GW-LINE-B,dry01.heatPower,Good,7,
825,2026-09-15 23:36:50.500,GW-LINE-B,dry01.fanCurrent,Good,1.9,
826,2026-09-15 23:36:50.502,GW-LINE-B,dry01.levelTrend,Good,-0.9856586,
827,2026-09-15 23:36:50.508,GW-LINE-B,rob01.cycleTime,Good,2.7,
828,2026-09-15 23:36:50.508,GW-LINE-B,rob01.trajectory,Good,7.725619,
829,2026-09-15 23:36:51.479,EM-01,em01.totalEnergy,Good,3921.4,
830,2026-09-15 23:36:51.479,EM-01,em01.forwardEnergy,Good,3921.4,
831,2026-09-15 23:36:51.479,EM-01,em01.voltageB,Good,384,
832,2026-09-15 23:36:51.479,EM-01,em01.voltageC,Good,375,
833,2026-09-15 23:36:51.479,EM-01,em01.currentA,Good,168.5,
834,2026-09-15 23:36:51.479,EM-01,em01.activePower,Good,128,
835,2026-09-15 23:36:51.479,EM-01,em01.powerFactor,Good,0.93,
836,2026-09-15 23:36:51.479,EM-01,em01.frequency,Good,49.91,
837,2026-09-15 23:36:51.479,EM-01,em01.demand,Good,128,
838,2026-09-15 23:36:51.479,EM-01,em01.energyF64,Good,39.8112500000002,
839,2026-09-15 23:36:51.485,ENV-01,env01.roomTemp,Good,24,
840,2026-09-15 23:36:51.485,ENV-01,env01.noise,Good,78,
841,2026-09-15 23:36:51.485,ENV-01,env01.pm25,Good,24,
842,2026-09-15 23:36:51.485,ENV-01,env01.pressureDiff,Good,7,
843,2026-09-15 23:36:51.485,ENV-01,env01.illuminance,Good,387,
844,2026-09-15 23:36:51.485,ENV-01,env01.tempFluctuation,Good,11.92613,
845,2026-09-15 23:36:51.493,GW-LINE-B,mtc01.actualTemp,Good,99.5,
846,2026-09-15 23:36:51.493,GW-LINE-B,mtc01.pumpPressure,Good,4,
847,2026-09-15 23:36:51.493,GW-LINE-B,mtc01.pumpFlow,Good,20,
848,2026-09-15 23:36:51.493,GW-LINE-B,mtc01.pumpCurrent,Good,3.4,
849,2026-09-15 23:36:51.493,GW-LINE-B,mtc01.outletTemp,Good,100,
850,2026-09-15 23:36:51.493,GW-LINE-B,mtc01.tempAvg,Good,994.5098,
851,2026-09-15 23:36:51.500,GW-LINE-B,dry01.dewPoint,Good,-34.2,
852,2026-09-15 23:36:51.500,GW-LINE-B,dry01.materialLevel,Good,74,
853,2026-09-15 23:36:51.500,GW-LINE-B,dry01.heatPower,Good,6,
854,2026-09-15 23:36:51.500,GW-LINE-B,dry01.fanCurrent,Good,1.8,
855,2026-09-15 23:36:51.502,GW-LINE-B,dry01.levelTrend,Good,-1.012441,
856,2026-09-15 23:36:51.508,GW-LINE-B,rob01.cycleTime,Good,3,
857,2026-09-15 23:36:51.508,GW-LINE-B,rob01.trajectory,Good,8.105052,
858,2026-09-15 23:36:52.459,GW-LINE-B,mtc01.runSeconds,Good,12654,
859,2026-09-15 23:36:52.459,GW-LINE-B,mtc01.energyTotal,Good,1.88305555555557,
860,2026-09-15 23:36:52.459,EM-01,em01.readTime,Good,09/15/2026 23:36:52,
861,2026-09-15 23:36:52.461,GW-LINE-B,mtc01.tempDeviation,Good,-0.7,
862,2026-09-15 23:36:52.461,ENV-01,env01.runSeconds,Good,12654,
863,2026-09-15 23:36:52.461,ENV-01,env01.sampleTime,Good,09/15/2026 23:36:52,
864,2026-09-15 23:36:52.465,ENV-01,env01.tempDeviation,Good,0,
865,2026-09-15 23:36:52.467,GW-LINE-B,dry01.drySeconds,Good,12030,
866,2026-09-15 23:36:52.467,GW-LINE-B,dry01.energyTotal,Good,1.93919444444446,
867,2026-09-15 23:36:52.469,GW-LINE-B,dry01.dewDeviation,Good,0.4,
868,2026-09-15 23:36:52.475,GW-LINE-B,rob01.runSeconds,Good,12654,
869,2026-09-15 23:36:52.477,GW-LINE-B,rob01.energyTotal,Good,1.76169444444441,
870,2026-09-15 23:36:52.479,EM-01,em01.totalEnergy,Good,3924.66,
871,2026-09-15 23:36:52.479,EM-01,em01.forwardEnergy,Good,3924.66,
872,2026-09-15 23:36:52.479,EM-01,em01.voltageA,Good,379,
873,2026-09-15 23:36:52.479,EM-01,em01.voltageB,Good,386,
874,2026-09-15 23:36:52.479,EM-01,em01.voltageC,Good,382,
875,2026-09-15 23:36:52.479,EM-01,em01.currentA,Good,185.8,
876,2026-09-15 23:36:52.479,EM-01,em01.activePower,Good,109,
877,2026-09-15 23:36:52.479,EM-01,em01.reactivePower,Good,35,
878,2026-09-15 23:36:52.479,EM-01,em01.powerFactor,Good,0.878,
879,2026-09-15 23:36:52.479,EM-01,em01.frequency,Good,50.05,
880,2026-09-15 23:36:52.479,EM-01,em01.demand,Good,109,
881,2026-09-15 23:36:52.479,EM-01,em01.energyF64,Good,39.844277777778,
882,2026-09-15 23:36:52.479,EM-01,em01.unbalance,Good,1.842105,
883,2026-09-15 23:36:52.486,ENV-01,env01.humidity,Good,57,
884,2026-09-15 23:36:52.486,ENV-01,env01.dewPoint,Good,15.5,
885,2026-09-15 23:36:52.486,ENV-01,env01.noise,Good,77,
886,2026-09-15 23:36:52.486,ENV-01,env01.pm25,Good,45,
887,2026-09-15 23:36:52.486,ENV-01,env01.pressureDiff,Good,5,
888,2026-09-15 23:36:52.486,ENV-01,env01.illuminance,Good,397,
889,2026-09-15 23:36:52.486,ENV-01,env01.tempFluctuation,Good,12.04385,
890,2026-09-15 23:36:52.493,GW-LINE-B,mtc01.actualTemp,Good,99.3,
891,2026-09-15 23:36:52.493,GW-LINE-B,mtc01.pumpPressure,Good,3,
892,2026-09-15 23:36:52.493,GW-LINE-B,mtc01.pumpFlow,Good,30,
893,2026-09-15 23:36:52.493,GW-LINE-B,mtc01.pumpCurrent,Good,3,
894,2026-09-15 23:36:52.493,GW-LINE-B,mtc01.heatPower,Good,3,
895,2026-09-15 23:36:52.493,GW-LINE-B,mtc01.outletTemp,Good,99.8,
896,2026-09-15 23:36:52.493,GW-LINE-B,mtc01.tempAvg,Good,992.8007,
897,2026-09-15 23:36:52.502,GW-LINE-B,dry01.dewPoint,Good,-34.6,
898,2026-09-15 23:36:52.502,GW-LINE-B,dry01.fanCurrent,Good,1.4,
899,2026-09-15 23:36:52.504,GW-LINE-B,dry01.levelTrend,Good,-1.046567,
900,2026-09-15 23:36:52.509,GW-LINE-B,rob01.trajectory,Good,8.148986,
901,2026-09-15 23:36:53.480,EM-01,em01.totalEnergy,Good,3927.73,
902,2026-09-15 23:36:53.480,EM-01,em01.forwardEnergy,Good,3927.73,
903,2026-09-15 23:36:53.480,EM-01,em01.voltageA,Good,375,
904,2026-09-15 23:36:53.480,EM-01,em01.voltageB,Good,381,
905,2026-09-15 23:36:53.480,EM-01,em01.voltageC,Good,374,
906,2026-09-15 23:36:53.480,EM-01,em01.currentA,Good,215.3,
907,2026-09-15 23:36:53.480,EM-01,em01.activePower,Good,125,
908,2026-09-15 23:36:53.480,EM-01,em01.reactivePower,Good,34,
909,2026-09-15 23:36:53.480,EM-01,em01.powerFactor,Good,0.947,
910,2026-09-15 23:36:53.480,EM-01,em01.frequency,Good,49.97,
911,2026-09-15 23:36:53.480,EM-01,em01.demand,Good,125,
912,2026-09-15 23:36:53.480,EM-01,em01.energyF64,Good,39.8754444444446,
913,2026-09-15 23:36:53.486,ENV-01,env01.humidity,Good,56,
914,2026-09-15 23:36:53.486,ENV-01,env01.dewPoint,Good,15.3,
915,2026-09-15 23:36:53.486,ENV-01,env01.pm25,Good,35,
916,2026-09-15 23:36:53.486,ENV-01,env01.pressureDiff,Good,12,
917,2026-09-15 23:36:53.486,ENV-01,env01.illuminance,Good,458,
918,2026-09-15 23:36:53.486,ENV-01,env01.tempFluctuation,Good,12.58372,
919,2026-09-15 23:36:53.494,GW-LINE-B,mtc01.actualTemp,Good,99.4,
920,2026-09-15 23:36:53.494,GW-LINE-B,mtc01.pumpPressure,Good,4,
921,2026-09-15 23:36:53.494,GW-LINE-B,mtc01.pumpFlow,Good,19,
922,2026-09-15 23:36:53.494,GW-LINE-B,mtc01.pumpCurrent,Good,6,
923,2026-09-15 23:36:53.494,GW-LINE-B,mtc01.heatPower,Good,5,
924,2026-09-15 23:36:53.494,GW-LINE-B,mtc01.outletTemp,Good,99.9,
925,2026-09-15 23:36:53.494,GW-LINE-B,mtc01.tempAvg,Good,993.9437,
926,2026-09-15 23:36:53.502,GW-LINE-B,dry01.dewPoint,Good,-34.7,
927,2026-09-15 23:36:53.502,GW-LINE-B,dry01.heatPower,Good,4,
928,2026-09-15 23:36:53.502,GW-LINE-B,dry01.fanCurrent,Good,1.6,
929,2026-09-15 23:36:53.504,GW-LINE-B,dry01.levelTrend,Good,-1.071488,
930,2026-09-15 23:36:53.510,GW-LINE-B,rob01.cycleTime,Good,3.2,
931,2026-09-15 23:36:53.510,GW-LINE-B,rob01.trajectory,Good,7.851994,
933,2026-09-15 23:36:53.563,IM-01,im01.barrel1Temp,Bad,,ss.reason.comm
934,2026-09-15 23:36:53.563,IM-01,im01.barrel5Temp,Bad,,ss.reason.comm
935,2026-09-15 23:36:53.563,IM-01,im01.moldTemp,Bad,,ss.reason.comm
936,2026-09-15 23:36:53.563,IM-01,im01.oilTemp,Bad,,ss.reason.comm
937,2026-09-15 23:36:53.563,IM-01,im01.injectPressure,Bad,,ss.reason.comm
938,2026-09-15 23:36:53.563,IM-01,im01.injectSpeed,Bad,,ss.reason.comm
939,2026-09-15 23:36:53.563,IM-01,im01.screwSpeed,Bad,,ss.reason.comm
940,2026-09-15 23:36:53.563,IM-01,im01.clampPressure,Bad,,ss.reason.comm
941,2026-09-15 23:36:53.563,IM-01,im01.pumpCurrent,Bad,,ss.reason.comm
942,2026-09-15 23:36:53.563,IM-01,im01.hydraulicPressure,Bad,,ss.reason.comm
943,2026-09-15 23:36:53.563,IM-01,im01.power,Bad,,ss.reason.comm
944,2026-09-15 23:36:53.563,IM-01,im01.meltEnergy,Bad,,ss.reason.comm
945,2026-09-15 23:36:53.563,IM-01,im01.energyTotal,Bad,,ss.reason.comm
946,2026-09-15 23:36:53.563,IM-01,im01.moldTempDual,Bad,,ss.reason.comm
947,2026-09-15 23:36:54.480,EM-01,em01.totalEnergy,Good,3931.08,
948,2026-09-15 23:36:54.480,EM-01,em01.forwardEnergy,Good,3931.08,
949,2026-09-15 23:36:54.480,EM-01,em01.voltageA,Good,380,
950,2026-09-15 23:36:54.480,EM-01,em01.voltageB,Good,379,
951,2026-09-15 23:36:54.480,EM-01,em01.currentA,Good,207.9,
952,2026-09-15 23:36:54.480,EM-01,em01.activePower,Good,115,
953,2026-09-15 23:36:54.480,EM-01,em01.powerFactor,Good,0.863,
954,2026-09-15 23:36:54.480,EM-01,em01.demand,Good,115,
955,2026-09-15 23:36:54.480,EM-01,em01.energyF64,Good,39.9094722222224,
956,2026-09-15 23:36:54.480,EM-01,em01.unbalance,Good,1.578947,
957,2026-09-15 23:36:54.487,ENV-01,env01.pm25,Good,55,
958,2026-09-15 23:36:54.487,ENV-01,env01.pressureDiff,Good,-2,
959,2026-09-15 23:36:54.487,ENV-01,env01.illuminance,Good,471,
960,2026-09-15 23:36:54.487,ENV-01,env01.tempFluctuation,Good,12.26817,
961,2026-09-15 23:36:54.494,GW-LINE-B,mtc01.actualTemp,Good,99.3,
962,2026-09-15 23:36:54.494,GW-LINE-B,mtc01.pumpPressure,Good,3,
963,2026-09-15 23:36:54.494,GW-LINE-B,mtc01.pumpFlow,Good,32,
964,2026-09-15 23:36:54.494,GW-LINE-B,mtc01.pumpCurrent,Good,5.3,
965,2026-09-15 23:36:54.494,GW-LINE-B,mtc01.outletTemp,Good,99.8,
966,2026-09-15 23:36:54.494,GW-LINE-B,mtc01.tempAvg,Good,992.6586,
967,2026-09-15 23:36:54.503,GW-LINE-B,dry01.dewPoint,Good,-34.4,
968,2026-09-15 23:36:54.503,GW-LINE-B,dry01.materialLevel,Good,73,
969,2026-09-15 23:36:54.503,GW-LINE-B,dry01.heatPower,Good,6,
970,2026-09-15 23:36:54.503,GW-LINE-B,dry01.fanCurrent,Good,1.9,
971,2026-09-15 23:36:54.505,GW-LINE-B,dry01.levelTrend,Good,-1.107171,
972,2026-09-15 23:36:54.511,GW-LINE-B,rob01.cycleTime,Good,2.9,
973,2026-09-15 23:36:54.511,GW-LINE-B,rob01.trajectory,Good,8.295941,
974,2026-09-15 23:36:55.481,EM-01,em01.totalEnergy,Good,3934.24,
975,2026-09-15 23:36:55.481,EM-01,em01.forwardEnergy,Good,3934.24,
976,2026-09-15 23:36:55.481,EM-01,em01.voltageA,Good,382,
977,2026-09-15 23:36:55.481,EM-01,em01.voltageB,Good,381,
978,2026-09-15 23:36:55.481,EM-01,em01.voltageC,Good,381,
979,2026-09-15 23:36:55.481,EM-01,em01.currentA,Good,170.2,
980,2026-09-15 23:36:55.481,EM-01,em01.activePower,Good,112,
981,2026-09-15 23:36:55.481,EM-01,em01.reactivePower,Good,35,
982,2026-09-15 23:36:55.481,EM-01,em01.powerFactor,Good,0.92,
983,2026-09-15 23:36:55.481,EM-01,em01.demand,Good,112,
984,2026-09-15 23:36:55.481,EM-01,em01.energyF64,Good,39.9415000000002,
985,2026-09-15 23:36:55.481,EM-01,em01.unbalance,Good,0.2631579,
986,2026-09-15 23:36:55.487,ENV-01,env01.roomTemp,Good,23.9,
987,2026-09-15 23:36:55.487,ENV-01,env01.humidity,Good,55,
988,2026-09-15 23:36:55.487,ENV-01,env01.dewPoint,Good,15,
989,2026-09-15 23:36:55.487,ENV-01,env01.noise,Good,72,
990,2026-09-15 23:36:55.487,ENV-01,env01.pm25,Good,52,
991,2026-09-15 23:36:55.487,ENV-01,env01.pressureDiff,Good,11,
992,2026-09-15 23:36:55.487,ENV-01,env01.illuminance,Good,418,
993,2026-09-15 23:36:55.487,ENV-01,env01.tempFluctuation,Good,11.64487,
994,2026-09-15 23:36:55.495,GW-LINE-B,mtc01.actualTemp,Good,99.5,
995,2026-09-15 23:36:55.495,GW-LINE-B,mtc01.pumpPressure,Good,5,
996,2026-09-15 23:36:55.495,GW-LINE-B,mtc01.pumpFlow,Good,18,
997,2026-09-15 23:36:55.495,GW-LINE-B,mtc01.pumpCurrent,Good,5.4,
998,2026-09-15 23:36:55.495,GW-LINE-B,mtc01.outletTemp,Good,100,
999,2026-09-15 23:36:55.495,GW-LINE-B,mtc01.tempAvg,Good,995.0074,
1000,2026-09-15 23:36:55.502,GW-LINE-B,dry01.dewPoint,Good,-34.5,
1001,2026-09-15 23:36:55.502,GW-LINE-B,dry01.heatPower,Good,5,
1002,2026-09-15 23:36:55.504,GW-LINE-B,dry01.levelTrend,Good,-1.138708,
1003,2026-09-15 23:36:55.510,GW-LINE-B,rob01.cycleTime,Good,2.7,
1004,2026-09-15 23:36:55.510,GW-LINE-B,rob01.trajectory,Good,7.991589,
1005,2026-09-15 23:36:56.481,EM-01,em01.totalEnergy,Good,3937.37,
1006,2026-09-15 23:36:56.481,EM-01,em01.forwardEnergy,Good,3937.37,
1007,2026-09-15 23:36:56.481,EM-01,em01.voltageA,Good,383,
1008,2026-09-15 23:36:56.481,EM-01,em01.voltageB,Good,376,
1009,2026-09-15 23:36:56.481,EM-01,em01.voltageC,Good,377,
1010,2026-09-15 23:36:56.481,EM-01,em01.currentA,Good,206.2,
1011,2026-09-15 23:36:56.481,EM-01,em01.activePower,Good,113,
1012,2026-09-15 23:36:56.481,EM-01,em01.reactivePower,Good,40,
1013,2026-09-15 23:36:56.481,EM-01,em01.powerFactor,Good,0.867,
1014,2026-09-15 23:36:56.481,EM-01,em01.frequency,Good,49.95,
1015,2026-09-15 23:36:56.481,EM-01,em01.demand,Good,113,
1016,2026-09-15 23:36:56.481,EM-01,em01.energyF64,Good,39.9732222222224,
1017,2026-09-15 23:36:56.481,EM-01,em01.unbalance,Good,1.842105,
1018,2026-09-15 23:36:56.487,ENV-01,env01.dewPoint,Good,15.1,
1019,2026-09-15 23:36:56.487,ENV-01,env01.noise,Good,78,
1020,2026-09-15 23:36:56.487,ENV-01,env01.pm25,Good,28,
1021,2026-09-15 23:36:56.487,ENV-01,env01.pressureDiff,Good,12,
1022,2026-09-15 23:36:56.487,ENV-01,env01.illuminance,Good,499,
1023,2026-09-15 23:36:56.487,ENV-01,env01.tempFluctuation,Good,11.90683,
1024,2026-09-15 23:36:56.496,GW-LINE-B,mtc01.actualTemp,Good,99.6,
1025,2026-09-15 23:36:56.496,GW-LINE-B,mtc01.pumpFlow,Good,34,
1026,2026-09-15 23:36:56.496,GW-LINE-B,mtc01.pumpCurrent,Good,3.9,
1027,2026-09-15 23:36:56.496,GW-LINE-B,mtc01.heatPower,Good,7,
1028,2026-09-15 23:36:56.496,GW-LINE-B,mtc01.outletTemp,Good,100.1,
1029,2026-09-15 23:36:56.496,GW-LINE-B,mtc01.tempAvg,Good,996.1788,
1030,2026-09-15 23:36:56.503,GW-LINE-B,dry01.dewPoint,Good,-34.6,
1031,2026-09-15 23:36:56.503,GW-LINE-B,dry01.heatPower,Good,6,
1032,2026-09-15 23:36:56.503,GW-LINE-B,dry01.fanCurrent,Good,1.3,
1033,2026-09-15 23:36:56.505,GW-LINE-B,dry01.levelTrend,Good,-1.165502,
1034,2026-09-15 23:36:56.511,GW-LINE-B,rob01.cycleTime,Good,3.1,
1035,2026-09-15 23:36:56.511,GW-LINE-B,rob01.trajectory,Good,8.14432,
1036,2026-09-15 23:36:57.460,GW-LINE-B,mtc01.runSeconds,Good,12704,
1037,2026-09-15 23:36:57.460,ENV-01,env01.runSeconds,Good,12704,
1038,2026-09-15 23:36:57.460,GW-LINE-B,mtc01.energyTotal,Good,1.89086111111112,
1039,2026-09-15 23:36:57.460,ENV-01,env01.sampleTime,Good,09/15/2026 23:36:57,
1040,2026-09-15 23:36:57.462,EM-01,em01.readTime,Good,09/15/2026 23:36:57,
1041,2026-09-15 23:36:57.468,GW-LINE-B,dry01.drySeconds,Good,12080,
1042,2026-09-15 23:36:57.468,GW-LINE-B,dry01.energyTotal,Good,1.94736111111113,
1043,2026-09-15 23:36:57.470,GW-LINE-B,dry01.dewDeviation,Good,0,
1044,2026-09-15 23:36:57.476,GW-LINE-B,rob01.runSeconds,Good,12704,
1045,2026-09-15 23:36:57.478,GW-LINE-B,rob01.energyTotal,Good,1.76824999999996,
1046,2026-09-15 23:36:57.482,EM-01,em01.totalEnergy,Good,3940.43,
1047,2026-09-15 23:36:57.482,EM-01,em01.forwardEnergy,Good,3940.43,
1048,2026-09-15 23:36:57.482,EM-01,em01.voltageA,Good,380,
1049,2026-09-15 23:36:57.482,EM-01,em01.voltageB,Good,383,
1050,2026-09-15 23:36:57.482,EM-01,em01.voltageC,Good,380,
1051,2026-09-15 23:36:57.482,EM-01,em01.currentA,Good,128.4,
1052,2026-09-15 23:36:57.482,EM-01,em01.activePower,Good,122,
1053,2026-09-15 23:36:57.482,EM-01,em01.reactivePower,Good,21,
1054,2026-09-15 23:36:57.482,EM-01,em01.powerFactor,Good,0.903,
1055,2026-09-15 23:36:57.482,EM-01,em01.frequency,Good,49.93,
1056,2026-09-15 23:36:57.482,EM-01,em01.demand,Good,122,
1057,2026-09-15 23:36:57.482,EM-01,em01.energyF64,Good,40.0041666666669,
1058,2026-09-15 23:36:57.482,EM-01,em01.unbalance,Good,0.7894737,
1059,2026-09-15 23:36:57.488,ENV-01,env01.roomTemp,Good,24,
1060,2026-09-15 23:36:57.488,ENV-01,env01.humidity,Good,54,
1061,2026-09-15 23:36:57.488,ENV-01,env01.dewPoint,Good,15,
1062,2026-09-15 23:36:57.488,ENV-01,env01.noise,Good,75,
1063,2026-09-15 23:36:57.488,ENV-01,env01.pm25,Good,52,
1064,2026-09-15 23:36:57.488,ENV-01,env01.pressureDiff,Good,7,
1065,2026-09-15 23:36:57.488,ENV-01,env01.illuminance,Good,463,
1066,2026-09-15 23:36:57.488,ENV-01,env01.tempFluctuation,Good,11.95306,
1067,2026-09-15 23:36:57.495,GW-LINE-B,mtc01.actualTemp,Good,99.3,
1068,2026-09-15 23:36:57.495,GW-LINE-B,mtc01.pumpPressure,Good,3,
1069,2026-09-15 23:36:57.495,GW-LINE-B,mtc01.pumpFlow,Good,35,
1070,2026-09-15 23:36:57.495,GW-LINE-B,mtc01.pumpCurrent,Good,5.4,
1071,2026-09-15 23:36:57.495,GW-LINE-B,mtc01.heatPower,Good,6,
1072,2026-09-15 23:36:57.495,GW-LINE-B,mtc01.outletTemp,Good,99.8,
1073,2026-09-15 23:36:57.495,GW-LINE-B,mtc01.tempAvg,Good,993.3724,
1074,2026-09-15 23:36:57.503,GW-LINE-B,dry01.dewPoint,Good,-35,
1075,2026-09-15 23:36:57.503,GW-LINE-B,dry01.heatPower,Good,8,
1076,2026-09-15 23:36:57.503,GW-LINE-B,dry01.fanCurrent,Good,1.9,
1077,2026-09-15 23:36:57.505,GW-LINE-B,dry01.levelTrend,Good,-1.196875,
1078,2026-09-15 23:36:57.510,GW-LINE-B,rob01.cycleTime,Good,2.7,
1079,2026-09-15 23:36:57.510,GW-LINE-B,rob01.trajectory,Good,8.018592,
1081,2026-09-15 23:36:57.560,IM-01,im01.moldCloseJog,Bad,,ss.reason.comm
1082,2026-09-15 23:36:57.560,IM-01,im01.start,Bad,,ss.reason.comm
1083,2026-09-15 23:36:57.560,IM-01,im01.stop,Bad,,ss.reason.comm
1084,2026-09-15 23:36:57.560,IM-01,im01.estop,Bad,,ss.reason.comm
1085,2026-09-15 23:36:58.482,EM-01,em01.totalEnergy,Good,3943.51,
1086,2026-09-15 23:36:58.482,EM-01,em01.forwardEnergy,Good,3943.51,
1087,2026-09-15 23:36:58.482,EM-01,em01.voltageA,Good,379,
1088,2026-09-15 23:36:58.482,EM-01,em01.voltageB,Good,382,
1089,2026-09-15 23:36:58.482,EM-01,em01.voltageC,Good,377,
1090,2026-09-15 23:36:58.482,EM-01,em01.currentA,Good,147.8,
1091,2026-09-15 23:36:58.482,EM-01,em01.activePower,Good,104,
1092,2026-09-15 23:36:58.482,EM-01,em01.reactivePower,Good,33,
1093,2026-09-15 23:36:58.482,EM-01,em01.powerFactor,Good,0.888,
1094,2026-09-15 23:36:58.482,EM-01,em01.frequency,Good,50.03,
1095,2026-09-15 23:36:58.482,EM-01,em01.demand,Good,104,
1096,2026-09-15 23:36:58.482,EM-01,em01.energyF64,Good,40.0354166666669,
1097,2026-09-15 23:36:58.482,EM-01,em01.unbalance,Good,1.315789,
1098,2026-09-15 23:36:58.488,ENV-01,env01.roomTemp,Good,23.8,
1099,2026-09-15 23:36:58.488,ENV-01,env01.humidity,Good,55,
1100,2026-09-15 23:36:58.488,ENV-01,env01.dewPoint,Good,14.9,
1101,2026-09-15 23:36:58.488,ENV-01,env01.noise,Good,71,
1102,2026-09-15 23:36:58.488,ENV-01,env01.pm25,Good,35,
1103,2026-09-15 23:36:58.488,ENV-01,env01.pressureDiff,Good,0,
1104,2026-09-15 23:36:58.488,ENV-01,env01.illuminance,Good,347,
1105,2026-09-15 23:36:58.488,ENV-01,env01.tempFluctuation,Good,11.45481,
1106,2026-09-15 23:36:58.496,GW-LINE-B,mtc01.actualTemp,Good,99.4,
1107,2026-09-15 23:36:58.496,GW-LINE-B,mtc01.pumpFlow,Good,37,
1108,2026-09-15 23:36:58.496,GW-LINE-B,mtc01.pumpCurrent,Good,5,
1109,2026-09-15 23:36:58.496,GW-LINE-B,mtc01.heatPower,Good,7,
1110,2026-09-15 23:36:58.496,GW-LINE-B,mtc01.outletTemp,Good,99.9,
1111,2026-09-15 23:36:58.496,GW-LINE-B,mtc01.tempAvg,Good,994.01,
1112,2026-09-15 23:36:58.504,GW-LINE-B,dry01.dewPoint,Good,-34.6,
1113,2026-09-15 23:36:58.504,GW-LINE-B,dry01.materialLevel,Good,72,
1114,2026-09-15 23:36:58.504,GW-LINE-B,dry01.heatPower,Good,4,
1115,2026-09-15 23:36:58.504,GW-LINE-B,dry01.fanCurrent,Good,0.8,
1116,2026-09-15 23:36:58.506,GW-LINE-B,dry01.levelTrend,Good,-1.226622,
1117,2026-09-15 23:36:58.511,GW-LINE-B,rob01.cycleTime,Good,3,
1118,2026-09-15 23:36:58.511,GW-LINE-B,rob01.trajectory,Good,7.954873,
1119,2026-09-15 23:36:59.482,EM-01,em01.totalEnergy,Good,3946.48,
1120,2026-09-15 23:36:59.482,EM-01,em01.forwardEnergy,Good,3946.48,
1121,2026-09-15 23:36:59.482,EM-01,em01.voltageB,Good,384,
1122,2026-09-15 23:36:59.482,EM-01,em01.voltageC,Good,379,
1123,2026-09-15 23:36:59.482,EM-01,em01.currentA,Good,190.5,
1124,2026-09-15 23:36:59.482,EM-01,em01.activePower,Good,110,
1125,2026-09-15 23:36:59.482,EM-01,em01.reactivePower,Good,27,
1126,2026-09-15 23:36:59.482,EM-01,em01.powerFactor,Good,0.883,
1127,2026-09-15 23:36:59.482,EM-01,em01.frequency,Good,49.98,
1128,2026-09-15 23:36:59.482,EM-01,em01.demand,Good,110,
1129,2026-09-15 23:36:59.482,EM-01,em01.energyF64,Good,40.0656111111114,
1130,2026-09-15 23:36:59.488,ENV-01,env01.humidity,Good,53,
1131,2026-09-15 23:36:59.488,ENV-01,env01.dewPoint,Good,14.5,
1132,2026-09-15 23:36:59.488,ENV-01,env01.noise,Good,77,
1133,2026-09-15 23:36:59.488,ENV-01,env01.pm25,Good,59,
1134,2026-09-15 23:36:59.488,ENV-01,env01.pressureDiff,Good,13,
1135,2026-09-15 23:36:59.488,ENV-01,env01.illuminance,Good,310,
1136,2026-09-15 23:36:59.488,ENV-01,env01.tempFluctuation,Good,11.96004,
1137,2026-09-15 23:36:59.496,GW-LINE-B,mtc01.actualTemp,Good,99.5,
1138,2026-09-15 23:36:59.496,GW-LINE-B,mtc01.pumpPressure,Good,5,
1139,2026-09-15 23:36:59.496,GW-LINE-B,mtc01.pumpFlow,Good,36,
1140,2026-09-15 23:36:59.496,GW-LINE-B,mtc01.pumpCurrent,Good,4.8,
1141,2026-09-15 23:36:59.496,GW-LINE-B,mtc01.heatPower,Good,6,
1142,2026-09-15 23:36:59.496,GW-LINE-B,mtc01.outletTemp,Good,100,
1143,2026-09-15 23:36:59.496,GW-LINE-B,mtc01.tempAvg,Good,995.1238,
1144,2026-09-15 23:36:59.503,GW-LINE-B,dry01.dewPoint,Good,-34.4,
1145,2026-09-15 23:36:59.503,GW-LINE-B,dry01.heatPower,Good,8,
1146,2026-09-15 23:36:59.503,GW-LINE-B,dry01.fanCurrent,Good,0.9,
1147,2026-09-15 23:36:59.505,GW-LINE-B,dry01.levelTrend,Good,-1.259375,
1148,2026-09-15 23:36:59.511,GW-LINE-B,rob01.trajectory,Good,8.154475,
1149,2026-09-15 23:37:00.482,EM-01,em01.totalEnergy,Good,3949.47,
1150,2026-09-15 23:37:00.482,EM-01,em01.forwardEnergy,Good,3949.47,
1151,2026-09-15 23:37:00.482,EM-01,em01.voltageB,Good,385,
1152,2026-09-15 23:37:00.482,EM-01,em01.voltageC,Good,374,
1153,2026-09-15 23:37:00.482,EM-01,em01.currentA,Good,173.6,
1154,2026-09-15 23:37:00.482,EM-01,em01.activePower,Good,114,
1155,2026-09-15 23:37:00.482,EM-01,em01.reactivePower,Good,21,
1156,2026-09-15 23:37:00.482,EM-01,em01.powerFactor,Good,0.931,
1157,2026-09-15 23:37:00.482,EM-01,em01.frequency,Good,49.91,
1158,2026-09-15 23:37:00.482,EM-01,em01.demand,Good,114,
1159,2026-09-15 23:37:00.482,EM-01,em01.energyF64,Good,40.0959444444447,
1160,2026-09-15 23:37:00.482,EM-01,em01.unbalance,Good,2.894737,
1161,2026-09-15 23:37:00.488,ENV-01,env01.humidity,Good,55,
1162,2026-09-15 23:37:00.488,ENV-01,env01.dewPoint,Good,14.8,
1163,2026-09-15 23:37:00.488,ENV-01,env01.noise,Good,70,
1164,2026-09-15 23:37:00.488,ENV-01,env01.pm25,Good,57,
1165,2026-09-15 23:37:00.488,ENV-01,env01.pressureDiff,Good,-2,
1166,2026-09-15 23:37:00.488,ENV-01,env01.illuminance,Good,356,
1167,2026-09-15 23:37:00.488,ENV-01,env01.tempFluctuation,Good,11.5435,
1168,2026-09-15 23:37:00.496,GW-LINE-B,mtc01.pumpPressure,Good,4,
1169,2026-09-15 23:37:00.496,GW-LINE-B,mtc01.pumpFlow,Good,35,
1170,2026-09-15 23:37:00.496,GW-LINE-B,mtc01.pumpCurrent,Good,3,
1171,2026-09-15 23:37:00.496,GW-LINE-B,mtc01.heatPower,Good,3,
1172,2026-09-15 23:37:00.496,GW-LINE-B,mtc01.tempAvg,Good,995.103,
1173,2026-09-15 23:37:00.504,GW-LINE-B,dry01.heatPower,Good,4,
1174,2026-09-15 23:37:00.504,GW-LINE-B,dry01.fanCurrent,Good,1.6,
1175,2026-09-15 23:37:00.505,GW-LINE-B,dry01.levelTrend,Good,-1.290091,
1176,2026-09-15 23:37:00.511,GW-LINE-B,rob01.cycleTime,Good,2.9,
1177,2026-09-15 23:37:00.511,GW-LINE-B,rob01.trajectory,Good,8.165237,
1179,2026-09-15 23:37:01.483,EM-01,em01.totalEnergy,Good,3952.49,
1180,2026-09-15 23:37:01.483,EM-01,em01.forwardEnergy,Good,3952.49,
1181,2026-09-15 23:37:01.483,EM-01,em01.voltageA,Good,376,
1182,2026-09-15 23:37:01.483,EM-01,em01.voltageB,Good,384,
1183,2026-09-15 23:37:01.483,EM-01,em01.voltageC,Good,384,
1184,2026-09-15 23:37:01.483,EM-01,em01.currentA,Good,219.3,
1185,2026-09-15 23:37:01.483,EM-01,em01.activePower,Good,120,
1186,2026-09-15 23:37:01.483,EM-01,em01.reactivePower,Good,20,
1187,2026-09-15 23:37:01.483,EM-01,em01.powerFactor,Good,0.86,
1188,2026-09-15 23:37:01.483,EM-01,em01.frequency,Good,50.07,
1189,2026-09-15 23:37:01.483,EM-01,em01.demand,Good,120,
1190,2026-09-15 23:37:01.483,EM-01,em01.energyF64,Good,40.1266111111114,
1191,2026-09-15 23:37:01.483,EM-01,em01.unbalance,Good,2.105263,
1192,2026-09-15 23:37:01.488,ENV-01,env01.humidity,Good,53,
1193,2026-09-15 23:37:01.488,ENV-01,env01.dewPoint,Good,14.6,
1194,2026-09-15 23:37:01.488,ENV-01,env01.noise,Good,72,
1195,2026-09-15 23:37:01.488,ENV-01,env01.pm25,Good,60,
1196,2026-09-15 23:37:01.488,ENV-01,env01.pressureDiff,Good,0,
1197,2026-09-15 23:37:01.488,ENV-01,env01.illuminance,Good,429,
1198,2026-09-15 23:37:01.488,ENV-01,env01.tempFluctuation,Good,11.87749,
1199,2026-09-15 23:37:01.497,GW-LINE-B,mtc01.actualTemp,Good,99.8,
1200,2026-09-15 23:37:01.497,GW-LINE-B,mtc01.pumpPressure,Good,2,
1201,2026-09-15 23:37:01.497,GW-LINE-B,mtc01.pumpFlow,Good,30,
1202,2026-09-15 23:37:01.497,GW-LINE-B,mtc01.pumpCurrent,Good,4.1,
1203,2026-09-15 23:37:01.497,GW-LINE-B,mtc01.heatPower,Good,7,
1204,2026-09-15 23:37:01.497,GW-LINE-B,mtc01.outletTemp,Good,100.3,
1205,2026-09-15 23:37:01.497,GW-LINE-B,mtc01.tempAvg,Good,997.5624,
1206,2026-09-15 23:37:01.505,GW-LINE-B,dry01.dewPoint,Good,-34.1,
1207,2026-09-15 23:37:01.505,GW-LINE-B,dry01.materialLevel,Good,71,
1208,2026-09-15 23:37:01.505,GW-LINE-B,dry01.heatPower,Good,5,
1209,2026-09-15 23:37:01.505,GW-LINE-B,dry01.fanCurrent,Good,1.2,
1210,2026-09-15 23:37:01.507,GW-LINE-B,dry01.levelTrend,Good,-1.32488,
1211,2026-09-15 23:37:01.512,GW-LINE-B,rob01.trajectory,Good,7.861217,
1213,2026-09-15 23:37:01.560,IM-01,im01.statusWord,Bad,,ss.reason.comm
1214,2026-09-15 23:37:01.560,IM-01,im01.alarmCode,Bad,,ss.reason.comm
1215,2026-09-15 23:37:01.560,IM-01,im01.totalMolds,Bad,,ss.reason.comm
1216,2026-09-15 23:37:01.560,IM-01,im01.goodParts,Bad,,ss.reason.comm
1217,2026-09-15 23:37:01.560,IM-01,im01.rejectParts,Bad,,ss.reason.comm
1218,2026-09-15 23:37:01.560,IM-01,im01.cycleTime,Bad,,ss.reason.comm
1219,2026-09-15 23:37:01.560,IM-01,im01.avgCycleTime,Bad,,ss.reason.comm
1220,2026-09-15 23:37:01.560,IM-01,im01.oee,Bad,,ss.reason.comm
1221,2026-09-15 23:37:01.560,IM-01,im01.stage,Bad,,ss.reason.comm
1222,2026-09-15 23:37:01.560,IM-01,im01.batchNo,Bad,,ss.reason.comm
1223,2026-09-15 23:37:01.560,IM-01,im01.prodTime,Bad,,ss.reason.comm
1224,2026-09-15 23:37:01.564,IM-01,im01.barrel1Temp,Good,190.2,
1225,2026-09-15 23:37:01.564,IM-01,im01.barrel5Temp,Good,147.6,
1226,2026-09-15 23:37:01.564,IM-01,im01.moldTemp,Good,84.5,
1227,2026-09-15 23:37:01.564,IM-01,im01.oilTemp,Good,44.6,
1228,2026-09-15 23:37:01.564,IM-01,im01.injectPressure,Good,0,
1229,2026-09-15 23:37:01.564,IM-01,im01.injectSpeed,Good,0,
1230,2026-09-15 23:37:01.564,IM-01,im01.screwSpeed,Good,0,
1231,2026-09-15 23:37:01.564,IM-01,im01.clampPressure,Good,0,
1232,2026-09-15 23:37:01.564,IM-01,im01.pumpCurrent,Good,0,
1233,2026-09-15 23:37:01.564,IM-01,im01.hydraulicPressure,Good,0,
1234,2026-09-15 23:37:01.564,IM-01,im01.power,Good,3,
1235,2026-09-15 23:37:01.564,IM-01,im01.meltEnergy,Good,0,
1236,2026-09-15 23:37:01.564,IM-01,im01.energyTotal,Good,1.51575000000058,
1237,2026-09-15 23:37:01.564,IM-01,im01.moldTempDual,Good,0,
1238,2026-09-15 23:37:01.566,IM-01,im01.moldCloseJog,Good,False,
1239,2026-09-15 23:37:01.566,IM-01,im01.start,Good,False,
1240,2026-09-15 23:37:01.566,IM-01,im01.stop,Good,False,
1241,2026-09-15 23:37:01.566,IM-01,im01.estop,Good,False,
1242,2026-09-15 23:37:01.568,IM-01,im01.cavitySetTemp,Good,232,
1243,2026-09-15 23:37:01.574,IM-01,im01.statusWord,Good,1,
1244,2026-09-15 23:37:01.574,IM-01,im01.alarmCode,Good,0,
1245,2026-09-15 23:37:01.574,IM-01,im01.totalMolds,Good,2,
1246,2026-09-15 23:37:01.574,IM-01,im01.goodParts,Good,2,
1247,2026-09-15 23:37:01.574,IM-01,im01.rejectParts,Good,0,
1248,2026-09-15 23:37:01.574,IM-01,im01.cycleTime,Good,40.5,
1249,2026-09-15 23:37:01.574,IM-01,im01.avgCycleTime,Good,37.7,
1250,2026-09-15 23:37:01.574,IM-01,im01.oee,Good,10,
1251,2026-09-15 23:37:01.574,IM-01,im01.stage,Good,0,
1252,2026-09-15 23:37:01.574,IM-01,im01.batchNo,Good,2002,
1253,2026-09-15 23:37:01.574,IM-01,im01.prodTime,Good,09/15/2026 23:37:01,
1254,2026-09-15 23:37:02.075,IM-01,im01.prodTime,Good,09/15/2026 23:37:02,
1255,2026-09-15 23:37:02.460,GW-LINE-B,mtc01.runSeconds,Good,12754,
1256,2026-09-15 23:37:02.460,ENV-01,env01.runSeconds,Good,12754,
1257,2026-09-15 23:37:02.460,GW-LINE-B,mtc01.energyTotal,Good,1.8991388888889,
1258,2026-09-15 23:37:02.460,ENV-01,env01.sampleTime,Good,09/15/2026 23:37:02,
1259,2026-09-15 23:37:02.462,GW-LINE-B,mtc01.tempDeviation,Good,-0.6,
1260,2026-09-15 23:37:02.462,EM-01,em01.readTime,Good,09/15/2026 23:37:02,
1261,2026-09-15 23:37:02.468,GW-LINE-B,dry01.drySeconds,Good,12130,
1262,2026-09-15 23:37:02.468,GW-LINE-B,dry01.energyTotal,Good,1.95519444444446,
1264,2026-09-15 23:37:02.470,ENV-01,env01.tempDeviation,Good,-0.1,
1263,2026-09-15 23:37:02.470,GW-LINE-B,dry01.dewDeviation,Good,1.2,
1265,2026-09-15 23:37:02.477,GW-LINE-B,rob01.runSeconds,Good,12754,
1266,2026-09-15 23:37:02.479,GW-LINE-B,rob01.energyTotal,Good,1.77497222222218,
1267,2026-09-15 23:37:02.483,EM-01,em01.totalEnergy,Good,3955.63,
1268,2026-09-15 23:37:02.483,EM-01,em01.forwardEnergy,Good,3955.63,
1269,2026-09-15 23:37:02.483,EM-01,em01.voltageA,Good,380,
1270,2026-09-15 23:37:02.483,EM-01,em01.voltageB,Good,383,
1271,2026-09-15 23:37:02.483,EM-01,em01.voltageC,Good,383,
1272,2026-09-15 23:37:02.483,EM-01,em01.currentA,Good,166.5,
1273,2026-09-15 23:37:02.483,EM-01,em01.activePower,Good,114,
1274,2026-09-15 23:37:02.483,EM-01,em01.reactivePower,Good,39,
1275,2026-09-15 23:37:02.483,EM-01,em01.powerFactor,Good,0.907,
1276,2026-09-15 23:37:02.483,EM-01,em01.frequency,Good,49.95,
1277,2026-09-15 23:37:02.483,EM-01,em01.demand,Good,114,
1278,2026-09-15 23:37:02.483,EM-01,em01.energyF64,Good,40.1584444444447,
1279,2026-09-15 23:37:02.483,EM-01,em01.unbalance,Good,0.7894737,
1280,2026-09-15 23:37:02.489,ENV-01,env01.roomTemp,Good,23.9,
1281,2026-09-15 23:37:02.489,ENV-01,env01.humidity,Good,55,
1282,2026-09-15 23:37:02.489,ENV-01,env01.dewPoint,Good,14.9,
1283,2026-09-15 23:37:02.489,ENV-01,env01.noise,Good,76,
1284,2026-09-15 23:37:02.489,ENV-01,env01.pm25,Good,32,
1285,2026-09-15 23:37:02.489,ENV-01,env01.pressureDiff,Good,3,
1286,2026-09-15 23:37:02.489,ENV-01,env01.illuminance,Good,456,
1287,2026-09-15 23:37:02.489,ENV-01,env01.tempFluctuation,Good,12.09119,
1288,2026-09-15 23:37:02.497,GW-LINE-B,mtc01.actualTemp,Good,99.4,
1289,2026-09-15 23:37:02.497,GW-LINE-B,mtc01.pumpPressure,Good,5,
1290,2026-09-15 23:37:02.497,GW-LINE-B,mtc01.pumpFlow,Good,29,
1291,2026-09-15 23:37:02.497,GW-LINE-B,mtc01.pumpCurrent,Good,5,
1292,2026-09-15 23:37:02.497,GW-LINE-B,mtc01.heatPower,Good,8,
1293,2026-09-15 23:37:02.497,GW-LINE-B,mtc01.outletTemp,Good,99.9,
1294,2026-09-15 23:37:02.497,GW-LINE-B,mtc01.tempAvg,Good,994.1611,
1295,2026-09-15 23:37:02.505,GW-LINE-B,dry01.dewPoint,Good,-33.8,
1296,2026-09-15 23:37:02.505,GW-LINE-B,dry01.heatPower,Good,8,
1297,2026-09-15 23:37:02.505,GW-LINE-B,dry01.fanCurrent,Good,1.9,
1298,2026-09-15 23:37:02.507,GW-LINE-B,dry01.levelTrend,Good,-1.36158,
1299,2026-09-15 23:37:02.512,GW-LINE-B,rob01.cycleTime,Good,3.2,
1300,2026-09-15 23:37:02.512,GW-LINE-B,rob01.trajectory,Good,8.05465,
1301,2026-09-15 23:37:02.565,IM-01,im01.clampForceDev,Good,-36,
1302,2026-09-15 23:37:02.578,IM-01,im01.oilTemp,Good,44.7,
1303,2026-09-15 23:37:02.578,IM-01,im01.energyTotal,Good,1.51658333333391,
1304,2026-09-15 23:37:03.075,IM-01,im01.prodTime,Good,09/15/2026 23:37:03,
1305,2026-09-15 23:37:03.484,EM-01,em01.totalEnergy,Good,3958.85,
1306,2026-09-15 23:37:03.484,EM-01,em01.forwardEnergy,Good,3958.85,
1307,2026-09-15 23:37:03.484,EM-01,em01.voltageA,Good,375,
1308,2026-09-15 23:37:03.484,EM-01,em01.voltageB,Good,385,
1309,2026-09-15 23:37:03.484,EM-01,em01.voltageC,Good,384,
1310,2026-09-15 23:37:03.484,EM-01,em01.currentA,Good,144.8,
1311,2026-09-15 23:37:03.484,EM-01,em01.activePower,Good,117,
1312,2026-09-15 23:37:03.484,EM-01,em01.reactivePower,Good,28,
1313,2026-09-15 23:37:03.484,EM-01,em01.powerFactor,Good,0.919,
1314,2026-09-15 23:37:03.484,EM-01,em01.frequency,Good,49.99,
1315,2026-09-15 23:37:03.484,EM-01,em01.demand,Good,117,
1316,2026-09-15 23:37:03.484,EM-01,em01.energyF64,Good,40.1911388888891,
1317,2026-09-15 23:37:03.484,EM-01,em01.unbalance,Good,2.631579,
1318,2026-09-15 23:37:03.489,ENV-01,env01.roomTemp,Good,23.8,
1319,2026-09-15 23:37:03.489,ENV-01,env01.humidity,Good,54,
1320,2026-09-15 23:37:03.489,ENV-01,env01.dewPoint,Good,14.7,
1321,2026-09-15 23:37:03.489,ENV-01,env01.noise,Good,77,
1322,2026-09-15 23:37:03.489,ENV-01,env01.pm25,Good,27,
1323,2026-09-15 23:37:03.489,ENV-01,env01.pressureDiff,Good,-1,
1324,2026-09-15 23:37:03.489,ENV-01,env01.illuminance,Good,424,
1325,2026-09-15 23:37:03.489,ENV-01,env01.tempFluctuation,Good,11.8552,
1326,2026-09-15 23:37:03.498,GW-LINE-B,mtc01.actualTemp,Good,99.5,
1327,2026-09-15 23:37:03.498,GW-LINE-B,mtc01.pumpFlow,Good,40,
1328,2026-09-15 23:37:03.498,GW-LINE-B,mtc01.pumpCurrent,Good,5.2,
1329,2026-09-15 23:37:03.498,GW-LINE-B,mtc01.heatPower,Good,6,
1330,2026-09-15 23:37:03.498,GW-LINE-B,mtc01.outletTemp,Good,100,
1331,2026-09-15 23:37:03.498,GW-LINE-B,mtc01.tempAvg,Good,994.9083,
1332,2026-09-15 23:37:03.505,GW-LINE-B,dry01.dewPoint,Good,-34.3,
1333,2026-09-15 23:37:03.505,GW-LINE-B,dry01.heatPower,Good,3,
1334,2026-09-15 23:37:03.505,GW-LINE-B,dry01.fanCurrent,Good,1.8,
1335,2026-09-15 23:37:03.507,GW-LINE-B,dry01.levelTrend,Good,-1.391389,
1336,2026-09-15 23:37:03.513,GW-LINE-B,rob01.cycleTime,Good,2.8,
1337,2026-09-15 23:37:03.513,GW-LINE-B,rob01.trajectory,Good,8.2526,
1338,2026-09-15 23:37:03.580,IM-01,im01.moldTemp,Good,84.6,
1339,2026-09-15 23:37:03.580,IM-01,im01.oilTemp,Good,44.5,
1340,2026-09-15 23:37:03.580,IM-01,im01.energyTotal,Good,1.51741666666725,
1341,2026-09-15 23:37:04.076,IM-01,im01.prodTime,Good,09/15/2026 23:37:04,
1342,2026-09-15 23:37:04.484,EM-01,em01.totalEnergy,Good,3962.02,
1343,2026-09-15 23:37:04.484,EM-01,em01.forwardEnergy,Good,3962.02,
1344,2026-09-15 23:37:04.484,EM-01,em01.voltageA,Good,380,
1345,2026-09-15 23:37:04.484,EM-01,em01.voltageB,Good,377,
1346,2026-09-15 23:37:04.484,EM-01,em01.voltageC,Good,378,
1347,2026-09-15 23:37:04.484,EM-01,em01.currentA,Good,149.8,
1348,2026-09-15 23:37:04.484,EM-01,em01.activePower,Good,125,
1349,2026-09-15 23:37:04.484,EM-01,em01.reactivePower,Good,31,
1350,2026-09-15 23:37:04.484,EM-01,em01.powerFactor,Good,0.872,
1351,2026-09-15 23:37:04.484,EM-01,em01.frequency,Good,50,
1352,2026-09-15 23:37:04.484,EM-01,em01.demand,Good,125,
1353,2026-09-15 23:37:04.484,EM-01,em01.energyF64,Good,40.2233055555558,
1354,2026-09-15 23:37:04.484,EM-01,em01.unbalance,Good,0.7894737,
1355,2026-09-15 23:37:04.489,ENV-01,env01.roomTemp,Good,23.9,
1356,2026-09-15 23:37:04.489,ENV-01,env01.dewPoint,Good,14.9,
1357,2026-09-15 23:37:04.489,ENV-01,env01.noise,Good,74,
1358,2026-09-15 23:37:04.489,ENV-01,env01.pm25,Good,37,
1359,2026-09-15 23:37:04.489,ENV-01,env01.pressureDiff,Good,10,
1360,2026-09-15 23:37:04.489,ENV-01,env01.illuminance,Good,435,
1361,2026-09-15 23:37:04.489,ENV-01,env01.tempFluctuation,Good,11.96964,
1362,2026-09-15 23:37:04.498,GW-LINE-B,mtc01.pumpPressure,Good,2,
1363,2026-09-15 23:37:04.498,GW-LINE-B,mtc01.pumpFlow,Good,21,
1364,2026-09-15 23:37:04.498,GW-LINE-B,mtc01.pumpCurrent,Good,3.2,
1365,2026-09-15 23:37:04.498,GW-LINE-B,mtc01.heatPower,Good,5,
1366,2026-09-15 23:37:04.498,GW-LINE-B,mtc01.tempAvg,Good,995.0529,
1367,2026-09-15 23:37:04.506,GW-LINE-B,dry01.dewPoint,Good,-34.2,
1368,2026-09-15 23:37:04.506,GW-LINE-B,dry01.materialLevel,Good,70,
1369,2026-09-15 23:37:04.506,GW-LINE-B,dry01.heatPower,Good,7,
1370,2026-09-15 23:37:04.506,GW-LINE-B,dry01.fanCurrent,Good,1.9,
1371,2026-09-15 23:37:04.508,GW-LINE-B,dry01.levelTrend,Good,-1.422353,
1372,2026-09-15 23:37:04.514,GW-LINE-B,rob01.cycleTime,Good,2.7,
1373,2026-09-15 23:37:04.514,GW-LINE-B,rob01.trajectory,Good,7.970135,
1374,2026-09-15 23:37:04.576,IM-01,im01.oilTemp,Good,44.6,
1375,2026-09-15 23:37:04.576,IM-01,im01.energyTotal,Good,1.51825000000058,
1376,2026-09-15 23:37:05.081,IM-01,im01.prodTime,Good,09/15/2026 23:37:05,
1377,2026-09-15 23:37:05.484,EM-01,em01.totalEnergy,Good,3965.39,
1378,2026-09-15 23:37:05.484,EM-01,em01.forwardEnergy,Good,3965.39,
1379,2026-09-15 23:37:05.484,EM-01,em01.voltageA,Good,384,
1380,2026-09-15 23:37:05.484,EM-01,em01.voltageB,Good,384,
1381,2026-09-15 23:37:05.484,EM-01,em01.voltageC,Good,381,
1382,2026-09-15 23:37:05.484,EM-01,em01.currentA,Good,186.1,
1383,2026-09-15 23:37:05.484,EM-01,em01.activePower,Good,122,
1384,2026-09-15 23:37:05.484,EM-01,em01.powerFactor,Good,0.888,
1385,2026-09-15 23:37:05.484,EM-01,em01.frequency,Good,49.91,
1386,2026-09-15 23:37:05.484,EM-01,em01.demand,Good,122,
1387,2026-09-15 23:37:05.484,EM-01,em01.energyF64,Good,40.2574722222225,
1388,2026-09-15 23:37:05.489,ENV-01,env01.humidity,Good,53,
1389,2026-09-15 23:37:05.489,ENV-01,env01.dewPoint,Good,14.5,
1390,2026-09-15 23:37:05.489,ENV-01,env01.noise,Good,78,
1391,2026-09-15 23:37:05.489,ENV-01,env01.pm25,Good,29,
1392,2026-09-15 23:37:05.489,ENV-01,env01.pressureDiff,Good,8,
1393,2026-09-15 23:37:05.489,ENV-01,env01.illuminance,Good,314,
1394,2026-09-15 23:37:05.489,ENV-01,env01.tempFluctuation,Good,12.4586,
1395,2026-09-15 23:37:05.500,GW-LINE-B,mtc01.actualTemp,Good,99.6,
1396,2026-09-15 23:37:05.500,GW-LINE-B,mtc01.pumpFlow,Good,25,
1397,2026-09-15 23:37:05.500,GW-LINE-B,mtc01.pumpCurrent,Good,5.9,
1398,2026-09-15 23:37:05.500,GW-LINE-B,mtc01.outletTemp,Good,100.1,
1399,2026-09-15 23:37:05.500,GW-LINE-B,mtc01.tempAvg,Good,996.2277,
1400,2026-09-15 23:37:05.507,GW-LINE-B,dry01.dewPoint,Good,-34,
1401,2026-09-15 23:37:05.507,GW-LINE-B,dry01.heatPower,Good,6,
1402,2026-09-15 23:37:05.507,GW-LINE-B,dry01.fanCurrent,Good,1.6,
1403,2026-09-15 23:37:05.509,GW-LINE-B,dry01.levelTrend,Good,-1.453151,
1404,2026-09-15 23:37:05.515,GW-LINE-B,rob01.cycleTime,Good,3.2,
1405,2026-09-15 23:37:05.515,GW-LINE-B,rob01.trajectory,Good,7.763885,
1406,2026-09-15 23:37:05.577,IM-01,im01.energyTotal,Good,1.51908333333392,
1407,2026-09-15 23:37:06.082,IM-01,im01.prodTime,Good,09/15/2026 23:37:06,
1408,2026-09-15 23:37:06.485,EM-01,em01.totalEnergy,Good,3968.74,
1409,2026-09-15 23:37:06.485,EM-01,em01.forwardEnergy,Good,3968.74,
1410,2026-09-15 23:37:06.485,EM-01,em01.voltageA,Good,379,
1411,2026-09-15 23:37:06.485,EM-01,em01.voltageB,Good,380,
1412,2026-09-15 23:37:06.485,EM-01,em01.voltageC,Good,377,
1413,2026-09-15 23:37:06.485,EM-01,em01.currentA,Good,123.5,
1414,2026-09-15 23:37:06.485,EM-01,em01.activePower,Good,115,
1415,2026-09-15 23:37:06.485,EM-01,em01.reactivePower,Good,36,
1416,2026-09-15 23:37:06.485,EM-01,em01.powerFactor,Good,0.936,
1417,2026-09-15 23:37:06.485,EM-01,em01.frequency,Good,50.05,
1418,2026-09-15 23:37:06.485,EM-01,em01.demand,Good,115,
1419,2026-09-15 23:37:06.485,EM-01,em01.energyF64,Good,40.2914444444447,
1420,2026-09-15 23:37:06.489,ENV-01,env01.humidity,Good,54,
1421,2026-09-15 23:37:06.489,ENV-01,env01.dewPoint,Good,14.8,
1422,2026-09-15 23:37:06.489,ENV-01,env01.noise,Good,70,
1423,2026-09-15 23:37:06.489,ENV-01,env01.pm25,Good,32,
1424,2026-09-15 23:37:06.489,ENV-01,env01.pressureDiff,Good,10,
1425,2026-09-15 23:37:06.489,ENV-01,env01.illuminance,Good,356,
1426,2026-09-15 23:37:06.489,ENV-01,env01.tempFluctuation,Good,11.98784,
1427,2026-09-15 23:37:06.500,GW-LINE-B,mtc01.pumpFlow,Good,31,
1428,2026-09-15 23:37:06.500,GW-LINE-B,mtc01.pumpCurrent,Good,5.1,
1429,2026-09-15 23:37:06.500,GW-LINE-B,mtc01.heatPower,Good,7,
1430,2026-09-15 23:37:06.500,GW-LINE-B,mtc01.tempAvg,Good,996.0161,
1431,2026-09-15 23:37:06.507,GW-LINE-B,dry01.dewPoint,Good,-33.9,
1432,2026-09-15 23:37:06.507,GW-LINE-B,dry01.heatPower,Good,8,
1433,2026-09-15 23:37:06.507,GW-LINE-B,dry01.fanCurrent,Good,1.3,
1434,2026-09-15 23:37:06.509,GW-LINE-B,dry01.levelTrend,Good,-1.481658,
1435,2026-09-15 23:37:06.516,GW-LINE-B,rob01.cycleTime,Good,3.1,
1436,2026-09-15 23:37:06.516,GW-LINE-B,rob01.trajectory,Good,7.713662,
1437,2026-09-15 23:37:06.576,IM-01,im01.moldTemp,Good,84.5,
1438,2026-09-15 23:37:06.576,IM-01,im01.oilTemp,Good,44.4,
1439,2026-09-15 23:37:06.576,IM-01,im01.energyTotal,Good,1.51991666666725,
1440,2026-09-15 23:37:07.083,IM-01,im01.prodTime,Good,09/15/2026 23:37:07,
1441,2026-09-15 23:37:07.460,GW-LINE-B,mtc01.runSeconds,Good,12804,
1442,2026-09-15 23:37:07.460,ENV-01,env01.runSeconds,Good,12804,
1443,2026-09-15 23:37:07.460,GW-LINE-B,mtc01.energyTotal,Good,1.90652777777779,
1444,2026-09-15 23:37:07.460,ENV-01,env01.sampleTime,Good,09/15/2026 23:37:07,
1445,2026-09-15 23:37:07.468,GW-LINE-B,dry01.drySeconds,Good,12180,
1446,2026-09-15 23:37:07.468,GW-LINE-B,dry01.energyTotal,Good,1.96316666666668,
1447,2026-09-15 23:37:07.470,GW-LINE-B,dry01.dewDeviation,Good,0.4,
1448,2026-09-15 23:37:07.470,EM-01,em01.readTime,Good,09/15/2026 23:37:07,
1449,2026-09-15 23:37:07.476,GW-LINE-B,rob01.runSeconds,Good,12804,
1450,2026-09-15 23:37:07.478,GW-LINE-B,rob01.energyTotal,Good,1.78280555555552,
1451,2026-09-15 23:37:07.485,EM-01,em01.totalEnergy,Good,3972.11,
1452,2026-09-15 23:37:07.485,EM-01,em01.forwardEnergy,Good,3972.11,
1453,2026-09-15 23:37:07.485,EM-01,em01.voltageA,Good,378,
1454,2026-09-15 23:37:07.485,EM-01,em01.voltageC,Good,382,
1455,2026-09-15 23:37:07.485,EM-01,em01.currentA,Good,127.2,
1456,2026-09-15 23:37:07.485,EM-01,em01.activePower,Good,121,
1457,2026-09-15 23:37:07.485,EM-01,em01.reactivePower,Good,30,
1458,2026-09-15 23:37:07.485,EM-01,em01.powerFactor,Good,0.892,
1459,2026-09-15 23:37:07.485,EM-01,em01.frequency,Good,49.9,
1460,2026-09-15 23:37:07.485,EM-01,em01.demand,Good,121,
1461,2026-09-15 23:37:07.485,EM-01,em01.energyF64,Good,40.3256388888892,
1462,2026-09-15 23:37:07.485,EM-01,em01.unbalance,Good,1.052632,
1463,2026-09-15 23:37:07.490,ENV-01,env01.humidity,Good,55,
1464,2026-09-15 23:37:07.490,ENV-01,env01.dewPoint,Good,15,
1465,2026-09-15 23:37:07.490,ENV-01,env01.noise,Good,78,
1466,2026-09-15 23:37:07.490,ENV-01,env01.pm25,Good,28,
1467,2026-09-15 23:37:07.490,ENV-01,env01.pressureDiff,Good,7,
1468,2026-09-15 23:37:07.490,ENV-01,env01.illuminance,Good,426,
1469,2026-09-15 23:37:07.490,ENV-01,env01.tempFluctuation,Good,11.91516,
1470,2026-09-15 23:37:07.501,GW-LINE-B,mtc01.actualTemp,Good,99.4,
1471,2026-09-15 23:37:07.501,GW-LINE-B,mtc01.pumpPressure,Good,4,
1472,2026-09-15 23:37:07.501,GW-LINE-B,mtc01.pumpFlow,Good,17,
1473,2026-09-15 23:37:07.501,GW-LINE-B,mtc01.pumpCurrent,Good,5.6,
1474,2026-09-15 23:37:07.501,GW-LINE-B,mtc01.heatPower,Good,6,
1475,2026-09-15 23:37:07.501,GW-LINE-B,mtc01.outletTemp,Good,99.9,
1476,2026-09-15 23:37:07.501,GW-LINE-B,mtc01.tempAvg,Good,994.1672,
1477,2026-09-15 23:37:07.508,GW-LINE-B,dry01.dewPoint,Good,-34.6,
1478,2026-09-15 23:37:07.508,GW-LINE-B,dry01.materialLevel,Good,69,
1479,2026-09-15 23:37:07.508,GW-LINE-B,dry01.heatPower,Good,5,
1480,2026-09-15 23:37:07.508,GW-LINE-B,dry01.fanCurrent,Good,1.8,
1481,2026-09-15 23:37:07.510,GW-LINE-B,dry01.levelTrend,Good,-1.506848,
1482,2026-09-15 23:37:07.517,GW-LINE-B,rob01.cycleTime,Good,3.2,
1483,2026-09-15 23:37:07.517,GW-LINE-B,rob01.trajectory,Good,7.728337,
1484,2026-09-15 23:37:07.565,IM-01,im01.clampForceDev,Good,-56,
1485,2026-09-15 23:37:07.576,IM-01,im01.moldTemp,Good,84.6,
1486,2026-09-15 23:37:07.576,IM-01,im01.energyTotal,Good,1.52075000000059,
1487,2026-09-15 23:37:08.084,IM-01,im01.prodTime,Good,09/15/2026 23:37:08,
1488,2026-09-15 23:37:08.485,EM-01,em01.totalEnergy,Good,3975.37,
1489,2026-09-15 23:37:08.485,EM-01,em01.forwardEnergy,Good,3975.37,
1490,2026-09-15 23:37:08.485,EM-01,em01.voltageA,Good,376,
1491,2026-09-15 23:37:08.485,EM-01,em01.voltageB,Good,383,
1492,2026-09-15 23:37:08.485,EM-01,em01.voltageC,Good,378,
1493,2026-09-15 23:37:08.485,EM-01,em01.currentA,Good,150.5,
1494,2026-09-15 23:37:08.485,EM-01,em01.activePower,Good,122,
1495,2026-09-15 23:37:08.485,EM-01,em01.reactivePower,Good,32,
1496,2026-09-15 23:37:08.485,EM-01,em01.powerFactor,Good,0.886,
1497,2026-09-15 23:37:08.485,EM-01,em01.frequency,Good,50.06,
1498,2026-09-15 23:37:08.485,EM-01,em01.demand,Good,122,
1499,2026-09-15 23:37:08.485,EM-01,em01.energyF64,Good,40.3587500000003,
1500,2026-09-15 23:37:08.485,EM-01,em01.unbalance,Good,1.842105,
1501,2026-09-15 23:37:08.490,ENV-01,env01.dewPoint,Good,14.9,
1502,2026-09-15 23:37:08.490,ENV-01,env01.noise,Good,70,
1503,2026-09-15 23:37:08.490,ENV-01,env01.pm25,Good,58,
1504,2026-09-15 23:37:08.490,ENV-01,env01.pressureDiff,Good,1,
1505,2026-09-15 23:37:08.490,ENV-01,env01.illuminance,Good,499,
1506,2026-09-15 23:37:08.490,ENV-01,env01.tempFluctuation,Good,12.52912,
1507,2026-09-15 23:37:08.501,GW-LINE-B,mtc01.pumpPressure,Good,3,
1508,2026-09-15 23:37:08.501,GW-LINE-B,mtc01.pumpFlow,Good,20,
1509,2026-09-15 23:37:08.501,GW-LINE-B,mtc01.pumpCurrent,Good,3.7,
1510,2026-09-15 23:37:08.501,GW-LINE-B,mtc01.heatPower,Good,5,
1511,2026-09-15 23:37:08.501,GW-LINE-B,mtc01.tempAvg,Good,993.5765,
1512,2026-09-15 23:37:08.508,GW-LINE-B,dry01.dewPoint,Good,-34.4,
1513,2026-09-15 23:37:08.508,GW-LINE-B,dry01.fanCurrent,Good,1.5,
1514,2026-09-15 23:37:08.510,GW-LINE-B,dry01.levelTrend,Good,-1.539229,
1515,2026-09-15 23:37:08.516,GW-LINE-B,rob01.cycleTime,Good,3,
1516,2026-09-15 23:37:08.516,GW-LINE-B,rob01.trajectory,Good,7.984653,
1517,2026-09-15 23:37:08.577,IM-01,im01.moldTemp,Good,84.5,
1518,2026-09-15 23:37:08.577,IM-01,im01.oilTemp,Good,44.7,
1519,2026-09-15 23:37:08.577,IM-01,im01.energyTotal,Good,1.52158333333392,
1520,2026-09-15 23:37:09.085,IM-01,im01.prodTime,Good,09/15/2026 23:37:09,
1521,2026-09-15 23:37:09.486,EM-01,em01.totalEnergy,Good,3978.46,
1522,2026-09-15 23:37:09.486,EM-01,em01.forwardEnergy,Good,3978.46,
1523,2026-09-15 23:37:09.486,EM-01,em01.voltageA,Good,381,
1524,2026-09-15 23:37:09.486,EM-01,em01.voltageB,Good,376,
1525,2026-09-15 23:37:09.486,EM-01,em01.voltageC,Good,384,
1526,2026-09-15 23:37:09.486,EM-01,em01.currentA,Good,148.5,
1527,2026-09-15 23:37:09.486,EM-01,em01.activePower,Good,106,
1528,2026-09-15 23:37:09.486,EM-01,em01.reactivePower,Good,40,
1529,2026-09-15 23:37:09.486,EM-01,em01.powerFactor,Good,0.928,
1530,2026-09-15 23:37:09.486,EM-01,em01.frequency,Good,49.93,
1531,2026-09-15 23:37:09.486,EM-01,em01.demand,Good,106,
1532,2026-09-15 23:37:09.486,EM-01,em01.energyF64,Good,40.3901944444447,
1533,2026-09-15 23:37:09.486,EM-01,em01.unbalance,Good,2.105263,
1534,2026-09-15 23:37:09.491,ENV-01,env01.roomTemp,Good,23.8,
1535,2026-09-15 23:37:09.491,ENV-01,env01.dewPoint,Good,15,
1536,2026-09-15 23:37:09.491,ENV-01,env01.noise,Good,74,
1537,2026-09-15 23:37:09.491,ENV-01,env01.pm25,Good,49,
1538,2026-09-15 23:37:09.491,ENV-01,env01.pressureDiff,Good,13,
1539,2026-09-15 23:37:09.491,ENV-01,env01.illuminance,Good,312,
1540,2026-09-15 23:37:09.491,ENV-01,env01.tempFluctuation,Good,11.70918,
1541,2026-09-15 23:37:09.501,GW-LINE-B,mtc01.actualTemp,Good,99.5,
1542,2026-09-15 23:37:09.501,GW-LINE-B,mtc01.pumpPressure,Good,5,
1543,2026-09-15 23:37:09.501,GW-LINE-B,mtc01.pumpFlow,Good,33,
1544,2026-09-15 23:37:09.501,GW-LINE-B,mtc01.pumpCurrent,Good,4,
1545,2026-09-15 23:37:09.501,GW-LINE-B,mtc01.heatPower,Good,4,
1546,2026-09-15 23:37:09.501,GW-LINE-B,mtc01.outletTemp,Good,100,
1547,2026-09-15 23:37:09.501,GW-LINE-B,mtc01.tempAvg,Good,994.6884,
1548,2026-09-15 23:37:09.509,GW-LINE-B,dry01.dewPoint,Good,-34.3,
1549,2026-09-15 23:37:09.509,GW-LINE-B,dry01.heatPower,Good,4,
1550,2026-09-15 23:37:09.509,GW-LINE-B,dry01.fanCurrent,Good,0.9,
1551,2026-09-15 23:37:09.511,GW-LINE-B,dry01.levelTrend,Good,-1.571697,
1552,2026-09-15 23:37:09.517,GW-LINE-B,rob01.cycleTime,Good,2.7,
1553,2026-09-15 23:37:09.517,GW-LINE-B,rob01.trajectory,Good,7.772686,
1554,2026-09-15 23:37:09.578,IM-01,im01.energyTotal,Good,1.52241666666725,
1555,2026-09-15 23:37:10.086,IM-01,im01.prodTime,Good,09/15/2026 23:37:10,
1556,2026-09-15 23:37:10.486,EM-01,em01.totalEnergy,Good,3981.79,
1557,2026-09-15 23:37:10.486,EM-01,em01.forwardEnergy,Good,3981.79,
1558,2026-09-15 23:37:10.486,EM-01,em01.voltageA,Good,377,
1559,2026-09-15 23:37:10.486,EM-01,em01.voltageB,Good,381,
1560,2026-09-15 23:37:10.486,EM-01,em01.voltageC,Good,377,
1561,2026-09-15 23:37:10.486,EM-01,em01.currentA,Good,134.4,
1562,2026-09-15 23:37:10.486,EM-01,em01.activePower,Good,131,
1563,2026-09-15 23:37:10.486,EM-01,em01.reactivePower,Good,21,
1564,2026-09-15 23:37:10.486,EM-01,em01.powerFactor,Good,0.915,
1565,2026-09-15 23:37:10.486,EM-01,em01.frequency,Good,50.05,
1566,2026-09-15 23:37:10.486,EM-01,em01.demand,Good,131,
1567,2026-09-15 23:37:10.486,EM-01,em01.energyF64,Good,40.4238611111114,
1568,2026-09-15 23:37:10.486,EM-01,em01.unbalance,Good,1.052632,
1569,2026-09-15 23:37:10.491,ENV-01,env01.humidity,Good,54,
1570,2026-09-15 23:37:10.491,ENV-01,env01.dewPoint,Good,14.7,
1571,2026-09-15 23:37:10.491,ENV-01,env01.pressureDiff,Good,8,
1572,2026-09-15 23:37:10.491,ENV-01,env01.illuminance,Good,472,
1573,2026-09-15 23:37:10.491,ENV-01,env01.tempFluctuation,Good,11.45345,
1574,2026-09-15 23:37:10.501,GW-LINE-B,mtc01.actualTemp,Good,99.3,
1575,2026-09-15 23:37:10.501,GW-LINE-B,mtc01.pumpPressure,Good,2,
1576,2026-09-15 23:37:10.501,GW-LINE-B,mtc01.pumpFlow,Good,18,
1577,2026-09-15 23:37:10.501,GW-LINE-B,mtc01.pumpCurrent,Good,4.1,
1578,2026-09-15 23:37:10.501,GW-LINE-B,mtc01.heatPower,Good,7,
1579,2026-09-15 23:37:10.501,GW-LINE-B,mtc01.outletTemp,Good,99.8,
1580,2026-09-15 23:37:10.501,GW-LINE-B,mtc01.tempAvg,Good,992.9942,
1581,2026-09-15 23:37:10.509,GW-LINE-B,dry01.dewPoint,Good,-34.7,
1582,2026-09-15 23:37:10.509,GW-LINE-B,dry01.heatPower,Good,5,
1583,2026-09-15 23:37:10.509,GW-LINE-B,dry01.fanCurrent,Good,1.2,
1584,2026-09-15 23:37:10.511,GW-LINE-B,dry01.levelTrend,Good,-1.599327,
1585,2026-09-15 23:37:10.516,GW-LINE-B,rob01.inPlace,Good,False,
1586,2026-09-15 23:37:10.518,GW-LINE-B,rob01.posX,Good,103,
1587,2026-09-15 23:37:10.518,GW-LINE-B,rob01.posY,Good,301,
1588,2026-09-15 23:37:10.518,GW-LINE-B,rob01.posZ,Good,75,
1589,2026-09-15 23:37:10.518,GW-LINE-B,rob01.gripState,Good,1,
1590,2026-09-15 23:37:10.518,GW-LINE-B,rob01.trajectory,Good,102.7108,
1591,2026-09-15 23:37:10.578,IM-01,im01.moldTemp,Good,84.6,
1592,2026-09-15 23:37:10.578,IM-01,im01.oilTemp,Good,44.9,
1593,2026-09-15 23:37:10.578,IM-01,im01.energyTotal,Good,1.52325000000059,
1594,2026-09-15 23:37:11.087,IM-01,im01.prodTime,Good,09/15/2026 23:37:11,
1595,2026-09-15 23:37:11.486,EM-01,em01.totalEnergy,Good,3984.88,
1596,2026-09-15 23:37:11.486,EM-01,em01.forwardEnergy,Good,3984.88,
1597,2026-09-15 23:37:11.486,EM-01,em01.voltageA,Good,385,
1598,2026-09-15 23:37:11.486,EM-01,em01.voltageB,Good,380,
1599,2026-09-15 23:37:11.486,EM-01,em01.voltageC,Good,379,
1600,2026-09-15 23:37:11.486,EM-01,em01.currentA,Good,153.6,
1601,2026-09-15 23:37:11.486,EM-01,em01.activePower,Good,119,
1602,2026-09-15 23:37:11.486,EM-01,em01.reactivePower,Good,25,
1603,2026-09-15 23:37:11.486,EM-01,em01.powerFactor,Good,0.895,
1604,2026-09-15 23:37:11.486,EM-01,em01.frequency,Good,50.09,
1605,2026-09-15 23:37:11.486,EM-01,em01.demand,Good,119,
1606,2026-09-15 23:37:11.486,EM-01,em01.energyF64,Good,40.4553055555558,
1607,2026-09-15 23:37:11.486,EM-01,em01.unbalance,Good,1.578947,
1608,2026-09-15 23:37:11.491,ENV-01,env01.humidity,Good,55,
1609,2026-09-15 23:37:11.491,ENV-01,env01.dewPoint,Good,15,
1610,2026-09-15 23:37:11.491,ENV-01,env01.noise,Good,71,
1611,2026-09-15 23:37:11.491,ENV-01,env01.pm25,Good,50,
1612,2026-09-15 23:37:11.491,ENV-01,env01.pressureDiff,Good,5,
1613,2026-09-15 23:37:11.491,ENV-01,env01.illuminance,Good,470,
1614,2026-09-15 23:37:11.491,ENV-01,env01.tempFluctuation,Good,11.9186,
1615,2026-09-15 23:37:11.502,GW-LINE-B,mtc01.actualTemp,Good,99.4,
1616,2026-09-15 23:37:11.502,GW-LINE-B,mtc01.pumpFlow,Good,32,
1617,2026-09-15 23:37:11.502,GW-LINE-B,mtc01.pumpCurrent,Good,6,
1618,2026-09-15 23:37:11.502,GW-LINE-B,mtc01.heatPower,Good,6,
1619,2026-09-15 23:37:11.502,GW-LINE-B,mtc01.outletTemp,Good,99.9,
1620,2026-09-15 23:37:11.502,GW-LINE-B,mtc01.tempAvg,Good,994.0001,
1621,2026-09-15 23:37:11.509,GW-LINE-B,dry01.dewPoint,Good,-34.4,
1622,2026-09-15 23:37:11.509,GW-LINE-B,dry01.materialLevel,Good,68,
1623,2026-09-15 23:37:11.509,GW-LINE-B,dry01.heatPower,Good,8,
1624,2026-09-15 23:37:11.511,GW-LINE-B,dry01.levelTrend,Good,-1.6344,
1625,2026-09-15 23:37:11.517,GW-LINE-B,rob01.posX,Good,101,
1626,2026-09-15 23:37:11.517,GW-LINE-B,rob01.posY,Good,305,
1627,2026-09-15 23:37:11.517,GW-LINE-B,rob01.posZ,Good,81,
1628,2026-09-15 23:37:11.517,GW-LINE-B,rob01.trajectory,Good,101.2791,
1629,2026-09-15 23:37:11.579,IM-01,im01.oilTemp,Good,44.7,
1630,2026-09-15 23:37:11.579,IM-01,im01.energyTotal,Good,1.52408333333392,
1631,2026-09-15 23:37:12.089,IM-01,im01.prodTime,Good,09/15/2026 23:37:12,
1633,2026-09-15 23:37:12.462,GW-LINE-B,mtc01.runSeconds,Good,12854,
1634,2026-09-15 23:37:12.462,GW-LINE-B,mtc01.energyTotal,Good,1.91394444444446,
1635,2026-09-15 23:37:12.462,EM-01,em01.readTime,Good,09/15/2026 23:37:12,
1636,2026-09-15 23:37:12.464,GW-LINE-B,mtc01.tempDeviation,Good,-0.7,
1637,2026-09-15 23:37:12.467,ENV-01,env01.runSeconds,Good,12854,
1638,2026-09-15 23:37:12.467,ENV-01,env01.sampleTime,Good,09/15/2026 23:37:12,
1639,2026-09-15 23:37:12.469,GW-LINE-B,dry01.drySeconds,Good,12230,
1640,2026-09-15 23:37:12.469,GW-LINE-B,dry01.energyTotal,Good,1.97102777777779,
1641,2026-09-15 23:37:12.471,ENV-01,env01.tempDeviation,Good,-0.2,
1642,2026-09-15 23:37:12.471,GW-LINE-B,dry01.dewDeviation,Good,0.8,
1643,2026-09-15 23:37:12.477,GW-LINE-B,rob01.runSeconds,Good,12854,
1644,2026-09-15 23:37:12.479,GW-LINE-B,rob01.energyTotal,Good,1.78933333333329,
1645,2026-09-15 23:37:12.481,GW-LINE-B,rob01.posDeviation,Good,-100,
1646,2026-09-15 23:37:12.487,EM-01,em01.totalEnergy,Good,3987.94,
1647,2026-09-15 23:37:12.487,EM-01,em01.forwardEnergy,Good,3987.94,
1648,2026-09-15 23:37:12.487,EM-01,em01.voltageA,Good,381,
1649,2026-09-15 23:37:12.487,EM-01,em01.voltageB,Good,379,
1650,2026-09-15 23:37:12.487,EM-01,em01.voltageC,Good,383,
1651,2026-09-15 23:37:12.487,EM-01,em01.currentA,Good,138.8,
1652,2026-09-15 23:37:12.487,EM-01,em01.activePower,Good,122,
1653,2026-09-15 23:37:12.487,EM-01,em01.reactivePower,Good,23,
1654,2026-09-15 23:37:12.487,EM-01,em01.powerFactor,Good,0.901,
1655,2026-09-15 23:37:12.487,EM-01,em01.frequency,Good,49.92,
1656,2026-09-15 23:37:12.487,EM-01,em01.demand,Good,122,
1657,2026-09-15 23:37:12.487,EM-01,em01.energyF64,Good,40.4863611111114,
1658,2026-09-15 23:37:12.487,EM-01,em01.unbalance,Good,1.052632,
1659,2026-09-15 23:37:12.492,ENV-01,env01.dewPoint,Good,14.8,
1660,2026-09-15 23:37:12.492,ENV-01,env01.noise,Good,70,
1661,2026-09-15 23:37:12.492,ENV-01,env01.pm25,Good,45,
1662,2026-09-15 23:37:12.492,ENV-01,env01.pressureDiff,Good,2,
1663,2026-09-15 23:37:12.492,ENV-01,env01.illuminance,Good,379,
1664,2026-09-15 23:37:12.492,ENV-01,env01.tempFluctuation,Good,11.69627,
1665,2026-09-15 23:37:12.503,GW-LINE-B,mtc01.actualTemp,Good,99.3,
1666,2026-09-15 23:37:12.503,GW-LINE-B,mtc01.pumpPressure,Good,4,
1667,2026-09-15 23:37:12.503,GW-LINE-B,mtc01.pumpFlow,Good,19,
1668,2026-09-15 23:37:12.503,GW-LINE-B,mtc01.pumpCurrent,Good,3.4,
1669,2026-09-15 23:37:12.503,GW-LINE-B,mtc01.heatPower,Good,8,
1670,2026-09-15 23:37:12.503,GW-LINE-B,mtc01.outletTemp,Good,99.8,
1671,2026-09-15 23:37:12.503,GW-LINE-B,mtc01.tempAvg,Good,992.9679,
1672,2026-09-15 23:37:12.511,GW-LINE-B,dry01.dewPoint,Good,-34.2,
1673,2026-09-15 23:37:12.511,GW-LINE-B,dry01.heatPower,Good,7,
1674,2026-09-15 23:37:12.511,GW-LINE-B,dry01.fanCurrent,Good,1.6,
1675,2026-09-15 23:37:12.513,GW-LINE-B,dry01.levelTrend,Good,-1.665099,
1676,2026-09-15 23:37:12.519,GW-LINE-B,rob01.cycleTime,Good,3.1,
1677,2026-09-15 23:37:12.519,GW-LINE-B,rob01.posX,Good,0,
1678,2026-09-15 23:37:12.519,GW-LINE-B,rob01.posY,Good,396,
1679,2026-09-15 23:37:12.519,GW-LINE-B,rob01.posZ,Good,195,
1680,2026-09-15 23:37:12.519,GW-LINE-B,rob01.trajectory,Good,0.1325625,
1681,2026-09-15 23:37:12.564,IM-01,im01.cavitySetTemp,Good,234,
1682,2026-09-15 23:37:12.566,IM-01,im01.clampForceDev,Good,-32,
1683,2026-09-15 23:37:12.579,IM-01,im01.barrel1Temp,Good,190.4,
1684,2026-09-15 23:37:12.579,IM-01,im01.oilTemp,Good,44.6,
1685,2026-09-15 23:37:12.579,IM-01,im01.energyTotal,Good,1.52491666666726,
1686,2026-09-15 23:37:13.090,IM-01,im01.prodTime,Good,09/15/2026 23:37:13,
1687,2026-09-15 23:37:13.488,EM-01,em01.totalEnergy,Good,3991.08,
1688,2026-09-15 23:37:13.488,EM-01,em01.forwardEnergy,Good,3991.08,
1689,2026-09-15 23:37:13.488,EM-01,em01.voltageA,Good,385,
1690,2026-09-15 23:37:13.488,EM-01,em01.voltageB,Good,383,
1691,2026-09-15 23:37:13.488,EM-01,em01.voltageC,Good,378,
1692,2026-09-15 23:37:13.488,EM-01,em01.currentA,Good,175.1,
1693,2026-09-15 23:37:13.488,EM-01,em01.activePower,Good,109,
1694,2026-09-15 23:37:13.488,EM-01,em01.reactivePower,Good,25,
1695,2026-09-15 23:37:13.488,EM-01,em01.powerFactor,Good,0.863,
1696,2026-09-15 23:37:13.488,EM-01,em01.frequency,Good,49.98,
1697,2026-09-15 23:37:13.488,EM-01,em01.demand,Good,109,
1698,2026-09-15 23:37:13.488,EM-01,em01.energyF64,Good,40.5180555555558,
1699,2026-09-15 23:37:13.488,EM-01,em01.unbalance,Good,1.842105,
1700,2026-09-15 23:37:13.493,ENV-01,env01.roomTemp,Good,23.9,
1701,2026-09-15 23:37:13.493,ENV-01,env01.humidity,Good,56,
1702,2026-09-15 23:37:13.493,ENV-01,env01.dewPoint,Good,15.2,
1703,2026-09-15 23:37:13.493,ENV-01,env01.noise,Good,75,
1704,2026-09-15 23:37:13.493,ENV-01,env01.pm25,Good,40,
1705,2026-09-15 23:37:13.493,ENV-01,env01.pressureDiff,Good,11,
1706,2026-09-15 23:37:13.493,ENV-01,env01.illuminance,Good,415,
1707,2026-09-15 23:37:13.493,ENV-01,env01.tempFluctuation,Good,12.18843,
1708,2026-09-15 23:37:13.504,GW-LINE-B,mtc01.pumpPressure,Good,3,
1709,2026-09-15 23:37:13.504,GW-LINE-B,mtc01.pumpFlow,Good,26,
1710,2026-09-15 23:37:13.504,GW-LINE-B,mtc01.pumpCurrent,Good,5.9,
1711,2026-09-15 23:37:13.504,GW-LINE-B,mtc01.heatPower,Good,7,
1712,2026-09-15 23:37:13.504,GW-LINE-B,mtc01.tempAvg,Good,992.913,
1713,2026-09-15 23:37:13.512,GW-LINE-B,dry01.dewPoint,Good,-34.4,
1714,2026-09-15 23:37:13.512,GW-LINE-B,dry01.heatPower,Good,8,
1715,2026-09-15 23:37:13.512,GW-LINE-B,dry01.fanCurrent,Good,1.2,
1716,2026-09-15 23:37:13.513,GW-LINE-B,dry01.levelTrend,Good,-1.690794,
1717,2026-09-15 23:37:13.519,GW-LINE-B,rob01.cycleTime,Good,3,
1718,2026-09-15 23:37:13.519,GW-LINE-B,rob01.posY,Good,399,
1719,2026-09-15 23:37:13.519,GW-LINE-B,rob01.posZ,Good,204,
1720,2026-09-15 23:37:13.519,GW-LINE-B,rob01.trajectory,Good,-0.2412572,
1721,2026-09-15 23:37:13.580,IM-01,im01.barrel1Temp,Good,191.2,
1722,2026-09-15 23:37:13.580,IM-01,im01.moldTemp,Good,84.5,
1723,2026-09-15 23:37:13.580,IM-01,im01.oilTemp,Good,44.4,
1724,2026-09-15 23:37:13.580,IM-01,im01.energyTotal,Good,1.52575000000059,
1725,2026-09-15 23:37:14.090,IM-01,im01.prodTime,Good,09/15/2026 23:37:14,
1726,2026-09-15 23:37:14.488,EM-01,em01.totalEnergy,Good,3994.22,
1727,2026-09-15 23:37:14.488,EM-01,em01.forwardEnergy,Good,3994.22,
1728,2026-09-15 23:37:14.488,EM-01,em01.voltageA,Good,381,
1729,2026-09-15 23:37:14.488,EM-01,em01.voltageB,Good,384,
1730,2026-09-15 23:37:14.488,EM-01,em01.voltageC,Good,381,
1731,2026-09-15 23:37:14.488,EM-01,em01.currentA,Good,199.4,
1732,2026-09-15 23:37:14.488,EM-01,em01.reactivePower,Good,29,
1733,2026-09-15 23:37:14.488,EM-01,em01.powerFactor,Good,0.898,
1734,2026-09-15 23:37:14.488,EM-01,em01.frequency,Good,50.08,
1735,2026-09-15 23:37:14.488,EM-01,em01.energyF64,Good,40.5499722222225,
1736,2026-09-15 23:37:14.488,EM-01,em01.unbalance,Good,0.7894737,
1737,2026-09-15 23:37:14.494,ENV-01,env01.roomTemp,Good,24,
1738,2026-09-15 23:37:14.494,ENV-01,env01.humidity,Good,57,
1739,2026-09-15 23:37:14.494,ENV-01,env01.dewPoint,Good,15.5,
1740,2026-09-15 23:37:14.494,ENV-01,env01.noise,Good,76,
1741,2026-09-15 23:37:14.494,ENV-01,env01.pm25,Good,36,
1742,2026-09-15 23:37:14.494,ENV-01,env01.pressureDiff,Good,-1,
1743,2026-09-15 23:37:14.494,ENV-01,env01.illuminance,Good,307,
1744,2026-09-15 23:37:14.494,ENV-01,env01.tempFluctuation,Good,12.1244,
1745,2026-09-15 23:37:14.505,GW-LINE-B,mtc01.actualTemp,Good,99.2,
1746,2026-09-15 23:37:14.505,GW-LINE-B,mtc01.pumpPressure,Good,5,
1747,2026-09-15 23:37:14.505,GW-LINE-B,mtc01.pumpFlow,Good,19,
1748,2026-09-15 23:37:14.505,GW-LINE-B,mtc01.pumpCurrent,Good,4.5,
1749,2026-09-15 23:37:14.505,GW-LINE-B,mtc01.heatPower,Good,8,
1750,2026-09-15 23:37:14.505,GW-LINE-B,mtc01.outletTemp,Good,99.7,
1751,2026-09-15 23:37:14.505,GW-LINE-B,mtc01.tempAvg,Good,992.2964,
1752,2026-09-15 23:37:14.513,GW-LINE-B,dry01.dewPoint,Good,-34.5,
1753,2026-09-15 23:37:14.513,GW-LINE-B,dry01.materialLevel,Good,67,
1754,2026-09-15 23:37:14.513,GW-LINE-B,dry01.heatPower,Good,6,
1755,2026-09-15 23:37:14.513,GW-LINE-B,dry01.fanCurrent,Good,1.5,
1756,2026-09-15 23:37:14.515,GW-LINE-B,dry01.levelTrend,Good,-1.715736,
1757,2026-09-15 23:37:14.519,GW-LINE-B,rob01.inPlace,Good,True,
1758,2026-09-15 23:37:14.521,GW-LINE-B,rob01.cycleTime,Good,2.9,
1759,2026-09-15 23:37:14.521,GW-LINE-B,rob01.totalPicks,Good,42,
1760,2026-09-15 23:37:14.521,GW-LINE-B,rob01.successPicks,Good,42,
1761,2026-09-15 23:37:14.521,GW-LINE-B,rob01.posX,Good,8,
1762,2026-09-15 23:37:14.521,GW-LINE-B,rob01.posY,Good,8,
1763,2026-09-15 23:37:14.521,GW-LINE-B,rob01.posZ,Good,8,
1764,2026-09-15 23:37:14.521,GW-LINE-B,rob01.gripState,Good,0,
1765,2026-09-15 23:37:14.521,GW-LINE-B,rob01.trajectory,Good,7.967996,
1766,2026-09-15 23:37:14.580,IM-01,im01.oilTemp,Good,44.5,
1767,2026-09-15 23:37:14.580,IM-01,im01.energyTotal,Good,1.52658333333393,
1768,2026-09-15 23:37:15.091,IM-01,im01.prodTime,Good,09/15/2026 23:37:15,
1769,2026-09-15 23:37:15.489,EM-01,em01.totalEnergy,Good,3997.23,
1770,2026-09-15 23:37:15.489,EM-01,em01.forwardEnergy,Good,3997.23,
1771,2026-09-15 23:37:15.489,EM-01,em01.voltageA,Good,385,
1772,2026-09-15 23:37:15.489,EM-01,em01.voltageB,Good,383,
1773,2026-09-15 23:37:15.489,EM-01,em01.voltageC,Good,384,
1774,2026-09-15 23:37:15.489,EM-01,em01.currentA,Good,181.3,
1775,2026-09-15 23:37:15.489,EM-01,em01.activePower,Good,104,
1776,2026-09-15 23:37:15.489,EM-01,em01.reactivePower,Good,21,
1777,2026-09-15 23:37:15.489,EM-01,em01.powerFactor,Good,0.864,
1778,2026-09-15 23:37:15.489,EM-01,em01.frequency,Good,49.93,
1779,2026-09-15 23:37:15.489,EM-01,em01.demand,Good,104,
1780,2026-09-15 23:37:15.489,EM-01,em01.energyF64,Good,40.5806111111114,
1781,2026-09-15 23:37:15.489,EM-01,em01.unbalance,Good,0.5263158,
1782,2026-09-15 23:37:15.495,ENV-01,env01.humidity,Good,56,
1783,2026-09-15 23:37:15.495,ENV-01,env01.dewPoint,Good,15.2,
1784,2026-09-15 23:37:15.495,ENV-01,env01.noise,Good,77,
1785,2026-09-15 23:37:15.495,ENV-01,env01.pm25,Good,43,
1786,2026-09-15 23:37:15.495,ENV-01,env01.pressureDiff,Good,-3,
1787,2026-09-15 23:37:15.495,ENV-01,env01.illuminance,Good,463,
1788,2026-09-15 23:37:15.495,ENV-01,env01.tempFluctuation,Good,11.9832,
1789,2026-09-15 23:37:15.505,GW-LINE-B,mtc01.actualTemp,Good,99.5,
1790,2026-09-15 23:37:15.505,GW-LINE-B,mtc01.pumpFlow,Good,15,
1791,2026-09-15 23:37:15.505,GW-LINE-B,mtc01.pumpCurrent,Good,5.7,
1792,2026-09-15 23:37:15.505,GW-LINE-B,mtc01.heatPower,Good,3,
1793,2026-09-15 23:37:15.505,GW-LINE-B,mtc01.outletTemp,Good,100,
1794,2026-09-15 23:37:15.505,GW-LINE-B,mtc01.tempAvg,Good,994.8301,
1795,2026-09-15 23:37:15.513,GW-LINE-B,dry01.dewPoint,Good,-34.8,
1796,2026-09-15 23:37:15.513,GW-LINE-B,dry01.heatPower,Good,5,
1797,2026-09-15 23:37:15.513,GW-LINE-B,dry01.fanCurrent,Good,1.2,
1798,2026-09-15 23:37:15.515,GW-LINE-B,dry01.levelTrend,Good,-1.741969,
1799,2026-09-15 23:37:15.521,GW-LINE-B,rob01.trajectory,Good,8.112196,
1800,2026-09-15 23:37:15.581,IM-01,im01.oilTemp,Good,44.7,
1801,2026-09-15 23:37:15.581,IM-01,im01.energyTotal,Good,1.52741666666726,
1802,2026-09-15 23:37:16.093,IM-01,im01.prodTime,Good,09/15/2026 23:37:16,
1803,2026-09-15 23:37:16.490,EM-01,em01.totalEnergy,Good,4000.34,
1804,2026-09-15 23:37:16.490,EM-01,em01.forwardEnergy,Good,4000.34,
1805,2026-09-15 23:37:16.490,EM-01,em01.voltageA,Good,380,
1806,2026-09-15 23:37:16.490,EM-01,em01.voltageB,Good,385,
1807,2026-09-15 23:37:16.490,EM-01,em01.voltageC,Good,376,
1808,2026-09-15 23:37:16.490,EM-01,em01.currentA,Good,124.7,
1809,2026-09-15 23:37:16.490,EM-01,em01.activePower,Good,107,
1810,2026-09-15 23:37:16.490,EM-01,em01.reactivePower,Good,29,
1811,2026-09-15 23:37:16.490,EM-01,em01.powerFactor,Good,0.882,
1812,2026-09-15 23:37:16.490,EM-01,em01.demand,Good,107,
1813,2026-09-15 23:37:16.490,EM-01,em01.energyF64,Good,40.6122500000003,
1814,2026-09-15 23:37:16.490,EM-01,em01.unbalance,Good,2.368421,
1815,2026-09-15 23:37:16.496,ENV-01,env01.roomTemp,Good,23.9,
1816,2026-09-15 23:37:16.496,ENV-01,env01.noise,Good,71,
1817,2026-09-15 23:37:16.496,ENV-01,env01.pm25,Good,42,
1818,2026-09-15 23:37:16.496,ENV-01,env01.pressureDiff,Good,3,
1819,2026-09-15 23:37:16.496,ENV-01,env01.illuminance,Good,344,
1820,2026-09-15 23:37:16.496,ENV-01,env01.tempFluctuation,Good,12.45967,
1821,2026-09-15 23:37:16.506,GW-LINE-B,mtc01.actualTemp,Good,99.6,
1822,2026-09-15 23:37:16.506,GW-LINE-B,mtc01.pumpFlow,Good,18,
1823,2026-09-15 23:37:16.506,GW-LINE-B,mtc01.pumpCurrent,Good,5.9,
1824,2026-09-15 23:37:16.506,GW-LINE-B,mtc01.heatPower,Good,4,
1825,2026-09-15 23:37:16.506,GW-LINE-B,mtc01.outletTemp,Good,100.1,
1826,2026-09-15 23:37:16.506,GW-LINE-B,mtc01.tempAvg,Good,996.1865,
1827,2026-09-15 23:37:16.513,GW-LINE-B,dry01.dewPoint,Good,-34.7,
1828,2026-09-15 23:37:16.513,GW-LINE-B,dry01.heatPower,Good,4,
1829,2026-09-15 23:37:16.513,GW-LINE-B,dry01.fanCurrent,Good,1.5,
1830,2026-09-15 23:37:16.515,GW-LINE-B,dry01.levelTrend,Good,-1.771301,
1831,2026-09-15 23:37:16.521,GW-LINE-B,rob01.cycleTime,Good,2.8,
1832,2026-09-15 23:37:16.521,GW-LINE-B,rob01.trajectory,Good,7.864719,
1833,2026-09-15 23:37:16.582,IM-01,im01.moldTemp,Good,84.6,
1834,2026-09-15 23:37:16.582,IM-01,im01.oilTemp,Good,44.8,
1835,2026-09-15 23:37:16.582,IM-01,im01.energyTotal,Good,1.52825000000059,
1836,2026-09-15 23:37:17.094,IM-01,im01.prodTime,Good,09/15/2026 23:37:17,
1837,2026-09-15 23:37:17.462,GW-LINE-B,mtc01.runSeconds,Good,12904,
1838,2026-09-15 23:37:17.462,GW-LINE-B,mtc01.energyTotal,Good,1.92177777777779,
1839,2026-09-15 23:37:17.462,EM-01,em01.readTime,Good,09/15/2026 23:37:17,
1840,2026-09-15 23:37:17.465,ENV-01,env01.runSeconds,Good,12904,
1841,2026-09-15 23:37:17.465,ENV-01,env01.sampleTime,Good,09/15/2026 23:37:17,
1842,2026-09-15 23:37:17.469,ENV-01,env01.tempDeviation,Good,0,
1843,2026-09-15 23:37:17.469,GW-LINE-B,dry01.drySeconds,Good,12280,
1844,2026-09-15 23:37:17.469,GW-LINE-B,dry01.energyTotal,Good,1.97861111111113,
1845,2026-09-15 23:37:17.471,GW-LINE-B,dry01.dewDeviation,Good,0.5,
1846,2026-09-15 23:37:17.477,GW-LINE-B,rob01.runSeconds,Good,12904,
1847,2026-09-15 23:37:17.479,GW-LINE-B,rob01.energyTotal,Good,1.79547222222218,
1848,2026-09-15 23:37:17.481,GW-LINE-B,rob01.posDeviation,Good,-92,
1849,2026-09-15 23:37:17.490,EM-01,em01.totalEnergy,Good,4003.46,
1850,2026-09-15 23:37:17.490,EM-01,em01.forwardEnergy,Good,4003.46,
1851,2026-09-15 23:37:17.490,EM-01,em01.voltageA,Good,382,
1852,2026-09-15 23:37:17.490,EM-01,em01.voltageB,Good,384,
1853,2026-09-15 23:37:17.490,EM-01,em01.voltageC,Good,384,
1854,2026-09-15 23:37:17.490,EM-01,em01.currentA,Good,191.6,
1855,2026-09-15 23:37:17.490,EM-01,em01.reactivePower,Good,31,
1856,2026-09-15 23:37:17.490,EM-01,em01.powerFactor,Good,0.879,
1857,2026-09-15 23:37:17.490,EM-01,em01.frequency,Good,49.91,
1858,2026-09-15 23:37:17.490,EM-01,em01.energyF64,Good,40.643916666667,
1859,2026-09-15 23:37:17.490,EM-01,em01.unbalance,Good,0.5263158,
1860,2026-09-15 23:37:17.496,ENV-01,env01.roomTemp,Good,24,
1861,2026-09-15 23:37:17.496,ENV-01,env01.dewPoint,Good,15.3,
1862,2026-09-15 23:37:17.496,ENV-01,env01.noise,Good,76,
1863,2026-09-15 23:37:17.496,ENV-01,env01.pm25,Good,50,
1864,2026-09-15 23:37:17.496,ENV-01,env01.illuminance,Good,365,
1865,2026-09-15 23:37:17.496,ENV-01,env01.tempFluctuation,Good,12.06912,
1866,2026-09-15 23:37:17.507,GW-LINE-B,mtc01.actualTemp,Good,99.3,
1867,2026-09-15 23:37:17.507,GW-LINE-B,mtc01.pumpFlow,Good,37,
1868,2026-09-15 23:37:17.507,GW-LINE-B,mtc01.pumpCurrent,Good,5.3,
1869,2026-09-15 23:37:17.507,GW-LINE-B,mtc01.outletTemp,Good,99.8,
1870,2026-09-15 23:37:17.507,GW-LINE-B,mtc01.tempAvg,Good,992.8605,
1871,2026-09-15 23:37:17.515,GW-LINE-B,dry01.dewPoint,Good,-34.5,
1872,2026-09-15 23:37:17.515,GW-LINE-B,dry01.materialLevel,Good,66,
1873,2026-09-15 23:37:17.515,GW-LINE-B,dry01.fanCurrent,Good,1.7,
1874,2026-09-15 23:37:17.517,GW-LINE-B,dry01.levelTrend,Good,-1.800435,
1875,2026-09-15 23:37:17.523,GW-LINE-B,rob01.cycleTime,Good,3,
1876,2026-09-15 23:37:17.523,GW-LINE-B,rob01.trajectory,Good,8.115031,
1877,2026-09-15 23:37:17.566,IM-01,im01.clampForceDev,Good,-48,
1878,2026-09-15 23:37:17.582,IM-01,im01.moldTemp,Good,84.5,
1879,2026-09-15 23:37:17.582,IM-01,im01.oilTemp,Good,44.6,
1880,2026-09-15 23:37:17.582,IM-01,im01.energyTotal,Good,1.52908333333393,
1881,2026-09-15 23:37:18.095,IM-01,im01.prodTime,Good,09/15/2026 23:37:18,
1882,2026-09-15 23:37:18.491,EM-01,em01.totalEnergy,Good,4006.23,
1883,2026-09-15 23:37:18.491,EM-01,em01.forwardEnergy,Good,4006.23,
1884,2026-09-15 23:37:18.491,EM-01,em01.voltageA,Good,376,
1885,2026-09-15 23:37:18.491,EM-01,em01.voltageB,Good,381,
1886,2026-09-15 23:37:18.491,EM-01,em01.voltageC,Good,379,
1887,2026-09-15 23:37:18.491,EM-01,em01.currentA,Good,156.6,
1888,2026-09-15 23:37:18.491,EM-01,em01.activePower,Good,110,
1889,2026-09-15 23:37:18.491,EM-01,em01.reactivePower,Good,23,
1890,2026-09-15 23:37:18.491,EM-01,em01.powerFactor,Good,0.941,
1891,2026-09-15 23:37:18.491,EM-01,em01.frequency,Good,49.96,
1892,2026-09-15 23:37:18.491,EM-01,em01.demand,Good,110,
1893,2026-09-15 23:37:18.491,EM-01,em01.energyF64,Good,40.672166666667,
1894,2026-09-15 23:37:18.491,EM-01,em01.unbalance,Good,1.315789,
1895,2026-09-15 23:37:18.497,ENV-01,env01.humidity,Good,54,
1896,2026-09-15 23:37:18.497,ENV-01,env01.dewPoint,Good,14.8,
1897,2026-09-15 23:37:18.497,ENV-01,env01.noise,Good,72,
1898,2026-09-15 23:37:18.497,ENV-01,env01.pm25,Good,35,
1899,2026-09-15 23:37:18.497,ENV-01,env01.pressureDiff,Good,2,
1900,2026-09-15 23:37:18.497,ENV-01,env01.illuminance,Good,313,
1901,2026-09-15 23:37:18.497,ENV-01,env01.tempFluctuation,Good,11.94553,
1902,2026-09-15 23:37:18.507,GW-LINE-B,mtc01.actualTemp,Good,99.2,
1903,2026-09-15 23:37:18.507,GW-LINE-B,mtc01.pumpPressure,Good,2,
1904,2026-09-15 23:37:18.507,GW-LINE-B,mtc01.pumpFlow,Good,39,
1905,2026-09-15 23:37:18.507,GW-LINE-B,mtc01.pumpCurrent,Good,3.1,
1906,2026-09-15 23:37:18.507,GW-LINE-B,mtc01.heatPower,Good,6,
1907,2026-09-15 23:37:18.507,GW-LINE-B,mtc01.outletTemp,Good,99.7,
1908,2026-09-15 23:37:18.507,GW-LINE-B,mtc01.tempAvg,Good,992.0757,
1909,2026-09-15 23:37:18.515,GW-LINE-B,dry01.dewPoint,Good,-34.9,
1910,2026-09-15 23:37:18.515,GW-LINE-B,dry01.heatPower,Good,3,
1911,2026-09-15 23:37:18.515,GW-LINE-B,dry01.fanCurrent,Good,1.2,
1912,2026-09-15 23:37:18.517,GW-LINE-B,dry01.levelTrend,Good,-1.828092,
1913,2026-09-15 23:37:18.522,GW-LINE-B,rob01.cycleTime,Good,3.2,
1914,2026-09-15 23:37:18.522,GW-LINE-B,rob01.trajectory,Good,7.969724,
1915,2026-09-15 23:37:18.583,IM-01,im01.moldTemp,Good,84.6,
1916,2026-09-15 23:37:18.583,IM-01,im01.oilTemp,Good,44.5,
1917,2026-09-15 23:37:18.583,IM-01,im01.energyTotal,Good,1.52991666666726,
1918,2026-09-15 23:37:19.097,IM-01,im01.prodTime,Good,09/15/2026 23:37:19,
1919,2026-09-15 23:37:19.492,EM-01,em01.totalEnergy,Good,4009.42,
1920,2026-09-15 23:37:19.492,EM-01,em01.forwardEnergy,Good,4009.42,
1921,2026-09-15 23:37:19.492,EM-01,em01.voltageA,Good,378,
1922,2026-09-15 23:37:19.492,EM-01,em01.voltageB,Good,385,
1923,2026-09-15 23:37:19.492,EM-01,em01.voltageC,Good,378,
1924,2026-09-15 23:37:19.492,EM-01,em01.currentA,Good,195.9,
1925,2026-09-15 23:37:19.492,EM-01,em01.activePower,Good,115,
1926,2026-09-15 23:37:19.492,EM-01,em01.reactivePower,Good,30,
1927,2026-09-15 23:37:19.492,EM-01,em01.powerFactor,Good,0.909,
1928,2026-09-15 23:37:19.492,EM-01,em01.frequency,Good,50.09,
1929,2026-09-15 23:37:19.492,EM-01,em01.demand,Good,115,
1930,2026-09-15 23:37:19.492,EM-01,em01.energyF64,Good,40.7045555555559,
1931,2026-09-15 23:37:19.492,EM-01,em01.unbalance,Good,1.842105,
1932,2026-09-15 23:37:19.498,ENV-01,env01.humidity,Good,53,
1933,2026-09-15 23:37:19.498,ENV-01,env01.noise,Good,76,
1934,2026-09-15 23:37:19.498,ENV-01,env01.pm25,Good,36,
1935,2026-09-15 23:37:19.498,ENV-01,env01.illuminance,Good,499,
1936,2026-09-15 23:37:19.498,ENV-01,env01.tempFluctuation,Good,12.75128,
1937,2026-09-15 23:37:19.509,GW-LINE-B,mtc01.pumpPressure,Good,4,
1938,2026-09-15 23:37:19.509,GW-LINE-B,mtc01.pumpFlow,Good,40,
1939,2026-09-15 23:37:19.509,GW-LINE-B,mtc01.pumpCurrent,Good,5.4,
1940,2026-09-15 23:37:19.509,GW-LINE-B,mtc01.heatPower,Good,7,
1941,2026-09-15 23:37:19.509,GW-LINE-B,mtc01.tempAvg,Good,991.6362,
1942,2026-09-15 23:37:19.516,GW-LINE-B,dry01.dewPoint,Good,-34.6,
1943,2026-09-15 23:37:19.516,GW-LINE-B,dry01.heatPower,Good,6,
1944,2026-09-15 23:37:19.516,GW-LINE-B,dry01.fanCurrent,Good,1.6,
1945,2026-09-15 23:37:19.518,GW-LINE-B,dry01.levelTrend,Good,-1.85958,
1946,2026-09-15 23:37:19.524,GW-LINE-B,rob01.cycleTime,Good,3.1,
1947,2026-09-15 23:37:19.524,GW-LINE-B,rob01.trajectory,Good,8.069772,
1948,2026-09-15 23:37:19.583,IM-01,im01.moldTemp,Good,84.5,
1949,2026-09-15 23:37:19.583,IM-01,im01.oilTemp,Good,44.7,
1950,2026-09-15 23:37:19.583,IM-01,im01.energyTotal,Good,1.5307500000006,
1951,2026-09-15 23:37:20.098,IM-01,im01.prodTime,Good,09/15/2026 23:37:20,
1952,2026-09-15 23:37:20.492,EM-01,em01.totalEnergy,Good,4012.39,
1953,2026-09-15 23:37:20.492,EM-01,em01.forwardEnergy,Good,4012.39,
1954,2026-09-15 23:37:20.492,EM-01,em01.voltageA,Good,385,
1955,2026-09-15 23:37:20.492,EM-01,em01.voltageC,Good,377,
1956,2026-09-15 23:37:20.492,EM-01,em01.currentA,Good,190.2,
1957,2026-09-15 23:37:20.492,EM-01,em01.activePower,Good,113,
1958,2026-09-15 23:37:20.492,EM-01,em01.reactivePower,Good,29,
1959,2026-09-15 23:37:20.492,EM-01,em01.powerFactor,Good,0.882,
1960,2026-09-15 23:37:20.492,EM-01,em01.frequency,Good,49.93,
1961,2026-09-15 23:37:20.492,EM-01,em01.demand,Good,113,
1962,2026-09-15 23:37:20.492,EM-01,em01.energyF64,Good,40.7348055555559,
1963,2026-09-15 23:37:20.492,EM-01,em01.unbalance,Good,2.105263,
1964,2026-09-15 23:37:20.498,ENV-01,env01.roomTemp,Good,24.1,
1965,2026-09-15 23:37:20.498,ENV-01,env01.humidity,Good,54,
1966,2026-09-15 23:37:20.498,ENV-01,env01.dewPoint,Good,15.1,
1967,2026-09-15 23:37:20.498,ENV-01,env01.noise,Good,72,
1968,2026-09-15 23:37:20.498,ENV-01,env01.pm25,Good,23,
1969,2026-09-15 23:37:20.498,ENV-01,env01.pressureDiff,Good,9,
1970,2026-09-15 23:37:20.498,ENV-01,env01.illuminance,Good,337,
1971,2026-09-15 23:37:20.498,ENV-01,env01.tempFluctuation,Good,12.40715,
1972,2026-09-15 23:37:20.508,GW-LINE-B,mtc01.pumpPressure,Good,5,
1973,2026-09-15 23:37:20.508,GW-LINE-B,mtc01.pumpFlow,Good,20,
1974,2026-09-15 23:37:20.508,GW-LINE-B,mtc01.pumpCurrent,Good,4.1,
1975,2026-09-15 23:37:20.508,GW-LINE-B,mtc01.heatPower,Good,6,
1976,2026-09-15 23:37:20.508,GW-LINE-B,mtc01.tempAvg,Good,991.9664,
1977,2026-09-15 23:37:20.517,GW-LINE-B,dry01.dewPoint,Good,-34,
1978,2026-09-15 23:37:20.517,GW-LINE-B,dry01.heatPower,Good,3,
1979,2026-09-15 23:37:20.517,GW-LINE-B,dry01.fanCurrent,Good,1.8,
1980,2026-09-15 23:37:20.519,GW-LINE-B,dry01.levelTrend,Good,-1.88814,
1981,2026-09-15 23:37:20.525,GW-LINE-B,rob01.cycleTime,Good,2.8,
1982,2026-09-15 23:37:20.525,GW-LINE-B,rob01.trajectory,Good,8.224677,
1983,2026-09-15 23:37:20.583,IM-01,im01.oilTemp,Good,44.8,
1984,2026-09-15 23:37:20.583,IM-01,im01.energyTotal,Good,1.53158333333393,
1985,2026-09-15 23:37:21.099,IM-01,im01.prodTime,Good,09/15/2026 23:37:21,
1986,2026-09-15 23:37:21.493,EM-01,em01.totalEnergy,Good,4015.48,
1987,2026-09-15 23:37:21.493,EM-01,em01.forwardEnergy,Good,4015.48,
1988,2026-09-15 23:37:21.493,EM-01,em01.voltageA,Good,384,
1989,2026-09-15 23:37:21.493,EM-01,em01.voltageB,Good,378,
1990,2026-09-15 23:37:21.493,EM-01,em01.currentA,Good,203.4,
1991,2026-09-15 23:37:21.493,EM-01,em01.activePower,Good,117,
1992,2026-09-15 23:37:21.493,EM-01,em01.powerFactor,Good,0.862,
1993,2026-09-15 23:37:21.493,EM-01,em01.frequency,Good,50.09,
1994,2026-09-15 23:37:21.493,EM-01,em01.demand,Good,117,
1995,2026-09-15 23:37:21.493,EM-01,em01.energyF64,Good,40.7660277777781,
1996,2026-09-15 23:37:21.493,EM-01,em01.unbalance,Good,1.842105,
1997,2026-09-15 23:37:21.499,ENV-01,env01.roomTemp,Good,24,
1998,2026-09-15 23:37:21.499,ENV-01,env01.dewPoint,Good,14.9,
1999,2026-09-15 23:37:21.499,ENV-01,env01.pm25,Good,40,
2000,2026-09-15 23:37:21.499,ENV-01,env01.pressureDiff,Good,-1,
2001,2026-09-15 23:37:21.499,ENV-01,env01.tempFluctuation,Good,12.85777,
2002,2026-09-15 23:37:21.509,GW-LINE-B,mtc01.actualTemp,Good,99.4,
2003,2026-09-15 23:37:21.509,GW-LINE-B,mtc01.pumpFlow,Good,30,
2004,2026-09-15 23:37:21.509,GW-LINE-B,mtc01.pumpCurrent,Good,5.2,
2005,2026-09-15 23:37:21.509,GW-LINE-B,mtc01.heatPower,Good,8,
2006,2026-09-15 23:37:21.509,GW-LINE-B,mtc01.outletTemp,Good,99.9,
2007,2026-09-15 23:37:21.509,GW-LINE-B,mtc01.tempAvg,Good,994.1576,
2008,2026-09-15 23:37:21.516,GW-LINE-B,dry01.dewPoint,Good,-34.2,
2009,2026-09-15 23:37:21.516,GW-LINE-B,dry01.materialLevel,Good,65,
2010,2026-09-15 23:37:21.516,GW-LINE-B,dry01.heatPower,Good,4,
2011,2026-09-15 23:37:21.516,GW-LINE-B,dry01.fanCurrent,Good,1.1,
2012,2026-09-15 23:37:21.518,GW-LINE-B,dry01.levelTrend,Good,-1.91649,
2013,2026-09-15 23:37:21.524,GW-LINE-B,rob01.trajectory,Good,7.849647,
2014,2026-09-15 23:37:21.584,IM-01,im01.moldTemp,Good,84.6,
2015,2026-09-15 23:37:21.584,IM-01,im01.oilTemp,Good,44.6,
2016,2026-09-15 23:37:21.584,IM-01,im01.energyTotal,Good,1.53241666666727,
2017,2026-09-15 23:37:22.100,IM-01,im01.prodTime,Good,09/15/2026 23:37:22,
2018,2026-09-15 23:37:22.463,GW-LINE-B,mtc01.runSeconds,Good,12954,
2019,2026-09-15 23:37:22.463,ENV-01,env01.runSeconds,Good,12954,
2020,2026-09-15 23:37:22.463,GW-LINE-B,mtc01.energyTotal,Good,1.92966666666668,
2021,2026-09-15 23:37:22.463,ENV-01,env01.sampleTime,Good,09/15/2026 23:37:22,
2022,2026-09-15 23:37:22.464,GW-LINE-B,mtc01.tempDeviation,Good,-0.6,
2023,2026-09-15 23:37:22.464,EM-01,em01.readTime,Good,09/15/2026 23:37:22,
2024,2026-09-15 23:37:22.470,GW-LINE-B,dry01.drySeconds,Good,12330,
2025,2026-09-15 23:37:22.470,GW-LINE-B,dry01.energyTotal,Good,1.98605555555557,
2026,2026-09-15 23:37:22.472,GW-LINE-B,dry01.dewDeviation,Good,1.1,
2027,2026-09-15 23:37:22.478,GW-LINE-B,rob01.runSeconds,Good,12954,
2028,2026-09-15 23:37:22.480,GW-LINE-B,rob01.energyTotal,Good,1.80258333333329,
2029,2026-09-15 23:37:22.493,EM-01,em01.totalEnergy,Good,4018.53,
2030,2026-09-15 23:37:22.493,EM-01,em01.forwardEnergy,Good,4018.53,
2031,2026-09-15 23:37:22.493,EM-01,em01.voltageB,Good,380,
2032,2026-09-15 23:37:22.493,EM-01,em01.voltageC,Good,381,
2033,2026-09-15 23:37:22.493,EM-01,em01.currentA,Good,205.2,
2034,2026-09-15 23:37:22.493,EM-01,em01.activePower,Good,114,
2035,2026-09-15 23:37:22.493,EM-01,em01.reactivePower,Good,32,
2036,2026-09-15 23:37:22.493,EM-01,em01.powerFactor,Good,0.942,
2037,2026-09-15 23:37:22.493,EM-01,em01.frequency,Good,49.91,
2038,2026-09-15 23:37:22.493,EM-01,em01.demand,Good,114,
2039,2026-09-15 23:37:22.493,EM-01,em01.energyF64,Good,40.7970277777781,
2040,2026-09-15 23:37:22.493,EM-01,em01.unbalance,Good,1.052632,
2041,2026-09-15 23:37:22.500,ENV-01,env01.humidity,Good,53,
2042,2026-09-15 23:37:22.500,ENV-01,env01.dewPoint,Good,14.8,
2043,2026-09-15 23:37:22.500,ENV-01,env01.noise,Good,77,
2044,2026-09-15 23:37:22.500,ENV-01,env01.pm25,Good,30,
2045,2026-09-15 23:37:22.500,ENV-01,env01.pressureDiff,Good,5,
2046,2026-09-15 23:37:22.500,ENV-01,env01.illuminance,Good,481,
2047,2026-09-15 23:37:22.500,ENV-01,env01.tempFluctuation,Good,12.02143,
2048,2026-09-15 23:37:22.509,GW-LINE-B,mtc01.pumpPressure,Good,4,
2049,2026-09-15 23:37:22.509,GW-LINE-B,mtc01.pumpFlow,Good,36,
2050,2026-09-15 23:37:22.509,GW-LINE-B,mtc01.pumpCurrent,Good,4.8,
2051,2026-09-15 23:37:22.509,GW-LINE-B,mtc01.heatPower,Good,7,
2052,2026-09-15 23:37:22.509,GW-LINE-B,mtc01.tempAvg,Good,993.9381,
2053,2026-09-15 23:37:22.518,GW-LINE-B,dry01.dewPoint,Good,-33.9,
2054,2026-09-15 23:37:22.518,GW-LINE-B,dry01.heatPower,Good,8,
2055,2026-09-15 23:37:22.518,GW-LINE-B,dry01.fanCurrent,Good,1.8,
2056,2026-09-15 23:37:22.520,GW-LINE-B,dry01.levelTrend,Good,-1.943735,
2057,2026-09-15 23:37:22.526,GW-LINE-B,rob01.cycleTime,Good,2.9,
2058,2026-09-15 23:37:22.526,GW-LINE-B,rob01.trajectory,Good,8.186829,
2059,2026-09-15 23:37:22.567,IM-01,im01.clampForceDev,Good,-36,
2060,2026-09-15 23:37:22.584,IM-01,im01.energyTotal,Good,1.5332500000006,
2061,2026-09-15 23:37:23.101,IM-01,im01.prodTime,Good,09/15/2026 23:37:23,
2062,2026-09-15 23:37:23.494,EM-01,em01.totalEnergy,Good,4021.58,
2063,2026-09-15 23:37:23.494,EM-01,em01.forwardEnergy,Good,4021.58,
2064,2026-09-15 23:37:23.494,EM-01,em01.voltageA,Good,377,
2065,2026-09-15 23:37:23.494,EM-01,em01.voltageB,Good,381,
2066,2026-09-15 23:37:23.494,EM-01,em01.voltageC,Good,379,
2067,2026-09-15 23:37:23.494,EM-01,em01.currentA,Good,127.9,
2068,2026-09-15 23:37:23.494,EM-01,em01.activePower,Good,117,
2069,2026-09-15 23:37:23.494,EM-01,em01.reactivePower,Good,37,
2070,2026-09-15 23:37:23.494,EM-01,em01.powerFactor,Good,0.94,
2071,2026-09-15 23:37:23.494,EM-01,em01.frequency,Good,49.95,
2072,2026-09-15 23:37:23.494,EM-01,em01.demand,Good,117,
2073,2026-09-15 23:37:23.494,EM-01,em01.energyF64,Good,40.8279722222225,
2074,2026-09-15 23:37:23.500,ENV-01,env01.roomTemp,Good,24.1,
2075,2026-09-15 23:37:23.500,ENV-01,env01.dewPoint,Good,14.7,
2076,2026-09-15 23:37:23.500,ENV-01,env01.noise,Good,75,
2077,2026-09-15 23:37:23.500,ENV-01,env01.pm25,Good,42,
2078,2026-09-15 23:37:23.500,ENV-01,env01.pressureDiff,Good,4,
2079,2026-09-15 23:37:23.500,ENV-01,env01.illuminance,Good,309,
2080,2026-09-15 23:37:23.500,ENV-01,env01.tempFluctuation,Good,12.63493,
2081,2026-09-15 23:37:23.510,GW-LINE-B,mtc01.actualTemp,Good,99.2,
2082,2026-09-15 23:37:23.510,GW-LINE-B,mtc01.pumpPressure,Good,3,
2083,2026-09-15 23:37:23.510,GW-LINE-B,mtc01.pumpFlow,Good,23,
2084,2026-09-15 23:37:23.510,GW-LINE-B,mtc01.pumpCurrent,Good,5.9,
2085,2026-09-15 23:37:23.510,GW-LINE-B,mtc01.heatPower,Good,8,
2086,2026-09-15 23:37:23.510,GW-LINE-B,mtc01.outletTemp,Good,99.7,
2087,2026-09-15 23:37:23.510,GW-LINE-B,mtc01.tempAvg,Good,991.5677,
2088,2026-09-15 23:37:23.519,GW-LINE-B,dry01.dewPoint,Good,-34.3,
2089,2026-09-15 23:37:23.519,GW-LINE-B,dry01.heatPower,Good,7,
2090,2026-09-15 23:37:23.519,GW-LINE-B,dry01.fanCurrent,Good,1.1,
2091,2026-09-15 23:37:23.521,GW-LINE-B,dry01.levelTrend,Good,-1.974587,
2092,2026-09-15 23:37:23.527,GW-LINE-B,rob01.trajectory,Good,7.831306,
2093,2026-09-15 23:37:23.585,IM-01,im01.oilTemp,Good,44.5,
2094,2026-09-15 23:37:23.585,IM-01,im01.energyTotal,Good,1.53408333333394,
2095,2026-09-15 23:37:24.102,IM-01,im01.prodTime,Good,09/15/2026 23:37:24,
2096,2026-09-15 23:37:24.494,EM-01,em01.totalEnergy,Good,4024.62,
2097,2026-09-15 23:37:24.494,EM-01,em01.forwardEnergy,Good,4024.62,
2098,2026-09-15 23:37:24.494,EM-01,em01.voltageA,Good,385,
2099,2026-09-15 23:37:24.494,EM-01,em01.voltageB,Good,379,
2100,2026-09-15 23:37:24.494,EM-01,em01.voltageC,Good,378,
2101,2026-09-15 23:37:24.494,EM-01,em01.currentA,Good,189,
2102,2026-09-15 23:37:24.494,EM-01,em01.activePower,Good,102,
2103,2026-09-15 23:37:24.494,EM-01,em01.reactivePower,Good,40,
2104,2026-09-15 23:37:24.494,EM-01,em01.powerFactor,Good,0.942,
2105,2026-09-15 23:37:24.494,EM-01,em01.frequency,Good,50.01,
2106,2026-09-15 23:37:24.494,EM-01,em01.demand,Good,102,
2107,2026-09-15 23:37:24.494,EM-01,em01.energyF64,Good,40.858916666667,
2108,2026-09-15 23:37:24.494,EM-01,em01.unbalance,Good,1.842105,
2109,2026-09-15 23:37:24.501,ENV-01,env01.roomTemp,Good,24,
2110,2026-09-15 23:37:24.501,ENV-01,env01.humidity,Good,54,
2111,2026-09-15 23:37:24.501,ENV-01,env01.dewPoint,Good,14.9,
2112,2026-09-15 23:37:24.501,ENV-01,env01.noise,Good,70,
2113,2026-09-15 23:37:24.501,ENV-01,env01.pm25,Good,39,
2114,2026-09-15 23:37:24.501,ENV-01,env01.pressureDiff,Good,0,
2115,2026-09-15 23:37:24.501,ENV-01,env01.illuminance,Good,371,
2116,2026-09-15 23:37:24.501,ENV-01,env01.tempFluctuation,Good,11.97012,
2117,2026-09-15 23:37:24.511,GW-LINE-B,mtc01.actualTemp,Good,99.3,
2118,2026-09-15 23:37:24.511,GW-LINE-B,mtc01.pumpPressure,Good,4,
2119,2026-09-15 23:37:24.511,GW-LINE-B,mtc01.pumpFlow,Good,31,
2120,2026-09-15 23:37:24.511,GW-LINE-B,mtc01.pumpCurrent,Good,4.3,
2121,2026-09-15 23:37:24.511,GW-LINE-B,mtc01.outletTemp,Good,99.8,
2122,2026-09-15 23:37:24.511,GW-LINE-B,mtc01.tempAvg,Good,992.7953,
2123,2026-09-15 23:37:24.519,GW-LINE-B,dry01.materialLevel,Good,64,
2124,2026-09-15 23:37:24.519,GW-LINE-B,dry01.heatPower,Good,4,
2125,2026-09-15 23:37:24.519,GW-LINE-B,dry01.fanCurrent,Good,1.8,
2126,2026-09-15 23:37:24.521,GW-LINE-B,dry01.levelTrend,Good,-2.0036,
2127,2026-09-15 23:37:24.527,GW-LINE-B,rob01.cycleTime,Good,2.7,
2128,2026-09-15 23:37:24.527,GW-LINE-B,rob01.trajectory,Good,8.033246,
2129,2026-09-15 23:37:24.586,IM-01,im01.moldTemp,Good,84.5,
2130,2026-09-15 23:37:24.586,IM-01,im01.oilTemp,Good,44.3,
2131,2026-09-15 23:37:24.586,IM-01,im01.energyTotal,Good,1.53491666666727,
2132,2026-09-15 23:37:25.104,IM-01,im01.prodTime,Good,09/15/2026 23:37:25,
2133,2026-09-15 23:37:25.495,EM-01,em01.totalEnergy,Good,4027.76,
2134,2026-09-15 23:37:25.495,EM-01,em01.forwardEnergy,Good,4027.76,
2135,2026-09-15 23:37:25.495,EM-01,em01.voltageA,Good,382,
2136,2026-09-15 23:37:25.495,EM-01,em01.voltageB,Good,377,
2137,2026-09-15 23:37:25.495,EM-01,em01.voltageC,Good,376,
2138,2026-09-15 23:37:25.495,EM-01,em01.currentA,Good,149.2,
2139,2026-09-15 23:37:25.495,EM-01,em01.activePower,Good,120,
2140,2026-09-15 23:37:25.495,EM-01,em01.reactivePower,Good,21,
2141,2026-09-15 23:37:25.495,EM-01,em01.powerFactor,Good,0.939,
2142,2026-09-15 23:37:25.495,EM-01,em01.frequency,Good,49.92,
2143,2026-09-15 23:37:25.495,EM-01,em01.demand,Good,120,
2144,2026-09-15 23:37:25.495,EM-01,em01.energyF64,Good,40.8909444444448,
2145,2026-09-15 23:37:25.495,EM-01,em01.unbalance,Good,1.578947,
2146,2026-09-15 23:37:25.501,ENV-01,env01.humidity,Good,57,
2147,2026-09-15 23:37:25.501,ENV-01,env01.dewPoint,Good,15.5,
2148,2026-09-15 23:37:25.501,ENV-01,env01.noise,Good,78,
2149,2026-09-15 23:37:25.501,ENV-01,env01.pm25,Good,26,
2150,2026-09-15 23:37:25.501,ENV-01,env01.pressureDiff,Good,2,
2151,2026-09-15 23:37:25.501,ENV-01,env01.illuminance,Good,385,
2152,2026-09-15 23:37:25.501,ENV-01,env01.tempFluctuation,Good,12.54903,
2153,2026-09-15 23:37:25.511,GW-LINE-B,mtc01.actualTemp,Good,99.6,
2154,2026-09-15 23:37:25.511,GW-LINE-B,mtc01.pumpPressure,Good,3,
2155,2026-09-15 23:37:25.511,GW-LINE-B,mtc01.pumpFlow,Good,20,
2156,2026-09-15 23:37:25.511,GW-LINE-B,mtc01.pumpCurrent,Good,3.2,
2157,2026-09-15 23:37:25.511,GW-LINE-B,mtc01.heatPower,Good,5,
2158,2026-09-15 23:37:25.511,GW-LINE-B,mtc01.outletTemp,Good,100.1,
2159,2026-09-15 23:37:25.511,GW-LINE-B,mtc01.tempAvg,Good,995.9487,
2160,2026-09-15 23:37:25.518,GW-LINE-B,dry01.dewPoint,Good,-34.2,
2161,2026-09-15 23:37:25.518,GW-LINE-B,dry01.heatPower,Good,3,
2162,2026-09-15 23:37:25.518,GW-LINE-B,dry01.fanCurrent,Good,1,
2163,2026-09-15 23:37:25.520,GW-LINE-B,dry01.levelTrend,Good,-2.032304,
2164,2026-09-15 23:37:25.526,GW-LINE-B,rob01.trajectory,Good,8.016129,
2165,2026-09-15 23:37:25.586,IM-01,im01.energyTotal,Good,1.5357500000006,
2166,2026-09-15 23:37:26.104,IM-01,im01.prodTime,Good,09/15/2026 23:37:26,
2167,2026-09-15 23:37:26.495,EM-01,em01.totalEnergy,Good,4030.81,
2168,2026-09-15 23:37:26.495,EM-01,em01.forwardEnergy,Good,4030.81,
2169,2026-09-15 23:37:26.495,EM-01,em01.voltageA,Good,383,
2170,2026-09-15 23:37:26.495,EM-01,em01.voltageB,Good,386,
2171,2026-09-15 23:37:26.495,EM-01,em01.voltageC,Good,374,
2172,2026-09-15 23:37:26.495,EM-01,em01.currentA,Good,122.5,
2173,2026-09-15 23:37:26.495,EM-01,em01.activePower,Good,109,
2174,2026-09-15 23:37:26.495,EM-01,em01.powerFactor,Good,0.92,
2175,2026-09-15 23:37:26.495,EM-01,em01.frequency,Good,50.04,
2176,2026-09-15 23:37:26.495,EM-01,em01.demand,Good,109,
2177,2026-09-15 23:37:26.495,EM-01,em01.energyF64,Good,40.921916666667,
2178,2026-09-15 23:37:26.495,EM-01,em01.unbalance,Good,3.157895,
2179,2026-09-15 23:37:26.501,ENV-01,env01.humidity,Good,56,
2180,2026-09-15 23:37:26.501,ENV-01,env01.dewPoint,Good,15.3,
2181,2026-09-15 23:37:26.501,ENV-01,env01.noise,Good,76,
2182,2026-09-15 23:37:26.501,ENV-01,env01.pm25,Good,25,
2183,2026-09-15 23:37:26.501,ENV-01,env01.pressureDiff,Good,0,
2184,2026-09-15 23:37:26.501,ENV-01,env01.illuminance,Good,499,
2185,2026-09-15 23:37:26.501,ENV-01,env01.tempFluctuation,Good,12.5583,
2186,2026-09-15 23:37:26.511,GW-LINE-B,mtc01.actualTemp,Good,99.5,
2187,2026-09-15 23:37:26.511,GW-LINE-B,mtc01.pumpPressure,Good,4,
2188,2026-09-15 23:37:26.511,GW-LINE-B,mtc01.pumpFlow,Good,30,
2189,2026-09-15 23:37:26.511,GW-LINE-B,mtc01.pumpCurrent,Good,5.2,
2190,2026-09-15 23:37:26.511,GW-LINE-B,mtc01.heatPower,Good,7,
2191,2026-09-15 23:37:26.511,GW-LINE-B,mtc01.outletTemp,Good,100,
2192,2026-09-15 23:37:26.511,GW-LINE-B,mtc01.tempAvg,Good,995.0897,
2193,2026-09-15 23:37:26.519,GW-LINE-B,dry01.dewPoint,Good,-34.5,
2194,2026-09-15 23:37:26.519,GW-LINE-B,dry01.heatPower,Good,8,
2195,2026-09-15 23:37:26.519,GW-LINE-B,dry01.fanCurrent,Good,1.7,
2196,2026-09-15 23:37:26.520,GW-LINE-B,dry01.levelTrend,Good,-2.062911,
2197,2026-09-15 23:37:26.526,GW-LINE-B,rob01.trajectory,Good,8.096008,
2198,2026-09-15 23:37:26.587,IM-01,im01.oilTemp,Good,44.6,
2199,2026-09-15 23:37:26.587,IM-01,im01.energyTotal,Good,1.53658333333394,
2200,2026-09-15 23:37:27.105,IM-01,im01.prodTime,Good,09/15/2026 23:37:27,
2201,2026-09-15 23:37:27.463,GW-LINE-B,mtc01.runSeconds,Good,13004,
2202,2026-09-15 23:37:27.463,EM-01,em01.readTime,Good,09/15/2026 23:37:27,
2203,2026-09-15 23:37:27.463,GW-LINE-B,mtc01.energyTotal,Good,1.93780555555557,
2204,2026-09-15 23:37:27.465,GW-LINE-B,mtc01.tempDeviation,Good,-0.8,
2205,2026-09-15 23:37:27.469,ENV-01,env01.runSeconds,Good,13004,
2206,2026-09-15 23:37:27.469,ENV-01,env01.sampleTime,Good,09/15/2026 23:37:27,
2207,2026-09-15 23:37:27.471,GW-LINE-B,dry01.drySeconds,Good,12380,
2208,2026-09-15 23:37:27.471,GW-LINE-B,dry01.energyTotal,Good,1.99338888888891,
2209,2026-09-15 23:37:27.473,GW-LINE-B,dry01.dewDeviation,Good,-0.4,
2210,2026-09-15 23:37:27.478,GW-LINE-B,rob01.runSeconds,Good,13004,
2211,2026-09-15 23:37:27.480,GW-LINE-B,rob01.energyTotal,Good,1.80958333333329,
2212,2026-09-15 23:37:27.495,EM-01,em01.totalEnergy,Good,4033.7,
2213,2026-09-15 23:37:27.495,EM-01,em01.forwardEnergy,Good,4033.7,
2214,2026-09-15 23:37:27.495,EM-01,em01.voltageA,Good,381,
2215,2026-09-15 23:37:27.495,EM-01,em01.voltageB,Good,382,
2216,2026-09-15 23:37:27.495,EM-01,em01.voltageC,Good,377,
2217,2026-09-15 23:37:27.495,EM-01,em01.currentA,Good,146.7,
2218,2026-09-15 23:37:27.495,EM-01,em01.activePower,Good,123,
2219,2026-09-15 23:37:27.495,EM-01,em01.reactivePower,Good,39,
2220,2026-09-15 23:37:27.495,EM-01,em01.powerFactor,Good,0.893,
2221,2026-09-15 23:37:27.495,EM-01,em01.frequency,Good,49.95,
2222,2026-09-15 23:37:27.495,EM-01,em01.demand,Good,123,
2223,2026-09-15 23:37:27.495,EM-01,em01.energyF64,Good,40.9511388888892,
2224,2026-09-15 23:37:27.495,EM-01,em01.unbalance,Good,1.315789,
2225,2026-09-15 23:37:27.502,ENV-01,env01.humidity,Good,55,
2226,2026-09-15 23:37:27.502,ENV-01,env01.dewPoint,Good,15.1,
2227,2026-09-15 23:37:27.502,ENV-01,env01.noise,Good,71,
2228,2026-09-15 23:37:27.502,ENV-01,env01.pm25,Good,42,
2229,2026-09-15 23:37:27.502,ENV-01,env01.pressureDiff,Good,2,
2230,2026-09-15 23:37:27.502,ENV-01,env01.illuminance,Good,337,
2231,2026-09-15 23:37:27.502,ENV-01,env01.tempFluctuation,Good,12.88981,
2232,2026-09-15 23:37:27.512,GW-LINE-B,mtc01.actualTemp,Good,99.2,
2233,2026-09-15 23:37:27.512,GW-LINE-B,mtc01.pumpPressure,Good,5,
2234,2026-09-15 23:37:27.512,GW-LINE-B,mtc01.pumpFlow,Good,32,
2235,2026-09-15 23:37:27.512,GW-LINE-B,mtc01.pumpCurrent,Good,4.7,
2236,2026-09-15 23:37:27.512,GW-LINE-B,mtc01.heatPower,Good,6,
2237,2026-09-15 23:37:27.512,GW-LINE-B,mtc01.outletTemp,Good,99.7,
2238,2026-09-15 23:37:27.512,GW-LINE-B,mtc01.tempAvg,Good,991.6458,
2239,2026-09-15 23:37:27.520,GW-LINE-B,dry01.dewPoint,Good,-35.4,
2240,2026-09-15 23:37:27.520,GW-LINE-B,dry01.heatPower,Good,3,
2241,2026-09-15 23:37:27.520,GW-LINE-B,dry01.fanCurrent,Good,1.3,
2242,2026-09-15 23:37:27.522,GW-LINE-B,dry01.levelTrend,Good,-2.088831,
2243,2026-09-15 23:37:27.528,GW-LINE-B,rob01.cycleTime,Good,3,
2244,2026-09-15 23:37:27.528,GW-LINE-B,rob01.trajectory,Good,8.084625,
2245,2026-09-15 23:37:27.569,IM-01,im01.clampForceDev,Good,-44,
2246,2026-09-15 23:37:27.588,IM-01,im01.oilTemp,Good,44.7,
2247,2026-09-15 23:37:27.588,IM-01,im01.energyTotal,Good,1.53741666666727,
2248,2026-09-15 23:37:28.106,IM-01,im01.prodTime,Good,09/15/2026 23:37:28,
2249,2026-09-15 23:37:28.496,EM-01,em01.totalEnergy,Good,4036.78,
2250,2026-09-15 23:37:28.496,EM-01,em01.forwardEnergy,Good,4036.78,
2251,2026-09-15 23:37:28.496,EM-01,em01.voltageB,Good,380,
2252,2026-09-15 23:37:28.496,EM-01,em01.voltageC,Good,375,
2253,2026-09-15 23:37:28.496,EM-01,em01.currentA,Good,145.5,
2254,2026-09-15 23:37:28.496,EM-01,em01.activePower,Good,117,
2255,2026-09-15 23:37:28.496,EM-01,em01.reactivePower,Good,22,
2256,2026-09-15 23:37:28.496,EM-01,em01.frequency,Good,50.07,
2257,2026-09-15 23:37:28.496,EM-01,em01.demand,Good,117,
2258,2026-09-15 23:37:28.496,EM-01,em01.energyF64,Good,40.9824722222225,
2259,2026-09-15 23:37:28.496,EM-01,em01.unbalance,Good,1.578947,
2260,2026-09-15 23:37:28.503,ENV-01,env01.roomTemp,Good,23.9,
2261,2026-09-15 23:37:28.503,ENV-01,env01.humidity,Good,54,
2262,2026-09-15 23:37:28.503,ENV-01,env01.dewPoint,Good,14.8,
2263,2026-09-15 23:37:28.503,ENV-01,env01.noise,Good,76,
2264,2026-09-15 23:37:28.503,ENV-01,env01.pm25,Good,38,
2265,2026-09-15 23:37:28.503,ENV-01,env01.pressureDiff,Good,-3,
2266,2026-09-15 23:37:28.503,ENV-01,env01.illuminance,Good,372,
2267,2026-09-15 23:37:28.503,ENV-01,env01.tempFluctuation,Good,12.2066,
2268,2026-09-15 23:37:28.513,GW-LINE-B,mtc01.actualTemp,Good,99.5,
2269,2026-09-15 23:37:28.513,GW-LINE-B,mtc01.pumpPressure,Good,3,
2270,2026-09-15 23:37:28.513,GW-LINE-B,mtc01.pumpFlow,Good,28,
2271,2026-09-15 23:37:28.513,GW-LINE-B,mtc01.pumpCurrent,Good,3.1,
2272,2026-09-15 23:37:28.513,GW-LINE-B,mtc01.outletTemp,Good,100,
2273,2026-09-15 23:37:28.513,GW-LINE-B,mtc01.tempAvg,Good,995.4077,
2274,2026-09-15 23:37:28.521,GW-LINE-B,dry01.dewPoint,Good,-34.9,
2275,2026-09-15 23:37:28.521,GW-LINE-B,dry01.materialLevel,Good,63,
2276,2026-09-15 23:37:28.521,GW-LINE-B,dry01.heatPower,Good,7,
2277,2026-09-15 23:37:28.521,GW-LINE-B,dry01.fanCurrent,Good,1.9,
2278,2026-09-15 23:37:28.523,GW-LINE-B,dry01.levelTrend,Good,-2.121294,
2279,2026-09-15 23:37:28.528,GW-LINE-B,rob01.cycleTime,Good,3.2,
2280,2026-09-15 23:37:28.528,GW-LINE-B,rob01.trajectory,Good,7.784314,
2281,2026-09-15 23:37:28.588,IM-01,im01.moldTemp,Good,84.6,
2282,2026-09-15 23:37:28.588,IM-01,im01.energyTotal,Good,1.53825000000061,
2283,2026-09-15 23:37:29.107,IM-01,im01.prodTime,Good,09/15/2026 23:37:29,
2284,2026-09-15 23:37:29.497,EM-01,em01.totalEnergy,Good,4039.7,
2285,2026-09-15 23:37:29.497,EM-01,em01.forwardEnergy,Good,4039.7,
2286,2026-09-15 23:37:29.497,EM-01,em01.voltageA,Good,376,
2287,2026-09-15 23:37:29.497,EM-01,em01.voltageB,Good,379,
2288,2026-09-15 23:37:29.497,EM-01,em01.voltageC,Good,384,
2289,2026-09-15 23:37:29.497,EM-01,em01.currentA,Good,131.8,
2290,2026-09-15 23:37:29.497,EM-01,em01.activePower,Good,102,
2291,2026-09-15 23:37:29.497,EM-01,em01.reactivePower,Good,26,
2292,2026-09-15 23:37:29.497,EM-01,em01.powerFactor,Good,0.89,
2293,2026-09-15 23:37:29.497,EM-01,em01.frequency,Good,50.02,
2294,2026-09-15 23:37:29.497,EM-01,em01.demand,Good,102,
2295,2026-09-15 23:37:29.497,EM-01,em01.energyF64,Good,41.0120000000003,
2296,2026-09-15 23:37:29.497,EM-01,em01.unbalance,Good,2.105263,
2297,2026-09-15 23:37:29.504,ENV-01,env01.humidity,Good,53,
2298,2026-09-15 23:37:29.504,ENV-01,env01.dewPoint,Good,14.7,
2299,2026-09-15 23:37:29.504,ENV-01,env01.noise,Good,70,
2300,2026-09-15 23:37:29.504,ENV-01,env01.pressureDiff,Good,13,
2301,2026-09-15 23:37:29.504,ENV-01,env01.illuminance,Good,442,
2302,2026-09-15 23:37:29.504,ENV-01,env01.tempFluctuation,Good,12.15616,
2303,2026-09-15 23:37:29.514,GW-LINE-B,mtc01.pumpPressure,Good,5,
2304,2026-09-15 23:37:29.514,GW-LINE-B,mtc01.pumpFlow,Good,18,
2305,2026-09-15 23:37:29.514,GW-LINE-B,mtc01.pumpCurrent,Good,3,
2306,2026-09-15 23:37:29.514,GW-LINE-B,mtc01.heatPower,Good,4,
2307,2026-09-15 23:37:29.514,GW-LINE-B,mtc01.tempAvg,Good,995.3383,
2308,2026-09-15 23:37:29.522,GW-LINE-B,dry01.dewPoint,Good,-34.5,
2309,2026-09-15 23:37:29.522,GW-LINE-B,dry01.heatPower,Good,6,
2310,2026-09-15 23:37:29.524,GW-LINE-B,dry01.levelTrend,Good,-2.148447,
2311,2026-09-15 23:37:29.529,GW-LINE-B,rob01.trajectory,Good,8.285276,
2312,2026-09-15 23:37:29.589,IM-01,im01.moldTemp,Good,84.5,
2313,2026-09-15 23:37:29.589,IM-01,im01.oilTemp,Good,44.4,
2314,2026-09-15 23:37:29.589,IM-01,im01.energyTotal,Good,1.53908333333394,
2315,2026-09-15 23:37:30.108,IM-01,im01.prodTime,Good,09/15/2026 23:37:30,
2316,2026-09-15 23:37:30.497,EM-01,em01.totalEnergy,Good,4042.39,
2317,2026-09-15 23:37:30.497,EM-01,em01.forwardEnergy,Good,4042.39,
2318,2026-09-15 23:37:30.497,EM-01,em01.voltageA,Good,379,
2319,2026-09-15 23:37:30.497,EM-01,em01.voltageB,Good,377,
2320,2026-09-15 23:37:30.497,EM-01,em01.voltageC,Good,376,
2321,2026-09-15 23:37:30.497,EM-01,em01.currentA,Good,152.8,
2322,2026-09-15 23:37:30.497,EM-01,em01.activePower,Good,97,
2323,2026-09-15 23:37:30.497,EM-01,em01.reactivePower,Good,40,
2324,2026-09-15 23:37:30.497,EM-01,em01.powerFactor,Good,0.86,
2325,2026-09-15 23:37:30.497,EM-01,em01.frequency,Good,49.97,
2326,2026-09-15 23:37:30.497,EM-01,em01.demand,Good,97,
2327,2026-09-15 23:37:30.497,EM-01,em01.energyF64,Good,41.039416666667,
2328,2026-09-15 23:37:30.497,EM-01,em01.unbalance,Good,0.7894737,
2329,2026-09-15 23:37:30.504,ENV-01,env01.humidity,Good,54,
2330,2026-09-15 23:37:30.504,ENV-01,env01.dewPoint,Good,14.9,
2331,2026-09-15 23:37:30.504,ENV-01,env01.noise,Good,72,
2332,2026-09-15 23:37:30.504,ENV-01,env01.pm25,Good,20,
2333,2026-09-15 23:37:30.504,ENV-01,env01.pressureDiff,Good,-1,
2334,2026-09-15 23:37:30.504,ENV-01,env01.illuminance,Good,363,
2335,2026-09-15 23:37:30.504,ENV-01,env01.tempFluctuation,Good,12.10124,
2336,2026-09-15 23:37:30.514,GW-LINE-B,mtc01.actualTemp,Good,99.6,
2337,2026-09-15 23:37:30.514,GW-LINE-B,mtc01.pumpPressure,Good,2,
2338,2026-09-15 23:37:30.514,GW-LINE-B,mtc01.pumpFlow,Good,27,
2339,2026-09-15 23:37:30.514,GW-LINE-B,mtc01.pumpCurrent,Good,5.5,
2340,2026-09-15 23:37:30.514,GW-LINE-B,mtc01.heatPower,Good,8,
2341,2026-09-15 23:37:30.514,GW-LINE-B,mtc01.outletTemp,Good,100.1,
2342,2026-09-15 23:37:30.514,GW-LINE-B,mtc01.tempAvg,Good,995.8621,
2343,2026-09-15 23:37:30.524,GW-LINE-B,dry01.levelTrend,Good,-2.176494,
2344,2026-09-15 23:37:30.531,GW-LINE-B,rob01.cycleTime,Good,2.9,
2345,2026-09-15 23:37:30.531,GW-LINE-B,rob01.trajectory,Good,7.996519,
2346,2026-09-15 23:37:30.589,IM-01,im01.moldTemp,Good,84.6,
2347,2026-09-15 23:37:30.589,IM-01,im01.oilTemp,Good,44.6,
2348,2026-09-15 23:37:30.589,IM-01,im01.energyTotal,Good,1.53991666666728,
2349,2026-09-15 23:37:31.109,IM-01,im01.prodTime,Good,09/15/2026 23:37:31,
2350,2026-09-15 23:37:31.497,EM-01,em01.totalEnergy,Good,4045.63,
2351,2026-09-15 23:37:31.497,EM-01,em01.forwardEnergy,Good,4045.63,
2352,2026-09-15 23:37:31.497,EM-01,em01.voltageA,Good,377,
2353,2026-09-15 23:37:31.497,EM-01,em01.voltageB,Good,382,
2354,2026-09-15 23:37:31.497,EM-01,em01.currentA,Good,170.4,
2355,2026-09-15 23:37:31.497,EM-01,em01.activePower,Good,123,
2356,2026-09-15 23:37:31.497,EM-01,em01.reactivePower,Good,28,
2357,2026-09-15 23:37:31.497,EM-01,em01.powerFactor,Good,0.896,
2358,2026-09-15 23:37:31.497,EM-01,em01.frequency,Good,49.92,
2359,2026-09-15 23:37:31.497,EM-01,em01.demand,Good,123,
2360,2026-09-15 23:37:31.497,EM-01,em01.energyF64,Good,41.0722222222226,
2361,2026-09-15 23:37:31.497,EM-01,em01.unbalance,Good,1.578947,
2362,2026-09-15 23:37:31.504,ENV-01,env01.humidity,Good,53,
2363,2026-09-15 23:37:31.504,ENV-01,env01.dewPoint,Good,14.6,
2364,2026-09-15 23:37:31.504,ENV-01,env01.noise,Good,75,
2365,2026-09-15 23:37:31.504,ENV-01,env01.pm25,Good,50,
2366,2026-09-15 23:37:31.504,ENV-01,env01.pressureDiff,Good,12,
2367,2026-09-15 23:37:31.504,ENV-01,env01.illuminance,Good,383,
2368,2026-09-15 23:37:31.504,ENV-01,env01.tempFluctuation,Good,12.30108,
2369,2026-09-15 23:37:31.514,GW-LINE-B,mtc01.actualTemp,Good,99.5,
2370,2026-09-15 23:37:31.514,GW-LINE-B,mtc01.pumpPressure,Good,4,
2371,2026-09-15 23:37:31.514,GW-LINE-B,mtc01.pumpFlow,Good,21,
2372,2026-09-15 23:37:31.514,GW-LINE-B,mtc01.pumpCurrent,Good,4.9,
2373,2026-09-15 23:37:31.514,GW-LINE-B,mtc01.heatPower,Good,3,
2374,2026-09-15 23:37:31.514,GW-LINE-B,mtc01.outletTemp,Good,100,
2375,2026-09-15 23:37:31.514,GW-LINE-B,mtc01.tempAvg,Good,994.5461,
2376,2026-09-15 23:37:31.522,GW-LINE-B,dry01.dewPoint,Good,-34,
2377,2026-09-15 23:37:31.522,GW-LINE-B,dry01.materialLevel,Good,62,
2378,2026-09-15 23:37:31.522,GW-LINE-B,dry01.heatPower,Good,3,
2379,2026-09-15 23:37:31.524,GW-LINE-B,dry01.levelTrend,Good,-2.210593,
2380,2026-09-15 23:37:31.530,GW-LINE-B,rob01.cycleTime,Good,2.8,
2381,2026-09-15 23:37:31.530,GW-LINE-B,rob01.trajectory,Good,8.277517,
2382,2026-09-15 23:37:31.590,IM-01,im01.oilTemp,Good,44.4,
2383,2026-09-15 23:37:31.590,IM-01,im01.energyTotal,Good,1.54075000000061,
2384,2026-09-15 23:37:32.110,IM-01,im01.prodTime,Good,09/15/2026 23:37:32,
2385,2026-09-15 23:37:32.463,ENV-01,env01.runSeconds,Good,13054,
2386,2026-09-15 23:37:32.463,GW-LINE-B,mtc01.runSeconds,Good,13054,
2387,2026-09-15 23:37:32.463,GW-LINE-B,mtc01.energyTotal,Good,1.9458888888889,
2388,2026-09-15 23:37:32.463,ENV-01,env01.sampleTime,Good,09/15/2026 23:37:32,
2389,2026-09-15 23:37:32.465,GW-LINE-B,mtc01.tempDeviation,Good,-0.5,
2390,2026-09-15 23:37:32.467,ENV-01,env01.tempDeviation,Good,-0.1,
2391,2026-09-15 23:37:32.470,GW-LINE-B,dry01.drySeconds,Good,12430,
2392,2026-09-15 23:37:32.470,GW-LINE-B,dry01.energyTotal,Good,2.00158333333335,
2393,2026-09-15 23:37:32.472,GW-LINE-B,dry01.dewDeviation,Good,0.7,
2394,2026-09-15 23:37:32.472,EM-01,em01.readTime,Good,09/15/2026 23:37:32,
2395,2026-09-15 23:37:32.478,GW-LINE-B,rob01.runSeconds,Good,13054,
2396,2026-09-15 23:37:32.480,GW-LINE-B,rob01.energyTotal,Good,1.81674999999996,
2397,2026-09-15 23:37:32.499,EM-01,em01.totalEnergy,Good,4048.76,
2398,2026-09-15 23:37:32.499,EM-01,em01.forwardEnergy,Good,4048.76,
2399,2026-09-15 23:37:32.499,EM-01,em01.voltageA,Good,375,
2400,2026-09-15 23:37:32.499,EM-01,em01.voltageB,Good,380,
2401,2026-09-15 23:37:32.499,EM-01,em01.voltageC,Good,378,
2402,2026-09-15 23:37:32.499,EM-01,em01.currentA,Good,170.2,
2403,2026-09-15 23:37:32.499,EM-01,em01.activePower,Good,112,
2404,2026-09-15 23:37:32.499,EM-01,em01.reactivePower,Good,23,
2405,2026-09-15 23:37:32.499,EM-01,em01.powerFactor,Good,0.879,
2406,2026-09-15 23:37:32.499,EM-01,em01.frequency,Good,50.06,
2407,2026-09-15 23:37:32.499,EM-01,em01.demand,Good,112,
2408,2026-09-15 23:37:32.499,EM-01,em01.energyF64,Good,41.1038888888892,
2409,2026-09-15 23:37:32.499,EM-01,em01.unbalance,Good,1.315789,
2410,2026-09-15 23:37:32.504,ENV-01,env01.humidity,Good,55,
2411,2026-09-15 23:37:32.504,ENV-01,env01.dewPoint,Good,15,
2412,2026-09-15 23:37:32.504,ENV-01,env01.noise,Good,77,
2413,2026-09-15 23:37:32.504,ENV-01,env01.pm25,Good,51,
2414,2026-09-15 23:37:32.504,ENV-01,env01.pressureDiff,Good,0,
2415,2026-09-15 23:37:32.504,ENV-01,env01.illuminance,Good,335,
2416,2026-09-15 23:37:32.504,ENV-01,env01.tempFluctuation,Good,12.50815,
2417,2026-09-15 23:37:32.522,GW-LINE-B,mtc01.pumpPressure,Good,5,
2418,2026-09-15 23:37:32.522,GW-LINE-B,mtc01.heatPower,Good,7,
2419,2026-09-15 23:37:32.522,GW-LINE-B,mtc01.tempAvg,Good,994.5089,
2420,2026-09-15 23:37:32.530,GW-LINE-B,dry01.dewPoint,Good,-34.5,
2421,2026-09-15 23:37:32.530,GW-LINE-B,dry01.heatPower,Good,5,
2422,2026-09-15 23:37:32.530,GW-LINE-B,dry01.fanCurrent,Good,1,
2423,2026-09-15 23:37:32.532,GW-LINE-B,dry01.levelTrend,Good,-2.250268,
2424,2026-09-15 23:37:32.538,GW-LINE-B,rob01.cycleTime,Good,3.2,
2425,2026-09-15 23:37:32.538,GW-LINE-B,rob01.trajectory,Good,7.857546,
