seq,host_time,device,point,quality,value,reason
1,2026-09-15 23:37:53.921,IM-01,im01.statusWord,Good,1,
2,2026-09-15 23:37:53.921,GW-LINE-B,mtc01.ready,Good,True,
3,2026-09-15 23:37:53.922,IM-01,im01.alarmCode,Good,0,
4,2026-09-15 23:37:53.922,IM-01,im01.totalMolds,Good,2,
5,2026-09-15 23:37:53.922,IM-01,im01.goodParts,Good,2,
6,2026-09-15 23:37:53.922,IM-01,im01.rejectParts,Good,0,
7,2026-09-15 23:37:53.922,GW-LINE-B,mtc01.heating,Good,False,
8,2026-09-15 23:37:53.923,ENV-01,env01.roomTemp,Good,24.1,
9,2026-09-15 23:37:53.923,IM-01,im01.cycleTime,Good,40.5,
10,2026-09-15 23:37:53.923,IM-01,im01.avgCycleTime,Good,37.7,
11,2026-09-15 23:37:53.923,IM-01,im01.oee,Good,10,
12,2026-09-15 23:37:53.923,IM-01,im01.stage,Good,0,
13,2026-09-15 23:37:53.923,EM-01,em01.totalEnergy,Good,4115.19,
14,2026-09-15 23:37:53.923,EM-01,em01.forwardEnergy,Good,4115.19,
15,2026-09-15 23:37:53.923,EM-01,em01.voltageA,Good,384,
16,2026-09-15 23:37:53.923,EM-01,em01.voltageB,Good,385,
17,2026-09-15 23:37:53.923,EM-01,em01.voltageC,Good,379,
18,2026-09-15 23:37:53.923,EM-01,em01.currentA,Good,220.1,
19,2026-09-15 23:37:53.923,EM-01,em01.activePower,Good,113,
20,2026-09-15 23:37:53.923,EM-01,em01.reactivePower,Good,20,
21,2026-09-15 23:37:53.923,EM-01,em01.powerFactor,Good,0.882,
22,2026-09-15 23:37:53.923,EM-01,em01.frequency,Good,49.9,
23,2026-09-15 23:37:53.923,EM-01,em01.alarmCode,Good,0,
24,2026-09-15 23:37:53.923,EM-01,em01.demand,Good,113,
25,2026-09-15 23:37:53.923,EM-01,em01.energyF64,Good,41.7778333333337,
26,2026-09-15 23:37:53.923,EM-01,em01.unbalance,Good,1.578947,
27,2026-09-15 23:37:53.923,EM-01,em01.energyDual,Good,0,
28,2026-09-15 23:37:53.923,IM-01,im01.batchNo,Good,2002,
29,2026-09-15 23:37:53.924,GW-LINE-B,mtc01.actualTemp,Good,99.4,
30,2026-09-15 23:37:53.924,GW-LINE-B,mtc01.returnTemp,Good,95.1,
31,2026-09-15 23:37:53.924,GW-LINE-B,mtc01.pumpPressure,Good,3,
32,2026-09-15 23:37:53.924,GW-LINE-B,mtc01.pumpFlow,Good,30,
33,2026-09-15 23:37:53.924,GW-LINE-B,mtc01.pumpCurrent,Good,4.5,
34,2026-09-15 23:37:53.924,GW-LINE-B,mtc01.heatPower,Good,6,
35,2026-09-15 23:37:53.924,GW-LINE-B,mtc01.outletTemp,Good,99.9,
36,2026-09-15 23:37:53.924,GW-LINE-B,mtc01.tempAvg,Good,993.9003,
37,2026-09-15 23:37:53.924,IM-01,im01.prodTime,Good,09/15/2026 23:37:53,
38,2026-09-15 23:37:53.924,ENV-01,env01.humidity,Good,55,
39,2026-09-15 23:37:53.924,ENV-01,env01.dewPoint,Good,15.3,
40,2026-09-15 23:37:53.924,ENV-01,env01.noise,Good,75,
41,2026-09-15 23:37:53.924,ENV-01,env01.co2,Good,450,
42,2026-09-15 23:37:53.924,ENV-01,env01.pm25,Good,32,
43,2026-09-15 23:37:53.924,ENV-01,env01.pressureDiff,Good,-3,
44,2026-09-15 23:37:53.924,ENV-01,env01.illuminance,Good,363,
45,2026-09-15 23:37:53.924,ENV-01,env01.roomTempDual,Good,0,
46,2026-09-15 23:37:53.924,ENV-01,env01.tempFluctuation,Good,13.1186,
47,2026-09-15 23:37:53.925,EM-01,em01.overDemand,Good,False,
48,2026-09-15 23:37:53.926,GW-LINE-B,mtc01.tempDual,Good,0,
49,2026-09-15 23:37:53.928,GW-LINE-B,mtc01.setTemp,Good,100,
50,2026-09-15 23:37:53.929,IM-01,im01.ready,Good,True,
51,2026-09-15 23:37:53.929,ENV-01,env01.highTempAlarm,Good,False,
52,2026-09-15 23:37:53.929,IM-01,im01.producing,Good,False,
53,2026-09-15 23:37:53.929,IM-01,im01.faultAlarm,Good,False,
54,2026-09-15 23:37:53.932,GW-LINE-B,dry01.drying,Good,True,
55,2026-09-15 23:37:53.932,IM-01,im01.barrel1Temp,Good,191.2,
56,2026-09-15 23:37:53.932,GW-LINE-B,dry01.levelLow,Good,False,
57,2026-09-15 23:37:53.932,IM-01,im01.barrel5Temp,Good,147.6,
58,2026-09-15 23:37:53.932,IM-01,im01.moldTemp,Good,84.5,
59,2026-09-15 23:37:53.932,IM-01,im01.oilTemp,Good,44.4,
60,2026-09-15 23:37:53.932,IM-01,im01.injectPressure,Good,0,
61,2026-09-15 23:37:53.932,IM-01,im01.injectSpeed,Good,0,
62,2026-09-15 23:37:53.932,IM-01,im01.screwSpeed,Good,0,
63,2026-09-15 23:37:53.932,IM-01,im01.clampPressure,Good,0,
64,2026-09-15 23:37:53.932,IM-01,im01.pumpCurrent,Good,0,
65,2026-09-15 23:37:53.932,IM-01,im01.hydraulicPressure,Good,0,
66,2026-09-15 23:37:53.932,IM-01,im01.power,Good,3,
67,2026-09-15 23:37:53.932,IM-01,im01.meltEnergy,Good,0,
68,2026-09-15 23:37:53.932,IM-01,im01.energyTotal,Good,1.5594166666673,
69,2026-09-15 23:37:53.932,IM-01,im01.moldTempDual,Good,0,
70,2026-09-15 23:37:53.933,ENV-01,env01.acSetTemp,Good,24,
71,2026-09-15 23:37:53.935,IM-01,im01.moldCloseJog,Good,False,
72,2026-09-15 23:37:53.935,GW-LINE-B,dry01.dryTemp,Good,79.4,
73,2026-09-15 23:37:53.935,IM-01,im01.start,Good,False,
74,2026-09-15 23:37:53.935,IM-01,im01.stop,Good,False,
75,2026-09-15 23:37:53.935,GW-LINE-B,dry01.dewPoint,Good,-34.4,
76,2026-09-15 23:37:53.935,IM-01,im01.estop,Good,False,
77,2026-09-15 23:37:53.935,GW-LINE-B,dry01.materialLevel,Good,55,
78,2026-09-15 23:37:53.935,ENV-01,env01.runSeconds,Good,13269,
79,2026-09-15 23:37:53.935,GW-LINE-B,dry01.heatPower,Good,5,
80,2026-09-15 23:37:53.935,GW-LINE-B,dry01.fanCurrent,Good,0.8,
81,2026-09-15 23:37:53.935,GW-LINE-B,dry01.inTemp,Good,444,
82,2026-09-15 23:37:53.935,GW-LINE-B,dry01.outTemp,Good,594,
83,2026-09-15 23:37:53.935,ENV-01,env01.sampleTime,Good,09/15/2026 23:37:53,
84,2026-09-15 23:37:53.935,ENV-01,env01.areaName,Good,注塑车间A区,
85,2026-09-15 23:37:53.935,ENV-01,env01.alarmCode,Good,0,
86,2026-09-15 23:37:53.937,GW-LINE-B,dry01.levelDual,Good,0,
87,2026-09-15 23:37:53.937,GW-LINE-B,dry01.levelTrend,Good,-2.910589,
88,2026-09-15 23:37:53.937,IM-01,im01.workMode,Good,3,
89,2026-09-15 23:37:53.937,EM-01,em01.meterModel,Good,EM-2026-0001,
90,2026-09-15 23:37:53.937,IM-01,im01.targetOutput,Good,50000,
91,2026-09-15 23:37:53.937,IM-01,im01.cavitySetTemp,Good,234,
92,2026-09-15 23:37:53.937,EM-01,em01.readTime,Good,09/15/2026 23:37:53,
93,2026-09-15 23:37:53.937,IM-01,im01.moldSetTemp,Good,85,
94,2026-09-15 23:37:53.937,IM-01,im01.holdTime,Good,2.5,
95,2026-09-15 23:37:53.937,IM-01,im01.coolTime,Good,15,
96,2026-09-15 23:37:53.937,IM-01,im01.overTempLimit,Good,260,
97,2026-09-15 23:37:53.937,IM-01,im01.moldTempDualSet,Good,25,
98,2026-09-15 23:37:53.937,IM-01,im01.energyBudget,Good,1500,
99,2026-09-15 23:37:53.937,IM-01,im01.planHours,Good,28800,
100,2026-09-15 23:37:53.937,IM-01,im01.ratedPower,Good,45.5,
101,2026-09-15 23:37:53.939,ENV-01,env01.acRunning,Good,True,
102,2026-09-15 23:37:53.939,GW-LINE-B,dry01.setTemp,Good,80,
103,2026-09-15 23:37:53.939,IM-01,im01.clampForceDev,Good,-52,
104,2026-09-15 23:37:53.941,GW-LINE-B,rob01.inPlace,Good,True,
105,2026-09-15 23:37:53.941,ENV-01,env01.tempDeviation,Good,0.2,
106,2026-09-15 23:37:53.941,IM-01,im01.recipeName,Good,PC-ABS-757 ??????,
107,2026-09-15 23:37:53.941,IM-01,im01.bootTime,Good,09/15/2026 23:15:45,
108,2026-09-15 23:37:53.943,ENV-01,env01.tempAlarmLimit,Good,32,
109,2026-09-15 23:37:53.943,ENV-01,env01.co2Threshold,Good,1000,
110,2026-09-15 23:37:53.943,GW-LINE-B,rob01.cycleTime,Good,3.1,
111,2026-09-15 23:37:53.943,GW-LINE-B,rob01.totalPicks,Good,43,
112,2026-09-15 23:37:53.943,GW-LINE-B,rob01.successPicks,Good,43,
113,2026-09-15 23:37:53.943,GW-LINE-B,rob01.failPicks,Good,0,
114,2026-09-15 23:37:53.943,GW-LINE-B,rob01.posX,Good,8,
115,2026-09-15 23:37:53.943,GW-LINE-B,rob01.posY,Good,8,
116,2026-09-15 23:37:53.943,GW-LINE-B,rob01.posZ,Good,8,
117,2026-09-15 23:37:53.943,GW-LINE-B,rob01.gripState,Good,0,
118,2026-09-15 23:37:53.943,GW-LINE-B,rob01.beat,Good,1161,
119,2026-09-15 23:37:53.943,GW-LINE-B,rob01.posDual,Good,0,
120,2026-09-15 23:37:53.943,GW-LINE-B,rob01.trajectory,Good,8.133784,
121,2026-09-15 23:37:53.945,ENV-01,env01.areaNameW,Good,注塑车间A区,
122,2026-09-15 23:37:53.945,GW-LINE-B,mtc01.runSeconds,Good,13269,
123,2026-09-15 23:37:53.945,GW-LINE-B,mtc01.energyTotal,Good,1.97930555555556,
124,2026-09-15 23:37:53.948,GW-LINE-B,mtc01.tempDeviation,Good,-0.6,
125,2026-09-15 23:37:53.948,EM-01,em01.ctRatio,Good,20,
126,2026-09-15 23:37:53.948,EM-01,em01.demandThreshold,Good,320,
127,2026-09-15 23:37:53.950,GW-LINE-B,mtc01.heatingMode,Good,1,
128,2026-09-15 23:37:53.950,EM-01,em01.meterNo,Good,EM-2026-0001,
129,2026-09-15 23:37:53.951,GW-LINE-B,mtc01.serialNo,Good,MTC-2026-0001,
130,2026-09-15 23:37:53.951,GW-LINE-B,mtc01.calibTime,Good,09/15/2026 23:15:45,
131,2026-09-15 23:37:53.953,GW-LINE-B,dry01.drySeconds,Good,12645,
132,2026-09-15 23:37:53.953,GW-LINE-B,dry01.energyTotal,Good,2.0352777777778,
133,2026-09-15 23:37:53.955,GW-LINE-B,dry01.dewDeviation,Good,0.6,
134,2026-09-15 23:37:53.957,GW-LINE-B,dry01.materialBatch,Good,BATCH-2026W38,
135,2026-09-15 23:37:53.959,GW-LINE-B,dry01.batchBcd,Good,910,
136,2026-09-15 23:37:53.961,GW-LINE-B,rob01.runSeconds,Good,13269,
137,2026-09-15 23:37:53.963,GW-LINE-B,rob01.energyTotal,Good,1.84511111111107,
138,2026-09-15 23:37:53.965,GW-LINE-B,rob01.posDeviation,Good,-92,
139,2026-09-15 23:37:53.967,GW-LINE-B,rob01.pickDelay,Good,2,
140,2026-09-15 23:37:53.969,GW-LINE-B,rob01.programName,Good,PICK-STD-01,
141,2026-09-15 23:37:54.389,IM-01,im01.prodTime,Good,09/15/2026 23:37:54,
142,2026-09-15 23:37:54.890,EM-01,em01.totalEnergy,Good,4118.3,
143,2026-09-15 23:37:54.890,EM-01,em01.forwardEnergy,Good,4118.3,
144,2026-09-15 23:37:54.890,EM-01,em01.voltageA,Good,377,
145,2026-09-15 23:37:54.890,EM-01,em01.voltageB,Good,381,
146,2026-09-15 23:37:54.890,EM-01,em01.voltageC,Good,378,
147,2026-09-15 23:37:54.890,EM-01,em01.currentA,Good,219.1,
148,2026-09-15 23:37:54.890,EM-01,em01.activePower,Good,108,
149,2026-09-15 23:37:54.890,EM-01,em01.reactivePower,Good,37,
150,2026-09-15 23:37:54.890,EM-01,em01.powerFactor,Good,0.864,
151,2026-09-15 23:37:54.890,EM-01,em01.frequency,Good,49.95,
152,2026-09-15 23:37:54.890,EM-01,em01.demand,Good,108,
153,2026-09-15 23:37:54.890,EM-01,em01.energyF64,Good,41.8091944444448,
154,2026-09-15 23:37:54.890,EM-01,em01.unbalance,Good,1.052632,
155,2026-09-15 23:37:54.893,IM-01,im01.oilTemp,Good,44.6,
156,2026-09-15 23:37:54.893,IM-01,im01.energyTotal,Good,1.5601666666673,
157,2026-09-15 23:37:54.894,GW-LINE-B,mtc01.pumpPressure,Good,5,
158,2026-09-15 23:37:54.894,GW-LINE-B,mtc01.pumpFlow,Good,31,
159,2026-09-15 23:37:54.894,GW-LINE-B,mtc01.pumpCurrent,Good,3,
160,2026-09-15 23:37:54.894,GW-LINE-B,mtc01.heatPower,Good,5,
161,2026-09-15 23:37:54.894,GW-LINE-B,mtc01.tempAvg,Good,994.0264,
162,2026-09-15 23:37:54.894,ENV-01,env01.pm25,Good,39,
163,2026-09-15 23:37:54.894,ENV-01,env01.pressureDiff,Good,13,
164,2026-09-15 23:37:54.894,ENV-01,env01.illuminance,Good,347,
165,2026-09-15 23:37:54.894,ENV-01,env01.tempFluctuation,Good,12.72322,
166,2026-09-15 23:37:54.902,GW-LINE-B,dry01.dewPoint,Good,-34.6,
167,2026-09-15 23:37:54.902,GW-LINE-B,dry01.heatPower,Good,8,
168,2026-09-15 23:37:54.902,GW-LINE-B,dry01.fanCurrent,Good,1.7,
169,2026-09-15 23:37:54.904,GW-LINE-B,dry01.levelTrend,Good,-2.940907,
170,2026-09-15 23:37:54.910,GW-LINE-B,rob01.trajectory,Good,8.087802,
171,2026-09-15 23:37:55.389,IM-01,im01.prodTime,Good,09/15/2026 23:37:55,
172,2026-09-15 23:37:55.889,IM-01,im01.oilTemp,Good,44.5,
173,2026-09-15 23:37:55.889,IM-01,im01.energyTotal,Good,1.56100000000063,
174,2026-09-15 23:37:55.890,EM-01,em01.totalEnergy,Good,4121.44,
175,2026-09-15 23:37:55.890,EM-01,em01.forwardEnergy,Good,4121.44,
176,2026-09-15 23:37:55.890,EM-01,em01.voltageB,Good,386,
177,2026-09-15 23:37:55.890,EM-01,em01.voltageC,Good,375,
178,2026-09-15 23:37:55.890,EM-01,em01.currentA,Good,217.5,
179,2026-09-15 23:37:55.890,EM-01,em01.activePower,Good,122,
180,2026-09-15 23:37:55.890,EM-01,em01.reactivePower,Good,40,
181,2026-09-15 23:37:55.890,EM-01,em01.powerFactor,Good,0.95,
182,2026-09-15 23:37:55.890,EM-01,em01.frequency,Good,49.98,
183,2026-09-15 23:37:55.890,EM-01,em01.demand,Good,122,
184,2026-09-15 23:37:55.890,EM-01,em01.energyF64,Good,41.8411111111115,
185,2026-09-15 23:37:55.890,EM-01,em01.unbalance,Good,2.894737,
187,2026-09-15 23:37:55.894,ENV-01,env01.roomTemp,Good,24.2,
186,2026-09-15 23:37:55.894,GW-LINE-B,mtc01.actualTemp,Good,99.3,
188,2026-09-15 23:37:55.894,GW-LINE-B,mtc01.pumpPressure,Good,3,
189,2026-09-15 23:37:55.894,GW-LINE-B,mtc01.pumpFlow,Good,22,
190,2026-09-15 23:37:55.894,GW-LINE-B,mtc01.pumpCurrent,Good,5.5,
191,2026-09-15 23:37:55.894,GW-LINE-B,mtc01.heatPower,Good,4,
192,2026-09-15 23:37:55.894,GW-LINE-B,mtc01.outletTemp,Good,99.8,
193,2026-09-15 23:37:55.894,GW-LINE-B,mtc01.tempAvg,Good,992.9837,
194,2026-09-15 23:37:55.894,ENV-01,env01.dewPoint,Good,15.4,
195,2026-09-15 23:37:55.894,ENV-01,env01.noise,Good,78,
196,2026-09-15 23:37:55.894,ENV-01,env01.pm25,Good,43,
197,2026-09-15 23:37:55.894,ENV-01,env01.pressureDiff,Good,4,
198,2026-09-15 23:37:55.894,ENV-01,env01.illuminance,Good,492,
199,2026-09-15 23:37:55.894,ENV-01,env01.tempFluctuation,Good,12.93458,
200,2026-09-15 23:37:55.902,GW-LINE-B,dry01.dewPoint,Good,-33.8,
201,2026-09-15 23:37:55.902,GW-LINE-B,dry01.heatPower,Good,3,
202,2026-09-15 23:37:55.904,GW-LINE-B,dry01.levelTrend,Good,-2.97348,
203,2026-09-15 23:37:55.908,GW-LINE-B,rob01.cycleTime,Good,2.7,
204,2026-09-15 23:37:55.908,GW-LINE-B,rob01.trajectory,Good,8.292239,
205,2026-09-15 23:37:56.394,IM-01,im01.prodTime,Good,09/15/2026 23:37:56,
206,2026-09-15 23:37:56.889,IM-01,im01.oilTemp,Good,44.7,
207,2026-09-15 23:37:56.890,IM-01,im01.energyTotal,Good,1.56183333333397,
208,2026-09-15 23:37:56.890,ENV-01,env01.roomTemp,Good,24.1,
209,2026-09-15 23:37:56.890,ENV-01,env01.dewPoint,Good,15.2,
210,2026-09-15 23:37:56.890,ENV-01,env01.noise,Good,71,
211,2026-09-15 23:37:56.890,ENV-01,env01.pm25,Good,32,
212,2026-09-15 23:37:56.890,ENV-01,env01.pressureDiff,Good,-2,
213,2026-09-15 23:37:56.890,ENV-01,env01.illuminance,Good,480,
214,2026-09-15 23:37:56.890,ENV-01,env01.tempFluctuation,Good,12.55864,
215,2026-09-15 23:37:56.894,GW-LINE-B,mtc01.actualTemp,Good,99.4,
216,2026-09-15 23:37:56.894,GW-LINE-B,mtc01.pumpPressure,Good,2,
217,2026-09-15 23:37:56.894,GW-LINE-B,mtc01.pumpFlow,Good,21,
218,2026-09-15 23:37:56.894,GW-LINE-B,mtc01.pumpCurrent,Good,5.4,
219,2026-09-15 23:37:56.894,GW-LINE-B,mtc01.heatPower,Good,6,
220,2026-09-15 23:37:56.894,GW-LINE-B,mtc01.outletTemp,Good,99.9,
221,2026-09-15 23:37:56.894,GW-LINE-B,mtc01.tempAvg,Good,994.0348,
222,2026-09-15 23:37:56.895,EM-01,em01.totalEnergy,Good,4124.5,
223,2026-09-15 23:37:56.895,EM-01,em01.forwardEnergy,Good,4124.5,
224,2026-09-15 23:37:56.895,EM-01,em01.voltageA,Good,380,
225,2026-09-15 23:37:56.895,EM-01,em01.voltageB,Good,378,
226,2026-09-15 23:37:56.895,EM-01,em01.voltageC,Good,380,
227,2026-09-15 23:37:56.895,EM-01,em01.currentA,Good,207,
228,2026-09-15 23:37:56.895,EM-01,em01.activePower,Good,123,
229,2026-09-15 23:37:56.895,EM-01,em01.reactivePower,Good,22,
230,2026-09-15 23:37:56.895,EM-01,em01.powerFactor,Good,0.88,
231,2026-09-15 23:37:56.895,EM-01,em01.frequency,Good,50.1,
232,2026-09-15 23:37:56.895,EM-01,em01.demand,Good,123,
233,2026-09-15 23:37:56.895,EM-01,em01.energyF64,Good,41.8722777777781,
234,2026-09-15 23:37:56.895,EM-01,em01.unbalance,Good,0.5263158,
235,2026-09-15 23:37:56.901,GW-LINE-B,dry01.dewPoint,Good,-34.5,
236,2026-09-15 23:37:56.901,GW-LINE-B,dry01.materialLevel,Good,54,
237,2026-09-15 23:37:56.901,GW-LINE-B,dry01.heatPower,Good,4,
238,2026-09-15 23:37:56.901,GW-LINE-B,dry01.fanCurrent,Good,1.2,
239,2026-09-15 23:37:56.903,GW-LINE-B,dry01.levelTrend,Good,-3.003313,
240,2026-09-15 23:37:56.909,GW-LINE-B,rob01.cycleTime,Good,2.9,
241,2026-09-15 23:37:56.909,GW-LINE-B,rob01.trajectory,Good,8.194921,
242,2026-09-15 23:37:57.394,IM-01,im01.prodTime,Good,09/15/2026 23:37:57,
243,2026-09-15 23:37:57.890,ENV-01,env01.dewPoint,Good,15.3,
244,2026-09-15 23:37:57.890,ENV-01,env01.noise,Good,74,
245,2026-09-15 23:37:57.890,ENV-01,env01.pm25,Good,21,
246,2026-09-15 23:37:57.890,ENV-01,env01.pressureDiff,Good,-3,
247,2026-09-15 23:37:57.890,ENV-01,env01.illuminance,Good,386,
248,2026-09-15 23:37:57.890,IM-01,im01.moldTemp,Good,84.6,
249,2026-09-15 23:37:57.890,ENV-01,env01.tempFluctuation,Good,13.04048,
250,2026-09-15 23:37:57.890,IM-01,im01.oilTemp,Good,44.8,
251,2026-09-15 23:37:57.890,IM-01,im01.energyTotal,Good,1.5626666666673,
252,2026-09-15 23:37:57.896,GW-LINE-B,mtc01.actualTemp,Good,99.3,
254,2026-09-15 23:37:57.896,GW-LINE-B,mtc01.pumpPressure,Good,3,
253,2026-09-15 23:37:57.896,EM-01,em01.totalEnergy,Good,4127.61,
255,2026-09-15 23:37:57.896,GW-LINE-B,mtc01.pumpFlow,Good,22,
256,2026-09-15 23:37:57.896,EM-01,em01.forwardEnergy,Good,4127.61,
257,2026-09-15 23:37:57.896,GW-LINE-B,mtc01.pumpCurrent,Good,5.7,
258,2026-09-15 23:37:57.896,EM-01,em01.voltageA,Good,378,
259,2026-09-15 23:37:57.896,GW-LINE-B,mtc01.outletTemp,Good,99.8,
260,2026-09-15 23:37:57.896,EM-01,em01.voltageB,Good,377,
261,2026-09-15 23:37:57.896,EM-01,em01.voltageC,Good,381,
262,2026-09-15 23:37:57.896,GW-LINE-B,mtc01.tempAvg,Good,992.5352,
263,2026-09-15 23:37:57.896,EM-01,em01.currentA,Good,128.9,
264,2026-09-15 23:37:57.896,EM-01,em01.activePower,Good,97,
265,2026-09-15 23:37:57.896,EM-01,em01.reactivePower,Good,29,
266,2026-09-15 23:37:57.896,EM-01,em01.powerFactor,Good,0.936,
267,2026-09-15 23:37:57.896,EM-01,em01.frequency,Good,50.03,
268,2026-09-15 23:37:57.896,EM-01,em01.demand,Good,97,
269,2026-09-15 23:37:57.896,EM-01,em01.energyF64,Good,41.9038333333337,
270,2026-09-15 23:37:57.896,EM-01,em01.unbalance,Good,1.052632,
271,2026-09-15 23:37:57.904,GW-LINE-B,dry01.dewPoint,Good,-34,
272,2026-09-15 23:37:57.904,GW-LINE-B,dry01.heatPower,Good,5,
273,2026-09-15 23:37:57.906,GW-LINE-B,dry01.levelTrend,Good,-3.030948,
274,2026-09-15 23:37:57.912,GW-LINE-B,rob01.cycleTime,Good,2.7,
275,2026-09-15 23:37:57.912,GW-LINE-B,rob01.trajectory,Good,8.1073,
276,2026-09-15 23:37:58.395,IM-01,im01.prodTime,Good,09/15/2026 23:37:58,
277,2026-09-15 23:37:58.889,EM-01,em01.readTime,Good,09/15/2026 23:37:58,
278,2026-09-15 23:37:58.891,GW-LINE-B,mtc01.runSeconds,Good,13318,
279,2026-09-15 23:37:58.891,GW-LINE-B,mtc01.energyTotal,Good,1.98691666666668,
280,2026-09-15 23:37:58.894,IM-01,im01.oilTemp,Good,44.5,
281,2026-09-15 23:37:58.894,IM-01,im01.energyTotal,Good,1.56350000000064,
282,2026-09-15 23:37:58.896,EM-01,em01.totalEnergy,Good,4130.8,
283,2026-09-15 23:37:58.896,EM-01,em01.forwardEnergy,Good,4130.8,
284,2026-09-15 23:37:58.896,EM-01,em01.voltageA,Good,381,
285,2026-09-15 23:37:58.896,EM-01,em01.voltageB,Good,379,
286,2026-09-15 23:37:58.896,EM-01,em01.voltageC,Good,375,
287,2026-09-15 23:37:58.896,EM-01,em01.currentA,Good,175.5,
288,2026-09-15 23:37:58.896,EM-01,em01.activePower,Good,116,
289,2026-09-15 23:37:58.896,EM-01,em01.reactivePower,Good,34,
290,2026-09-15 23:37:58.896,EM-01,em01.powerFactor,Good,0.863,
291,2026-09-15 23:37:58.896,EM-01,em01.frequency,Good,49.96,
292,2026-09-15 23:37:58.896,EM-01,em01.demand,Good,116,
293,2026-09-15 23:37:58.896,EM-01,em01.energyF64,Good,41.9361388888893,
294,2026-09-15 23:37:58.896,EM-01,em01.unbalance,Good,1.578947,
295,2026-09-15 23:37:58.899,GW-LINE-B,dry01.drySeconds,Good,12694,
296,2026-09-15 23:37:58.899,GW-LINE-B,dry01.energyTotal,Good,2.04294444444447,
297,2026-09-15 23:37:58.899,ENV-01,env01.runSeconds,Good,13318,
298,2026-09-15 23:37:58.899,ENV-01,env01.sampleTime,Good,09/15/2026 23:37:58,
299,2026-09-15 23:37:58.901,GW-LINE-B,dry01.dewDeviation,Good,0.7,
300,2026-09-15 23:37:58.903,ENV-01,env01.tempDeviation,Good,0.1,
301,2026-09-15 23:37:58.907,GW-LINE-B,rob01.runSeconds,Good,13318,
302,2026-09-15 23:37:58.909,GW-LINE-B,rob01.energyTotal,Good,1.8514444444444,
303,2026-09-15 23:37:58.909,ENV-01,env01.humidity,Good,54,
304,2026-09-15 23:37:58.909,ENV-01,env01.dewPoint,Good,15,
305,2026-09-15 23:37:58.909,ENV-01,env01.noise,Good,71,
306,2026-09-15 23:37:58.909,ENV-01,env01.pm25,Good,58,
307,2026-09-15 23:37:58.909,ENV-01,env01.illuminance,Good,377,
308,2026-09-15 23:37:58.909,ENV-01,env01.tempFluctuation,Good,12.88529,
309,2026-09-15 23:37:58.919,GW-LINE-B,mtc01.actualTemp,Good,99.4,
310,2026-09-15 23:37:58.919,GW-LINE-B,mtc01.pumpPressure,Good,4,
311,2026-09-15 23:37:58.919,GW-LINE-B,mtc01.pumpFlow,Good,36,
312,2026-09-15 23:37:58.919,GW-LINE-B,mtc01.pumpCurrent,Good,4.5,
313,2026-09-15 23:37:58.919,GW-LINE-B,mtc01.heatPower,Good,8,
314,2026-09-15 23:37:58.919,GW-LINE-B,mtc01.outletTemp,Good,99.9,
315,2026-09-15 23:37:58.919,GW-LINE-B,mtc01.tempAvg,Good,994.2504,
316,2026-09-15 23:37:58.928,GW-LINE-B,dry01.dewPoint,Good,-34.3,
317,2026-09-15 23:37:58.928,GW-LINE-B,dry01.fanCurrent,Good,1.4,
318,2026-09-15 23:37:58.930,GW-LINE-B,dry01.levelTrend,Good,-3.063552,
319,2026-09-15 23:37:58.936,GW-LINE-B,rob01.cycleTime,Good,3.1,
320,2026-09-15 23:37:58.936,GW-LINE-B,rob01.trajectory,Good,8.040831,
321,2026-09-15 23:37:59.398,IM-01,im01.prodTime,Good,09/15/2026 23:37:59,
322,2026-09-15 23:37:59.895,IM-01,im01.oilTemp,Good,44.4,
323,2026-09-15 23:37:59.895,IM-01,im01.injectPressure,Good,255,
324,2026-09-15 23:37:59.895,IM-01,im01.energyTotal,Good,1.56433333333397,
325,2026-09-15 23:37:59.895,EM-01,em01.totalEnergy,Good,4133.99,
326,2026-09-15 23:37:59.895,EM-01,em01.forwardEnergy,Good,4133.99,
327,2026-09-15 23:37:59.895,EM-01,em01.voltageA,Good,375,
328,2026-09-15 23:37:59.895,EM-01,em01.voltageB,Good,382,
329,2026-09-15 23:37:59.895,EM-01,em01.voltageC,Good,383,
330,2026-09-15 23:37:59.895,EM-01,em01.currentA,Good,142.6,
331,2026-09-15 23:37:59.895,EM-01,em01.activePower,Good,114,
332,2026-09-15 23:37:59.895,EM-01,em01.reactivePower,Good,29,
333,2026-09-15 23:37:59.895,EM-01,em01.powerFactor,Good,0.893,
334,2026-09-15 23:37:59.895,EM-01,em01.frequency,Good,50.08,
335,2026-09-15 23:37:59.895,EM-01,em01.demand,Good,114,
336,2026-09-15 23:37:59.895,EM-01,em01.energyF64,Good,41.9684722222226,
337,2026-09-15 23:37:59.895,EM-01,em01.unbalance,Good,2.105263,
338,2026-09-15 23:37:59.899,IM-01,im01.alarmCode,Good,4,
339,2026-09-15 23:37:59.902,IM-01,im01.ready,Good,False,
340,2026-09-15 23:37:59.902,IM-01,im01.faultAlarm,Good,True,
342,2026-09-15 23:37:59.909,ENV-01,env01.humidity,Good,53,
343,2026-09-15 23:37:59.909,ENV-01,env01.dewPoint,Good,14.9,
344,2026-09-15 23:37:59.909,ENV-01,env01.noise,Good,76,
345,2026-09-15 23:37:59.909,ENV-01,env01.pm25,Good,23,
346,2026-09-15 23:37:59.909,ENV-01,env01.pressureDiff,Good,9,
347,2026-09-15 23:37:59.909,ENV-01,env01.illuminance,Good,406,
348,2026-09-15 23:37:59.909,ENV-01,env01.tempFluctuation,Good,12.34481,
349,2026-09-15 23:37:59.919,GW-LINE-B,mtc01.actualTemp,Good,99.3,
350,2026-09-15 23:37:59.919,GW-LINE-B,mtc01.pumpPressure,Good,2,
351,2026-09-15 23:37:59.919,GW-LINE-B,mtc01.pumpFlow,Good,26,
352,2026-09-15 23:37:59.919,GW-LINE-B,mtc01.pumpCurrent,Good,4.3,
353,2026-09-15 23:37:59.919,GW-LINE-B,mtc01.heatPower,Good,5,
354,2026-09-15 23:37:59.919,GW-LINE-B,mtc01.outletTemp,Good,99.8,
355,2026-09-15 23:37:59.919,GW-LINE-B,mtc01.tempAvg,Good,993.2009,
356,2026-09-15 23:37:59.927,GW-LINE-B,dry01.dewPoint,Good,-34.4,
357,2026-09-15 23:37:59.927,GW-LINE-B,dry01.heatPower,Good,6,
358,2026-09-15 23:37:59.927,GW-LINE-B,dry01.fanCurrent,Good,1.1,
359,2026-09-15 23:37:59.928,GW-LINE-B,dry01.levelTrend,Good,-3.085565,
360,2026-09-15 23:37:59.934,GW-LINE-B,rob01.cycleTime,Good,3,
361,2026-09-15 23:37:59.934,GW-LINE-B,rob01.trajectory,Good,8.01673,
362,2026-09-15 23:38:00.399,IM-01,im01.prodTime,Good,09/15/2026 23:38:00,
363,2026-09-15 23:38:00.894,IM-01,im01.moldTemp,Good,84.5,
364,2026-09-15 23:38:00.894,IM-01,im01.oilTemp,Good,44.5,
365,2026-09-15 23:38:00.894,IM-01,im01.energyTotal,Good,1.56516666666731,
366,2026-09-15 23:38:00.895,EM-01,em01.totalEnergy,Good,4136.97,
367,2026-09-15 23:38:00.895,EM-01,em01.forwardEnergy,Good,4136.97,
368,2026-09-15 23:38:00.895,EM-01,em01.voltageA,Good,383,
369,2026-09-15 23:38:00.895,EM-01,em01.voltageB,Good,377,
370,2026-09-15 23:38:00.895,EM-01,em01.voltageC,Good,376,
371,2026-09-15 23:38:00.895,EM-01,em01.currentA,Good,197.6,
372,2026-09-15 23:38:00.895,EM-01,em01.activePower,Good,113,
373,2026-09-15 23:38:00.895,EM-01,em01.reactivePower,Good,22,
374,2026-09-15 23:38:00.895,EM-01,em01.powerFactor,Good,0.882,
375,2026-09-15 23:38:00.895,EM-01,em01.frequency,Good,49.99,
376,2026-09-15 23:38:00.895,EM-01,em01.demand,Good,113,
377,2026-09-15 23:38:00.895,EM-01,em01.energyF64,Good,41.9987222222226,
378,2026-09-15 23:38:00.895,EM-01,em01.unbalance,Good,1.842105,
379,2026-09-15 23:38:00.909,ENV-01,env01.roomTemp,Good,24,
380,2026-09-15 23:38:00.909,ENV-01,env01.dewPoint,Good,14.6,
381,2026-09-15 23:38:00.909,ENV-01,env01.noise,Good,73,
382,2026-09-15 23:38:00.909,ENV-01,env01.pm25,Good,45,
383,2026-09-15 23:38:00.909,ENV-01,env01.pressureDiff,Good,6,
384,2026-09-15 23:38:00.909,ENV-01,env01.illuminance,Good,451,
385,2026-09-15 23:38:00.909,ENV-01,env01.tempFluctuation,Good,12.69227,
386,2026-09-15 23:38:00.918,GW-LINE-B,mtc01.actualTemp,Good,99.4,
387,2026-09-15 23:38:00.918,GW-LINE-B,mtc01.pumpPressure,Good,3,
388,2026-09-15 23:38:00.918,GW-LINE-B,mtc01.pumpFlow,Good,20,
389,2026-09-15 23:38:00.918,GW-LINE-B,mtc01.pumpCurrent,Good,6,
390,2026-09-15 23:38:00.918,GW-LINE-B,mtc01.heatPower,Good,6,
391,2026-09-15 23:38:00.918,GW-LINE-B,mtc01.outletTemp,Good,99.9,
392,2026-09-15 23:38:00.918,GW-LINE-B,mtc01.tempAvg,Good,994.0244,
393,2026-09-15 23:38:00.925,GW-LINE-B,dry01.dewPoint,Good,-34.8,
394,2026-09-15 23:38:00.925,GW-LINE-B,dry01.materialLevel,Good,53,
395,2026-09-15 23:38:00.925,GW-LINE-B,dry01.heatPower,Good,5,
396,2026-09-15 23:38:00.927,GW-LINE-B,dry01.levelTrend,Good,-3.122876,
397,2026-09-15 23:38:00.932,GW-LINE-B,rob01.cycleTime,Good,2.9,
398,2026-09-15 23:38:00.932,GW-LINE-B,rob01.trajectory,Good,8.16602,
399,2026-09-15 23:38:01.400,IM-01,im01.prodTime,Good,09/15/2026 23:38:01,
400,2026-09-15 23:38:01.895,IM-01,im01.moldTemp,Good,84.6,
401,2026-09-15 23:38:01.895,IM-01,im01.injectPressure,Good,227,
402,2026-09-15 23:38:01.895,IM-01,im01.energyTotal,Good,1.56600000000064,
403,2026-09-15 23:38:01.896,EM-01,em01.totalEnergy,Good,4140.21,
404,2026-09-15 23:38:01.896,EM-01,em01.forwardEnergy,Good,4140.21,
405,2026-09-15 23:38:01.896,EM-01,em01.voltageA,Good,375,
406,2026-09-15 23:38:01.896,EM-01,em01.voltageC,Good,378,
407,2026-09-15 23:38:01.896,EM-01,em01.currentA,Good,216.4,
408,2026-09-15 23:38:01.896,EM-01,em01.activePower,Good,128,
409,2026-09-15 23:38:01.896,EM-01,em01.reactivePower,Good,31,
410,2026-09-15 23:38:01.896,EM-01,em01.powerFactor,Good,0.925,
411,2026-09-15 23:38:01.896,EM-01,em01.frequency,Good,50.01,
412,2026-09-15 23:38:01.896,EM-01,em01.demand,Good,128,
413,2026-09-15 23:38:01.896,EM-01,em01.energyF64,Good,42.0316111111115,
414,2026-09-15 23:38:01.896,EM-01,em01.unbalance,Good,0.7894737,
415,2026-09-15 23:38:01.909,ENV-01,env01.noise,Good,74,
416,2026-09-15 23:38:01.909,ENV-01,env01.pm25,Good,34,
417,2026-09-15 23:38:01.909,ENV-01,env01.illuminance,Good,325,
418,2026-09-15 23:38:01.909,ENV-01,env01.tempFluctuation,Good,12.15182,
419,2026-09-15 23:38:01.918,GW-LINE-B,mtc01.actualTemp,Good,99.2,
420,2026-09-15 23:38:01.918,GW-LINE-B,mtc01.pumpPressure,Good,2,
421,2026-09-15 23:38:01.918,GW-LINE-B,mtc01.pumpFlow,Good,23,
422,2026-09-15 23:38:01.918,GW-LINE-B,mtc01.pumpCurrent,Good,3.6,
423,2026-09-15 23:38:01.918,GW-LINE-B,mtc01.heatPower,Good,7,
424,2026-09-15 23:38:01.918,GW-LINE-B,mtc01.outletTemp,Good,99.7,
425,2026-09-15 23:38:01.918,GW-LINE-B,mtc01.tempAvg,Good,992.4032,
426,2026-09-15 23:38:01.924,GW-LINE-B,dry01.dewPoint,Good,-34.9,
427,2026-09-15 23:38:01.924,GW-LINE-B,dry01.heatPower,Good,4,
428,2026-09-15 23:38:01.924,GW-LINE-B,dry01.fanCurrent,Good,1.7,
429,2026-09-15 23:38:01.925,GW-LINE-B,dry01.levelTrend,Good,-3.150217,
430,2026-09-15 23:38:01.930,GW-LINE-B,rob01.cycleTime,Good,3.2,
431,2026-09-15 23:38:01.930,GW-LINE-B,rob01.trajectory,Good,8.138393,
432,2026-09-15 23:38:02.400,IM-01,im01.prodTime,Good,09/15/2026 23:38:02,
433,2026-09-15 23:38:02.896,IM-01,im01.injectPressure,Good,259,
434,2026-09-15 23:38:02.896,IM-01,im01.energyTotal,Good,1.56683333333398,
435,2026-09-15 23:38:02.897,EM-01,em01.totalEnergy,Good,4143.19,
436,2026-09-15 23:38:02.897,EM-01,em01.forwardEnergy,Good,4143.19,
437,2026-09-15 23:38:02.897,EM-01,em01.voltageA,Good,378,
438,2026-09-15 23:38:02.897,EM-01,em01.voltageB,Good,384,
439,2026-09-15 23:38:02.897,EM-01,em01.voltageC,Good,375,
440,2026-09-15 23:38:02.897,EM-01,em01.currentA,Good,149.2,
441,2026-09-15 23:38:02.897,EM-01,em01.activePower,Good,96,
442,2026-09-15 23:38:02.897,EM-01,em01.reactivePower,Good,36,
443,2026-09-15 23:38:02.897,EM-01,em01.powerFactor,Good,0.935,
444,2026-09-15 23:38:02.897,EM-01,em01.frequency,Good,50.05,
445,2026-09-15 23:38:02.897,EM-01,em01.demand,Good,96,
446,2026-09-15 23:38:02.897,EM-01,em01.energyF64,Good,42.0619722222226,
447,2026-09-15 23:38:02.897,EM-01,em01.unbalance,Good,2.368421,
448,2026-09-15 23:38:02.910,ENV-01,env01.dewPoint,Good,14.7,
449,2026-09-15 23:38:02.910,ENV-01,env01.noise,Good,75,
450,2026-09-15 23:38:02.910,ENV-01,env01.pm25,Good,47,
451,2026-09-15 23:38:02.910,ENV-01,env01.pressureDiff,Good,13,
452,2026-09-15 23:38:02.910,ENV-01,env01.illuminance,Good,400,
453,2026-09-15 23:38:02.910,ENV-01,env01.tempFluctuation,Good,11.95315,
454,2026-09-15 23:38:02.919,GW-LINE-B,mtc01.actualTemp,Good,99.3,
455,2026-09-15 23:38:02.919,GW-LINE-B,mtc01.pumpPressure,Good,4,
456,2026-09-15 23:38:02.919,GW-LINE-B,mtc01.pumpFlow,Good,18,
457,2026-09-15 23:38:02.919,GW-LINE-B,mtc01.pumpCurrent,Good,6,
458,2026-09-15 23:38:02.919,GW-LINE-B,mtc01.heatPower,Good,8,
459,2026-09-15 23:38:02.919,GW-LINE-B,mtc01.outletTemp,Good,99.8,
460,2026-09-15 23:38:02.919,GW-LINE-B,mtc01.tempAvg,Good,993.3413,
461,2026-09-15 23:38:02.928,GW-LINE-B,dry01.dewPoint,Good,-35.1,
462,2026-09-15 23:38:02.928,GW-LINE-B,dry01.heatPower,Good,5,
463,2026-09-15 23:38:02.928,GW-LINE-B,dry01.fanCurrent,Good,0.8,
464,2026-09-15 23:38:02.930,GW-LINE-B,dry01.levelTrend,Good,-3.178628,
465,2026-09-15 23:38:02.935,GW-LINE-B,rob01.cycleTime,Good,2.8,
466,2026-09-15 23:38:02.935,GW-LINE-B,rob01.trajectory,Good,7.898306,
467,2026-09-15 23:38:03.400,IM-01,im01.prodTime,Good,09/15/2026 23:38:03,
468,2026-09-15 23:38:03.891,IM-01,im01.clampForceDev,Good,-40,
469,2026-09-15 23:38:03.891,EM-01,em01.readTime,Good,09/15/2026 23:38:03,
470,2026-09-15 23:38:03.892,GW-LINE-B,mtc01.runSeconds,Good,13368,
471,2026-09-15 23:38:03.892,GW-LINE-B,mtc01.energyTotal,Good,1.99486111111112,
472,2026-09-15 23:38:03.897,ENV-01,env01.runSeconds,Good,13368,
473,2026-09-15 23:38:03.897,IM-01,im01.moldTemp,Good,84.5,
474,2026-09-15 23:38:03.897,IM-01,im01.oilTemp,Good,44.1,
475,2026-09-15 23:38:03.897,IM-01,im01.injectPressure,Good,258,
476,2026-09-15 23:38:03.897,ENV-01,env01.sampleTime,Good,09/15/2026 23:38:03,
477,2026-09-15 23:38:03.897,IM-01,im01.energyTotal,Good,1.56766666666731,
478,2026-09-15 23:38:03.900,ENV-01,env01.tempDeviation,Good,-0.1,
479,2026-09-15 23:38:03.900,GW-LINE-B,dry01.drySeconds,Good,12744,
480,2026-09-15 23:38:03.900,GW-LINE-B,dry01.energyTotal,Good,2.05083333333336,
481,2026-09-15 23:38:03.902,GW-LINE-B,dry01.dewDeviation,Good,0.2,
482,2026-09-15 23:38:03.904,EM-01,em01.totalEnergy,Good,4146.29,
483,2026-09-15 23:38:03.904,EM-01,em01.forwardEnergy,Good,4146.29,
484,2026-09-15 23:38:03.904,EM-01,em01.voltageA,Good,385,
485,2026-09-15 23:38:03.904,EM-01,em01.voltageB,Good,383,
486,2026-09-15 23:38:03.904,EM-01,em01.voltageC,Good,381,
487,2026-09-15 23:38:03.904,EM-01,em01.currentA,Good,152.9,
488,2026-09-15 23:38:03.904,EM-01,em01.activePower,Good,103,
489,2026-09-15 23:38:03.904,EM-01,em01.powerFactor,Good,0.941,
490,2026-09-15 23:38:03.904,EM-01,em01.frequency,Good,49.95,
491,2026-09-15 23:38:03.904,EM-01,em01.demand,Good,103,
492,2026-09-15 23:38:03.904,EM-01,em01.energyF64,Good,42.0933888888893,
493,2026-09-15 23:38:03.904,EM-01,em01.unbalance,Good,1.052632,
494,2026-09-15 23:38:03.908,GW-LINE-B,rob01.runSeconds,Good,13368,
495,2026-09-15 23:38:03.909,GW-LINE-B,rob01.energyTotal,Good,1.85858333333329,
496,2026-09-15 23:38:03.911,ENV-01,env01.roomTemp,Good,23.9,
497,2026-09-15 23:38:03.911,ENV-01,env01.humidity,Good,52,
498,2026-09-15 23:38:03.911,ENV-01,env01.dewPoint,Good,14.4,
499,2026-09-15 23:38:03.911,ENV-01,env01.noise,Good,76,
500,2026-09-15 23:38:03.911,ENV-01,env01.pm25,Good,32,
501,2026-09-15 23:38:03.911,ENV-01,env01.pressureDiff,Good,10,
502,2026-09-15 23:38:03.911,ENV-01,env01.illuminance,Good,348,
503,2026-09-15 23:38:03.911,ENV-01,env01.tempFluctuation,Good,11.9796,
504,2026-09-15 23:38:03.920,GW-LINE-B,mtc01.actualTemp,Good,99.4,
505,2026-09-15 23:38:03.920,GW-LINE-B,mtc01.pumpFlow,Good,30,
506,2026-09-15 23:38:03.920,GW-LINE-B,mtc01.pumpCurrent,Good,3.2,
507,2026-09-15 23:38:03.920,GW-LINE-B,mtc01.heatPower,Good,3,
508,2026-09-15 23:38:03.920,GW-LINE-B,mtc01.outletTemp,Good,99.9,
509,2026-09-15 23:38:03.920,GW-LINE-B,mtc01.tempAvg,Good,994.3704,
510,2026-09-15 23:38:03.925,GW-LINE-B,dry01.dewPoint,Good,-34.8,
511,2026-09-15 23:38:03.925,GW-LINE-B,dry01.materialLevel,Good,52,
512,2026-09-15 23:38:03.925,GW-LINE-B,dry01.heatPower,Good,7,
513,2026-09-15 23:38:03.925,GW-LINE-B,dry01.fanCurrent,Good,0.9,
514,2026-09-15 23:38:03.927,GW-LINE-B,dry01.levelTrend,Good,-3.207552,
515,2026-09-15 23:38:03.931,GW-LINE-B,rob01.cycleTime,Good,2.7,
516,2026-09-15 23:38:03.931,GW-LINE-B,rob01.trajectory,Good,7.913903,
517,2026-09-15 23:38:04.402,IM-01,im01.prodTime,Good,09/15/2026 23:38:04,
518,2026-09-15 23:38:04.897,IM-01,im01.oilTemp,Good,44.5,
519,2026-09-15 23:38:04.897,IM-01,im01.injectPressure,Good,217,
520,2026-09-15 23:38:04.897,IM-01,im01.energyTotal,Good,1.56850000000064,
521,2026-09-15 23:38:04.898,EM-01,em01.totalEnergy,Good,4149.46,
522,2026-09-15 23:38:04.898,EM-01,em01.forwardEnergy,Good,4149.46,
523,2026-09-15 23:38:04.898,EM-01,em01.voltageB,Good,378,
524,2026-09-15 23:38:04.898,EM-01,em01.voltageC,Good,384,
525,2026-09-15 23:38:04.898,EM-01,em01.currentA,Good,220.3,
526,2026-09-15 23:38:04.898,EM-01,em01.activePower,Good,113,
527,2026-09-15 23:38:04.898,EM-01,em01.reactivePower,Good,25,
528,2026-09-15 23:38:04.898,EM-01,em01.powerFactor,Good,0.911,
529,2026-09-15 23:38:04.898,EM-01,em01.demand,Good,113,
530,2026-09-15 23:38:04.898,EM-01,em01.energyF64,Good,42.1256388888893,
531,2026-09-15 23:38:04.898,EM-01,em01.unbalance,Good,1.842105,
532,2026-09-15 23:38:04.911,ENV-01,env01.noise,Good,78,
533,2026-09-15 23:38:04.911,ENV-01,env01.pm25,Good,24,
534,2026-09-15 23:38:04.911,ENV-01,env01.pressureDiff,Good,9,
535,2026-09-15 23:38:04.911,ENV-01,env01.illuminance,Good,436,
536,2026-09-15 23:38:04.911,ENV-01,env01.tempFluctuation,Good,11.95461,
537,2026-09-15 23:38:04.920,GW-LINE-B,mtc01.pumpPressure,Good,2,
538,2026-09-15 23:38:04.920,GW-LINE-B,mtc01.pumpFlow,Good,20,
539,2026-09-15 23:38:04.920,GW-LINE-B,mtc01.pumpCurrent,Good,5.8,
540,2026-09-15 23:38:04.920,GW-LINE-B,mtc01.heatPower,Good,7,
541,2026-09-15 23:38:04.920,GW-LINE-B,mtc01.tempAvg,Good,993.9081,
542,2026-09-15 23:38:04.927,GW-LINE-B,dry01.dewPoint,Good,-34.7,
543,2026-09-15 23:38:04.929,GW-LINE-B,dry01.levelTrend,Good,-3.238343,
544,2026-09-15 23:38:04.934,GW-LINE-B,rob01.cycleTime,Good,2.9,
545,2026-09-15 23:38:04.934,GW-LINE-B,rob01.trajectory,Good,8.237,
546,2026-09-15 23:38:05.403,IM-01,im01.prodTime,Good,09/15/2026 23:38:05,
547,2026-09-15 23:38:05.897,IM-01,im01.oilTemp,Good,44.8,
548,2026-09-15 23:38:05.897,IM-01,im01.injectPressure,Good,240,
549,2026-09-15 23:38:05.897,IM-01,im01.energyTotal,Good,1.56933333333398,
550,2026-09-15 23:38:05.897,EM-01,em01.totalEnergy,Good,4152.43,
551,2026-09-15 23:38:05.897,EM-01,em01.forwardEnergy,Good,4152.43,
552,2026-09-15 23:38:05.897,EM-01,em01.voltageA,Good,376,
553,2026-09-15 23:38:05.897,EM-01,em01.voltageB,Good,377,
554,2026-09-15 23:38:05.897,EM-01,em01.voltageC,Good,382,
555,2026-09-15 23:38:05.897,EM-01,em01.currentA,Good,172.2,
556,2026-09-15 23:38:05.897,EM-01,em01.activePower,Good,103,
557,2026-09-15 23:38:05.897,EM-01,em01.reactivePower,Good,21,
558,2026-09-15 23:38:05.897,EM-01,em01.powerFactor,Good,0.924,
559,2026-09-15 23:38:05.897,EM-01,em01.frequency,Good,50.06,
560,2026-09-15 23:38:05.897,EM-01,em01.demand,Good,103,
561,2026-09-15 23:38:05.897,EM-01,em01.energyF64,Good,42.1557222222226,
562,2026-09-15 23:38:05.897,EM-01,em01.unbalance,Good,1.578947,
563,2026-09-15 23:38:05.911,ENV-01,env01.roomTemp,Good,24,
564,2026-09-15 23:38:05.911,ENV-01,env01.humidity,Good,53,
565,2026-09-15 23:38:05.911,ENV-01,env01.dewPoint,Good,14.6,
566,2026-09-15 23:38:05.911,ENV-01,env01.noise,Good,76,
567,2026-09-15 23:38:05.911,ENV-01,env01.pm25,Good,49,
568,2026-09-15 23:38:05.911,ENV-01,env01.pressureDiff,Good,-3,
569,2026-09-15 23:38:05.911,ENV-01,env01.illuminance,Good,339,
570,2026-09-15 23:38:05.911,ENV-01,env01.tempFluctuation,Good,12.88984,
571,2026-09-15 23:38:05.921,GW-LINE-B,mtc01.actualTemp,Good,99.6,
572,2026-09-15 23:38:05.921,GW-LINE-B,mtc01.pumpPressure,Good,4,
573,2026-09-15 23:38:05.921,GW-LINE-B,mtc01.pumpFlow,Good,15,
574,2026-09-15 23:38:05.921,GW-LINE-B,mtc01.pumpCurrent,Good,4.6,
575,2026-09-15 23:38:05.921,GW-LINE-B,mtc01.heatPower,Good,3,
576,2026-09-15 23:38:05.921,GW-LINE-B,mtc01.outletTemp,Good,100.1,
577,2026-09-15 23:38:05.921,GW-LINE-B,mtc01.tempAvg,Good,996.1157,
578,2026-09-15 23:38:05.927,GW-LINE-B,dry01.dewPoint,Good,-34.1,
579,2026-09-15 23:38:05.927,GW-LINE-B,dry01.fanCurrent,Good,1.8,
580,2026-09-15 23:38:05.928,GW-LINE-B,dry01.levelTrend,Good,-3.272824,
581,2026-09-15 23:38:05.933,GW-LINE-B,rob01.cycleTime,Good,3.2,
582,2026-09-15 23:38:05.933,GW-LINE-B,rob01.trajectory,Good,8.299044,
583,2026-09-15 23:38:06.403,IM-01,im01.prodTime,Good,09/15/2026 23:38:06,
584,2026-09-15 23:38:06.898,EM-01,em01.totalEnergy,Good,4155.48,
585,2026-09-15 23:38:06.898,IM-01,im01.oilTemp,Good,44.7,
586,2026-09-15 23:38:06.898,EM-01,em01.forwardEnergy,Good,4155.48,
587,2026-09-15 23:38:06.898,EM-01,em01.voltageA,Good,381,
588,2026-09-15 23:38:06.898,EM-01,em01.voltageB,Good,379,
589,2026-09-15 23:38:06.898,IM-01,im01.injectPressure,Good,252,
590,2026-09-15 23:38:06.898,EM-01,em01.voltageC,Good,378,
591,2026-09-15 23:38:06.898,EM-01,em01.currentA,Good,172.3,
592,2026-09-15 23:38:06.898,EM-01,em01.activePower,Good,121,
593,2026-09-15 23:38:06.898,EM-01,em01.reactivePower,Good,35,
594,2026-09-15 23:38:06.898,EM-01,em01.powerFactor,Good,0.866,
595,2026-09-15 23:38:06.898,EM-01,em01.frequency,Good,50.09,
596,2026-09-15 23:38:06.898,IM-01,im01.energyTotal,Good,1.57016666666731,
597,2026-09-15 23:38:06.898,EM-01,em01.demand,Good,121,
598,2026-09-15 23:38:06.898,EM-01,em01.energyF64,Good,42.1866666666671,
599,2026-09-15 23:38:06.898,EM-01,em01.unbalance,Good,0.7894737,
600,2026-09-15 23:38:06.913,ENV-01,env01.humidity,Good,52,
601,2026-09-15 23:38:06.913,ENV-01,env01.dewPoint,Good,14.5,
602,2026-09-15 23:38:06.913,ENV-01,env01.noise,Good,74,
603,2026-09-15 23:38:06.913,ENV-01,env01.pm25,Good,48,
604,2026-09-15 23:38:06.913,ENV-01,env01.pressureDiff,Good,13,
605,2026-09-15 23:38:06.913,ENV-01,env01.illuminance,Good,317,
606,2026-09-15 23:38:06.913,ENV-01,env01.tempFluctuation,Good,11.94596,
607,2026-09-15 23:38:06.922,GW-LINE-B,mtc01.actualTemp,Good,99.7,
608,2026-09-15 23:38:06.922,GW-LINE-B,mtc01.pumpFlow,Good,23,
609,2026-09-15 23:38:06.922,GW-LINE-B,mtc01.heatPower,Good,6,
610,2026-09-15 23:38:06.922,GW-LINE-B,mtc01.outletTemp,Good,100.2,
611,2026-09-15 23:38:06.922,GW-LINE-B,mtc01.tempAvg,Good,996.7075,
612,2026-09-15 23:38:06.927,GW-LINE-B,dry01.dewPoint,Good,-34.2,
613,2026-09-15 23:38:06.927,GW-LINE-B,dry01.materialLevel,Good,51,
614,2026-09-15 23:38:06.927,GW-LINE-B,dry01.heatPower,Good,3,
615,2026-09-15 23:38:06.929,GW-LINE-B,dry01.levelTrend,Good,-3.303461,
616,2026-09-15 23:38:06.933,GW-LINE-B,rob01.cycleTime,Good,2.7,
617,2026-09-15 23:38:06.933,GW-LINE-B,rob01.trajectory,Good,8.246051,
618,2026-09-15 23:38:07.405,IM-01,im01.prodTime,Good,09/15/2026 23:38:07,
619,2026-09-15 23:38:07.899,EM-01,em01.totalEnergy,Good,4158.42,
620,2026-09-15 23:38:07.899,EM-01,em01.forwardEnergy,Good,4158.42,
621,2026-09-15 23:38:07.899,EM-01,em01.voltageA,Good,375,
622,2026-09-15 23:38:07.899,EM-01,em01.voltageB,Good,378,
623,2026-09-15 23:38:07.899,EM-01,em01.voltageC,Good,381,
624,2026-09-15 23:38:07.899,EM-01,em01.currentA,Good,136.3,
625,2026-09-15 23:38:07.899,EM-01,em01.activePower,Good,116,
626,2026-09-15 23:38:07.899,EM-01,em01.reactivePower,Good,33,
627,2026-09-15 23:38:07.899,EM-01,em01.powerFactor,Good,0.934,
628,2026-09-15 23:38:07.899,EM-01,em01.frequency,Good,50.03,
629,2026-09-15 23:38:07.899,EM-01,em01.demand,Good,116,
630,2026-09-15 23:38:07.899,EM-01,em01.energyF64,Good,42.2166944444449,
632,2026-09-15 23:38:07.899,EM-01,em01.unbalance,Good,1.578947,
631,2026-09-15 23:38:07.899,IM-01,im01.oilTemp,Good,44.5,
633,2026-09-15 23:38:07.899,IM-01,im01.injectPressure,Good,200,
634,2026-09-15 23:38:07.899,IM-01,im01.energyTotal,Good,1.57100000000065,
635,2026-09-15 23:38:07.913,ENV-01,env01.roomTemp,Good,23.9,
636,2026-09-15 23:38:07.913,ENV-01,env01.humidity,Good,54,
637,2026-09-15 23:38:07.913,ENV-01,env01.dewPoint,Good,14.7,
638,2026-09-15 23:38:07.913,ENV-01,env01.noise,Good,71,
639,2026-09-15 23:38:07.913,ENV-01,env01.pm25,Good,27,
640,2026-09-15 23:38:07.913,ENV-01,env01.pressureDiff,Good,7,
641,2026-09-15 23:38:07.913,ENV-01,env01.illuminance,Good,400,
642,2026-09-15 23:38:07.913,ENV-01,env01.tempFluctuation,Good,12.15288,
643,2026-09-15 23:38:07.923,GW-LINE-B,mtc01.actualTemp,Good,99.5,
644,2026-09-15 23:38:07.923,GW-LINE-B,mtc01.pumpPressure,Good,3,
645,2026-09-15 23:38:07.923,GW-LINE-B,mtc01.pumpFlow,Good,21,
646,2026-09-15 23:38:07.923,GW-LINE-B,mtc01.pumpCurrent,Good,3.4,
647,2026-09-15 23:38:07.923,GW-LINE-B,mtc01.heatPower,Good,7,
648,2026-09-15 23:38:07.923,GW-LINE-B,mtc01.outletTemp,Good,100,
649,2026-09-15 23:38:07.923,GW-LINE-B,mtc01.tempAvg,Good,995.2605,
650,2026-09-15 23:38:07.930,GW-LINE-B,dry01.heatPower,Good,8,
651,2026-09-15 23:38:07.930,GW-LINE-B,dry01.fanCurrent,Good,1.5,
652,2026-09-15 23:38:07.932,GW-LINE-B,dry01.levelTrend,Good,-3.332583,
653,2026-09-15 23:38:07.938,GW-LINE-B,rob01.trajectory,Good,8.273181,
654,2026-09-15 23:38:08.405,IM-01,im01.prodTime,Good,09/15/2026 23:38:08,
655,2026-09-15 23:38:08.890,EM-01,em01.readTime,Good,09/15/2026 23:38:08,
656,2026-09-15 23:38:08.890,IM-01,im01.clampForceDev,Good,-56,
657,2026-09-15 23:38:08.892,GW-LINE-B,mtc01.runSeconds,Good,13418,
658,2026-09-15 23:38:08.892,GW-LINE-B,mtc01.energyTotal,Good,2.00222222222223,
659,2026-09-15 23:38:08.894,ENV-01,env01.runSeconds,Good,13418,
660,2026-09-15 23:38:08.894,ENV-01,env01.sampleTime,Good,09/15/2026 23:38:08,
661,2026-09-15 23:38:08.897,GW-LINE-B,dry01.drySeconds,Good,12794,
662,2026-09-15 23:38:08.897,GW-LINE-B,dry01.energyTotal,Good,2.05886111111114,
663,2026-09-15 23:38:08.899,GW-LINE-B,dry01.dewDeviation,Good,0,
664,2026-09-15 23:38:08.899,IM-01,im01.moldTemp,Good,84.6,
665,2026-09-15 23:38:08.899,IM-01,im01.oilTemp,Good,44.6,
666,2026-09-15 23:38:08.899,IM-01,im01.injectPressure,Good,222,
667,2026-09-15 23:38:08.899,IM-01,im01.energyTotal,Good,1.57183333333398,
668,2026-09-15 23:38:08.901,EM-01,em01.totalEnergy,Good,4161.57,
669,2026-09-15 23:38:08.901,EM-01,em01.forwardEnergy,Good,4161.57,
670,2026-09-15 23:38:08.901,EM-01,em01.voltageA,Good,385,
671,2026-09-15 23:38:08.901,EM-01,em01.voltageB,Good,380,
672,2026-09-15 23:38:08.901,EM-01,em01.currentA,Good,193.4,
673,2026-09-15 23:38:08.901,EM-01,em01.activePower,Good,121,
674,2026-09-15 23:38:08.901,EM-01,em01.reactivePower,Good,24,
675,2026-09-15 23:38:08.901,EM-01,em01.powerFactor,Good,0.886,
676,2026-09-15 23:38:08.901,EM-01,em01.frequency,Good,50.09,
677,2026-09-15 23:38:08.901,EM-01,em01.demand,Good,121,
678,2026-09-15 23:38:08.901,EM-01,em01.energyF64,Good,42.2485833333337,
679,2026-09-15 23:38:08.901,EM-01,em01.unbalance,Good,1.315789,
680,2026-09-15 23:38:08.904,GW-LINE-B,rob01.runSeconds,Good,13418,
681,2026-09-15 23:38:08.906,GW-LINE-B,rob01.energyTotal,Good,1.86530555555551,
682,2026-09-15 23:38:08.913,ENV-01,env01.dewPoint,Good,14.9,
683,2026-09-15 23:38:08.913,ENV-01,env01.noise,Good,78,
684,2026-09-15 23:38:08.913,ENV-01,env01.pm25,Good,35,
685,2026-09-15 23:38:08.913,ENV-01,env01.pressureDiff,Good,-1,
686,2026-09-15 23:38:08.913,ENV-01,env01.illuminance,Good,394,
687,2026-09-15 23:38:08.913,ENV-01,env01.tempFluctuation,Good,12.50224,
688,2026-09-15 23:38:08.922,GW-LINE-B,mtc01.actualTemp,Good,99.4,
689,2026-09-15 23:38:08.922,GW-LINE-B,mtc01.pumpPressure,Good,5,
690,2026-09-15 23:38:08.922,GW-LINE-B,mtc01.pumpFlow,Good,16,
691,2026-09-15 23:38:08.922,GW-LINE-B,mtc01.pumpCurrent,Good,3.8,
692,2026-09-15 23:38:08.922,GW-LINE-B,mtc01.heatPower,Good,4,
693,2026-09-15 23:38:08.922,GW-LINE-B,mtc01.outletTemp,Good,99.9,
694,2026-09-15 23:38:08.922,GW-LINE-B,mtc01.tempAvg,Good,994.4247,
695,2026-09-15 23:38:08.927,GW-LINE-B,dry01.dewPoint,Good,-34.9,
696,2026-09-15 23:38:08.927,GW-LINE-B,dry01.fanCurrent,Good,1.4,
697,2026-09-15 23:38:08.929,GW-LINE-B,dry01.levelTrend,Good,-3.362121,
698,2026-09-15 23:38:08.933,GW-LINE-B,rob01.cycleTime,Good,3.2,
699,2026-09-15 23:38:08.933,GW-LINE-B,rob01.trajectory,Good,8.114017,
700,2026-09-15 23:38:09.406,IM-01,im01.prodTime,Good,09/15/2026 23:38:09,
702,2026-09-15 23:38:09.899,IM-01,im01.injectPressure,Good,255,
701,2026-09-15 23:38:09.899,EM-01,em01.totalEnergy,Good,4164.67,
703,2026-09-15 23:38:09.899,EM-01,em01.forwardEnergy,Good,4164.67,
704,2026-09-15 23:38:09.899,EM-01,em01.voltageA,Good,383,
705,2026-09-15 23:38:09.899,EM-01,em01.voltageB,Good,376,
706,2026-09-15 23:38:09.899,EM-01,em01.voltageC,Good,379,
707,2026-09-15 23:38:09.899,EM-01,em01.currentA,Good,152.2,
708,2026-09-15 23:38:09.899,IM-01,im01.energyTotal,Good,1.57266666666732,
709,2026-09-15 23:38:09.899,EM-01,em01.activePower,Good,107,
710,2026-09-15 23:38:09.899,EM-01,em01.reactivePower,Good,36,
711,2026-09-15 23:38:09.899,EM-01,em01.powerFactor,Good,0.937,
712,2026-09-15 23:38:09.899,EM-01,em01.frequency,Good,49.9,
713,2026-09-15 23:38:09.899,EM-01,em01.demand,Good,107,
714,2026-09-15 23:38:09.899,EM-01,em01.energyF64,Good,42.280055555556,
715,2026-09-15 23:38:09.899,EM-01,em01.unbalance,Good,1.842105,
716,2026-09-15 23:38:09.913,ENV-01,env01.roomTemp,Good,24,
717,2026-09-15 23:38:09.913,ENV-01,env01.humidity,Good,55,
718,2026-09-15 23:38:09.913,ENV-01,env01.dewPoint,Good,15,
719,2026-09-15 23:38:09.913,ENV-01,env01.noise,Good,70,
720,2026-09-15 23:38:09.913,ENV-01,env01.pm25,Good,44,
721,2026-09-15 23:38:09.913,ENV-01,env01.pressureDiff,Good,12,
722,2026-09-15 23:38:09.913,ENV-01,env01.illuminance,Good,383,
723,2026-09-15 23:38:09.913,ENV-01,env01.tempFluctuation,Good,12.70012,
724,2026-09-15 23:38:09.923,GW-LINE-B,mtc01.pumpPressure,Good,2,
725,2026-09-15 23:38:09.923,GW-LINE-B,mtc01.pumpFlow,Good,18,
726,2026-09-15 23:38:09.923,GW-LINE-B,mtc01.pumpCurrent,Good,5.4,
727,2026-09-15 23:38:09.923,GW-LINE-B,mtc01.heatPower,Good,5,
728,2026-09-15 23:38:09.923,GW-LINE-B,mtc01.tempAvg,Good,993.9831,
729,2026-09-15 23:38:09.930,GW-LINE-B,dry01.dewPoint,Good,-34.2,
730,2026-09-15 23:38:09.930,GW-LINE-B,dry01.heatPower,Good,6,
731,2026-09-15 23:38:09.930,GW-LINE-B,dry01.fanCurrent,Good,1.6,
732,2026-09-15 23:38:09.931,GW-LINE-B,dry01.levelTrend,Good,-3.394141,
733,2026-09-15 23:38:09.935,GW-LINE-B,rob01.trajectory,Good,8.108951,
734,2026-09-15 23:38:10.407,IM-01,im01.prodTime,Good,09/15/2026 23:38:10,
735,2026-09-15 23:38:10.900,EM-01,em01.totalEnergy,Good,4167.61,
737,2026-09-15 23:38:10.900,EM-01,em01.forwardEnergy,Good,4167.61,
736,2026-09-15 23:38:10.900,IM-01,im01.oilTemp,Good,44.5,
739,2026-09-15 23:38:10.900,IM-01,im01.injectPressure,Good,259,
738,2026-09-15 23:38:10.900,EM-01,em01.voltageA,Good,377,
740,2026-09-15 23:38:10.900,IM-01,im01.energyTotal,Good,1.57350000000065,
741,2026-09-15 23:38:10.900,EM-01,em01.voltageB,Good,382,
742,2026-09-15 23:38:10.900,EM-01,em01.voltageC,Good,381,
743,2026-09-15 23:38:10.900,EM-01,em01.currentA,Good,151.8,
744,2026-09-15 23:38:10.900,EM-01,em01.activePower,Good,117,
745,2026-09-15 23:38:10.900,EM-01,em01.reactivePower,Good,30,
746,2026-09-15 23:38:10.900,EM-01,em01.powerFactor,Good,0.867,
747,2026-09-15 23:38:10.900,EM-01,em01.frequency,Good,50.09,
748,2026-09-15 23:38:10.900,EM-01,em01.demand,Good,117,
749,2026-09-15 23:38:10.900,EM-01,em01.energyF64,Good,42.3100000000004,
750,2026-09-15 23:38:10.900,EM-01,em01.unbalance,Good,1.315789,
751,2026-09-15 23:38:10.914,ENV-01,env01.roomTemp,Good,23.9,
752,2026-09-15 23:38:10.914,ENV-01,env01.humidity,Good,56,
753,2026-09-15 23:38:10.914,ENV-01,env01.dewPoint,Good,15.3,
754,2026-09-15 23:38:10.914,ENV-01,env01.noise,Good,75,
755,2026-09-15 23:38:10.914,ENV-01,env01.pm25,Good,37,
756,2026-09-15 23:38:10.914,ENV-01,env01.pressureDiff,Good,2,
757,2026-09-15 23:38:10.914,ENV-01,env01.illuminance,Good,316,
758,2026-09-15 23:38:10.914,ENV-01,env01.tempFluctuation,Good,11.66891,
759,2026-09-15 23:38:10.923,GW-LINE-B,mtc01.actualTemp,Good,99.3,
760,2026-09-15 23:38:10.923,GW-LINE-B,mtc01.pumpFlow,Good,38,
761,2026-09-15 23:38:10.923,GW-LINE-B,mtc01.pumpCurrent,Good,3.9,
762,2026-09-15 23:38:10.923,GW-LINE-B,mtc01.heatPower,Good,8,
763,2026-09-15 23:38:10.923,GW-LINE-B,mtc01.outletTemp,Good,99.8,
764,2026-09-15 23:38:10.923,GW-LINE-B,mtc01.tempAvg,Good,992.7748,
765,2026-09-15 23:38:10.931,GW-LINE-B,dry01.dewPoint,Good,-33.9,
766,2026-09-15 23:38:10.931,GW-LINE-B,dry01.materialLevel,Good,50,
767,2026-09-15 23:38:10.931,GW-LINE-B,dry01.fanCurrent,Good,1.2,
768,2026-09-15 23:38:10.933,GW-LINE-B,dry01.levelTrend,Good,-3.423497,
769,2026-09-15 23:38:10.937,GW-LINE-B,rob01.cycleTime,Good,2.7,
770,2026-09-15 23:38:10.937,GW-LINE-B,rob01.trajectory,Good,8.279555,
771,2026-09-15 23:38:11.407,IM-01,im01.prodTime,Good,09/15/2026 23:38:11,
772,2026-09-15 23:38:11.899,EM-01,em01.totalEnergy,Good,4170.66,
773,2026-09-15 23:38:11.899,IM-01,im01.moldTemp,Good,84.5,
774,2026-09-15 23:38:11.899,EM-01,em01.forwardEnergy,Good,4170.66,
775,2026-09-15 23:38:11.899,EM-01,em01.voltageA,Good,378,
776,2026-09-15 23:38:11.899,EM-01,em01.voltageC,Good,374,
777,2026-09-15 23:38:11.899,IM-01,im01.oilTemp,Good,44.7,
778,2026-09-15 23:38:11.899,EM-01,em01.currentA,Good,145.6,
779,2026-09-15 23:38:11.899,IM-01,im01.injectPressure,Good,210,
780,2026-09-15 23:38:11.899,EM-01,em01.activePower,Good,112,
781,2026-09-15 23:38:11.899,EM-01,em01.reactivePower,Good,20,
782,2026-09-15 23:38:11.899,EM-01,em01.powerFactor,Good,0.881,
783,2026-09-15 23:38:11.899,EM-01,em01.frequency,Good,49.94,
784,2026-09-15 23:38:11.899,IM-01,im01.energyTotal,Good,1.57433333333398,
785,2026-09-15 23:38:11.899,EM-01,em01.demand,Good,112,
786,2026-09-15 23:38:11.899,EM-01,em01.energyF64,Good,42.3408611111115,
787,2026-09-15 23:38:11.899,EM-01,em01.unbalance,Good,2.105263,
788,2026-09-15 23:38:11.915,ENV-01,env01.humidity,Good,55,
789,2026-09-15 23:38:11.915,ENV-01,env01.dewPoint,Good,15,
790,2026-09-15 23:38:11.915,ENV-01,env01.noise,Good,78,
791,2026-09-15 23:38:11.915,ENV-01,env01.pm25,Good,55,
792,2026-09-15 23:38:11.915,ENV-01,env01.pressureDiff,Good,4,
793,2026-09-15 23:38:11.915,ENV-01,env01.illuminance,Good,473,
794,2026-09-15 23:38:11.915,ENV-01,env01.tempFluctuation,Good,12.15331,
795,2026-09-15 23:38:11.923,GW-LINE-B,mtc01.actualTemp,Good,99.1,
796,2026-09-15 23:38:11.923,GW-LINE-B,mtc01.pumpPressure,Good,4,
797,2026-09-15 23:38:11.923,GW-LINE-B,mtc01.pumpFlow,Good,25,
798,2026-09-15 23:38:11.923,GW-LINE-B,mtc01.pumpCurrent,Good,3,
799,2026-09-15 23:38:11.923,GW-LINE-B,mtc01.heatPower,Good,4,
800,2026-09-15 23:38:11.923,GW-LINE-B,mtc01.outletTemp,Good,99.6,
801,2026-09-15 23:38:11.923,GW-LINE-B,mtc01.tempAvg,Good,990.5354,
802,2026-09-15 23:38:11.928,GW-LINE-B,dry01.dewPoint,Good,-33.6,
803,2026-09-15 23:38:11.928,GW-LINE-B,dry01.heatPower,Good,3,
804,2026-09-15 23:38:11.928,GW-LINE-B,dry01.fanCurrent,Good,1.1,
805,2026-09-15 23:38:11.930,GW-LINE-B,dry01.levelTrend,Good,-3.453229,
806,2026-09-15 23:38:11.934,GW-LINE-B,rob01.cycleTime,Good,2.8,
807,2026-09-15 23:38:11.934,GW-LINE-B,rob01.trajectory,Good,8.157207,
808,2026-09-15 23:38:12.900,EM-01,em01.totalEnergy,Good,4173.7,
809,2026-09-15 23:38:12.900,EM-01,em01.forwardEnergy,Good,4173.7,
810,2026-09-15 23:38:12.900,EM-01,em01.voltageA,Good,380,
811,2026-09-15 23:38:12.900,EM-01,em01.voltageB,Good,379,
812,2026-09-15 23:38:12.900,EM-01,em01.voltageC,Good,379,
813,2026-09-15 23:38:12.900,EM-01,em01.currentA,Good,131.9,
814,2026-09-15 23:38:12.900,EM-01,em01.activePower,Good,104,
815,2026-09-15 23:38:12.900,EM-01,em01.reactivePower,Good,29,
816,2026-09-15 23:38:12.900,EM-01,em01.powerFactor,Good,0.903,
817,2026-09-15 23:38:12.900,EM-01,em01.frequency,Good,49.92,
818,2026-09-15 23:38:12.900,EM-01,em01.demand,Good,104,
819,2026-09-15 23:38:12.900,EM-01,em01.energyF64,Good,42.3718333333337,
820,2026-09-15 23:38:12.900,EM-01,em01.unbalance,Good,0.2631579,
821,2026-09-15 23:38:12.915,ENV-01,env01.dewPoint,Good,14.9,
822,2026-09-15 23:38:12.915,ENV-01,env01.noise,Good,74,
823,2026-09-15 23:38:12.915,ENV-01,env01.pm25,Good,30,
824,2026-09-15 23:38:12.915,ENV-01,env01.pressureDiff,Good,-3,
825,2026-09-15 23:38:12.915,ENV-01,env01.illuminance,Good,440,
826,2026-09-15 23:38:12.915,ENV-01,env01.tempFluctuation,Good,12.50567,
827,2026-09-15 23:38:12.923,GW-LINE-B,mtc01.actualTemp,Good,99.5,
828,2026-09-15 23:38:12.923,GW-LINE-B,mtc01.pumpFlow,Good,35,
829,2026-09-15 23:38:12.923,GW-LINE-B,mtc01.pumpCurrent,Good,3.9,
830,2026-09-15 23:38:12.923,GW-LINE-B,mtc01.outletTemp,Good,100,
831,2026-09-15 23:38:12.923,GW-LINE-B,mtc01.tempAvg,Good,994.6516,
832,2026-09-15 23:38:12.929,GW-LINE-B,dry01.dewPoint,Good,-34.3,
833,2026-09-15 23:38:12.929,GW-LINE-B,dry01.heatPower,Good,4,
834,2026-09-15 23:38:12.929,GW-LINE-B,dry01.fanCurrent,Good,0.9,
835,2026-09-15 23:38:12.930,GW-LINE-B,dry01.levelTrend,Good,-3.480646,
836,2026-09-15 23:38:12.933,GW-LINE-B,rob01.inPlace,Good,False,
837,2026-09-15 23:38:12.935,GW-LINE-B,rob01.cycleTime,Good,2.9,
838,2026-09-15 23:38:12.935,GW-LINE-B,rob01.posX,Good,99,
839,2026-09-15 23:38:12.935,GW-LINE-B,rob01.posY,Good,296,
840,2026-09-15 23:38:12.935,GW-LINE-B,rob01.posZ,Good,80,
841,2026-09-15 23:38:12.935,GW-LINE-B,rob01.gripState,Good,1,
842,2026-09-15 23:38:12.935,GW-LINE-B,rob01.trajectory,Good,98.70467,
844,2026-09-15 23:38:13.407,IM-01,im01.statusWord,Bad,,ss.reason.comm
845,2026-09-15 23:38:13.407,IM-01,im01.alarmCode,Bad,,ss.reason.comm
846,2026-09-15 23:38:13.407,IM-01,im01.totalMolds,Bad,,ss.reason.comm
847,2026-09-15 23:38:13.407,IM-01,im01.goodParts,Bad,,ss.reason.comm
848,2026-09-15 23:38:13.407,IM-01,im01.rejectParts,Bad,,ss.reason.comm
849,2026-09-15 23:38:13.407,IM-01,im01.cycleTime,Bad,,ss.reason.comm
850,2026-09-15 23:38:13.407,IM-01,im01.avgCycleTime,Bad,,ss.reason.comm
851,2026-09-15 23:38:13.407,IM-01,im01.oee,Bad,,ss.reason.comm
852,2026-09-15 23:38:13.407,IM-01,im01.stage,Bad,,ss.reason.comm
853,2026-09-15 23:38:13.407,IM-01,im01.batchNo,Bad,,ss.reason.comm
854,2026-09-15 23:38:13.407,IM-01,im01.prodTime,Bad,,ss.reason.comm
855,2026-09-15 23:38:13.891,ENV-01,env01.runSeconds,Good,13468,
856,2026-09-15 23:38:13.891,ENV-01,env01.sampleTime,Good,09/15/2026 23:38:13,
857,2026-09-15 23:38:13.892,GW-LINE-B,mtc01.runSeconds,Good,13468,
858,2026-09-15 23:38:13.892,GW-LINE-B,mtc01.energyTotal,Good,2.01019444444445,
859,2026-09-15 23:38:13.893,GW-LINE-B,mtc01.tempDeviation,Good,-0.7,
860,2026-09-15 23:38:13.898,GW-LINE-B,dry01.drySeconds,Good,12844,
861,2026-09-15 23:38:13.898,GW-LINE-B,dry01.energyTotal,Good,2.06736111111115,
862,2026-09-15 23:38:13.899,EM-01,em01.readTime,Good,09/15/2026 23:38:13,
863,2026-09-15 23:38:13.899,GW-LINE-B,dry01.dewDeviation,Good,0.3,
864,2026-09-15 23:38:13.904,GW-LINE-B,rob01.runSeconds,Good,13468,
865,2026-09-15 23:38:13.904,EM-01,em01.totalEnergy,Good,4176.55,
866,2026-09-15 23:38:13.904,EM-01,em01.forwardEnergy,Good,4176.55,
867,2026-09-15 23:38:13.904,EM-01,em01.voltageA,Good,383,
868,2026-09-15 23:38:13.904,EM-01,em01.voltageB,Good,380,
869,2026-09-15 23:38:13.904,EM-01,em01.voltageC,Good,378,
870,2026-09-15 23:38:13.904,EM-01,em01.currentA,Good,163,
871,2026-09-15 23:38:13.904,EM-01,em01.activePower,Good,108,
872,2026-09-15 23:38:13.904,EM-01,em01.reactivePower,Good,26,
873,2026-09-15 23:38:13.904,EM-01,em01.powerFactor,Good,0.899,
874,2026-09-15 23:38:13.904,EM-01,em01.frequency,Good,50.05,
875,2026-09-15 23:38:13.904,EM-01,em01.demand,Good,108,
876,2026-09-15 23:38:13.904,EM-01,em01.energyF64,Good,42.4008888888893,
877,2026-09-15 23:38:13.904,EM-01,em01.unbalance,Good,1.315789,
878,2026-09-15 23:38:13.905,GW-LINE-B,rob01.energyTotal,Good,1.87236111111107,
879,2026-09-15 23:38:13.907,GW-LINE-B,rob01.posDeviation,Good,0,
880,2026-09-15 23:38:13.916,ENV-01,env01.humidity,Good,54,
881,2026-09-15 23:38:13.916,ENV-01,env01.noise,Good,75,
882,2026-09-15 23:38:13.916,ENV-01,env01.pm25,Good,48,
883,2026-09-15 23:38:13.916,ENV-01,env01.pressureDiff,Good,0,
884,2026-09-15 23:38:13.916,ENV-01,env01.illuminance,Good,426,
885,2026-09-15 23:38:13.916,ENV-01,env01.tempFluctuation,Good,11.95982,
886,2026-09-15 23:38:13.923,GW-LINE-B,mtc01.actualTemp,Good,99.3,
887,2026-09-15 23:38:13.923,GW-LINE-B,mtc01.pumpPressure,Good,3,
888,2026-09-15 23:38:13.923,GW-LINE-B,mtc01.pumpFlow,Good,22,
889,2026-09-15 23:38:13.923,GW-LINE-B,mtc01.pumpCurrent,Good,5.2,
890,2026-09-15 23:38:13.923,GW-LINE-B,mtc01.heatPower,Good,7,
891,2026-09-15 23:38:13.923,GW-LINE-B,mtc01.outletTemp,Good,99.8,
892,2026-09-15 23:38:13.923,GW-LINE-B,mtc01.tempAvg,Good,992.7289,
893,2026-09-15 23:38:13.930,GW-LINE-B,dry01.dewPoint,Good,-34.7,
894,2026-09-15 23:38:13.930,GW-LINE-B,dry01.materialLevel,Good,49,
895,2026-09-15 23:38:13.930,GW-LINE-B,dry01.heatPower,Good,7,
896,2026-09-15 23:38:13.930,GW-LINE-B,dry01.fanCurrent,Good,0.8,
897,2026-09-15 23:38:13.932,GW-LINE-B,dry01.levelTrend,Good,-3.518108,
898,2026-09-15 23:38:13.936,GW-LINE-B,rob01.posX,Good,101,
899,2026-09-15 23:38:13.936,GW-LINE-B,rob01.posY,Good,301,
900,2026-09-15 23:38:13.936,GW-LINE-B,rob01.posZ,Good,79,
901,2026-09-15 23:38:13.936,GW-LINE-B,rob01.trajectory,Good,100.8305,
902,2026-09-15 23:38:14.903,EM-01,em01.totalEnergy,Good,4179.61,
903,2026-09-15 23:38:14.903,EM-01,em01.forwardEnergy,Good,4179.61,
904,2026-09-15 23:38:14.903,EM-01,em01.voltageA,Good,377,
905,2026-09-15 23:38:14.903,EM-01,em01.voltageB,Good,382,
906,2026-09-15 23:38:14.903,EM-01,em01.voltageC,Good,379,
907,2026-09-15 23:38:14.903,EM-01,em01.currentA,Good,140.3,
908,2026-09-15 23:38:14.903,EM-01,em01.activePower,Good,112,
909,2026-09-15 23:38:14.903,EM-01,em01.reactivePower,Good,20,
910,2026-09-15 23:38:14.903,EM-01,em01.powerFactor,Good,0.926,
911,2026-09-15 23:38:14.903,EM-01,em01.frequency,Good,50.07,
912,2026-09-15 23:38:14.903,EM-01,em01.demand,Good,112,
913,2026-09-15 23:38:14.903,EM-01,em01.energyF64,Good,42.4318055555559,
914,2026-09-15 23:38:14.915,ENV-01,env01.dewPoint,Good,14.8,
915,2026-09-15 23:38:14.915,ENV-01,env01.noise,Good,74,
916,2026-09-15 23:38:14.915,ENV-01,env01.pm25,Good,26,
917,2026-09-15 23:38:14.915,ENV-01,env01.pressureDiff,Good,11,
918,2026-09-15 23:38:14.915,ENV-01,env01.illuminance,Good,415,
919,2026-09-15 23:38:14.915,ENV-01,env01.tempFluctuation,Good,12.1187,
920,2026-09-15 23:38:14.923,GW-LINE-B,mtc01.actualTemp,Good,99.2,
921,2026-09-15 23:38:14.923,GW-LINE-B,mtc01.pumpPressure,Good,5,
922,2026-09-15 23:38:14.923,GW-LINE-B,mtc01.pumpFlow,Good,39,
923,2026-09-15 23:38:14.923,GW-LINE-B,mtc01.pumpCurrent,Good,5.7,
924,2026-09-15 23:38:14.923,GW-LINE-B,mtc01.heatPower,Good,5,
925,2026-09-15 23:38:14.923,GW-LINE-B,mtc01.outletTemp,Good,99.7,
926,2026-09-15 23:38:14.923,GW-LINE-B,mtc01.tempAvg,Good,991.6155,
927,2026-09-15 23:38:14.931,GW-LINE-B,dry01.dewPoint,Good,-33.8,
928,2026-09-15 23:38:14.931,GW-LINE-B,dry01.heatPower,Good,8,
929,2026-09-15 23:38:14.931,GW-LINE-B,dry01.fanCurrent,Good,2,
930,2026-09-15 23:38:14.933,GW-LINE-B,dry01.levelTrend,Good,-3.551913,
931,2026-09-15 23:38:14.938,GW-LINE-B,rob01.cycleTime,Good,3,
932,2026-09-15 23:38:14.938,GW-LINE-B,rob01.posX,Good,0,
933,2026-09-15 23:38:14.938,GW-LINE-B,rob01.posY,Good,405,
934,2026-09-15 23:38:14.938,GW-LINE-B,rob01.posZ,Good,195,
935,2026-09-15 23:38:14.938,GW-LINE-B,rob01.trajectory,Good,-0.2595245,
936,2026-09-15 23:38:15.904,EM-01,em01.totalEnergy,Good,4182.86,
937,2026-09-15 23:38:15.904,EM-01,em01.forwardEnergy,Good,4182.86,
938,2026-09-15 23:38:15.904,EM-01,em01.voltageA,Good,379,
939,2026-09-15 23:38:15.904,EM-01,em01.voltageC,Good,375,
940,2026-09-15 23:38:15.904,EM-01,em01.currentA,Good,217.9,
941,2026-09-15 23:38:15.904,EM-01,em01.activePower,Good,120,
942,2026-09-15 23:38:15.904,EM-01,em01.reactivePower,Good,22,
943,2026-09-15 23:38:15.904,EM-01,em01.powerFactor,Good,0.945,
944,2026-09-15 23:38:15.904,EM-01,em01.frequency,Good,50.01,
945,2026-09-15 23:38:15.904,EM-01,em01.demand,Good,120,
946,2026-09-15 23:38:15.904,EM-01,em01.energyF64,Good,42.4647222222226,
947,2026-09-15 23:38:15.904,EM-01,em01.unbalance,Good,1.842105,
948,2026-09-15 23:38:15.916,ENV-01,env01.roomTemp,Good,24,
949,2026-09-15 23:38:15.916,ENV-01,env01.humidity,Good,53,
950,2026-09-15 23:38:15.916,ENV-01,env01.dewPoint,Good,14.7,
951,2026-09-15 23:38:15.916,ENV-01,env01.noise,Good,76,
952,2026-09-15 23:38:15.916,ENV-01,env01.pm25,Good,51,
953,2026-09-15 23:38:15.916,ENV-01,env01.pressureDiff,Good,-1,
954,2026-09-15 23:38:15.916,ENV-01,env01.illuminance,Good,498,
955,2026-09-15 23:38:15.916,ENV-01,env01.tempFluctuation,Good,12.62089,
956,2026-09-15 23:38:15.924,GW-LINE-B,mtc01.actualTemp,Good,99.3,
957,2026-09-15 23:38:15.924,GW-LINE-B,mtc01.pumpPressure,Good,4,
958,2026-09-15 23:38:15.924,GW-LINE-B,mtc01.pumpFlow,Good,32,
959,2026-09-15 23:38:15.924,GW-LINE-B,mtc01.pumpCurrent,Good,4.8,
960,2026-09-15 23:38:15.924,GW-LINE-B,mtc01.outletTemp,Good,99.8,
961,2026-09-15 23:38:15.924,GW-LINE-B,mtc01.tempAvg,Good,993.3769,
962,2026-09-15 23:38:15.930,GW-LINE-B,dry01.dewPoint,Good,-33.6,
963,2026-09-15 23:38:15.930,GW-LINE-B,dry01.heatPower,Good,4,
964,2026-09-15 23:38:15.930,GW-LINE-B,dry01.fanCurrent,Good,1.2,
965,2026-09-15 23:38:15.931,GW-LINE-B,dry01.levelTrend,Good,-3.584312,
966,2026-09-15 23:38:15.935,GW-LINE-B,rob01.posX,Good,8,
967,2026-09-15 23:38:15.935,GW-LINE-B,rob01.posY,Good,8,
968,2026-09-15 23:38:15.935,GW-LINE-B,rob01.posZ,Good,5,
969,2026-09-15 23:38:15.935,GW-LINE-B,rob01.gripState,Good,0,
970,2026-09-15 23:38:15.935,GW-LINE-B,rob01.trajectory,Good,7.802015,
971,2026-09-15 23:38:16.904,EM-01,em01.totalEnergy,Good,4186.01,
972,2026-09-15 23:38:16.904,EM-01,em01.forwardEnergy,Good,4186.01,
973,2026-09-15 23:38:16.904,EM-01,em01.voltageA,Good,384,
974,2026-09-15 23:38:16.904,EM-01,em01.voltageB,Good,377,
975,2026-09-15 23:38:16.904,EM-01,em01.voltageC,Good,374,
976,2026-09-15 23:38:16.904,EM-01,em01.currentA,Good,168.7,
977,2026-09-15 23:38:16.904,EM-01,em01.activePower,Good,112,
978,2026-09-15 23:38:16.904,EM-01,em01.reactivePower,Good,33,
979,2026-09-15 23:38:16.904,EM-01,em01.powerFactor,Good,0.917,
980,2026-09-15 23:38:16.904,EM-01,em01.frequency,Good,50.1,
981,2026-09-15 23:38:16.904,EM-01,em01.demand,Good,112,
982,2026-09-15 23:38:16.904,EM-01,em01.energyF64,Good,42.4966111111115,
983,2026-09-15 23:38:16.904,EM-01,em01.unbalance,Good,2.631579,
984,2026-09-15 23:38:16.916,ENV-01,env01.roomTemp,Good,24.1,
985,2026-09-15 23:38:16.916,ENV-01,env01.humidity,Good,54,
986,2026-09-15 23:38:16.916,ENV-01,env01.dewPoint,Good,15,
987,2026-09-15 23:38:16.916,ENV-01,env01.noise,Good,74,
988,2026-09-15 23:38:16.916,ENV-01,env01.pm25,Good,35,
989,2026-09-15 23:38:16.916,ENV-01,env01.pressureDiff,Good,3,
990,2026-09-15 23:38:16.916,ENV-01,env01.illuminance,Good,391,
991,2026-09-15 23:38:16.916,ENV-01,env01.tempFluctuation,Good,12.24427,
992,2026-09-15 23:38:16.925,GW-LINE-B,mtc01.pumpPressure,Good,2,
993,2026-09-15 23:38:16.925,GW-LINE-B,mtc01.pumpFlow,Good,30,
994,2026-09-15 23:38:16.925,GW-LINE-B,mtc01.pumpCurrent,Good,4.5,
995,2026-09-15 23:38:16.925,GW-LINE-B,mtc01.tempAvg,Good,993.4018,
996,2026-09-15 23:38:16.932,GW-LINE-B,dry01.dewPoint,Good,-34.1,
997,2026-09-15 23:38:16.932,GW-LINE-B,dry01.materialLevel,Good,48,
998,2026-09-15 23:38:16.932,GW-LINE-B,dry01.heatPower,Good,3,
999,2026-09-15 23:38:16.932,GW-LINE-B,dry01.fanCurrent,Good,0.8,
1000,2026-09-15 23:38:16.933,GW-LINE-B,dry01.levelTrend,Good,-3.618065,
1001,2026-09-15 23:38:16.936,GW-LINE-B,rob01.inPlace,Good,True,
1002,2026-09-15 23:38:16.938,GW-LINE-B,rob01.cycleTime,Good,2.7,
1003,2026-09-15 23:38:16.938,GW-LINE-B,rob01.totalPicks,Good,44,
1004,2026-09-15 23:38:16.938,GW-LINE-B,rob01.successPicks,Good,44,
1005,2026-09-15 23:38:16.938,GW-LINE-B,rob01.posZ,Good,8,
1006,2026-09-15 23:38:16.938,GW-LINE-B,rob01.trajectory,Good,7.919479,
1008,2026-09-15 23:38:17.510,IM-01,im01.ready,Bad,,ss.reason.comm
1009,2026-09-15 23:38:17.510,IM-01,im01.producing,Bad,,ss.reason.comm
1010,2026-09-15 23:38:17.510,IM-01,im01.faultAlarm,Bad,,ss.reason.comm
1011,2026-09-15 23:38:17.905,EM-01,em01.totalEnergy,Good,4189.11,
1012,2026-09-15 23:38:17.905,EM-01,em01.forwardEnergy,Good,4189.11,
1013,2026-09-15 23:38:17.905,EM-01,em01.voltageA,Good,381,
1014,2026-09-15 23:38:17.905,EM-01,em01.voltageB,Good,382,
1015,2026-09-15 23:38:17.905,EM-01,em01.voltageC,Good,376,
1016,2026-09-15 23:38:17.905,EM-01,em01.currentA,Good,161.9,
1017,2026-09-15 23:38:17.905,EM-01,em01.activePower,Good,107,
1018,2026-09-15 23:38:17.905,EM-01,em01.reactivePower,Good,34,
1019,2026-09-15 23:38:17.905,EM-01,em01.powerFactor,Good,0.894,
1020,2026-09-15 23:38:17.905,EM-01,em01.frequency,Good,50.01,
1021,2026-09-15 23:38:17.905,EM-01,em01.demand,Good,107,
1022,2026-09-15 23:38:17.905,EM-01,em01.energyF64,Good,42.5280277777782,
1023,2026-09-15 23:38:17.905,EM-01,em01.unbalance,Good,1.578947,
1024,2026-09-15 23:38:17.917,ENV-01,env01.roomTemp,Good,24,
1025,2026-09-15 23:38:17.917,ENV-01,env01.humidity,Good,53,
1026,2026-09-15 23:38:17.917,ENV-01,env01.dewPoint,Good,14.7,
1027,2026-09-15 23:38:17.917,ENV-01,env01.noise,Good,75,
1028,2026-09-15 23:38:17.917,ENV-01,env01.pm25,Good,21,
1029,2026-09-15 23:38:17.917,ENV-01,env01.pressureDiff,Good,-3,
1030,2026-09-15 23:38:17.917,ENV-01,env01.illuminance,Good,340,
1031,2026-09-15 23:38:17.917,ENV-01,env01.tempFluctuation,Good,12.16274,
1032,2026-09-15 23:38:17.926,GW-LINE-B,mtc01.actualTemp,Good,99.2,
1033,2026-09-15 23:38:17.926,GW-LINE-B,mtc01.pumpPressure,Good,3,
1034,2026-09-15 23:38:17.926,GW-LINE-B,mtc01.pumpFlow,Good,23,
1035,2026-09-15 23:38:17.926,GW-LINE-B,mtc01.pumpCurrent,Good,3.4,
1036,2026-09-15 23:38:17.926,GW-LINE-B,mtc01.heatPower,Good,7,
1037,2026-09-15 23:38:17.926,GW-LINE-B,mtc01.outletTemp,Good,99.7,
1038,2026-09-15 23:38:17.926,GW-LINE-B,mtc01.tempAvg,Good,991.7315,
1039,2026-09-15 23:38:17.934,GW-LINE-B,dry01.dewPoint,Good,-34.3,
1040,2026-09-15 23:38:17.934,GW-LINE-B,dry01.heatPower,Good,8,
1041,2026-09-15 23:38:17.934,GW-LINE-B,dry01.fanCurrent,Good,2,
1042,2026-09-15 23:38:17.936,GW-LINE-B,dry01.levelTrend,Good,-3.646674,
1043,2026-09-15 23:38:17.942,GW-LINE-B,rob01.trajectory,Good,7.787031,
1044,2026-09-15 23:38:18.892,ENV-01,env01.runSeconds,Good,13518,
1045,2026-09-15 23:38:18.892,ENV-01,env01.sampleTime,Good,09/15/2026 23:38:18,
1046,2026-09-15 23:38:18.893,GW-LINE-B,mtc01.runSeconds,Good,13518,
1047,2026-09-15 23:38:18.893,GW-LINE-B,mtc01.energyTotal,Good,2.01761111111112,
1048,2026-09-15 23:38:18.895,GW-LINE-B,mtc01.tempDeviation,Good,-0.5,
1049,2026-09-15 23:38:18.896,ENV-01,env01.tempDeviation,Good,0,
1050,2026-09-15 23:38:18.898,EM-01,em01.readTime,Good,09/15/2026 23:38:18,
1051,2026-09-15 23:38:18.902,GW-LINE-B,dry01.drySeconds,Good,12894,
1052,2026-09-15 23:38:18.902,GW-LINE-B,dry01.energyTotal,Good,2.07469444444448,
1053,2026-09-15 23:38:18.904,GW-LINE-B,dry01.dewDeviation,Good,0.8,
1054,2026-09-15 23:38:18.906,EM-01,em01.totalEnergy,Good,4192.38,
1055,2026-09-15 23:38:18.906,EM-01,em01.forwardEnergy,Good,4192.38,
1056,2026-09-15 23:38:18.906,EM-01,em01.voltageA,Good,379,
1057,2026-09-15 23:38:18.906,EM-01,em01.voltageB,Good,385,
1058,2026-09-15 23:38:18.906,EM-01,em01.voltageC,Good,374,
1059,2026-09-15 23:38:18.906,EM-01,em01.currentA,Good,146.1,
1060,2026-09-15 23:38:18.906,EM-01,em01.activePower,Good,125,
1061,2026-09-15 23:38:18.906,EM-01,em01.reactivePower,Good,31,
1062,2026-09-15 23:38:18.906,EM-01,em01.powerFactor,Good,0.942,
1063,2026-09-15 23:38:18.906,EM-01,em01.frequency,Good,50.05,
1064,2026-09-15 23:38:18.906,EM-01,em01.demand,Good,125,
1065,2026-09-15 23:38:18.906,EM-01,em01.energyF64,Good,42.5611388888893,
1066,2026-09-15 23:38:18.906,EM-01,em01.unbalance,Good,2.894737,
1067,2026-09-15 23:38:18.910,GW-LINE-B,rob01.runSeconds,Good,13518,
1068,2026-09-15 23:38:18.912,GW-LINE-B,rob01.energyTotal,Good,1.8786944444444,
1069,2026-09-15 23:38:18.913,GW-LINE-B,rob01.posDeviation,Good,-92,
1070,2026-09-15 23:38:18.917,ENV-01,env01.noise,Good,74,
1071,2026-09-15 23:38:18.917,ENV-01,env01.pm25,Good,32,
1072,2026-09-15 23:38:18.917,ENV-01,env01.pressureDiff,Good,5,
1073,2026-09-15 23:38:18.917,ENV-01,env01.illuminance,Good,351,
1074,2026-09-15 23:38:18.917,ENV-01,env01.tempFluctuation,Good,12.5401,
1075,2026-09-15 23:38:18.927,GW-LINE-B,mtc01.actualTemp,Good,99.5,
1076,2026-09-15 23:38:18.927,GW-LINE-B,mtc01.pumpPressure,Good,2,
1077,2026-09-15 23:38:18.927,GW-LINE-B,mtc01.pumpFlow,Good,17,
1078,2026-09-15 23:38:18.927,GW-LINE-B,mtc01.pumpCurrent,Good,5.7,
1079,2026-09-15 23:38:18.927,GW-LINE-B,mtc01.heatPower,Good,8,
1080,2026-09-15 23:38:18.927,GW-LINE-B,mtc01.outletTemp,Good,100,
1081,2026-09-15 23:38:18.927,GW-LINE-B,mtc01.tempAvg,Good,995.0793,
1082,2026-09-15 23:38:18.934,GW-LINE-B,dry01.heatPower,Good,5,
1083,2026-09-15 23:38:18.934,GW-LINE-B,dry01.fanCurrent,Good,1,
1084,2026-09-15 23:38:18.936,GW-LINE-B,dry01.levelTrend,Good,-3.676586,
1085,2026-09-15 23:38:18.942,GW-LINE-B,rob01.cycleTime,Good,3.2,
1086,2026-09-15 23:38:18.942,GW-LINE-B,rob01.trajectory,Good,8.123446,
1087,2026-09-15 23:38:19.906,EM-01,em01.totalEnergy,Good,4195.67,
1088,2026-09-15 23:38:19.906,EM-01,em01.forwardEnergy,Good,4195.67,
1089,2026-09-15 23:38:19.906,EM-01,em01.voltageA,Good,382,
1090,2026-09-15 23:38:19.906,EM-01,em01.voltageB,Good,377,
1091,2026-09-15 23:38:19.906,EM-01,em01.voltageC,Good,377,
1092,2026-09-15 23:38:19.906,EM-01,em01.currentA,Good,138.5,
1093,2026-09-15 23:38:19.906,EM-01,em01.activePower,Good,105,
1094,2026-09-15 23:38:19.906,EM-01,em01.reactivePower,Good,38,
1095,2026-09-15 23:38:19.906,EM-01,em01.powerFactor,Good,0.932,
1096,2026-09-15 23:38:19.906,EM-01,em01.frequency,Good,50.03,
1097,2026-09-15 23:38:19.906,EM-01,em01.demand,Good,105,
1098,2026-09-15 23:38:19.906,EM-01,em01.energyF64,Good,42.5943333333337,
1099,2026-09-15 23:38:19.906,EM-01,em01.unbalance,Good,1.315789,
1100,2026-09-15 23:38:19.917,ENV-01,env01.humidity,Good,54,
1101,2026-09-15 23:38:19.917,ENV-01,env01.dewPoint,Good,14.9,
1102,2026-09-15 23:38:19.917,ENV-01,env01.noise,Good,76,
1103,2026-09-15 23:38:19.917,ENV-01,env01.pm25,Good,30,
1104,2026-09-15 23:38:19.917,ENV-01,env01.pressureDiff,Good,-3,
1105,2026-09-15 23:38:19.917,ENV-01,env01.illuminance,Good,453,
1106,2026-09-15 23:38:19.917,ENV-01,env01.tempFluctuation,Good,11.92815,
1107,2026-09-15 23:38:19.929,GW-LINE-B,mtc01.actualTemp,Good,99.4,
1108,2026-09-15 23:38:19.929,GW-LINE-B,mtc01.pumpFlow,Good,32,
1109,2026-09-15 23:38:19.929,GW-LINE-B,mtc01.pumpCurrent,Good,4.7,
1110,2026-09-15 23:38:19.929,GW-LINE-B,mtc01.heatPower,Good,6,
1111,2026-09-15 23:38:19.929,GW-LINE-B,mtc01.outletTemp,Good,99.9,
1112,2026-09-15 23:38:19.929,GW-LINE-B,mtc01.tempAvg,Good,993.7665,
1113,2026-09-15 23:38:19.937,GW-LINE-B,dry01.dewPoint,Good,-35.1,
1114,2026-09-15 23:38:19.937,GW-LINE-B,dry01.materialLevel,Good,47,
1115,2026-09-15 23:38:19.937,GW-LINE-B,dry01.fanCurrent,Good,1.9,
1116,2026-09-15 23:38:19.938,GW-LINE-B,dry01.levelTrend,Good,-3.711287,
1117,2026-09-15 23:38:19.944,GW-LINE-B,rob01.cycleTime,Good,2.9,
1118,2026-09-15 23:38:19.944,GW-LINE-B,rob01.trajectory,Good,7.931413,
1119,2026-09-15 23:38:20.516,IM-01,im01.statusWord,Good,1,
1120,2026-09-15 23:38:20.516,IM-01,im01.alarmCode,Good,0,
1121,2026-09-15 23:38:20.516,IM-01,im01.totalMolds,Good,2,
1122,2026-09-15 23:38:20.516,IM-01,im01.goodParts,Good,2,
1123,2026-09-15 23:38:20.516,IM-01,im01.rejectParts,Good,0,
1124,2026-09-15 23:38:20.516,IM-01,im01.cycleTime,Good,40.5,
1125,2026-09-15 23:38:20.516,IM-01,im01.avgCycleTime,Good,37.7,
1126,2026-09-15 23:38:20.516,IM-01,im01.oee,Good,10,
1127,2026-09-15 23:38:20.516,IM-01,im01.stage,Good,0,
1128,2026-09-15 23:38:20.516,IM-01,im01.batchNo,Good,2002,
1129,2026-09-15 23:38:20.516,IM-01,im01.prodTime,Good,09/15/2026 23:38:20,
1130,2026-09-15 23:38:20.521,IM-01,im01.ready,Good,True,
1131,2026-09-15 23:38:20.521,IM-01,im01.producing,Good,False,
1132,2026-09-15 23:38:20.521,IM-01,im01.faultAlarm,Good,False,
1134,2026-09-15 23:38:20.522,IM-01,im01.oilTemp,Good,45,
1135,2026-09-15 23:38:20.522,IM-01,im01.injectPressure,Good,0,
1136,2026-09-15 23:38:20.522,IM-01,im01.energyTotal,Good,1.58150000000066,
1137,2026-09-15 23:38:20.528,IM-01,im01.cavitySetTemp,Good,238,
1139,2026-09-15 23:38:20.532,IM-01,im01.clampForceDev,Good,-48,
1140,2026-09-15 23:38:20.540,IM-01,im01.barrel1Temp,Good,191.7,
1141,2026-09-15 23:38:20.540,IM-01,im01.oilTemp,Good,44.9,
1142,2026-09-15 23:38:20.540,IM-01,im01.energyTotal,Good,1.58158333333399,
1143,2026-09-15 23:38:20.906,EM-01,em01.totalEnergy,Good,4198.63,
1144,2026-09-15 23:38:20.906,EM-01,em01.forwardEnergy,Good,4198.63,
1145,2026-09-15 23:38:20.906,EM-01,em01.voltageA,Good,381,
1146,2026-09-15 23:38:20.906,EM-01,em01.voltageC,Good,380,
1147,2026-09-15 23:38:20.906,EM-01,em01.currentA,Good,190.5,
1148,2026-09-15 23:38:20.906,EM-01,em01.activePower,Good,117,
1149,2026-09-15 23:38:20.906,EM-01,em01.reactivePower,Good,24,
1150,2026-09-15 23:38:20.906,EM-01,em01.powerFactor,Good,0.92,
1151,2026-09-15 23:38:20.906,EM-01,em01.frequency,Good,50.01,
1152,2026-09-15 23:38:20.906,EM-01,em01.demand,Good,117,
1153,2026-09-15 23:38:20.906,EM-01,em01.energyF64,Good,42.624555555556,
1154,2026-09-15 23:38:20.906,EM-01,em01.unbalance,Good,1.052632,
1155,2026-09-15 23:38:20.918,ENV-01,env01.dewPoint,Good,14.8,
1156,2026-09-15 23:38:20.918,ENV-01,env01.noise,Good,74,
1157,2026-09-15 23:38:20.918,ENV-01,env01.pm25,Good,39,
1158,2026-09-15 23:38:20.918,ENV-01,env01.illuminance,Good,489,
1159,2026-09-15 23:38:20.918,ENV-01,env01.tempFluctuation,Good,12.66909,
1160,2026-09-15 23:38:20.927,GW-LINE-B,mtc01.actualTemp,Good,99.3,
1161,2026-09-15 23:38:20.927,GW-LINE-B,mtc01.pumpPressure,Good,5,
1162,2026-09-15 23:38:20.927,GW-LINE-B,mtc01.pumpFlow,Good,39,
1163,2026-09-15 23:38:20.927,GW-LINE-B,mtc01.pumpCurrent,Good,5.1,
1164,2026-09-15 23:38:20.927,GW-LINE-B,mtc01.heatPower,Good,5,
1165,2026-09-15 23:38:20.927,GW-LINE-B,mtc01.outletTemp,Good,99.8,
1166,2026-09-15 23:38:20.927,GW-LINE-B,mtc01.tempAvg,Good,992.5243,
1167,2026-09-15 23:38:20.935,GW-LINE-B,dry01.dewPoint,Good,-35,
1168,2026-09-15 23:38:20.935,GW-LINE-B,dry01.heatPower,Good,8,
1169,2026-09-15 23:38:20.935,GW-LINE-B,dry01.fanCurrent,Good,2,
1170,2026-09-15 23:38:20.937,GW-LINE-B,dry01.levelTrend,Good,-3.742201,
1171,2026-09-15 23:38:20.943,GW-LINE-B,rob01.cycleTime,Good,2.7,
1172,2026-09-15 23:38:20.943,GW-LINE-B,rob01.trajectory,Good,8.293633,
1173,2026-09-15 23:38:21.037,IM-01,im01.prodTime,Good,09/15/2026 23:38:21,
1174,2026-09-15 23:38:21.537,IM-01,im01.barrel1Temp,Good,194.1,
1175,2026-09-15 23:38:21.537,IM-01,im01.moldTemp,Good,84.6,
1176,2026-09-15 23:38:21.537,IM-01,im01.oilTemp,Good,44.5,
1177,2026-09-15 23:38:21.537,IM-01,im01.energyTotal,Good,1.58241666666733,
1178,2026-09-15 23:38:21.907,EM-01,em01.totalEnergy,Good,4201.79,
1179,2026-09-15 23:38:21.907,EM-01,em01.forwardEnergy,Good,4201.79,
1180,2026-09-15 23:38:21.907,EM-01,em01.voltageA,Good,379,
1181,2026-09-15 23:38:21.907,EM-01,em01.voltageB,Good,379,
1182,2026-09-15 23:38:21.907,EM-01,em01.voltageC,Good,374,
1183,2026-09-15 23:38:21.907,EM-01,em01.currentA,Good,178.7,
1184,2026-09-15 23:38:21.907,EM-01,em01.activePower,Good,97,
1185,2026-09-15 23:38:21.907,EM-01,em01.reactivePower,Good,30,
1186,2026-09-15 23:38:21.907,EM-01,em01.powerFactor,Good,0.926,
1187,2026-09-15 23:38:21.907,EM-01,em01.demand,Good,97,
1188,2026-09-15 23:38:21.907,EM-01,em01.energyF64,Good,42.6566944444449,
1189,2026-09-15 23:38:21.907,EM-01,em01.unbalance,Good,1.315789,
1190,2026-09-15 23:38:21.919,ENV-01,env01.noise,Good,76,
1191,2026-09-15 23:38:21.919,ENV-01,env01.pm25,Good,37,
1192,2026-09-15 23:38:21.919,ENV-01,env01.pressureDiff,Good,7,
1193,2026-09-15 23:38:21.919,ENV-01,env01.illuminance,Good,367,
1194,2026-09-15 23:38:21.919,ENV-01,env01.tempFluctuation,Good,12.011,
1195,2026-09-15 23:38:21.929,GW-LINE-B,mtc01.actualTemp,Good,99.4,
1196,2026-09-15 23:38:21.929,GW-LINE-B,mtc01.pumpPressure,Good,4,
1197,2026-09-15 23:38:21.929,GW-LINE-B,mtc01.pumpFlow,Good,23,
1198,2026-09-15 23:38:21.929,GW-LINE-B,mtc01.pumpCurrent,Good,4.5,
1199,2026-09-15 23:38:21.929,GW-LINE-B,mtc01.heatPower,Good,8,
1200,2026-09-15 23:38:21.929,GW-LINE-B,mtc01.outletTemp,Good,99.9,
1201,2026-09-15 23:38:21.929,GW-LINE-B,mtc01.tempAvg,Good,993.6821,
1202,2026-09-15 23:38:21.938,GW-LINE-B,dry01.dewPoint,Good,-34.3,
1203,2026-09-15 23:38:21.938,GW-LINE-B,dry01.fanCurrent,Good,1.6,
1204,2026-09-15 23:38:21.940,GW-LINE-B,dry01.levelTrend,Good,-3.773239,
1205,2026-09-15 23:38:21.946,GW-LINE-B,rob01.cycleTime,Good,2.9,
1206,2026-09-15 23:38:21.946,GW-LINE-B,rob01.trajectory,Good,7.962818,
1207,2026-09-15 23:38:22.042,IM-01,im01.prodTime,Good,09/15/2026 23:38:22,
1208,2026-09-15 23:38:22.514,IM-01,im01.clampForceDev,Good,-44,
1209,2026-09-15 23:38:22.538,IM-01,im01.barrel1Temp,Good,194.5,
1210,2026-09-15 23:38:22.538,IM-01,im01.moldTemp,Good,84.5,
1211,2026-09-15 23:38:22.538,IM-01,im01.oilTemp,Good,44.4,
1212,2026-09-15 23:38:22.538,IM-01,im01.energyTotal,Good,1.58325000000066,
1213,2026-09-15 23:38:22.908,EM-01,em01.totalEnergy,Good,4205.03,
1214,2026-09-15 23:38:22.908,EM-01,em01.forwardEnergy,Good,4205.03,
1215,2026-09-15 23:38:22.908,EM-01,em01.voltageA,Good,384,
1216,2026-09-15 23:38:22.908,EM-01,em01.voltageB,Good,384,
1217,2026-09-15 23:38:22.908,EM-01,em01.voltageC,Good,383,
1218,2026-09-15 23:38:22.908,EM-01,em01.currentA,Good,172.3,
1219,2026-09-15 23:38:22.908,EM-01,em01.activePower,Good,127,
1220,2026-09-15 23:38:22.908,EM-01,em01.reactivePower,Good,35,
1221,2026-09-15 23:38:22.908,EM-01,em01.powerFactor,Good,0.931,
1222,2026-09-15 23:38:22.908,EM-01,em01.frequency,Good,49.9,
1223,2026-09-15 23:38:22.908,EM-01,em01.demand,Good,127,
1224,2026-09-15 23:38:22.908,EM-01,em01.energyF64,Good,42.6896666666671,
1225,2026-09-15 23:38:22.908,EM-01,em01.unbalance,Good,0.2631579,
1226,2026-09-15 23:38:22.919,ENV-01,env01.dewPoint,Good,14.9,
1227,2026-09-15 23:38:22.919,ENV-01,env01.noise,Good,74,
1228,2026-09-15 23:38:22.919,ENV-01,env01.pm25,Good,39,
1229,2026-09-15 23:38:22.919,ENV-01,env01.pressureDiff,Good,3,
1230,2026-09-15 23:38:22.919,ENV-01,env01.illuminance,Good,447,
1231,2026-09-15 23:38:22.919,ENV-01,env01.tempFluctuation,Good,12.71125,
1232,2026-09-15 23:38:22.930,GW-LINE-B,mtc01.actualTemp,Good,99.2,
1233,2026-09-15 23:38:22.930,GW-LINE-B,mtc01.pumpPressure,Good,5,
1234,2026-09-15 23:38:22.930,GW-LINE-B,mtc01.pumpFlow,Good,40,
1235,2026-09-15 23:38:22.930,GW-LINE-B,mtc01.pumpCurrent,Good,4.6,
1236,2026-09-15 23:38:22.930,GW-LINE-B,mtc01.heatPower,Good,3,
1237,2026-09-15 23:38:22.930,GW-LINE-B,mtc01.outletTemp,Good,99.7,
1238,2026-09-15 23:38:22.930,GW-LINE-B,mtc01.tempAvg,Good,992.0298,
1239,2026-09-15 23:38:22.939,GW-LINE-B,dry01.dewPoint,Good,-34.9,
1240,2026-09-15 23:38:22.939,GW-LINE-B,dry01.materialLevel,Good,46,
1241,2026-09-15 23:38:22.939,GW-LINE-B,dry01.heatPower,Good,5,
1242,2026-09-15 23:38:22.939,GW-LINE-B,dry01.fanCurrent,Good,1.4,
1243,2026-09-15 23:38:22.941,GW-LINE-B,dry01.levelTrend,Good,-3.802866,
1244,2026-09-15 23:38:22.947,GW-LINE-B,rob01.cycleTime,Good,2.8,
1245,2026-09-15 23:38:22.947,GW-LINE-B,rob01.trajectory,Good,8.131939,
1246,2026-09-15 23:38:23.043,IM-01,im01.prodTime,Good,09/15/2026 23:38:23,
1247,2026-09-15 23:38:23.538,IM-01,im01.oilTemp,Good,44.6,
1248,2026-09-15 23:38:23.538,IM-01,im01.energyTotal,Good,1.584083333334,
1249,2026-09-15 23:38:23.893,ENV-01,env01.runSeconds,Good,13568,
1250,2026-09-15 23:38:23.893,ENV-01,env01.sampleTime,Good,09/15/2026 23:38:23,
1251,2026-09-15 23:38:23.894,GW-LINE-B,mtc01.runSeconds,Good,13568,
1252,2026-09-15 23:38:23.894,GW-LINE-B,mtc01.energyTotal,Good,2.02491666666668,
1253,2026-09-15 23:38:23.896,GW-LINE-B,mtc01.tempDeviation,Good,-0.7,
1254,2026-09-15 23:38:23.897,ENV-01,env01.tempDeviation,Good,-0.1,
1255,2026-09-15 23:38:23.902,GW-LINE-B,dry01.drySeconds,Good,12944,
1256,2026-09-15 23:38:23.902,GW-LINE-B,dry01.energyTotal,Good,2.08197222222226,
1257,2026-09-15 23:38:23.903,EM-01,em01.readTime,Good,09/15/2026 23:38:23,
1258,2026-09-15 23:38:23.904,GW-LINE-B,dry01.dewDeviation,Good,0.4,
1259,2026-09-15 23:38:23.908,EM-01,em01.totalEnergy,Good,4208.39,
1260,2026-09-15 23:38:23.908,EM-01,em01.forwardEnergy,Good,4208.39,
1261,2026-09-15 23:38:23.908,EM-01,em01.voltageA,Good,381,
1262,2026-09-15 23:38:23.908,EM-01,em01.voltageB,Good,380,
1263,2026-09-15 23:38:23.908,EM-01,em01.voltageC,Good,376,
1264,2026-09-15 23:38:23.908,EM-01,em01.currentA,Good,128.6,
1265,2026-09-15 23:38:23.908,EM-01,em01.activePower,Good,125,
1266,2026-09-15 23:38:23.908,EM-01,em01.reactivePower,Good,39,
1267,2026-09-15 23:38:23.908,EM-01,em01.powerFactor,Good,0.865,
1268,2026-09-15 23:38:23.908,EM-01,em01.frequency,Good,50.06,
1269,2026-09-15 23:38:23.908,EM-01,em01.demand,Good,125,
1270,2026-09-15 23:38:23.908,EM-01,em01.energyF64,Good,42.7237777777782,
1271,2026-09-15 23:38:23.908,EM-01,em01.unbalance,Good,1.315789,
1272,2026-09-15 23:38:23.909,GW-LINE-B,rob01.runSeconds,Good,13568,
1273,2026-09-15 23:38:23.911,GW-LINE-B,rob01.energyTotal,Good,1.8854444444444,
1274,2026-09-15 23:38:23.919,ENV-01,env01.roomTemp,Good,23.9,
1275,2026-09-15 23:38:23.919,ENV-01,env01.humidity,Good,55,
1276,2026-09-15 23:38:23.919,ENV-01,env01.noise,Good,78,
1277,2026-09-15 23:38:23.919,ENV-01,env01.pm25,Good,42,
1278,2026-09-15 23:38:23.919,ENV-01,env01.pressureDiff,Good,6,
1279,2026-09-15 23:38:23.919,ENV-01,env01.illuminance,Good,427,
1280,2026-09-15 23:38:23.919,ENV-01,env01.tempFluctuation,Good,11.65916,
1281,2026-09-15 23:38:23.929,GW-LINE-B,mtc01.actualTemp,Good,99.3,
1282,2026-09-15 23:38:23.929,GW-LINE-B,mtc01.pumpFlow,Good,31,
1283,2026-09-15 23:38:23.929,GW-LINE-B,mtc01.pumpCurrent,Good,5.9,
1284,2026-09-15 23:38:23.929,GW-LINE-B,mtc01.heatPower,Good,6,
1285,2026-09-15 23:38:23.929,GW-LINE-B,mtc01.outletTemp,Good,99.8,
1286,2026-09-15 23:38:23.929,GW-LINE-B,mtc01.tempAvg,Good,992.9344,
1287,2026-09-15 23:38:23.937,GW-LINE-B,dry01.dewPoint,Good,-34.4,
1288,2026-09-15 23:38:23.937,GW-LINE-B,dry01.heatPower,Good,8,
1289,2026-09-15 23:38:23.937,GW-LINE-B,dry01.fanCurrent,Good,2,
1290,2026-09-15 23:38:23.939,GW-LINE-B,dry01.levelTrend,Good,-3.83469,
1291,2026-09-15 23:38:23.945,GW-LINE-B,rob01.cycleTime,Good,2.7,
1292,2026-09-15 23:38:23.945,GW-LINE-B,rob01.trajectory,Good,8.069006,
1293,2026-09-15 23:38:24.043,IM-01,im01.prodTime,Good,09/15/2026 23:38:24,
1294,2026-09-15 23:38:24.539,IM-01,im01.oilTemp,Good,44.2,
1295,2026-09-15 23:38:24.539,IM-01,im01.energyTotal,Good,1.58491666666733,
1296,2026-09-15 23:38:24.908,EM-01,em01.totalEnergy,Good,4211.44,
1297,2026-09-15 23:38:24.908,EM-01,em01.forwardEnergy,Good,4211.44,
1298,2026-09-15 23:38:24.908,EM-01,em01.voltageA,Good,376,
1299,2026-09-15 23:38:24.908,EM-01,em01.voltageB,Good,381,
1300,2026-09-15 23:38:24.908,EM-01,em01.voltageC,Good,377,
1301,2026-09-15 23:38:24.908,EM-01,em01.currentA,Good,166.6,
1302,2026-09-15 23:38:24.908,EM-01,em01.activePower,Good,117,
1303,2026-09-15 23:38:24.908,EM-01,em01.reactivePower,Good,24,
1304,2026-09-15 23:38:24.908,EM-01,em01.powerFactor,Good,0.919,
1305,2026-09-15 23:38:24.908,EM-01,em01.frequency,Good,49.92,
1306,2026-09-15 23:38:24.908,EM-01,em01.demand,Good,117,
1307,2026-09-15 23:38:24.908,EM-01,em01.energyF64,Good,42.7548333333337,
1308,2026-09-15 23:38:24.920,ENV-01,env01.roomTemp,Good,24,
1309,2026-09-15 23:38:24.920,ENV-01,env01.humidity,Good,54,
1310,2026-09-15 23:38:24.920,ENV-01,env01.noise,Good,77,
1311,2026-09-15 23:38:24.920,ENV-01,env01.pm25,Good,60,
1312,2026-09-15 23:38:24.920,ENV-01,env01.pressureDiff,Good,-3,
1313,2026-09-15 23:38:24.920,ENV-01,env01.illuminance,Good,379,
1314,2026-09-15 23:38:24.920,ENV-01,env01.tempFluctuation,Good,12.07872,
1315,2026-09-15 23:38:24.929,GW-LINE-B,mtc01.actualTemp,Good,99.4,
1316,2026-09-15 23:38:24.929,GW-LINE-B,mtc01.pumpPressure,Good,3,
1317,2026-09-15 23:38:24.929,GW-LINE-B,mtc01.pumpFlow,Good,40,
1318,2026-09-15 23:38:24.929,GW-LINE-B,mtc01.pumpCurrent,Good,3,
1319,2026-09-15 23:38:24.929,GW-LINE-B,mtc01.outletTemp,Good,99.9,
1320,2026-09-15 23:38:24.929,GW-LINE-B,mtc01.tempAvg,Good,994.4061,
1321,2026-09-15 23:38:24.937,GW-LINE-B,dry01.dewPoint,Good,-33.8,
1322,2026-09-15 23:38:24.937,GW-LINE-B,dry01.heatPower,Good,6,
1323,2026-09-15 23:38:24.937,GW-LINE-B,dry01.fanCurrent,Good,0.8,
1324,2026-09-15 23:38:24.939,GW-LINE-B,dry01.levelTrend,Good,-3.863142,
1325,2026-09-15 23:38:24.945,GW-LINE-B,rob01.cycleTime,Good,2.8,
1326,2026-09-15 23:38:24.945,GW-LINE-B,rob01.trajectory,Good,7.898216,
1327,2026-09-15 23:38:25.044,IM-01,im01.prodTime,Good,09/15/2026 23:38:25,
1328,2026-09-15 23:38:25.539,IM-01,im01.moldTemp,Good,84.6,
1329,2026-09-15 23:38:25.539,IM-01,im01.oilTemp,Good,44.4,
1330,2026-09-15 23:38:25.539,IM-01,im01.energyTotal,Good,1.58575000000067,
1331,2026-09-15 23:38:25.909,EM-01,em01.totalEnergy,Good,4214.63,
1332,2026-09-15 23:38:25.909,EM-01,em01.forwardEnergy,Good,4214.63,
1333,2026-09-15 23:38:25.909,EM-01,em01.voltageA,Good,379,
1334,2026-09-15 23:38:25.909,EM-01,em01.voltageB,Good,379,
1335,2026-09-15 23:38:25.909,EM-01,em01.voltageC,Good,379,
1336,2026-09-15 23:38:25.909,EM-01,em01.currentA,Good,171.7,
1337,2026-09-15 23:38:25.909,EM-01,em01.activePower,Good,121,
1338,2026-09-15 23:38:25.909,EM-01,em01.reactivePower,Good,30,
1339,2026-09-15 23:38:25.909,EM-01,em01.powerFactor,Good,0.875,
1340,2026-09-15 23:38:25.909,EM-01,em01.frequency,Good,50.05,
1341,2026-09-15 23:38:25.909,EM-01,em01.demand,Good,121,
1342,2026-09-15 23:38:25.909,EM-01,em01.energyF64,Good,42.7872777777782,
1343,2026-09-15 23:38:25.909,EM-01,em01.unbalance,Good,0,
1344,2026-09-15 23:38:25.920,ENV-01,env01.humidity,Good,55,
1345,2026-09-15 23:38:25.920,ENV-01,env01.dewPoint,Good,15.1,
1346,2026-09-15 23:38:25.920,ENV-01,env01.noise,Good,78,
1347,2026-09-15 23:38:25.920,ENV-01,env01.pm25,Good,25,
1348,2026-09-15 23:38:25.920,ENV-01,env01.pressureDiff,Good,11,
1349,2026-09-15 23:38:25.920,ENV-01,env01.illuminance,Good,316,
1350,2026-09-15 23:38:25.920,ENV-01,env01.tempFluctuation,Good,11.99544,
1351,2026-09-15 23:38:25.930,GW-LINE-B,mtc01.actualTemp,Good,99.5,
1352,2026-09-15 23:38:25.930,GW-LINE-B,mtc01.pumpPressure,Good,2,
1353,2026-09-15 23:38:25.930,GW-LINE-B,mtc01.pumpFlow,Good,37,
1354,2026-09-15 23:38:25.930,GW-LINE-B,mtc01.pumpCurrent,Good,4.8,
1355,2026-09-15 23:38:25.930,GW-LINE-B,mtc01.heatPower,Good,5,
1356,2026-09-15 23:38:25.930,GW-LINE-B,mtc01.outletTemp,Good,100,
1357,2026-09-15 23:38:25.930,GW-LINE-B,mtc01.tempAvg,Good,995.1189,
1358,2026-09-15 23:38:25.938,GW-LINE-B,dry01.dewPoint,Good,-34.4,
1359,2026-09-15 23:38:25.938,GW-LINE-B,dry01.heatPower,Good,5,
1360,2026-09-15 23:38:25.938,GW-LINE-B,dry01.fanCurrent,Good,1.9,
1361,2026-09-15 23:38:25.940,GW-LINE-B,dry01.levelTrend,Good,-3.898716,
1362,2026-09-15 23:38:25.946,GW-LINE-B,rob01.cycleTime,Good,3.2,
1363,2026-09-15 23:38:25.946,GW-LINE-B,rob01.trajectory,Good,8.125702,
1364,2026-09-15 23:38:26.046,IM-01,im01.prodTime,Good,09/15/2026 23:38:26,
1365,2026-09-15 23:38:26.540,IM-01,im01.moldTemp,Good,84.5,
1366,2026-09-15 23:38:26.540,IM-01,im01.oilTemp,Good,44.5,
1367,2026-09-15 23:38:26.540,IM-01,im01.energyTotal,Good,1.586583333334,
1368,2026-09-15 23:38:26.909,EM-01,em01.totalEnergy,Good,4217.79,
1369,2026-09-15 23:38:26.909,EM-01,em01.forwardEnergy,Good,4217.79,
1370,2026-09-15 23:38:26.909,EM-01,em01.voltageA,Good,381,
1371,2026-09-15 23:38:26.909,EM-01,em01.voltageB,Good,382,
1372,2026-09-15 23:38:26.909,EM-01,em01.voltageC,Good,374,
1373,2026-09-15 23:38:26.909,EM-01,em01.currentA,Good,162.3,
1374,2026-09-15 23:38:26.909,EM-01,em01.activePower,Good,102,
1375,2026-09-15 23:38:26.909,EM-01,em01.reactivePower,Good,26,
1376,2026-09-15 23:38:26.909,EM-01,em01.powerFactor,Good,0.892,
1377,2026-09-15 23:38:26.909,EM-01,em01.frequency,Good,50,
1378,2026-09-15 23:38:26.909,EM-01,em01.demand,Good,102,
1379,2026-09-15 23:38:26.909,EM-01,em01.energyF64,Good,42.819305555556,
1380,2026-09-15 23:38:26.909,EM-01,em01.unbalance,Good,2.105263,
1381,2026-09-15 23:38:26.921,ENV-01,env01.humidity,Good,56,
1382,2026-09-15 23:38:26.921,ENV-01,env01.dewPoint,Good,15.2,
1383,2026-09-15 23:38:26.921,ENV-01,env01.noise,Good,72,
1384,2026-09-15 23:38:26.921,ENV-01,env01.pm25,Good,29,
1385,2026-09-15 23:38:26.921,ENV-01,env01.pressureDiff,Good,0,
1386,2026-09-15 23:38:26.921,ENV-01,env01.illuminance,Good,334,
1387,2026-09-15 23:38:26.921,ENV-01,env01.tempFluctuation,Good,12.8075,
1388,2026-09-15 23:38:26.930,GW-LINE-B,mtc01.actualTemp,Good,99.6,
1389,2026-09-15 23:38:26.930,GW-LINE-B,mtc01.pumpFlow,Good,19,
1390,2026-09-15 23:38:26.930,GW-LINE-B,mtc01.heatPower,Good,6,
1391,2026-09-15 23:38:26.930,GW-LINE-B,mtc01.outletTemp,Good,100.1,
1392,2026-09-15 23:38:26.930,GW-LINE-B,mtc01.tempAvg,Good,996.4391,
1393,2026-09-15 23:38:26.938,GW-LINE-B,dry01.dewPoint,Good,-34.7,
1394,2026-09-15 23:38:26.938,GW-LINE-B,dry01.materialLevel,Good,45,
1395,2026-09-15 23:38:26.938,GW-LINE-B,dry01.heatPower,Good,3,
1396,2026-09-15 23:38:26.938,GW-LINE-B,dry01.fanCurrent,Good,1.7,
1397,2026-09-15 23:38:26.940,GW-LINE-B,dry01.levelTrend,Good,-3.932111,
1398,2026-09-15 23:38:26.946,GW-LINE-B,rob01.trajectory,Good,8.075707,
1399,2026-09-15 23:38:27.048,IM-01,im01.prodTime,Good,09/15/2026 23:38:27,
1400,2026-09-15 23:38:27.515,IM-01,im01.clampForceDev,Good,-32,
1401,2026-09-15 23:38:27.540,IM-01,im01.oilTemp,Good,44.6,
1402,2026-09-15 23:38:27.540,IM-01,im01.energyTotal,Good,1.58741666666733,
1403,2026-09-15 23:38:27.910,EM-01,em01.totalEnergy,Good,4220.81,
1404,2026-09-15 23:38:27.910,EM-01,em01.forwardEnergy,Good,4220.81,
1405,2026-09-15 23:38:27.910,EM-01,em01.voltageA,Good,384,
1406,2026-09-15 23:38:27.910,EM-01,em01.voltageB,Good,378,
1407,2026-09-15 23:38:27.910,EM-01,em01.voltageC,Good,383,
1408,2026-09-15 23:38:27.910,EM-01,em01.currentA,Good,164.2,
1409,2026-09-15 23:38:27.910,EM-01,em01.activePower,Good,112,
1410,2026-09-15 23:38:27.910,EM-01,em01.reactivePower,Good,33,
1411,2026-09-15 23:38:27.910,EM-01,em01.powerFactor,Good,0.882,
1412,2026-09-15 23:38:27.910,EM-01,em01.frequency,Good,50.08,
1413,2026-09-15 23:38:27.910,EM-01,em01.demand,Good,112,
1414,2026-09-15 23:38:27.910,EM-01,em01.energyF64,Good,42.8498888888893,
1415,2026-09-15 23:38:27.910,EM-01,em01.unbalance,Good,1.578947,
1416,2026-09-15 23:38:27.921,ENV-01,env01.roomTemp,Good,23.9,
1417,2026-09-15 23:38:27.921,ENV-01,env01.dewPoint,Good,15.3,
1418,2026-09-15 23:38:27.921,ENV-01,env01.noise,Good,78,
1419,2026-09-15 23:38:27.921,ENV-01,env01.pm25,Good,44,
1420,2026-09-15 23:38:27.921,ENV-01,env01.pressureDiff,Good,-2,
1421,2026-09-15 23:38:27.921,ENV-01,env01.illuminance,Good,300,
1422,2026-09-15 23:38:27.921,ENV-01,env01.tempFluctuation,Good,12.19074,
1423,2026-09-15 23:38:27.930,GW-LINE-B,mtc01.actualTemp,Good,99.3,
1424,2026-09-15 23:38:27.930,GW-LINE-B,mtc01.pumpPressure,Good,5,
1425,2026-09-15 23:38:27.930,GW-LINE-B,mtc01.pumpFlow,Good,20,
1426,2026-09-15 23:38:27.930,GW-LINE-B,mtc01.pumpCurrent,Good,3.5,
1427,2026-09-15 23:38:27.930,GW-LINE-B,mtc01.outletTemp,Good,99.8,
1428,2026-09-15 23:38:27.930,GW-LINE-B,mtc01.tempAvg,Good,993.1093,
1429,2026-09-15 23:38:27.938,GW-LINE-B,dry01.dewPoint,Good,-35,
1430,2026-09-15 23:38:27.938,GW-LINE-B,dry01.fanCurrent,Good,1.4,
1431,2026-09-15 23:38:27.940,GW-LINE-B,dry01.levelTrend,Good,-3.964096,
1432,2026-09-15 23:38:27.946,GW-LINE-B,rob01.cycleTime,Good,2.8,
1433,2026-09-15 23:38:27.946,GW-LINE-B,rob01.trajectory,Good,8.271393,
1434,2026-09-15 23:38:28.049,IM-01,im01.prodTime,Good,09/15/2026 23:38:28,
1435,2026-09-15 23:38:28.541,IM-01,im01.oilTemp,Good,44.7,
1436,2026-09-15 23:38:28.541,IM-01,im01.energyTotal,Good,1.58825000000067,
1437,2026-09-15 23:38:28.893,ENV-01,env01.runSeconds,Good,13618,
1438,2026-09-15 23:38:28.893,ENV-01,env01.sampleTime,Good,09/15/2026 23:38:28,
1439,2026-09-15 23:38:28.895,GW-LINE-B,mtc01.runSeconds,Good,13618,
1440,2026-09-15 23:38:28.895,GW-LINE-B,mtc01.energyTotal,Good,2.03250000000001,
1441,2026-09-15 23:38:28.897,GW-LINE-B,mtc01.tempDeviation,Good,-0.6,
1442,2026-09-15 23:38:28.897,ENV-01,env01.tempDeviation,Good,0,
1443,2026-09-15 23:38:28.903,EM-01,em01.readTime,Good,09/15/2026 23:38:28,
1444,2026-09-15 23:38:28.903,GW-LINE-B,dry01.drySeconds,Good,12994,
1445,2026-09-15 23:38:28.903,GW-LINE-B,dry01.energyTotal,Good,2.08952777777782,
1446,2026-09-15 23:38:28.905,GW-LINE-B,dry01.dewDeviation,Good,0.1,
1447,2026-09-15 23:38:28.914,EM-01,em01.totalEnergy,Good,4223.93,
1448,2026-09-15 23:38:28.914,EM-01,em01.forwardEnergy,Good,4223.93,
1449,2026-09-15 23:38:28.914,EM-01,em01.voltageA,Good,382,
1450,2026-09-15 23:38:28.914,EM-01,em01.voltageB,Good,379,
1451,2026-09-15 23:38:28.914,EM-01,em01.voltageC,Good,384,
1452,2026-09-15 23:38:28.914,EM-01,em01.currentA,Good,174.3,
1453,2026-09-15 23:38:28.914,EM-01,em01.activePower,Good,109,
1454,2026-09-15 23:38:28.914,EM-01,em01.frequency,Good,50,
1455,2026-09-15 23:38:28.914,EM-01,em01.demand,Good,109,
1456,2026-09-15 23:38:28.914,EM-01,em01.energyF64,Good,42.881555555556,
1457,2026-09-15 23:38:28.914,EM-01,em01.unbalance,Good,1.315789,
1458,2026-09-15 23:38:28.917,GW-LINE-B,rob01.runSeconds,Good,13618,
1459,2026-09-15 23:38:28.920,GW-LINE-B,rob01.energyTotal,Good,1.89255555555551,
1460,2026-09-15 23:38:28.923,ENV-01,env01.roomTemp,Good,24,
1461,2026-09-15 23:38:28.923,ENV-01,env01.humidity,Good,55,
1462,2026-09-15 23:38:28.923,ENV-01,env01.dewPoint,Good,15.1,
1463,2026-09-15 23:38:28.924,ENV-01,env01.noise,Good,76,
1464,2026-09-15 23:38:28.924,ENV-01,env01.pm25,Good,46,
1465,2026-09-15 23:38:28.924,ENV-01,env01.pressureDiff,Good,2,
1466,2026-09-15 23:38:28.924,ENV-01,env01.illuminance,Good,331,
1467,2026-09-15 23:38:28.924,ENV-01,env01.tempFluctuation,Good,12.89878,
1468,2026-09-15 23:38:28.932,GW-LINE-B,mtc01.actualTemp,Good,99.5,
1469,2026-09-15 23:38:28.932,GW-LINE-B,mtc01.pumpPressure,Good,2,
1470,2026-09-15 23:38:28.932,GW-LINE-B,mtc01.pumpFlow,Good,22,
1471,2026-09-15 23:38:28.932,GW-LINE-B,mtc01.pumpCurrent,Good,5.2,
1472,2026-09-15 23:38:28.932,GW-LINE-B,mtc01.outletTemp,Good,100,
1473,2026-09-15 23:38:28.932,GW-LINE-B,mtc01.tempAvg,Good,994.9671,
1474,2026-09-15 23:38:28.939,GW-LINE-B,dry01.heatPower,Good,4,
1475,2026-09-15 23:38:28.939,GW-LINE-B,dry01.fanCurrent,Good,1.6,
1476,2026-09-15 23:38:28.941,GW-LINE-B,dry01.levelTrend,Good,-3.996067,
1477,2026-09-15 23:38:28.947,GW-LINE-B,rob01.cycleTime,Good,2.7,
1478,2026-09-15 23:38:28.947,GW-LINE-B,rob01.trajectory,Good,7.722301,
1479,2026-09-15 23:38:29.050,IM-01,im01.prodTime,Good,09/15/2026 23:38:29,
1480,2026-09-15 23:38:29.541,IM-01,im01.oilTemp,Good,44.6,
1481,2026-09-15 23:38:29.541,IM-01,im01.energyTotal,Good,1.589083333334,
1482,2026-09-15 23:38:29.910,EM-01,em01.totalEnergy,Good,4227.03,
1483,2026-09-15 23:38:29.910,EM-01,em01.forwardEnergy,Good,4227.03,
1484,2026-09-15 23:38:29.910,EM-01,em01.voltageA,Good,375,
1485,2026-09-15 23:38:29.910,EM-01,em01.voltageB,Good,386,
1486,2026-09-15 23:38:29.910,EM-01,em01.voltageC,Good,378,
1487,2026-09-15 23:38:29.910,EM-01,em01.currentA,Good,146.7,
1488,2026-09-15 23:38:29.910,EM-01,em01.activePower,Good,116,
1489,2026-09-15 23:38:29.910,EM-01,em01.reactivePower,Good,35,
1490,2026-09-15 23:38:29.910,EM-01,em01.powerFactor,Good,0.916,
1491,2026-09-15 23:38:29.910,EM-01,em01.frequency,Good,50.05,
1492,2026-09-15 23:38:29.910,EM-01,em01.demand,Good,116,
1493,2026-09-15 23:38:29.910,EM-01,em01.energyF64,Good,42.9129444444449,
1494,2026-09-15 23:38:29.910,EM-01,em01.unbalance,Good,2.894737,
1495,2026-09-15 23:38:29.922,ENV-01,env01.dewPoint,Good,15,
1496,2026-09-15 23:38:29.922,ENV-01,env01.pm25,Good,24,
1497,2026-09-15 23:38:29.922,ENV-01,env01.pressureDiff,Good,10,
1498,2026-09-15 23:38:29.922,ENV-01,env01.illuminance,Good,340,
1499,2026-09-15 23:38:29.922,ENV-01,env01.tempFluctuation,Good,12.43956,
1500,2026-09-15 23:38:29.932,GW-LINE-B,mtc01.actualTemp,Good,99.6,
1501,2026-09-15 23:38:29.932,GW-LINE-B,mtc01.pumpPressure,Good,3,
1502,2026-09-15 23:38:29.932,GW-LINE-B,mtc01.pumpFlow,Good,30,
1503,2026-09-15 23:38:29.932,GW-LINE-B,mtc01.heatPower,Good,4,
1504,2026-09-15 23:38:29.932,GW-LINE-B,mtc01.outletTemp,Good,100.1,
1505,2026-09-15 23:38:29.932,GW-LINE-B,mtc01.tempAvg,Good,996.0776,
1506,2026-09-15 23:38:29.940,GW-LINE-B,dry01.dewPoint,Good,-34.6,
1507,2026-09-15 23:38:29.940,GW-LINE-B,dry01.materialLevel,Good,44,
1508,2026-09-15 23:38:29.940,GW-LINE-B,dry01.heatPower,Good,8,
1509,2026-09-15 23:38:29.940,GW-LINE-B,dry01.fanCurrent,Good,1.4,
1510,2026-09-15 23:38:29.941,GW-LINE-B,dry01.levelTrend,Good,-4.026844,
1511,2026-09-15 23:38:29.947,GW-LINE-B,rob01.trajectory,Good,8.197624,
1512,2026-09-15 23:38:30.052,IM-01,im01.prodTime,Good,09/15/2026 23:38:30,
1513,2026-09-15 23:38:30.541,IM-01,im01.oilTemp,Good,44.7,
1514,2026-09-15 23:38:30.541,IM-01,im01.energyTotal,Good,1.58991666666734,
1515,2026-09-15 23:38:30.910,EM-01,em01.totalEnergy,Good,4230.38,
1516,2026-09-15 23:38:30.910,EM-01,em01.forwardEnergy,Good,4230.38,
1517,2026-09-15 23:38:30.910,EM-01,em01.voltageA,Good,376,
1518,2026-09-15 23:38:30.910,EM-01,em01.voltageB,Good,383,
1519,2026-09-15 23:38:30.910,EM-01,em01.voltageC,Good,376,
1520,2026-09-15 23:38:30.910,EM-01,em01.currentA,Good,144.4,
1521,2026-09-15 23:38:30.910,EM-01,em01.activePower,Good,115,
1522,2026-09-15 23:38:30.910,EM-01,em01.reactivePower,Good,30,
1523,2026-09-15 23:38:30.910,EM-01,em01.powerFactor,Good,0.903,
1524,2026-09-15 23:38:30.910,EM-01,em01.frequency,Good,50.06,
1525,2026-09-15 23:38:30.910,EM-01,em01.demand,Good,115,
1526,2026-09-15 23:38:30.910,EM-01,em01.energyF64,Good,42.9469166666671,
1527,2026-09-15 23:38:30.910,EM-01,em01.unbalance,Good,1.842105,
1528,2026-09-15 23:38:30.922,ENV-01,env01.humidity,Good,54,
1529,2026-09-15 23:38:30.922,ENV-01,env01.dewPoint,Good,14.8,
1530,2026-09-15 23:38:30.922,ENV-01,env01.noise,Good,70,
1531,2026-09-15 23:38:30.922,ENV-01,env01.pm25,Good,46,
1532,2026-09-15 23:38:30.922,ENV-01,env01.pressureDiff,Good,0,
1533,2026-09-15 23:38:30.922,ENV-01,env01.illuminance,Good,381,
1534,2026-09-15 23:38:30.922,ENV-01,env01.tempFluctuation,Good,12.15169,
1535,2026-09-15 23:38:30.932,GW-LINE-B,mtc01.actualTemp,Good,99.3,
1536,2026-09-15 23:38:30.932,GW-LINE-B,mtc01.pumpFlow,Good,34,
1537,2026-09-15 23:38:30.932,GW-LINE-B,mtc01.pumpCurrent,Good,3.6,
1538,2026-09-15 23:38:30.932,GW-LINE-B,mtc01.heatPower,Good,6,
1539,2026-09-15 23:38:30.932,GW-LINE-B,mtc01.outletTemp,Good,99.8,
1540,2026-09-15 23:38:30.932,GW-LINE-B,mtc01.tempAvg,Good,993.4472,
1541,2026-09-15 23:38:30.940,GW-LINE-B,dry01.dewPoint,Good,-34.1,
1542,2026-09-15 23:38:30.940,GW-LINE-B,dry01.fanCurrent,Good,0.9,
1543,2026-09-15 23:38:30.942,GW-LINE-B,dry01.levelTrend,Good,-4.05616,
1544,2026-09-15 23:38:30.948,GW-LINE-B,rob01.cycleTime,Good,3.1,
1545,2026-09-15 23:38:30.948,GW-LINE-B,rob01.trajectory,Good,7.750318,
1546,2026-09-15 23:38:31.052,IM-01,im01.prodTime,Good,09/15/2026 23:38:31,
1547,2026-09-15 23:38:31.542,IM-01,im01.oilTemp,Good,44.4,
1548,2026-09-15 23:38:31.542,IM-01,im01.energyTotal,Good,1.59075000000067,
1550,2026-09-15 23:38:31.911,EM-01,em01.totalEnergy,Good,4233.62,
1551,2026-09-15 23:38:31.911,EM-01,em01.forwardEnergy,Good,4233.62,
1552,2026-09-15 23:38:31.911,EM-01,em01.voltageA,Good,379,
1553,2026-09-15 23:38:31.911,EM-01,em01.voltageB,Good,381,
1554,2026-09-15 23:38:31.911,EM-01,em01.voltageC,Good,375,
1555,2026-09-15 23:38:31.911,EM-01,em01.currentA,Good,206.3,
1556,2026-09-15 23:38:31.911,EM-01,em01.activePower,Good,105,
1557,2026-09-15 23:38:31.911,EM-01,em01.reactivePower,Good,32,
1558,2026-09-15 23:38:31.911,EM-01,em01.powerFactor,Good,0.879,
1559,2026-09-15 23:38:31.911,EM-01,em01.frequency,Good,49.91,
1560,2026-09-15 23:38:31.911,EM-01,em01.demand,Good,105,
1561,2026-09-15 23:38:31.911,EM-01,em01.energyF64,Good,42.9796666666671,
1562,2026-09-15 23:38:31.911,EM-01,em01.unbalance,Good,1.578947,
1563,2026-09-15 23:38:31.923,ENV-01,env01.roomTemp,Good,23.8,
1564,2026-09-15 23:38:31.923,ENV-01,env01.humidity,Good,55,
1565,2026-09-15 23:38:31.923,ENV-01,env01.dewPoint,Good,14.9,
1566,2026-09-15 23:38:31.923,ENV-01,env01.noise,Good,76,
1567,2026-09-15 23:38:31.923,ENV-01,env01.pm25,Good,35,
1568,2026-09-15 23:38:31.923,ENV-01,env01.pressureDiff,Good,6,
1569,2026-09-15 23:38:31.923,ENV-01,env01.illuminance,Good,394,
1570,2026-09-15 23:38:31.923,ENV-01,env01.tempFluctuation,Good,12.22286,
1571,2026-09-15 23:38:31.933,GW-LINE-B,mtc01.actualTemp,Good,99.4,
1572,2026-09-15 23:38:31.933,GW-LINE-B,mtc01.pumpPressure,Good,5,
1573,2026-09-15 23:38:31.933,GW-LINE-B,mtc01.pumpFlow,Good,16,
1574,2026-09-15 23:38:31.933,GW-LINE-B,mtc01.pumpCurrent,Good,4.1,
1575,2026-09-15 23:38:31.933,GW-LINE-B,mtc01.outletTemp,Good,99.9,
1576,2026-09-15 23:38:31.933,GW-LINE-B,mtc01.tempAvg,Good,994.2816,
1577,2026-09-15 23:38:31.941,GW-LINE-B,dry01.dewPoint,Good,-34.2,
1578,2026-09-15 23:38:31.941,GW-LINE-B,dry01.heatPower,Good,5,
1579,2026-09-15 23:38:31.941,GW-LINE-B,dry01.fanCurrent,Good,1.6,
1580,2026-09-15 23:38:31.943,GW-LINE-B,dry01.levelTrend,Good,-4.087855,
1581,2026-09-15 23:38:31.949,GW-LINE-B,rob01.cycleTime,Good,3,
1582,2026-09-15 23:38:31.949,GW-LINE-B,rob01.trajectory,Good,8.095469,
1583,2026-09-15 23:38:32.054,IM-01,im01.prodTime,Good,09/15/2026 23:38:32,
1584,2026-09-15 23:38:32.514,IM-01,im01.cavitySetTemp,Good,234,
1585,2026-09-15 23:38:32.516,IM-01,im01.clampForceDev,Good,-48,
1586,2026-09-15 23:38:32.542,IM-01,im01.barrel1Temp,Good,192.4,
1587,2026-09-15 23:38:32.542,IM-01,im01.oilTemp,Good,44.5,
1588,2026-09-15 23:38:32.542,IM-01,im01.energyTotal,Good,1.59158333333401,
1589,2026-09-15 23:38:32.910,EM-01,em01.totalEnergy,Good,4236.78,
1590,2026-09-15 23:38:32.910,EM-01,em01.forwardEnergy,Good,4236.78,
1591,2026-09-15 23:38:32.910,EM-01,em01.voltageA,Good,380,
1592,2026-09-15 23:38:32.910,EM-01,em01.voltageB,Good,379,
1593,2026-09-15 23:38:32.910,EM-01,em01.currentA,Good,133.9,
1594,2026-09-15 23:38:32.910,EM-01,em01.activePower,Good,109,
1595,2026-09-15 23:38:32.910,EM-01,em01.reactivePower,Good,22,
1596,2026-09-15 23:38:32.910,EM-01,em01.powerFactor,Good,0.865,
1597,2026-09-15 23:38:32.910,EM-01,em01.frequency,Good,49.93,
1598,2026-09-15 23:38:32.910,EM-01,em01.demand,Good,109,
1599,2026-09-15 23:38:32.910,EM-01,em01.energyF64,Good,43.0119166666671,
1600,2026-09-15 23:38:32.910,EM-01,em01.unbalance,Good,1.315789,
1601,2026-09-15 23:38:32.923,ENV-01,env01.roomTemp,Good,23.9,
1602,2026-09-15 23:38:32.923,ENV-01,env01.noise,Good,72,
1603,2026-09-15 23:38:32.923,ENV-01,env01.pm25,Good,49,
1604,2026-09-15 23:38:32.923,ENV-01,env01.pressureDiff,Good,0,
1605,2026-09-15 23:38:32.923,ENV-01,env01.illuminance,Good,485,
1606,2026-09-15 23:38:32.923,ENV-01,env01.tempFluctuation,Good,11.93088,
1607,2026-09-15 23:38:32.933,GW-LINE-B,mtc01.pumpPressure,Good,4,
1608,2026-09-15 23:38:32.933,GW-LINE-B,mtc01.pumpFlow,Good,40,
1609,2026-09-15 23:38:32.933,GW-LINE-B,mtc01.pumpCurrent,Good,5.4,
1610,2026-09-15 23:38:32.933,GW-LINE-B,mtc01.heatPower,Good,7,
1611,2026-09-15 23:38:32.933,GW-LINE-B,mtc01.tempAvg,Good,993.871,
1612,2026-09-15 23:38:32.941,GW-LINE-B,dry01.dewPoint,Good,-34.4,
1613,2026-09-15 23:38:32.941,GW-LINE-B,dry01.materialLevel,Good,43,
1614,2026-09-15 23:38:32.941,GW-LINE-B,dry01.heatPower,Good,8,
1615,2026-09-15 23:38:32.941,GW-LINE-B,dry01.fanCurrent,Good,0.9,
1616,2026-09-15 23:38:32.943,GW-LINE-B,dry01.levelTrend,Good,-4.122236,
1617,2026-09-15 23:38:32.949,GW-LINE-B,rob01.cycleTime,Good,3.1,
1618,2026-09-15 23:38:32.949,GW-LINE-B,rob01.trajectory,Good,7.988668,
1619,2026-09-15 23:38:33.055,IM-01,im01.prodTime,Good,09/15/2026 23:38:33,
1620,2026-09-15 23:38:33.543,IM-01,im01.barrel1Temp,Good,191.8,
1621,2026-09-15 23:38:33.543,IM-01,im01.moldTemp,Good,84.6,
1622,2026-09-15 23:38:33.543,IM-01,im01.oilTemp,Good,44.8,
1623,2026-09-15 23:38:33.543,IM-01,im01.energyTotal,Good,1.59241666666734,
1624,2026-09-15 23:38:33.894,EM-01,em01.readTime,Good,09/15/2026 23:38:33,
1625,2026-09-15 23:38:33.896,GW-LINE-B,mtc01.runSeconds,Good,13668,
1626,2026-09-15 23:38:33.896,GW-LINE-B,mtc01.energyTotal,Good,2.03955555555557,
1627,2026-09-15 23:38:33.898,GW-LINE-B,mtc01.tempDeviation,Good,-0.5,
1628,2026-09-15 23:38:33.900,ENV-01,env01.runSeconds,Good,13668,
1629,2026-09-15 23:38:33.900,ENV-01,env01.sampleTime,Good,09/15/2026 23:38:33,
1630,2026-09-15 23:38:33.904,GW-LINE-B,dry01.drySeconds,Good,13044,
1631,2026-09-15 23:38:33.904,ENV-01,env01.tempDeviation,Good,-0.2,
1632,2026-09-15 23:38:33.904,GW-LINE-B,dry01.energyTotal,Good,2.09691666666671,
1633,2026-09-15 23:38:33.906,GW-LINE-B,dry01.dewDeviation,Good,0.6,
1634,2026-09-15 23:38:33.911,GW-LINE-B,rob01.runSeconds,Good,13668,
1635,2026-09-15 23:38:33.911,EM-01,em01.totalEnergy,Good,4240.04,
1636,2026-09-15 23:38:33.911,EM-01,em01.forwardEnergy,Good,4240.04,
1637,2026-09-15 23:38:33.911,EM-01,em01.voltageA,Good,376,
1638,2026-09-15 23:38:33.911,EM-01,em01.voltageB,Good,386,
1639,2026-09-15 23:38:33.911,EM-01,em01.voltageC,Good,379,
1640,2026-09-15 23:38:33.911,EM-01,em01.currentA,Good,120.7,
1641,2026-09-15 23:38:33.911,EM-01,em01.activePower,Good,119,
1642,2026-09-15 23:38:33.911,EM-01,em01.reactivePower,Good,28,
1643,2026-09-15 23:38:33.911,EM-01,em01.powerFactor,Good,0.926,
1644,2026-09-15 23:38:33.911,EM-01,em01.frequency,Good,50.06,
1645,2026-09-15 23:38:33.911,EM-01,em01.demand,Good,119,
1646,2026-09-15 23:38:33.911,EM-01,em01.energyF64,Good,43.0450277777783,
1647,2026-09-15 23:38:33.911,EM-01,em01.unbalance,Good,2.631579,
1648,2026-09-15 23:38:33.913,GW-LINE-B,rob01.energyTotal,Good,1.90013888888884,
1649,2026-09-15 23:38:33.924,ENV-01,env01.roomTemp,Good,23.8,
1650,2026-09-15 23:38:33.924,ENV-01,env01.humidity,Good,54,
1651,2026-09-15 23:38:33.924,ENV-01,env01.dewPoint,Good,14.7,
1652,2026-09-15 23:38:33.924,ENV-01,env01.noise,Good,76,
1653,2026-09-15 23:38:33.924,ENV-01,env01.pm25,Good,52,
1654,2026-09-15 23:38:33.924,ENV-01,env01.pressureDiff,Good,1,
1655,2026-09-15 23:38:33.924,ENV-01,env01.illuminance,Good,483,
1656,2026-09-15 23:38:33.924,ENV-01,env01.tempFluctuation,Good,11.98181,
1657,2026-09-15 23:38:33.934,GW-LINE-B,mtc01.actualTemp,Good,99.6,
1658,2026-09-15 23:38:33.934,GW-LINE-B,mtc01.pumpPressure,Good,2,
1659,2026-09-15 23:38:33.934,GW-LINE-B,mtc01.pumpFlow,Good,24,
1660,2026-09-15 23:38:33.934,GW-LINE-B,mtc01.pumpCurrent,Good,4.4,
1661,2026-09-15 23:38:33.934,GW-LINE-B,mtc01.outletTemp,Good,100.1,
1662,2026-09-15 23:38:33.934,GW-LINE-B,mtc01.tempAvg,Good,995.9268,
1663,2026-09-15 23:38:33.942,GW-LINE-B,dry01.dewPoint,Good,-34.6,
1664,2026-09-15 23:38:33.942,GW-LINE-B,dry01.fanCurrent,Good,1.3,
1665,2026-09-15 23:38:33.944,GW-LINE-B,dry01.levelTrend,Good,-4.152042,
1666,2026-09-15 23:38:33.951,GW-LINE-B,rob01.cycleTime,Good,3.2,
1667,2026-09-15 23:38:33.951,GW-LINE-B,rob01.trajectory,Good,7.701042,
1668,2026-09-15 23:38:34.056,IM-01,im01.prodTime,Good,09/15/2026 23:38:34,
1669,2026-09-15 23:38:34.544,IM-01,im01.moldTemp,Good,84.5,
1670,2026-09-15 23:38:34.544,IM-01,im01.energyTotal,Good,1.59325000000067,
1671,2026-09-15 23:38:34.911,EM-01,em01.totalEnergy,Good,4243.18,
1672,2026-09-15 23:38:34.911,EM-01,em01.forwardEnergy,Good,4243.18,
1673,2026-09-15 23:38:34.911,EM-01,em01.voltageA,Good,385,
1674,2026-09-15 23:38:34.911,EM-01,em01.voltageB,Good,382,
1675,2026-09-15 23:38:34.911,EM-01,em01.voltageC,Good,382,
1676,2026-09-15 23:38:34.911,EM-01,em01.currentA,Good,145.3,
1677,2026-09-15 23:38:34.911,EM-01,em01.activePower,Good,108,
1678,2026-09-15 23:38:34.911,EM-01,em01.reactivePower,Good,37,
1679,2026-09-15 23:38:34.911,EM-01,em01.powerFactor,Good,0.894,
1680,2026-09-15 23:38:34.911,EM-01,em01.frequency,Good,50.1,
1681,2026-09-15 23:38:34.911,EM-01,em01.demand,Good,108,
1682,2026-09-15 23:38:34.911,EM-01,em01.energyF64,Good,43.0767777777782,
1683,2026-09-15 23:38:34.911,EM-01,em01.unbalance,Good,0.7894737,
1684,2026-09-15 23:38:34.924,ENV-01,env01.humidity,Good,55,
1685,2026-09-15 23:38:34.924,ENV-01,env01.dewPoint,Good,14.9,
1686,2026-09-15 23:38:34.924,ENV-01,env01.noise,Good,75,
1687,2026-09-15 23:38:34.924,ENV-01,env01.pm25,Good,56,
1688,2026-09-15 23:38:34.924,ENV-01,env01.pressureDiff,Good,-1,
1689,2026-09-15 23:38:34.924,ENV-01,env01.illuminance,Good,467,
1690,2026-09-15 23:38:34.924,ENV-01,env01.tempFluctuation,Good,12.06595,
1691,2026-09-15 23:38:34.935,GW-LINE-B,mtc01.actualTemp,Good,99.4,
1692,2026-09-15 23:38:34.935,GW-LINE-B,mtc01.pumpPressure,Good,5,
1693,2026-09-15 23:38:34.935,GW-LINE-B,mtc01.pumpFlow,Good,32,
1694,2026-09-15 23:38:34.935,GW-LINE-B,mtc01.pumpCurrent,Good,4.1,
1695,2026-09-15 23:38:34.935,GW-LINE-B,mtc01.heatPower,Good,3,
1696,2026-09-15 23:38:34.935,GW-LINE-B,mtc01.outletTemp,Good,99.9,
1697,2026-09-15 23:38:34.935,GW-LINE-B,mtc01.tempAvg,Good,994.2228,
1698,2026-09-15 23:38:34.942,GW-LINE-B,dry01.dewPoint,Good,-34.2,
1699,2026-09-15 23:38:34.942,GW-LINE-B,dry01.heatPower,Good,7,
1700,2026-09-15 23:38:34.942,GW-LINE-B,dry01.fanCurrent,Good,2,
1701,2026-09-15 23:38:34.944,GW-LINE-B,dry01.levelTrend,Good,-4.173479,
1702,2026-09-15 23:38:34.950,GW-LINE-B,rob01.trajectory,Good,8.059448,
1703,2026-09-15 23:38:35.058,IM-01,im01.prodTime,Good,09/15/2026 23:38:35,
1704,2026-09-15 23:38:35.544,IM-01,im01.moldTemp,Good,84.6,
1705,2026-09-15 23:38:35.544,IM-01,im01.oilTemp,Good,44.6,
1706,2026-09-15 23:38:35.544,IM-01,im01.energyTotal,Good,1.59408333333401,
1707,2026-09-15 23:38:35.912,EM-01,em01.totalEnergy,Good,4246.45,
1708,2026-09-15 23:38:35.912,EM-01,em01.forwardEnergy,Good,4246.45,
1709,2026-09-15 23:38:35.912,EM-01,em01.voltageA,Good,383,
1710,2026-09-15 23:38:35.912,EM-01,em01.voltageB,Good,379,
1711,2026-09-15 23:38:35.912,EM-01,em01.voltageC,Good,374,
1712,2026-09-15 23:38:35.912,EM-01,em01.currentA,Good,208,
1713,2026-09-15 23:38:35.912,EM-01,em01.activePower,Good,125,
1714,2026-09-15 23:38:35.912,EM-01,em01.reactivePower,Good,28,
1715,2026-09-15 23:38:35.912,EM-01,em01.powerFactor,Good,0.939,
1716,2026-09-15 23:38:35.912,EM-01,em01.demand,Good,125,
1717,2026-09-15 23:38:35.912,EM-01,em01.energyF64,Good,43.1100000000005,
1718,2026-09-15 23:38:35.912,EM-01,em01.unbalance,Good,2.368421,
1719,2026-09-15 23:38:35.924,ENV-01,env01.humidity,Good,53,
1720,2026-09-15 23:38:35.924,ENV-01,env01.dewPoint,Good,14.5,
1721,2026-09-15 23:38:35.924,ENV-01,env01.pm25,Good,22,
1722,2026-09-15 23:38:35.924,ENV-01,env01.pressureDiff,Good,10,
1723,2026-09-15 23:38:35.924,ENV-01,env01.illuminance,Good,466,
1724,2026-09-15 23:38:35.924,ENV-01,env01.tempFluctuation,Good,11.85388,
1725,2026-09-15 23:38:35.935,GW-LINE-B,mtc01.pumpPressure,Good,3,
1726,2026-09-15 23:38:35.935,GW-LINE-B,mtc01.pumpFlow,Good,30,
1727,2026-09-15 23:38:35.935,GW-LINE-B,mtc01.pumpCurrent,Good,5.1,
1728,2026-09-15 23:38:35.935,GW-LINE-B,mtc01.heatPower,Good,8,
1729,2026-09-15 23:38:35.935,GW-LINE-B,mtc01.tempAvg,Good,993.8516,
1730,2026-09-15 23:38:35.943,GW-LINE-B,dry01.dewPoint,Good,-34.4,
1731,2026-09-15 23:38:35.943,GW-LINE-B,dry01.heatPower,Good,5,
1732,2026-09-15 23:38:35.943,GW-LINE-B,dry01.fanCurrent,Good,1.6,
1733,2026-09-15 23:38:35.945,GW-LINE-B,dry01.levelTrend,Good,-4.199152,
1734,2026-09-15 23:38:35.951,GW-LINE-B,rob01.cycleTime,Good,2.8,
1735,2026-09-15 23:38:35.951,GW-LINE-B,rob01.trajectory,Good,7.733787,
1736,2026-09-15 23:38:36.057,IM-01,im01.prodTime,Good,09/15/2026 23:38:36,
1737,2026-09-15 23:38:36.545,IM-01,im01.oilTemp,Good,44.5,
1738,2026-09-15 23:38:36.545,IM-01,im01.energyTotal,Good,1.59491666666734,
1739,2026-09-15 23:38:36.913,EM-01,em01.totalEnergy,Good,4249.63,
1740,2026-09-15 23:38:36.913,EM-01,em01.forwardEnergy,Good,4249.63,
1741,2026-09-15 23:38:36.913,EM-01,em01.voltageA,Good,384,
1742,2026-09-15 23:38:36.913,EM-01,em01.voltageB,Good,385,
1743,2026-09-15 23:38:36.913,EM-01,em01.voltageC,Good,376,
1744,2026-09-15 23:38:36.913,EM-01,em01.currentA,Good,160.4,
1745,2026-09-15 23:38:36.913,EM-01,em01.activePower,Good,119,
1746,2026-09-15 23:38:36.913,EM-01,em01.reactivePower,Good,32,
1747,2026-09-15 23:38:36.913,EM-01,em01.powerFactor,Good,0.909,
1748,2026-09-15 23:38:36.913,EM-01,em01.frequency,Good,50.09,
1749,2026-09-15 23:38:36.913,EM-01,em01.demand,Good,119,
1750,2026-09-15 23:38:36.913,EM-01,em01.energyF64,Good,43.1419722222227,
1751,2026-09-15 23:38:36.925,ENV-01,env01.roomTemp,Good,23.9,
1752,2026-09-15 23:38:36.925,ENV-01,env01.humidity,Good,54,
1753,2026-09-15 23:38:36.925,ENV-01,env01.dewPoint,Good,14.8,
1754,2026-09-15 23:38:36.925,ENV-01,env01.noise,Good,77,
1755,2026-09-15 23:38:36.925,ENV-01,env01.pm25,Good,59,
1756,2026-09-15 23:38:36.925,ENV-01,env01.pressureDiff,Good,5,
1757,2026-09-15 23:38:36.925,ENV-01,env01.illuminance,Good,350,
1758,2026-09-15 23:38:36.925,ENV-01,env01.tempFluctuation,Good,12.1655,
1759,2026-09-15 23:38:36.936,GW-LINE-B,mtc01.pumpPressure,Good,4,
1760,2026-09-15 23:38:36.936,GW-LINE-B,mtc01.pumpCurrent,Good,3.1,
1761,2026-09-15 23:38:36.936,GW-LINE-B,mtc01.heatPower,Good,7,
1762,2026-09-15 23:38:36.936,GW-LINE-B,mtc01.tempAvg,Good,993.7679,
1763,2026-09-15 23:38:36.944,GW-LINE-B,dry01.materialLevel,Good,42,
1764,2026-09-15 23:38:36.944,GW-LINE-B,dry01.heatPower,Good,8,
1765,2026-09-15 23:38:36.944,GW-LINE-B,dry01.fanCurrent,Good,1.8,
1766,2026-09-15 23:38:36.946,GW-LINE-B,dry01.levelTrend,Good,-4.230727,
1767,2026-09-15 23:38:36.952,GW-LINE-B,rob01.trajectory,Good,8.032651,
1768,2026-09-15 23:38:37.058,IM-01,im01.prodTime,Good,09/15/2026 23:38:37,
1769,2026-09-15 23:38:37.516,IM-01,im01.clampForceDev,Good,-56,
1770,2026-09-15 23:38:37.546,IM-01,im01.energyTotal,Good,1.59575000000068,
1771,2026-09-15 23:38:37.913,EM-01,em01.totalEnergy,Good,4252.72,
1772,2026-09-15 23:38:37.913,EM-01,em01.forwardEnergy,Good,4252.72,
1773,2026-09-15 23:38:37.913,EM-01,em01.voltageA,Good,379,
1774,2026-09-15 23:38:37.913,EM-01,em01.voltageC,Good,381,
1775,2026-09-15 23:38:37.913,EM-01,em01.currentA,Good,158.6,
1776,2026-09-15 23:38:37.913,EM-01,em01.activePower,Good,105,
1777,2026-09-15 23:38:37.913,EM-01,em01.reactivePower,Good,39,
1778,2026-09-15 23:38:37.913,EM-01,em01.powerFactor,Good,0.902,
1779,2026-09-15 23:38:37.913,EM-01,em01.frequency,Good,50.07,
1780,2026-09-15 23:38:37.913,EM-01,em01.demand,Good,105,
1781,2026-09-15 23:38:37.913,EM-01,em01.energyF64,Good,43.173305555556,
1782,2026-09-15 23:38:37.913,EM-01,em01.unbalance,Good,1.578947,
1783,2026-09-15 23:38:37.926,ENV-01,env01.humidity,Good,55,
1784,2026-09-15 23:38:37.926,ENV-01,env01.dewPoint,Good,14.9,
1785,2026-09-15 23:38:37.926,ENV-01,env01.noise,Good,72,
1786,2026-09-15 23:38:37.926,ENV-01,env01.pm25,Good,24,
1787,2026-09-15 23:38:37.926,ENV-01,env01.pressureDiff,Good,12,
1788,2026-09-15 23:38:37.926,ENV-01,env01.illuminance,Good,446,
1789,2026-09-15 23:38:37.926,ENV-01,env01.tempFluctuation,Good,12.08866,
1790,2026-09-15 23:38:37.936,GW-LINE-B,mtc01.actualTemp,Good,99.3,
1791,2026-09-15 23:38:37.936,GW-LINE-B,mtc01.pumpPressure,Good,3,
1792,2026-09-15 23:38:37.936,GW-LINE-B,mtc01.pumpFlow,Good,25,
1793,2026-09-15 23:38:37.936,GW-LINE-B,mtc01.pumpCurrent,Good,3.2,
1794,2026-09-15 23:38:37.936,GW-LINE-B,mtc01.outletTemp,Good,99.8,
1795,2026-09-15 23:38:37.936,GW-LINE-B,mtc01.tempAvg,Good,993.3289,
1796,2026-09-15 23:38:37.944,GW-LINE-B,dry01.dewPoint,Good,-34.9,
1797,2026-09-15 23:38:37.944,GW-LINE-B,dry01.heatPower,Good,3,
1798,2026-09-15 23:38:37.944,GW-LINE-B,dry01.fanCurrent,Good,1.9,
1799,2026-09-15 23:38:37.946,GW-LINE-B,dry01.levelTrend,Good,-4.262237,
1800,2026-09-15 23:38:37.952,GW-LINE-B,rob01.cycleTime,Good,2.7,
1801,2026-09-15 23:38:37.952,GW-LINE-B,rob01.trajectory,Good,8.279924,
1802,2026-09-15 23:38:38.058,IM-01,im01.prodTime,Good,09/15/2026 23:38:38,
1803,2026-09-15 23:38:38.546,IM-01,im01.energyTotal,Good,1.59658333333401,
1804,2026-09-15 23:38:38.895,ENV-01,env01.runSeconds,Good,13718,
1805,2026-09-15 23:38:38.895,ENV-01,env01.sampleTime,Good,09/15/2026 23:38:38,
1806,2026-09-15 23:38:38.897,GW-LINE-B,mtc01.runSeconds,Good,13718,
1807,2026-09-15 23:38:38.897,GW-LINE-B,mtc01.energyTotal,Good,2.04736111111113,
1808,2026-09-15 23:38:38.899,GW-LINE-B,mtc01.tempDeviation,Good,-0.8,
1809,2026-09-15 23:38:38.899,ENV-01,env01.tempDeviation,Good,-0.1,
1810,2026-09-15 23:38:38.901,EM-01,em01.readTime,Good,09/15/2026 23:38:38,
1811,2026-09-15 23:38:38.904,GW-LINE-B,dry01.drySeconds,Good,13094,
1812,2026-09-15 23:38:38.904,GW-LINE-B,dry01.energyTotal,Good,2.10502777777782,
1813,2026-09-15 23:38:38.906,GW-LINE-B,dry01.dewDeviation,Good,0,
1814,2026-09-15 23:38:38.912,GW-LINE-B,rob01.runSeconds,Good,13718,
1815,2026-09-15 23:38:38.913,EM-01,em01.totalEnergy,Good,4255.72,
1816,2026-09-15 23:38:38.913,EM-01,em01.forwardEnergy,Good,4255.72,
1817,2026-09-15 23:38:38.913,EM-01,em01.voltageA,Good,380,
1818,2026-09-15 23:38:38.913,EM-01,em01.voltageB,Good,380,
1819,2026-09-15 23:38:38.913,EM-01,em01.voltageC,Good,380,
1820,2026-09-15 23:38:38.913,EM-01,em01.currentA,Good,168.8,
1821,2026-09-15 23:38:38.913,EM-01,em01.activePower,Good,108,
1822,2026-09-15 23:38:38.913,EM-01,em01.reactivePower,Good,25,
1823,2026-09-15 23:38:38.913,EM-01,em01.powerFactor,Good,0.93,
1824,2026-09-15 23:38:38.913,EM-01,em01.frequency,Good,50.01,
1825,2026-09-15 23:38:38.913,EM-01,em01.demand,Good,108,
1826,2026-09-15 23:38:38.913,EM-01,em01.energyF64,Good,43.2036944444449,
1827,2026-09-15 23:38:38.913,EM-01,em01.unbalance,Good,0,
1828,2026-09-15 23:38:38.914,GW-LINE-B,rob01.energyTotal,Good,1.90661111111106,
1829,2026-09-15 23:38:38.926,ENV-01,env01.humidity,Good,53,
1830,2026-09-15 23:38:38.926,ENV-01,env01.dewPoint,Good,14.7,
1831,2026-09-15 23:38:38.926,ENV-01,env01.noise,Good,75,
1832,2026-09-15 23:38:38.926,ENV-01,env01.pm25,Good,52,
1833,2026-09-15 23:38:38.926,ENV-01,env01.pressureDiff,Good,5,
1834,2026-09-15 23:38:38.926,ENV-01,env01.illuminance,Good,346,
1835,2026-09-15 23:38:38.926,ENV-01,env01.tempFluctuation,Good,12.18247,
1836,2026-09-15 23:38:38.937,GW-LINE-B,mtc01.actualTemp,Good,99.2,
1837,2026-09-15 23:38:38.937,GW-LINE-B,mtc01.pumpFlow,Good,19,
1838,2026-09-15 23:38:38.937,GW-LINE-B,mtc01.pumpCurrent,Good,4.7,
1839,2026-09-15 23:38:38.937,GW-LINE-B,mtc01.heatPower,Good,5,
1840,2026-09-15 23:38:38.937,GW-LINE-B,mtc01.outletTemp,Good,99.7,
1841,2026-09-15 23:38:38.937,GW-LINE-B,mtc01.tempAvg,Good,992.0292,
1842,2026-09-15 23:38:38.945,GW-LINE-B,dry01.dewPoint,Good,-35,
1843,2026-09-15 23:38:38.945,GW-LINE-B,dry01.fanCurrent,Good,1.5,
1844,2026-09-15 23:38:38.947,GW-LINE-B,dry01.levelTrend,Good,-4.293344,
1845,2026-09-15 23:38:38.953,GW-LINE-B,rob01.trajectory,Good,8.287538,
1846,2026-09-15 23:38:39.059,IM-01,im01.prodTime,Good,09/15/2026 23:38:39,
1847,2026-09-15 23:38:39.546,IM-01,im01.oilTemp,Good,44.6,
1848,2026-09-15 23:38:39.546,IM-01,im01.energyTotal,Good,1.59741666666735,
1849,2026-09-15 23:38:39.914,EM-01,em01.totalEnergy,Good,4258.88,
1850,2026-09-15 23:38:39.914,EM-01,em01.forwardEnergy,Good,4258.88,
1851,2026-09-15 23:38:39.914,EM-01,em01.voltageA,Good,375,
1852,2026-09-15 23:38:39.914,EM-01,em01.voltageB,Good,376,
1853,2026-09-15 23:38:39.914,EM-01,em01.voltageC,Good,384,
1854,2026-09-15 23:38:39.914,EM-01,em01.currentA,Good,130.4,
1855,2026-09-15 23:38:39.914,EM-01,em01.activePower,Good,131,
1856,2026-09-15 23:38:39.914,EM-01,em01.reactivePower,Good,26,
1857,2026-09-15 23:38:39.914,EM-01,em01.powerFactor,Good,0.901,
1858,2026-09-15 23:38:39.914,EM-01,em01.frequency,Good,49.99,
1859,2026-09-15 23:38:39.914,EM-01,em01.demand,Good,131,
1860,2026-09-15 23:38:39.914,EM-01,em01.energyF64,Good,43.2356944444449,
1861,2026-09-15 23:38:39.914,EM-01,em01.unbalance,Good,2.368421,
1862,2026-09-15 23:38:39.926,ENV-01,env01.roomTemp,Good,24,
1863,2026-09-15 23:38:39.926,ENV-01,env01.humidity,Good,54,
1864,2026-09-15 23:38:39.926,ENV-01,env01.dewPoint,Good,15,
1865,2026-09-15 23:38:39.926,ENV-01,env01.noise,Good,73,
1866,2026-09-15 23:38:39.926,ENV-01,env01.pm25,Good,23,
1867,2026-09-15 23:38:39.926,ENV-01,env01.illuminance,Good,471,
1868,2026-09-15 23:38:39.926,ENV-01,env01.tempFluctuation,Good,12.27626,
1869,2026-09-15 23:38:39.938,GW-LINE-B,mtc01.actualTemp,Good,99.7,
1870,2026-09-15 23:38:39.938,GW-LINE-B,mtc01.pumpFlow,Good,35,
1871,2026-09-15 23:38:39.938,GW-LINE-B,mtc01.pumpCurrent,Good,5.4,
1872,2026-09-15 23:38:39.938,GW-LINE-B,mtc01.heatPower,Good,8,
1873,2026-09-15 23:38:39.938,GW-LINE-B,mtc01.outletTemp,Good,100.2,
1874,2026-09-15 23:38:39.938,GW-LINE-B,mtc01.tempAvg,Good,997.4795,
1875,2026-09-15 23:38:39.946,GW-LINE-B,dry01.materialLevel,Good,41,
1876,2026-09-15 23:38:39.946,GW-LINE-B,dry01.fanCurrent,Good,1.6,
1877,2026-09-15 23:38:39.948,GW-LINE-B,dry01.levelTrend,Good,-4.324209,
1878,2026-09-15 23:38:39.954,GW-LINE-B,rob01.cycleTime,Good,3,
1879,2026-09-15 23:38:39.954,GW-LINE-B,rob01.trajectory,Good,8.061432,
1880,2026-09-15 23:38:40.061,IM-01,im01.prodTime,Good,09/15/2026 23:38:40,
1881,2026-09-15 23:38:40.547,IM-01,im01.moldTemp,Good,84.5,
1882,2026-09-15 23:38:40.547,IM-01,im01.oilTemp,Good,44.7,
1883,2026-09-15 23:38:40.547,IM-01,im01.energyTotal,Good,1.59825000000068,
1884,2026-09-15 23:38:40.914,EM-01,em01.totalEnergy,Good,4262.23,
1885,2026-09-15 23:38:40.914,EM-01,em01.forwardEnergy,Good,4262.23,
1886,2026-09-15 23:38:40.914,EM-01,em01.voltageB,Good,377,
1887,2026-09-15 23:38:40.914,EM-01,em01.currentA,Good,201.5,
1888,2026-09-15 23:38:40.914,EM-01,em01.activePower,Good,118,
1889,2026-09-15 23:38:40.914,EM-01,em01.reactivePower,Good,38,
1890,2026-09-15 23:38:40.914,EM-01,em01.powerFactor,Good,0.883,
1891,2026-09-15 23:38:40.914,EM-01,em01.frequency,Good,50.08,
1892,2026-09-15 23:38:40.914,EM-01,em01.demand,Good,118,
1893,2026-09-15 23:38:40.914,EM-01,em01.energyF64,Good,43.2697500000005,
1894,2026-09-15 23:38:40.927,ENV-01,env01.humidity,Good,56,
1895,2026-09-15 23:38:40.927,ENV-01,env01.dewPoint,Good,15.4,
1896,2026-09-15 23:38:40.927,ENV-01,env01.noise,Good,78,
1897,2026-09-15 23:38:40.927,ENV-01,env01.pm25,Good,30,
1898,2026-09-15 23:38:40.927,ENV-01,env01.pressureDiff,Good,8,
1899,2026-09-15 23:38:40.927,ENV-01,env01.illuminance,Good,329,
1900,2026-09-15 23:38:40.927,ENV-01,env01.tempFluctuation,Good,12.35919,
1901,2026-09-15 23:38:40.938,GW-LINE-B,mtc01.actualTemp,Good,99.8,
1902,2026-09-15 23:38:40.938,GW-LINE-B,mtc01.pumpFlow,Good,19,
1903,2026-09-15 23:38:40.938,GW-LINE-B,mtc01.pumpCurrent,Good,3.5,
1904,2026-09-15 23:38:40.938,GW-LINE-B,mtc01.heatPower,Good,7,
1905,2026-09-15 23:38:40.938,GW-LINE-B,mtc01.outletTemp,Good,100.3,
1906,2026-09-15 23:38:40.938,GW-LINE-B,mtc01.tempAvg,Good,997.8078,
1907,2026-09-15 23:38:40.946,GW-LINE-B,dry01.dewPoint,Good,-34.5,
1908,2026-09-15 23:38:40.946,GW-LINE-B,dry01.heatPower,Good,5,
1909,2026-09-15 23:38:40.946,GW-LINE-B,dry01.fanCurrent,Good,1.2,
1910,2026-09-15 23:38:40.948,GW-LINE-B,dry01.levelTrend,Good,-4.355623,
1911,2026-09-15 23:38:40.954,GW-LINE-B,rob01.cycleTime,Good,2.7,
1912,2026-09-15 23:38:40.954,GW-LINE-B,rob01.trajectory,Good,8.299347,
1913,2026-09-15 23:38:41.062,IM-01,im01.prodTime,Good,09/15/2026 23:38:41,
1914,2026-09-15 23:38:41.547,IM-01,im01.moldTemp,Good,84.6,
1915,2026-09-15 23:38:41.547,IM-01,im01.oilTemp,Good,44.8,
1916,2026-09-15 23:38:41.547,IM-01,im01.energyTotal,Good,1.59908333333401,
1917,2026-09-15 23:38:41.914,EM-01,em01.totalEnergy,Good,4265.2,
1918,2026-09-15 23:38:41.914,EM-01,em01.forwardEnergy,Good,4265.2,
1919,2026-09-15 23:38:41.914,EM-01,em01.voltageA,Good,377,
1920,2026-09-15 23:38:41.914,EM-01,em01.voltageB,Good,376,
1921,2026-09-15 23:38:41.914,EM-01,em01.voltageC,Good,383,
1922,2026-09-15 23:38:41.914,EM-01,em01.currentA,Good,154.1,
1923,2026-09-15 23:38:41.914,EM-01,em01.activePower,Good,107,
1924,2026-09-15 23:38:41.914,EM-01,em01.reactivePower,Good,36,
1925,2026-09-15 23:38:41.914,EM-01,em01.powerFactor,Good,0.936,
1926,2026-09-15 23:38:41.914,EM-01,em01.frequency,Good,50.06,
1927,2026-09-15 23:38:41.914,EM-01,em01.demand,Good,107,
1928,2026-09-15 23:38:41.914,EM-01,em01.energyF64,Good,43.2998611111116,
1929,2026-09-15 23:38:41.914,EM-01,em01.unbalance,Good,1.842105,
1930,2026-09-15 23:38:41.927,ENV-01,env01.dewPoint,Good,15.2,
1931,2026-09-15 23:38:41.927,ENV-01,env01.noise,Good,71,
1932,2026-09-15 23:38:41.927,ENV-01,env01.pm25,Good,59,
1933,2026-09-15 23:38:41.927,ENV-01,env01.pressureDiff,Good,3,
1934,2026-09-15 23:38:41.927,ENV-01,env01.illuminance,Good,353,
1935,2026-09-15 23:38:41.927,ENV-01,env01.tempFluctuation,Good,12.27889,
1936,2026-09-15 23:38:41.939,GW-LINE-B,mtc01.actualTemp,Good,99.4,
1937,2026-09-15 23:38:41.939,GW-LINE-B,mtc01.pumpFlow,Good,21,
1938,2026-09-15 23:38:41.939,GW-LINE-B,mtc01.pumpCurrent,Good,4.2,
1939,2026-09-15 23:38:41.939,GW-LINE-B,mtc01.heatPower,Good,8,
1940,2026-09-15 23:38:41.939,GW-LINE-B,mtc01.outletTemp,Good,99.9,
1941,2026-09-15 23:38:41.939,GW-LINE-B,mtc01.tempAvg,Good,994.3796,
1942,2026-09-15 23:38:41.946,GW-LINE-B,dry01.dewPoint,Good,-34.2,
1943,2026-09-15 23:38:41.946,GW-LINE-B,dry01.heatPower,Good,4,
1944,2026-09-15 23:38:41.946,GW-LINE-B,dry01.fanCurrent,Good,0.9,
1945,2026-09-15 23:38:41.948,GW-LINE-B,dry01.levelTrend,Good,-4.384809,
1946,2026-09-15 23:38:41.954,GW-LINE-B,rob01.cycleTime,Good,3.2,
1947,2026-09-15 23:38:41.954,GW-LINE-B,rob01.trajectory,Good,7.995264,
1948,2026-09-15 23:38:42.063,IM-01,im01.prodTime,Good,09/15/2026 23:38:42,
1949,2026-09-15 23:38:42.517,IM-01,im01.clampForceDev,Good,-48,
1950,2026-09-15 23:38:42.547,IM-01,im01.oilTemp,Good,44.6,
1951,2026-09-15 23:38:42.547,IM-01,im01.energyTotal,Good,1.59991666666735,
1952,2026-09-15 23:38:42.915,EM-01,em01.totalEnergy,Good,4268.44,
1953,2026-09-15 23:38:42.915,EM-01,em01.forwardEnergy,Good,4268.44,
1954,2026-09-15 23:38:42.915,EM-01,em01.voltageB,Good,378,
1955,2026-09-15 23:38:42.915,EM-01,em01.voltageC,Good,379,
1956,2026-09-15 23:38:42.915,EM-01,em01.currentA,Good,137.9,
1957,2026-09-15 23:38:42.915,EM-01,em01.activePower,Good,124,
1958,2026-09-15 23:38:42.915,EM-01,em01.reactivePower,Good,40,
1959,2026-09-15 23:38:42.915,EM-01,em01.powerFactor,Good,0.869,
1960,2026-09-15 23:38:42.915,EM-01,em01.frequency,Good,50.1,
1961,2026-09-15 23:38:42.915,EM-01,em01.demand,Good,124,
1962,2026-09-15 23:38:42.915,EM-01,em01.energyF64,Good,43.3326111111116,
1963,2026-09-15 23:38:42.915,EM-01,em01.unbalance,Good,0.5263158,
1964,2026-09-15 23:38:42.927,ENV-01,env01.roomTemp,Good,23.9,
1965,2026-09-15 23:38:42.927,ENV-01,env01.humidity,Good,55,
1966,2026-09-15 23:38:42.927,ENV-01,env01.dewPoint,Good,15,
1967,2026-09-15 23:38:42.927,ENV-01,env01.noise,Good,77,
1968,2026-09-15 23:38:42.927,ENV-01,env01.pm25,Good,56,
1969,2026-09-15 23:38:42.927,ENV-01,env01.pressureDiff,Good,11,
1970,2026-09-15 23:38:42.927,ENV-01,env01.illuminance,Good,488,
1971,2026-09-15 23:38:42.927,ENV-01,env01.tempFluctuation,Good,11.75045,
1972,2026-09-15 23:38:42.939,GW-LINE-B,mtc01.actualTemp,Good,99.2,
1973,2026-09-15 23:38:42.939,GW-LINE-B,mtc01.pumpPressure,Good,5,
1974,2026-09-15 23:38:42.939,GW-LINE-B,mtc01.pumpFlow,Good,19,
1975,2026-09-15 23:38:42.939,GW-LINE-B,mtc01.pumpCurrent,Good,3,
1976,2026-09-15 23:38:42.939,GW-LINE-B,mtc01.heatPower,Good,4,
1977,2026-09-15 23:38:42.939,GW-LINE-B,mtc01.outletTemp,Good,99.7,
1978,2026-09-15 23:38:42.939,GW-LINE-B,mtc01.tempAvg,Good,991.7591,
1979,2026-09-15 23:38:42.947,GW-LINE-B,dry01.dewPoint,Good,-34.1,
1980,2026-09-15 23:38:42.947,GW-LINE-B,dry01.materialLevel,Good,40,
1981,2026-09-15 23:38:42.947,GW-LINE-B,dry01.heatPower,Good,8,
1982,2026-09-15 23:38:42.947,GW-LINE-B,dry01.fanCurrent,Good,1.8,
1983,2026-09-15 23:38:42.949,GW-LINE-B,dry01.levelTrend,Good,-4.414403,
1984,2026-09-15 23:38:42.955,GW-LINE-B,rob01.trajectory,Good,8.111231,
1985,2026-09-15 23:38:43.065,IM-01,im01.prodTime,Good,09/15/2026 23:38:43,
1986,2026-09-15 23:38:43.548,IM-01,im01.oilTemp,Good,44.7,
1987,2026-09-15 23:38:43.548,IM-01,im01.energyTotal,Good,1.60075000000068,
1988,2026-09-15 23:38:43.895,ENV-01,env01.runSeconds,Good,13768,
1989,2026-09-15 23:38:43.895,ENV-01,env01.sampleTime,Good,09/15/2026 23:38:43,
1990,2026-09-15 23:38:43.897,GW-LINE-B,mtc01.runSeconds,Good,13768,
1991,2026-09-15 23:38:43.897,GW-LINE-B,mtc01.energyTotal,Good,2.05513888888891,
1992,2026-09-15 23:38:43.899,GW-LINE-B,mtc01.tempDeviation,Good,-0.7,
1993,2026-09-15 23:38:43.905,GW-LINE-B,dry01.drySeconds,Good,13144,
1994,2026-09-15 23:38:43.905,GW-LINE-B,dry01.energyTotal,Good,2.11275000000005,
1995,2026-09-15 23:38:43.905,EM-01,em01.readTime,Good,09/15/2026 23:38:43,
1996,2026-09-15 23:38:43.907,GW-LINE-B,dry01.dewDeviation,Good,1.2,
1997,2026-09-15 23:38:43.913,GW-LINE-B,rob01.runSeconds,Good,13768,
1998,2026-09-15 23:38:43.915,GW-LINE-B,rob01.energyTotal,Good,1.91363888888884,
1999,2026-09-15 23:38:43.915,EM-01,em01.totalEnergy,Good,4271.45,
2000,2026-09-15 23:38:43.915,EM-01,em01.forwardEnergy,Good,4271.45,
2001,2026-09-15 23:38:43.915,EM-01,em01.voltageA,Good,380,
2002,2026-09-15 23:38:43.915,EM-01,em01.voltageB,Good,383,
2003,2026-09-15 23:38:43.915,EM-01,em01.voltageC,Good,377,
2004,2026-09-15 23:38:43.915,EM-01,em01.currentA,Good,193,
2005,2026-09-15 23:38:43.915,EM-01,em01.activePower,Good,123,
2006,2026-09-15 23:38:43.915,EM-01,em01.reactivePower,Good,30,
2007,2026-09-15 23:38:43.915,EM-01,em01.powerFactor,Good,0.906,
2008,2026-09-15 23:38:43.915,EM-01,em01.demand,Good,123,
2009,2026-09-15 23:38:43.915,EM-01,em01.energyF64,Good,43.3631666666671,
2010,2026-09-15 23:38:43.915,EM-01,em01.unbalance,Good,1.578947,
2011,2026-09-15 23:38:43.917,GW-LINE-B,rob01.posDeviation,Good,-5,
2012,2026-09-15 23:38:43.928,ENV-01,env01.humidity,Good,54,
2013,2026-09-15 23:38:43.928,ENV-01,env01.dewPoint,Good,14.7,
2014,2026-09-15 23:38:43.928,ENV-01,env01.noise,Good,73,
2015,2026-09-15 23:38:43.928,ENV-01,env01.pm25,Good,40,
2016,2026-09-15 23:38:43.928,ENV-01,env01.pressureDiff,Good,-2,
2017,2026-09-15 23:38:43.928,ENV-01,env01.illuminance,Good,459,
2018,2026-09-15 23:38:43.928,ENV-01,env01.tempFluctuation,Good,12.40203,
2019,2026-09-15 23:38:43.939,GW-LINE-B,mtc01.actualTemp,Good,99.3,
2020,2026-09-15 23:38:43.939,GW-LINE-B,mtc01.pumpPressure,Good,4,
2021,2026-09-15 23:38:43.939,GW-LINE-B,mtc01.pumpFlow,Good,21,
2022,2026-09-15 23:38:43.939,GW-LINE-B,mtc01.pumpCurrent,Good,4.7,
2023,2026-09-15 23:38:43.939,GW-LINE-B,mtc01.outletTemp,Good,99.8,
2024,2026-09-15 23:38:43.939,GW-LINE-B,mtc01.tempAvg,Good,993.2623,
2025,2026-09-15 23:38:43.947,GW-LINE-B,dry01.dewPoint,Good,-33.8,
2026,2026-09-15 23:38:43.947,GW-LINE-B,dry01.heatPower,Good,7,
2027,2026-09-15 23:38:43.949,GW-LINE-B,dry01.levelTrend,Good,-4.444223,
2028,2026-09-15 23:38:43.953,GW-LINE-B,rob01.inPlace,Good,False,
2029,2026-09-15 23:38:43.955,GW-LINE-B,rob01.posX,Good,97,
2030,2026-09-15 23:38:43.955,GW-LINE-B,rob01.posY,Good,299,
2031,2026-09-15 23:38:43.955,GW-LINE-B,rob01.posZ,Good,84,
2032,2026-09-15 23:38:43.955,GW-LINE-B,rob01.gripState,Good,1,
2033,2026-09-15 23:38:43.955,GW-LINE-B,rob01.trajectory,Good,96.84573,
2034,2026-09-15 23:38:44.066,IM-01,im01.prodTime,Good,09/15/2026 23:38:44,
2035,2026-09-15 23:38:44.549,IM-01,im01.oilTemp,Good,44.3,
2036,2026-09-15 23:38:44.549,IM-01,im01.energyTotal,Good,1.60158333333402,
2037,2026-09-15 23:38:44.915,EM-01,em01.totalEnergy,Good,4274.61,
2038,2026-09-15 23:38:44.915,EM-01,em01.forwardEnergy,Good,4274.61,
2039,2026-09-15 23:38:44.915,EM-01,em01.voltageA,Good,382,
2040,2026-09-15 23:38:44.915,EM-01,em01.voltageB,Good,384,
2041,2026-09-15 23:38:44.915,EM-01,em01.voltageC,Good,376,
2042,2026-09-15 23:38:44.915,EM-01,em01.currentA,Good,178.5,
2043,2026-09-15 23:38:44.915,EM-01,em01.activePower,Good,108,
2044,2026-09-15 23:38:44.915,EM-01,em01.powerFactor,Good,0.879,
2045,2026-09-15 23:38:44.915,EM-01,em01.frequency,Good,50.02,
2046,2026-09-15 23:38:44.915,EM-01,em01.demand,Good,108,
2047,2026-09-15 23:38:44.915,EM-01,em01.energyF64,Good,43.3951666666671,
2048,2026-09-15 23:38:44.915,EM-01,em01.unbalance,Good,2.105263,
2049,2026-09-15 23:38:44.928,ENV-01,env01.dewPoint,Good,14.8,
2050,2026-09-15 23:38:44.928,ENV-01,env01.noise,Good,74,
2051,2026-09-15 23:38:44.928,ENV-01,env01.pm25,Good,42,
2052,2026-09-15 23:38:44.928,ENV-01,env01.pressureDiff,Good,0,
2053,2026-09-15 23:38:44.928,ENV-01,env01.illuminance,Good,321,
2054,2026-09-15 23:38:44.928,ENV-01,env01.tempFluctuation,Good,11.61034,
2055,2026-09-15 23:38:44.940,GW-LINE-B,mtc01.actualTemp,Good,99.5,
2056,2026-09-15 23:38:44.940,GW-LINE-B,mtc01.pumpFlow,Good,34,
2057,2026-09-15 23:38:44.940,GW-LINE-B,mtc01.pumpCurrent,Good,4.4,
2058,2026-09-15 23:38:44.940,GW-LINE-B,mtc01.heatPower,Good,8,
2059,2026-09-15 23:38:44.940,GW-LINE-B,mtc01.outletTemp,Good,100,
2060,2026-09-15 23:38:44.940,GW-LINE-B,mtc01.tempAvg,Good,995.4451,
2061,2026-09-15 23:38:44.948,GW-LINE-B,dry01.dewPoint,Good,-34,
2062,2026-09-15 23:38:44.948,GW-LINE-B,dry01.heatPower,Good,5,
2063,2026-09-15 23:38:44.948,GW-LINE-B,dry01.fanCurrent,Good,1.7,
2064,2026-09-15 23:38:44.950,GW-LINE-B,dry01.levelTrend,Good,-4.469464,
2065,2026-09-15 23:38:44.955,GW-LINE-B,rob01.cycleTime,Good,3,
2066,2026-09-15 23:38:44.955,GW-LINE-B,rob01.posX,Good,98,
2067,2026-09-15 23:38:44.955,GW-LINE-B,rob01.posY,Good,305,
2068,2026-09-15 23:38:44.955,GW-LINE-B,rob01.posZ,Good,75,
2069,2026-09-15 23:38:44.955,GW-LINE-B,rob01.trajectory,Good,98.13332,
2070,2026-09-15 23:38:45.067,IM-01,im01.prodTime,Good,09/15/2026 23:38:45,
2071,2026-09-15 23:38:45.549,IM-01,im01.moldTemp,Good,84.5,
2072,2026-09-15 23:38:45.549,IM-01,im01.oilTemp,Good,44.6,
2073,2026-09-15 23:38:45.549,IM-01,im01.energyTotal,Good,1.60241666666735,
2074,2026-09-15 23:38:45.915,EM-01,em01.totalEnergy,Good,4277.84,
2075,2026-09-15 23:38:45.915,EM-01,em01.forwardEnergy,Good,4277.84,
2076,2026-09-15 23:38:45.915,EM-01,em01.voltageA,Good,381,
2077,2026-09-15 23:38:45.915,EM-01,em01.voltageC,Good,382,
2078,2026-09-15 23:38:45.915,EM-01,em01.currentA,Good,148.8,
2079,2026-09-15 23:38:45.915,EM-01,em01.activePower,Good,112,
2080,2026-09-15 23:38:45.915,EM-01,em01.reactivePower,Good,32,
2081,2026-09-15 23:38:45.915,EM-01,em01.powerFactor,Good,0.889,
2082,2026-09-15 23:38:45.915,EM-01,em01.frequency,Good,49.92,
2083,2026-09-15 23:38:45.915,EM-01,em01.demand,Good,112,
2084,2026-09-15 23:38:45.915,EM-01,em01.energyF64,Good,43.4279166666671,
2085,2026-09-15 23:38:45.915,EM-01,em01.unbalance,Good,0.7894737,
2086,2026-09-15 23:38:45.928,ENV-01,env01.dewPoint,Good,14.9,
2087,2026-09-15 23:38:45.928,ENV-01,env01.noise,Good,76,
2088,2026-09-15 23:38:45.928,ENV-01,env01.pm25,Good,47,
2089,2026-09-15 23:38:45.928,ENV-01,env01.pressureDiff,Good,2,
2090,2026-09-15 23:38:45.928,ENV-01,env01.illuminance,Good,409,
2091,2026-09-15 23:38:45.928,ENV-01,env01.tempFluctuation,Good,12.50184,
2092,2026-09-15 23:38:45.940,GW-LINE-B,mtc01.pumpPressure,Good,2,
2093,2026-09-15 23:38:45.940,GW-LINE-B,mtc01.pumpFlow,Good,37,
2094,2026-09-15 23:38:45.940,GW-LINE-B,mtc01.pumpCurrent,Good,5,
2095,2026-09-15 23:38:45.940,GW-LINE-B,mtc01.heatPower,Good,5,
2096,2026-09-15 23:38:45.940,GW-LINE-B,mtc01.tempAvg,Good,995.2904,
2097,2026-09-15 23:38:45.948,GW-LINE-B,dry01.dewPoint,Good,-34.1,
2098,2026-09-15 23:38:45.948,GW-LINE-B,dry01.materialLevel,Good,39,
2099,2026-09-15 23:38:45.948,GW-LINE-B,dry01.heatPower,Good,3,
2100,2026-09-15 23:38:45.948,GW-LINE-B,dry01.fanCurrent,Good,0.9,
2101,2026-09-15 23:38:45.949,GW-LINE-B,dry01.levelTrend,Good,-4.500419,
2102,2026-09-15 23:38:45.955,GW-LINE-B,rob01.cycleTime,Good,2.9,
2103,2026-09-15 23:38:45.955,GW-LINE-B,rob01.posX,Good,0,
2104,2026-09-15 23:38:45.955,GW-LINE-B,rob01.posY,Good,395,
2105,2026-09-15 23:38:45.955,GW-LINE-B,rob01.posZ,Good,203,
2106,2026-09-15 23:38:45.955,GW-LINE-B,rob01.trajectory,Good,0.2723171,
2107,2026-09-15 23:38:46.068,IM-01,im01.prodTime,Good,09/15/2026 23:38:46,
2108,2026-09-15 23:38:46.549,IM-01,im01.oilTemp,Good,44.8,
2109,2026-09-15 23:38:46.549,IM-01,im01.energyTotal,Good,1.60325000000069,
2110,2026-09-15 23:38:46.916,EM-01,em01.totalEnergy,Good,4281.01,
2111,2026-09-15 23:38:46.916,EM-01,em01.forwardEnergy,Good,4281.01,
2112,2026-09-15 23:38:46.916,EM-01,em01.voltageA,Good,380,
2113,2026-09-15 23:38:46.916,EM-01,em01.voltageB,Good,376,
2114,2026-09-15 23:38:46.916,EM-01,em01.voltageC,Good,377,
2115,2026-09-15 23:38:46.916,EM-01,em01.currentA,Good,179,
2116,2026-09-15 23:38:46.916,EM-01,em01.reactivePower,Good,20,
2117,2026-09-15 23:38:46.916,EM-01,em01.powerFactor,Good,0.905,
2118,2026-09-15 23:38:46.916,EM-01,em01.frequency,Good,49.93,
2119,2026-09-15 23:38:46.916,EM-01,em01.energyF64,Good,43.4598888888893,
2120,2026-09-15 23:38:46.916,EM-01,em01.unbalance,Good,1.052632,
2121,2026-09-15 23:38:46.929,ENV-01,env01.humidity,Good,53,
2122,2026-09-15 23:38:46.929,ENV-01,env01.dewPoint,Good,14.7,
2123,2026-09-15 23:38:46.929,ENV-01,env01.noise,Good,77,
2124,2026-09-15 23:38:46.929,ENV-01,env01.pm25,Good,37,
2125,2026-09-15 23:38:46.929,ENV-01,env01.pressureDiff,Good,-1,
2126,2026-09-15 23:38:46.929,ENV-01,env01.illuminance,Good,383,
2127,2026-09-15 23:38:46.929,ENV-01,env01.tempFluctuation,Good,12.04502,
2128,2026-09-15 23:38:46.943,GW-LINE-B,mtc01.pumpPressure,Good,4,
2129,2026-09-15 23:38:46.943,GW-LINE-B,mtc01.pumpFlow,Good,29,
2130,2026-09-15 23:38:46.943,GW-LINE-B,mtc01.pumpCurrent,Good,3.6,
2131,2026-09-15 23:38:46.943,GW-LINE-B,mtc01.heatPower,Good,4,
2132,2026-09-15 23:38:46.943,GW-LINE-B,mtc01.tempAvg,Good,995.0535,
2133,2026-09-15 23:38:46.950,GW-LINE-B,dry01.dewPoint,Good,-34.3,
2134,2026-09-15 23:38:46.950,GW-LINE-B,dry01.fanCurrent,Good,2,
2135,2026-09-15 23:38:46.952,GW-LINE-B,dry01.levelTrend,Good,-4.535819,
2136,2026-09-15 23:38:46.958,GW-LINE-B,rob01.cycleTime,Good,2.7,
2137,2026-09-15 23:38:46.958,GW-LINE-B,rob01.posX,Good,6,
2138,2026-09-15 23:38:46.958,GW-LINE-B,rob01.posY,Good,6,
2139,2026-09-15 23:38:46.958,GW-LINE-B,rob01.posZ,Good,3,
2140,2026-09-15 23:38:46.958,GW-LINE-B,rob01.gripState,Good,0,
2141,2026-09-15 23:38:46.958,GW-LINE-B,rob01.trajectory,Good,6.053998,
2142,2026-09-15 23:38:47.069,IM-01,im01.prodTime,Good,09/15/2026 23:38:47,
2143,2026-09-15 23:38:47.517,IM-01,im01.clampForceDev,Good,-36,
2144,2026-09-15 23:38:47.549,IM-01,im01.oilTemp,Good,44.7,
2145,2026-09-15 23:38:47.549,IM-01,im01.energyTotal,Good,1.60408333333402,
2146,2026-09-15 23:38:47.917,EM-01,em01.totalEnergy,Good,4283.96,
2147,2026-09-15 23:38:47.917,EM-01,em01.forwardEnergy,Good,4283.96,
2148,2026-09-15 23:38:47.917,EM-01,em01.voltageA,Good,376,
2149,2026-09-15 23:38:47.917,EM-01,em01.voltageB,Good,378,
2150,2026-09-15 23:38:47.917,EM-01,em01.voltageC,Good,376,
2151,2026-09-15 23:38:47.917,EM-01,em01.currentA,Good,183.5,
2152,2026-09-15 23:38:47.917,EM-01,em01.activePower,Good,102,
2153,2026-09-15 23:38:47.917,EM-01,em01.reactivePower,Good,38,
2154,2026-09-15 23:38:47.917,EM-01,em01.powerFactor,Good,0.915,
2155,2026-09-15 23:38:47.917,EM-01,em01.frequency,Good,50.01,
2156,2026-09-15 23:38:47.917,EM-01,em01.demand,Good,102,
2157,2026-09-15 23:38:47.917,EM-01,em01.energyF64,Good,43.4897222222227,
2158,2026-09-15 23:38:47.917,EM-01,em01.unbalance,Good,0.5263158,
2159,2026-09-15 23:38:47.929,ENV-01,env01.humidity,Good,54,
2160,2026-09-15 23:38:47.929,ENV-01,env01.dewPoint,Good,14.8,
2161,2026-09-15 23:38:47.929,ENV-01,env01.noise,Good,70,
2162,2026-09-15 23:38:47.929,ENV-01,env01.pm25,Good,60,
2163,2026-09-15 23:38:47.929,ENV-01,env01.pressureDiff,Good,6,
2164,2026-09-15 23:38:47.929,ENV-01,env01.illuminance,Good,303,
2165,2026-09-15 23:38:47.929,ENV-01,env01.tempFluctuation,Good,12.52678,
2166,2026-09-15 23:38:47.941,GW-LINE-B,mtc01.actualTemp,Good,99.4,
2167,2026-09-15 23:38:47.941,GW-LINE-B,mtc01.pumpPressure,Good,5,
2168,2026-09-15 23:38:47.941,GW-LINE-B,mtc01.pumpFlow,Good,33,
2169,2026-09-15 23:38:47.941,GW-LINE-B,mtc01.pumpCurrent,Good,5.1,
2170,2026-09-15 23:38:47.941,GW-LINE-B,mtc01.heatPower,Good,8,
2171,2026-09-15 23:38:47.941,GW-LINE-B,mtc01.outletTemp,Good,99.9,
2172,2026-09-15 23:38:47.941,GW-LINE-B,mtc01.tempAvg,Good,993.8177,
2173,2026-09-15 23:38:47.949,GW-LINE-B,dry01.dewPoint,Good,-34.2,
2174,2026-09-15 23:38:47.949,GW-LINE-B,dry01.heatPower,Good,4,
2175,2026-09-15 23:38:47.951,GW-LINE-B,dry01.levelTrend,Good,-4.57048,
2176,2026-09-15 23:38:47.955,GW-LINE-B,rob01.inPlace,Good,True,
2177,2026-09-15 23:38:47.957,GW-LINE-B,rob01.cycleTime,Good,3.2,
2178,2026-09-15 23:38:47.957,GW-LINE-B,rob01.totalPicks,Good,45,
2179,2026-09-15 23:38:47.957,GW-LINE-B,rob01.successPicks,Good,45,
2180,2026-09-15 23:38:47.957,GW-LINE-B,rob01.posX,Good,8,
2181,2026-09-15 23:38:47.957,GW-LINE-B,rob01.posY,Good,8,
2182,2026-09-15 23:38:47.957,GW-LINE-B,rob01.posZ,Good,8,
2183,2026-09-15 23:38:47.957,GW-LINE-B,rob01.trajectory,Good,8.112285,
2184,2026-09-15 23:38:48.069,IM-01,im01.prodTime,Good,09/15/2026 23:38:48,
2185,2026-09-15 23:38:48.550,IM-01,im01.moldTemp,Good,84.6,
2186,2026-09-15 23:38:48.550,IM-01,im01.oilTemp,Good,44.5,
2187,2026-09-15 23:38:48.550,IM-01,im01.energyTotal,Good,1.60491666666736,
2188,2026-09-15 23:38:48.896,EM-01,em01.readTime,Good,09/15/2026 23:38:48,
2189,2026-09-15 23:38:48.897,GW-LINE-B,mtc01.runSeconds,Good,13818,
2190,2026-09-15 23:38:48.897,GW-LINE-B,mtc01.energyTotal,Good,2.06263888888891,
2191,2026-09-15 23:38:48.899,GW-LINE-B,mtc01.tempDeviation,Good,-0.6,
2192,2026-09-15 23:38:48.901,ENV-01,env01.runSeconds,Good,13818,
2193,2026-09-15 23:38:48.901,ENV-01,env01.sampleTime,Good,09/15/2026 23:38:48,
2194,2026-09-15 23:38:48.905,GW-LINE-B,dry01.drySeconds,Good,13194,
2195,2026-09-15 23:38:48.905,ENV-01,env01.tempDeviation,Good,-0.2,
2196,2026-09-15 23:38:48.905,GW-LINE-B,dry01.energyTotal,Good,2.12075000000005,
2197,2026-09-15 23:38:48.907,GW-LINE-B,dry01.dewDeviation,Good,1.3,
2198,2026-09-15 23:38:48.913,GW-LINE-B,rob01.runSeconds,Good,13818,
2199,2026-09-15 23:38:48.914,GW-LINE-B,rob01.energyTotal,Good,1.92141666666662,
2200,2026-09-15 23:38:48.916,GW-LINE-B,rob01.posDeviation,Good,-92,
2201,2026-09-15 23:38:48.917,EM-01,em01.totalEnergy,Good,4286.85,
2202,2026-09-15 23:38:48.917,EM-01,em01.forwardEnergy,Good,4286.85,
2203,2026-09-15 23:38:48.917,EM-01,em01.voltageA,Good,377,
2204,2026-09-15 23:38:48.917,EM-01,em01.voltageB,Good,376,
2205,2026-09-15 23:38:48.917,EM-01,em01.voltageC,Good,381,
2206,2026-09-15 23:38:48.917,EM-01,em01.currentA,Good,158,
2207,2026-09-15 23:38:48.917,EM-01,em01.activePower,Good,98,
2208,2026-09-15 23:38:48.917,EM-01,em01.reactivePower,Good,21,
2209,2026-09-15 23:38:48.917,EM-01,em01.powerFactor,Good,0.872,
2210,2026-09-15 23:38:48.917,EM-01,em01.frequency,Good,49.99,
2211,2026-09-15 23:38:48.917,EM-01,em01.demand,Good,98,
2212,2026-09-15 23:38:48.917,EM-01,em01.energyF64,Good,43.519055555556,
2213,2026-09-15 23:38:48.917,EM-01,em01.unbalance,Good,1.315789,
2214,2026-09-15 23:38:48.930,ENV-01,env01.roomTemp,Good,23.8,
2215,2026-09-15 23:38:48.930,ENV-01,env01.humidity,Good,55,
2216,2026-09-15 23:38:48.930,ENV-01,env01.dewPoint,Good,14.9,
2217,2026-09-15 23:38:48.930,ENV-01,env01.noise,Good,74,
2218,2026-09-15 23:38:48.930,ENV-01,env01.pm25,Good,50,
2219,2026-09-15 23:38:48.930,ENV-01,env01.pressureDiff,Good,0,
2220,2026-09-15 23:38:48.930,ENV-01,env01.illuminance,Good,404,
2221,2026-09-15 23:38:48.930,ENV-01,env01.tempFluctuation,Good,12.06741,
2222,2026-09-15 23:38:48.942,GW-LINE-B,mtc01.pumpFlow,Good,27,
2223,2026-09-15 23:38:48.942,GW-LINE-B,mtc01.pumpCurrent,Good,3.7,
2224,2026-09-15 23:38:48.942,GW-LINE-B,mtc01.heatPower,Good,5,
2225,2026-09-15 23:38:48.942,GW-LINE-B,mtc01.tempAvg,Good,993.8007,
2226,2026-09-15 23:38:48.949,GW-LINE-B,dry01.dewPoint,Good,-33.8,
2227,2026-09-15 23:38:48.949,GW-LINE-B,dry01.heatPower,Good,7,
2228,2026-09-15 23:38:48.949,GW-LINE-B,dry01.fanCurrent,Good,1.7,
2229,2026-09-15 23:38:48.951,GW-LINE-B,dry01.levelTrend,Good,-4.598751,
2230,2026-09-15 23:38:48.957,GW-LINE-B,rob01.cycleTime,Good,2.8,
2231,2026-09-15 23:38:48.957,GW-LINE-B,rob01.trajectory,Good,8.028667,
