╔══════════════════════════════════════════════════════════════════════════════════════╗
║ InjectionLineMonitor —— 注塑产线监视线（SuperSampler 宿主样例，net46 控制台）        ║
╚══════════════════════════════════════════════════════════════════════════════════════╝
  操作者身份 : op01:Operator（写值与报警确认都带它）
  运行时长   : 160s   显示周期 2s   CSV 目录 D:\IT\SuperModbus\SuperSampler\samples\InjectionLineMonitor\run\run1\csv
── 配置解析摘要 ─────────────────────────────────────────────────────────────
  配置文件   : D:\IT\SuperModbus\SuperSampler\samples\InjectionLineMonitor\line.xml
  工程       : 注塑产线数据采集（InjectionLineMonitor）  修订 1  作者 Sarige
  schema     : 3.x  unsupportedPolicy=warn
  语言/坏值  : zh_CN/en_US  nullText="--"  全局 swap=Word
  规模       : 链路 3  设备 5  点表 5  点位 145/145（可写 35 / 计算点 2 / 报警 2）
  通信策略   : 超时 1000ms  重试 1x100ms  断线质量=bad/null  staleAfter=5000ms  原始读写=关

  扫描组     : fast[poll 500ms]  normal[poll 1000ms+50ms抖动]  slow[poll 5000ms+200ms抖动]
  链路       : lineA[tcp 127.0.0.1:2502 to=1000ms retry=1]  lineB[tcp 127.0.0.1:2503 to=1000ms]  util[tcp 127.0.0.1:2504 to=1000ms]

  设备清单：
    IM-01        1号注塑机      transport=lineA   unitId=1   点位=47   可写=17  扫描组=fast/normal/slow   块=im.monitor(InputRegister@0+20),im.process(InputRegister@30+30),im.params(HoldingRegister@0+23)
    GW-LINE-B    产线B网关      transport=lineB   unitId=2   点位=52   可写=9   扫描组=normal/slow        块=无（全散点）
                  └ 点位级 unitId 覆盖：unit2×18, unit3×17, unit4×17
    EM-01        总电表        transport=util    unitId=5   点位=21   可写=3   扫描组=normal/slow        块=em.meter(InputRegister@0+24),em.nameplate(InputRegister@24+16)
    ENV-01       车间环境       transport=util    unitId=6   点位=22   可写=4   扫描组=normal/slow        块=env.air(InputRegister@0+11),env.ops(InputRegister@11+19)
    PROT-02      写保护从站      transport=util    unitId=12  点位=3    可写=2   扫描组=slow               块=无（全散点）

  Warnings   : 1 条
      ! 配置包含尚未实现的功能：点位 im01.moldTempDual 的 Scale@mode（缩放模式，v1 仅支持线性）；AlarmClass@name/@color/@sound/@escalateAfterMs（等级展示属性由宿主消费，框架未使用）（unsupportedPolicy=warn：已忽略）
────────────────────────────────────────────────────────────────────────────
  已订阅     : 值变化 / 报警三态 / 写审计 / 错误族（IErrorEvent 基接口）  共 6 条订阅
  启动引擎   : 0.02s
  操作脚本   : ops.txt（20 条动作）

[23:44:29] [资源] T+0.0s  线程 18  句柄 339  GC 后托管堆 1.71 MB
══════════════════════════════════════════════════════════════════════════════════════════
  屏 #1   T+2.1s   本地时间 23:44:31   质量非 Good 或超过 5s 未刷新会标 !! / ~
══════════════════════════════════════════════════════════════════════════════════════════
  点位                                值                       质量                  年龄       说明
   IM-01/im01.stage               待机                      Good                0.0s     注塑阶段
   IM-01/im01.statusWord          1                       Good                0.0s     状态字
   IM-01/im01.cycleTime           42.4 s                  Good                0.0s     当前周期
   IM-01/im01.goodParts           4                       Good                0.0s     合格品数
   IM-01/im01.rejectParts         0                       Good                0.0s     次品数
   IM-01/im01.barrel1Temp         192.6 ℃                 Good                0.0s     料筒1段温
   IM-01/im01.moldTemp            84.5 ℃                  Good                0.0s     模具温度
   IM-01/im01.oilTemp             44.7 ℃                  Good                0.0s     液压油温
   IM-01/im01.injectPressure      0 bar                   Good                0.0s     射胶压力
   IM-01/im01.energyTotal         0.915 kWh               Good                0.0s     累计能耗
   IM-01/im01.moldTempDev         -0.5 ℃                  Good                0.0s     模温偏差(计算点)
   IM-01/im01.faultAlarm          False                   Good                0.0s     注塑机报警位
   GW-LINE-B/mtc01.actualTemp     99.4 ℃                  Good                0.0s     模温机温度
   GW-LINE-B/mtc01.pumpFlow       25 L/min                Good                0.0s     模温机流量
   GW-LINE-B/dry01.dryTemp        79.4 ℃                  Good                0.0s     干燥温度
   GW-LINE-B/dry01.dewPoint       -34.3 ℃                 Good                0.0s     露点
   GW-LINE-B/dry01.materialLevel  79 %                    Good                0.0s     料位
   GW-LINE-B/rob01.cycleTime      2.8 s                   Good                0.0s     机械手节拍时间
   GW-LINE-B/rob01.totalPicks     9                       Good                0.0s     累计取件
   EM-01/em01.activePower         115 kW                  Good                0.0s     总有功功率
   EM-01/em01.powerFactor         0.936                   Good                0.0s     功率因数
   EM-01/em01.totalEnergy         856.10 kWh              Good                0.0s     累计电能
   ENV-01/env01.roomTemp          23.9 ℃                  Good                0.0s     车间温度
   ENV-01/env01.humidity          55 %RH                  Good                0.0s     湿度
   ENV-01/env01.co2               450 ppm                 Good                0.0s     CO2
   ENV-01/env01.highTempAlarm     False                   Good                0.0s     高温报警位
   ENV-01/env01.plantLoad         46.0 %                  Good                0.0s     车间负载率(计算点)
  ── 激活报警：无
  事件计数：值 210  错误 0  写 0  （明细见 CSV）
══════════════════════════════════════════════════════════════════════════════════════════
  屏 #2   T+4.1s   本地时间 23:44:33   质量非 Good 或超过 5s 未刷新会标 !! / ~
══════════════════════════════════════════════════════════════════════════════════════════
  点位                                值                       质量                  年龄       说明
   IM-01/im01.stage               待机                      Good                0.0s     注塑阶段
   IM-01/im01.statusWord          1                       Good                0.0s     状态字
   IM-01/im01.cycleTime           42.4 s                  Good                0.0s     当前周期
   IM-01/im01.goodParts           4                       Good                0.0s     合格品数
   IM-01/im01.rejectParts         0                       Good                0.0s     次品数
   IM-01/im01.barrel1Temp         192.6 ℃                 Good                0.0s     料筒1段温
   IM-01/im01.moldTemp            84.5 ℃                  Good                0.0s     模具温度
   IM-01/im01.oilTemp             44.5 ℃                  Good                0.0s     液压油温
   IM-01/im01.injectPressure      0 bar                   Good                0.0s     射胶压力
   IM-01/im01.energyTotal         0.917 kWh               Good                0.0s     累计能耗
   IM-01/im01.moldTempDev         -0.5 ℃                  Good                0.0s     模温偏差(计算点)
   IM-01/im01.faultAlarm          False                   Good                0.0s     注塑机报警位
   GW-LINE-B/mtc01.actualTemp     99.4 ℃                  Good                0.0s     模温机温度
   GW-LINE-B/mtc01.pumpFlow       22 L/min                Good                0.0s     模温机流量
   GW-LINE-B/dry01.dryTemp        79.4 ℃                  Good                0.0s     干燥温度
   GW-LINE-B/dry01.dewPoint       -34.4 ℃                 Good                0.0s     露点
   GW-LINE-B/dry01.materialLevel  78 %                    Good                0.0s     料位
   GW-LINE-B/rob01.cycleTime      3.0 s                   Good                0.0s     机械手节拍时间
   GW-LINE-B/rob01.totalPicks     9                       Good                0.0s     累计取件
   EM-01/em01.activePower         111 kW                  Good                0.0s     总有功功率
   EM-01/em01.powerFactor         0.893                   Good                0.0s     功率因数
   EM-01/em01.totalEnergy         862.20 kWh              Good                0.0s     累计电能
   ENV-01/env01.roomTemp          23.9 ℃                  Good                0.0s     车间温度
   ENV-01/env01.humidity          55 %RH                  Good                0.0s     湿度
   ENV-01/env01.co2               450 ppm                 Good                0.0s     CO2
   ENV-01/env01.highTempAlarm     False                   Good                0.0s     高温报警位
   ENV-01/env01.plantLoad         44.4 %                  Good                0.0s     车间负载率(计算点)
  ── 激活报警：无
  事件计数：值 286  错误 0  写 0  （明细见 CSV）
[T+5.0s] [ops] —— 开机巡检：先看一屏关键点位 ——
══════════════════════════════════════════════════════════════════════════════════════════
  屏 #3   T+6.1s   本地时间 23:44:35   质量非 Good 或超过 5s 未刷新会标 !! / ~
══════════════════════════════════════════════════════════════════════════════════════════
  点位                                值                       质量                  年龄       说明
   IM-01/im01.stage               待机                      Good                0.0s     注塑阶段
   IM-01/im01.statusWord          1                       Good                0.0s     状态字
   IM-01/im01.cycleTime           42.4 s                  Good                0.0s     当前周期
   IM-01/im01.goodParts           4                       Good                0.0s     合格品数
   IM-01/im01.rejectParts         0                       Good                0.0s     次品数
   IM-01/im01.barrel1Temp         192.6 ℃                 Good                0.0s     料筒1段温
   IM-01/im01.moldTemp            84.5 ℃                  Good                0.0s     模具温度
   IM-01/im01.oilTemp             44.6 ℃                  Good                0.0s     液压油温
   IM-01/im01.injectPressure      0 bar                   Good                0.0s     射胶压力
   IM-01/im01.energyTotal         0.918 kWh               Good                0.0s     累计能耗
   IM-01/im01.moldTempDev         -0.5 ℃                  Good                0.0s     模温偏差(计算点)
   IM-01/im01.faultAlarm          False                   Good                0.0s     注塑机报警位
   GW-LINE-B/mtc01.actualTemp     99.5 ℃                  Good                0.0s     模温机温度
   GW-LINE-B/mtc01.pumpFlow       20 L/min                Good                0.0s     模温机流量
   GW-LINE-B/dry01.dryTemp        79.4 ℃                  Good                0.0s     干燥温度
   GW-LINE-B/dry01.dewPoint       -34.6 ℃                 Good                0.0s     露点
   GW-LINE-B/dry01.materialLevel  78 %                    Good                0.0s     料位
   GW-LINE-B/rob01.cycleTime      2.7 s                   Good                0.0s     机械手节拍时间
   GW-LINE-B/rob01.totalPicks     9                       Good                0.0s     累计取件
   EM-01/em01.activePower         129 kW                  Good                0.0s     总有功功率
   EM-01/em01.powerFactor         0.863                   Good                0.0s     功率因数
   EM-01/em01.totalEnergy         868.54 kWh              Good                0.0s     累计电能
   ENV-01/env01.roomTemp          24.1 ℃                  Good                0.0s     车间温度
   ENV-01/env01.humidity          55 %RH                  Good                0.0s     湿度
   ENV-01/env01.co2               450 ppm                 Good                0.0s     CO2
   ENV-01/env01.highTempAlarm     False                   Good                0.0s     高温报警位
   ENV-01/env01.plantLoad         51.6 %                  Good                0.0s     车间负载率(计算点)
  ── 激活报警：无
  事件计数：值 368  错误 0  写 0  （明细见 CSV）
[T+8.0s] [ops] show ENV-01/env01.roomTemp = 24.1 ℃  [质量 Good]  原始=24.1  时间戳=23:44:36.045
══════════════════════════════════════════════════════════════════════════════════════════
  屏 #4   T+8.1s   本地时间 23:44:37   质量非 Good 或超过 5s 未刷新会标 !! / ~
══════════════════════════════════════════════════════════════════════════════════════════
  点位                                值                       质量                  年龄       说明
   IM-01/im01.stage               待机                      Good                0.0s     注塑阶段
   IM-01/im01.statusWord          1                       Good                0.0s     状态字
   IM-01/im01.cycleTime           42.4 s                  Good                0.0s     当前周期
   IM-01/im01.goodParts           4                       Good                0.0s     合格品数
   IM-01/im01.rejectParts         0                       Good                0.0s     次品数
   IM-01/im01.barrel1Temp         192.6 ℃                 Good                0.0s     料筒1段温
   IM-01/im01.moldTemp            84.6 ℃                  Good                0.0s     模具温度
   IM-01/im01.oilTemp             44.8 ℃                  Good                0.0s     液压油温
   IM-01/im01.injectPressure      0 bar                   Good                0.0s     射胶压力
   IM-01/im01.energyTotal         0.920 kWh               Good                0.0s     累计能耗
   IM-01/im01.moldTempDev         -0.4 ℃                  Good                0.0s     模温偏差(计算点)
   IM-01/im01.faultAlarm          False                   Good                0.0s     注塑机报警位
   GW-LINE-B/mtc01.actualTemp     99.4 ℃                  Good                0.0s     模温机温度
   GW-LINE-B/mtc01.pumpFlow       16 L/min                Good                0.0s     模温机流量
   GW-LINE-B/dry01.dryTemp        79.4 ℃                  Good                0.0s     干燥温度
   GW-LINE-B/dry01.dewPoint       -33.9 ℃                 Good                0.0s     露点
   GW-LINE-B/dry01.materialLevel  77 %                    Good                0.0s     料位
   GW-LINE-B/rob01.cycleTime      2.8 s                   Good                0.0s     机械手节拍时间
   GW-LINE-B/rob01.totalPicks     9                       Good                0.0s     累计取件
   EM-01/em01.activePower         116 kW                  Good                0.0s     总有功功率
   EM-01/em01.powerFactor         0.916                   Good                0.0s     功率因数
   EM-01/em01.totalEnergy         874.85 kWh              Good                0.0s     累计电能
   ENV-01/env01.roomTemp          24.0 ℃                  Good                0.0s     车间温度
   ENV-01/env01.humidity          55 %RH                  Good                0.0s     湿度
   ENV-01/env01.co2               450 ppm                 Good                0.0s     CO2
   ENV-01/env01.highTempAlarm     False                   Good                0.0s     高温报警位
   ENV-01/env01.plantLoad         46.4 %                  Good                0.0s     车间负载率(计算点)
  ── 激活报警：无
  事件计数：值 441  错误 0  写 0  （明细见 CSV）
[T+10.0s] [ops] write IM-01/im01.cavitySetTemp = 235 → Succeeded  verifyMismatch=False  readback=235 ℃[Good]  14ms  user=op01:Operator
══════════════════════════════════════════════════════════════════════════════════════════
  屏 #5   T+10.1s   本地时间 23:44:39   质量非 Good 或超过 5s 未刷新会标 !! / ~
══════════════════════════════════════════════════════════════════════════════════════════
  点位                                值                       质量                  年龄       说明
   IM-01/im01.stage               待机                      Good                0.0s     注塑阶段
   IM-01/im01.statusWord          1                       Good                0.0s     状态字
   IM-01/im01.cycleTime           42.4 s                  Good                0.0s     当前周期
   IM-01/im01.goodParts           4                       Good                0.0s     合格品数
   IM-01/im01.rejectParts         0                       Good                0.0s     次品数
   IM-01/im01.barrel1Temp         192.6 ℃                 Good                0.1s     料筒1段温
   IM-01/im01.moldTemp            84.6 ℃                  Good                0.1s     模具温度
   IM-01/im01.oilTemp             44.6 ℃                  Good                0.1s     液压油温
   IM-01/im01.injectPressure      0 bar                   Good                0.1s     射胶压力
   IM-01/im01.energyTotal         0.922 kWh               Good                0.1s     累计能耗
   IM-01/im01.moldTempDev         -0.4 ℃                  Good                0.0s     模温偏差(计算点)
   IM-01/im01.faultAlarm          False                   Good                0.0s     注塑机报警位
   GW-LINE-B/mtc01.actualTemp     99.4 ℃                  Good                0.0s     模温机温度
   GW-LINE-B/mtc01.pumpFlow       38 L/min                Good                0.0s     模温机流量
   GW-LINE-B/dry01.dryTemp        79.4 ℃                  Good                0.0s     干燥温度
   GW-LINE-B/dry01.dewPoint       -34.3 ℃                 Good                0.0s     露点
   GW-LINE-B/dry01.materialLevel  76 %                    Good                0.0s     料位
   GW-LINE-B/rob01.cycleTime      3.0 s                   Good                0.0s     机械手节拍时间
   GW-LINE-B/rob01.totalPicks     9                       Good                0.0s     累计取件
   EM-01/em01.activePower         115 kW                  Good                0.0s     总有功功率
   EM-01/em01.powerFactor         0.915                   Good                0.0s     功率因数
   EM-01/em01.totalEnergy         881.12 kWh              Good                0.0s     累计电能
   ENV-01/env01.roomTemp          24.0 ℃                  Good                0.0s     车间温度
   ENV-01/env01.humidity          56 %RH                  Good                0.0s     湿度
   ENV-01/env01.co2               450 ppm                 Good                0.0s     CO2
   ENV-01/env01.highTempAlarm     False                   Good                0.0s     高温报警位
   ENV-01/env01.plantLoad         46.0 %                  Good                0.0s     车间负载率(计算点)
  ── 激活报警：无
  事件计数：值 518  错误 0  写 1  （明细见 CSV）
══════════════════════════════════════════════════════════════════════════════════════════
  屏 #6   T+12.1s   本地时间 23:44:41   质量非 Good 或超过 5s 未刷新会标 !! / ~
══════════════════════════════════════════════════════════════════════════════════════════
  点位                                值                       质量                  年龄       说明
   IM-01/im01.stage               待机                      Good                0.1s     注塑阶段
   IM-01/im01.statusWord          1                       Good                0.1s     状态字
   IM-01/im01.cycleTime           42.4 s                  Good                0.1s     当前周期
   IM-01/im01.goodParts           4                       Good                0.1s     合格品数
   IM-01/im01.rejectParts         0                       Good                0.1s     次品数
   IM-01/im01.barrel1Temp         192.6 ℃                 Good                0.1s     料筒1段温
   IM-01/im01.moldTemp            84.6 ℃                  Good                0.1s     模具温度
   IM-01/im01.oilTemp             44.6 ℃                  Good                0.1s     液压油温
   IM-01/im01.injectPressure      0 bar                   Good                0.1s     射胶压力
   IM-01/im01.energyTotal         0.923 kWh               Good                0.1s     累计能耗
   IM-01/im01.moldTempDev         -0.4 ℃                  Good                0.0s     模温偏差(计算点)
   IM-01/im01.faultAlarm          False                   Good                0.1s     注塑机报警位
   GW-LINE-B/mtc01.actualTemp     99.4 ℃                  Good                0.0s     模温机温度
   GW-LINE-B/mtc01.pumpFlow       28 L/min                Good                0.0s     模温机流量
   GW-LINE-B/dry01.dryTemp        79.4 ℃                  Good                0.0s     干燥温度
   GW-LINE-B/dry01.dewPoint       -35.0 ℃                 Good                0.0s     露点
   GW-LINE-B/dry01.materialLevel  76 %                    Good                0.0s     料位
   GW-LINE-B/rob01.cycleTime      3.1 s                   Good                0.0s     机械手节拍时间
   GW-LINE-B/rob01.totalPicks     9                       Good                0.0s     累计取件
   EM-01/em01.activePower         102 kW                  Good                0.1s     总有功功率
   EM-01/em01.powerFactor         0.893                   Good                0.1s     功率因数
   EM-01/em01.totalEnergy         887.16 kWh              Good                0.1s     累计电能
   ENV-01/env01.roomTemp          24.0 ℃                  Good                0.0s     车间温度
   ENV-01/env01.humidity          55 %RH                  Good                0.0s     湿度
   ENV-01/env01.co2               450 ppm                 Good                0.0s     CO2
   ENV-01/env01.highTempAlarm     False                   Good                0.0s     高温报警位
   ENV-01/env01.plantLoad         40.8 %                  Good                0.0s     车间负载率(计算点)
  ── 激活报警：无
  事件计数：值 589  错误 0  写 1  （明细见 CSV）
══════════════════════════════════════════════════════════════════════════════════════════
  屏 #7   T+14.1s   本地时间 23:44:43   质量非 Good 或超过 5s 未刷新会标 !! / ~
══════════════════════════════════════════════════════════════════════════════════════════
  点位                                值                       质量                  年龄       说明
   IM-01/im01.stage               待机                      Good                0.1s     注塑阶段
   IM-01/im01.statusWord          1                       Good                0.1s     状态字
   IM-01/im01.cycleTime           42.4 s                  Good                0.1s     当前周期
   IM-01/im01.goodParts           4                       Good                0.1s     合格品数
   IM-01/im01.rejectParts         0                       Good                0.1s     次品数
   IM-01/im01.barrel1Temp         192.6 ℃                 Good                0.1s     料筒1段温
   IM-01/im01.moldTemp            84.6 ℃                  Good                0.1s     模具温度
   IM-01/im01.oilTemp             44.4 ℃                  Good                0.1s     液压油温
   IM-01/im01.injectPressure      0 bar                   Good                0.1s     射胶压力
   IM-01/im01.energyTotal         0.925 kWh               Good                0.1s     累计能耗
   IM-01/im01.moldTempDev         -0.4 ℃                  Good                0.0s     模温偏差(计算点)
   IM-01/im01.faultAlarm          False                   Good                0.1s     注塑机报警位
   GW-LINE-B/mtc01.actualTemp     99.5 ℃                  Good                0.1s     模温机温度
   GW-LINE-B/mtc01.pumpFlow       18 L/min                Good                0.1s     模温机流量
   GW-LINE-B/dry01.dryTemp        79.4 ℃                  Good                0.0s     干燥温度
   GW-LINE-B/dry01.dewPoint       -34.4 ℃                 Good                0.0s     露点
   GW-LINE-B/dry01.materialLevel  75 %                    Good                0.0s     料位
   GW-LINE-B/rob01.cycleTime      2.8 s                   Good                0.0s     机械手节拍时间
   GW-LINE-B/rob01.totalPicks     9                       Good                0.0s     累计取件
   EM-01/em01.activePower         126 kW                  Good                0.1s     总有功功率
   EM-01/em01.powerFactor         0.933                   Good                0.1s     功率因数
   EM-01/em01.totalEnergy         893.26 kWh              Good                0.1s     累计电能
   ENV-01/env01.roomTemp          23.8 ℃                  Good                0.1s     车间温度
   ENV-01/env01.humidity          55 %RH                  Good                0.1s     湿度
   ENV-01/env01.co2               450 ppm                 Good                0.1s     CO2
   ENV-01/env01.highTempAlarm     False                   Good                0.0s     高温报警位
   ENV-01/env01.plantLoad         50.4 %                  Good                0.0s     车间负载率(计算点)
  ── 激活报警：无
  事件计数：值 661  错误 0  写 1  （明细见 CSV）
[T+15.8s] [ops] pulse IM-01/im01.moldCloseJog = True → Succeeded  verifyMismatch=False  readback=-  804ms  user=op01:Operator
══════════════════════════════════════════════════════════════════════════════════════════
  屏 #8   T+16.1s   本地时间 23:44:45   质量非 Good 或超过 5s 未刷新会标 !! / ~
══════════════════════════════════════════════════════════════════════════════════════════
  点位                                值                       质量                  年龄       说明
   IM-01/im01.stage               待机                      Good                0.1s     注塑阶段
   IM-01/im01.statusWord          1                       Good                0.1s     状态字
   IM-01/im01.cycleTime           42.4 s                  Good                0.1s     当前周期
   IM-01/im01.goodParts           4                       Good                0.1s     合格品数
   IM-01/im01.rejectParts         0                       Good                0.1s     次品数
   IM-01/im01.barrel1Temp         192.6 ℃                 Good                0.1s     料筒1段温
   IM-01/im01.moldTemp            84.5 ℃                  Good                0.1s     模具温度
   IM-01/im01.oilTemp             44.3 ℃                  Good                0.1s     液压油温
   IM-01/im01.injectPressure      0 bar                   Good                0.1s     射胶压力
   IM-01/im01.energyTotal         0.927 kWh               Good                0.1s     累计能耗
   IM-01/im01.moldTempDev         -0.5 ℃                  Good                0.0s     模温偏差(计算点)
   IM-01/im01.faultAlarm          False                   Good                0.1s     注塑机报警位
   GW-LINE-B/mtc01.actualTemp     99.2 ℃                  Good                0.1s     模温机温度
   GW-LINE-B/mtc01.pumpFlow       17 L/min                Good                0.1s     模温机流量
   GW-LINE-B/dry01.dryTemp        79.4 ℃                  Good                0.1s     干燥温度
   GW-LINE-B/dry01.dewPoint       -34.6 ℃                 Good                0.1s     露点
   GW-LINE-B/dry01.materialLevel  74 %                    Good                0.1s     料位
   GW-LINE-B/rob01.cycleTime      2.9 s                   Good                0.0s     机械手节拍时间
   GW-LINE-B/rob01.totalPicks     9                       Good                0.0s     累计取件
   EM-01/em01.activePower         129 kW                  Good                0.1s     总有功功率
   EM-01/em01.powerFactor         0.860                   Good                0.1s     功率因数
   EM-01/em01.totalEnergy         899.81 kWh              Good                0.1s     累计电能
   ENV-01/env01.roomTemp          24.0 ℃                  Good                0.1s     车间温度
   ENV-01/env01.humidity          54 %RH                  Good                0.1s     湿度
   ENV-01/env01.co2               450 ppm                 Good                0.1s     CO2
   ENV-01/env01.highTempAlarm     False                   Good                0.1s     高温报警位
   ENV-01/env01.plantLoad         51.6 %                  Good                0.0s     车间负载率(计算点)
  ── 激活报警：无
  事件计数：值 748  错误 0  写 2  （明细见 CSV）
══════════════════════════════════════════════════════════════════════════════════════════
  屏 #9   T+18.1s   本地时间 23:44:47   质量非 Good 或超过 5s 未刷新会标 !! / ~
══════════════════════════════════════════════════════════════════════════════════════════
  点位                                值                       质量                  年龄       说明
   IM-01/im01.stage               待机                      Good                0.1s     注塑阶段
   IM-01/im01.statusWord          1                       Good                0.1s     状态字
   IM-01/im01.cycleTime           42.4 s                  Good                0.1s     当前周期
   IM-01/im01.goodParts           4                       Good                0.1s     合格品数
   IM-01/im01.rejectParts         0                       Good                0.1s     次品数
   IM-01/im01.barrel1Temp         192.6 ℃                 Good                0.1s     料筒1段温
   IM-01/im01.moldTemp            84.5 ℃                  Good                0.1s     模具温度
   IM-01/im01.oilTemp             44.6 ℃                  Good                0.1s     液压油温
   IM-01/im01.injectPressure      0 bar                   Good                0.1s     射胶压力
   IM-01/im01.energyTotal         0.928 kWh               Good                0.1s     累计能耗
   IM-01/im01.moldTempDev         -0.5 ℃                  Good                0.0s     模温偏差(计算点)
   IM-01/im01.faultAlarm          False                   Good                0.1s     注塑机报警位
   GW-LINE-B/mtc01.actualTemp     99.6 ℃                  Good                0.1s     模温机温度
   GW-LINE-B/mtc01.pumpFlow       36 L/min                Good                0.1s     模温机流量
   GW-LINE-B/dry01.dryTemp        79.4 ℃                  Good                0.1s     干燥温度
   GW-LINE-B/dry01.dewPoint       -34.8 ℃                 Good                0.1s     露点
   GW-LINE-B/dry01.materialLevel  74 %                    Good                0.1s     料位
   GW-LINE-B/rob01.cycleTime      3.0 s                   Good                0.1s     机械手节拍时间
   GW-LINE-B/rob01.totalPicks     9                       Good                0.1s     累计取件
   EM-01/em01.activePower         102 kW                  Good                0.1s     总有功功率
   EM-01/em01.powerFactor         0.905                   Good                0.1s     功率因数
   EM-01/em01.totalEnergy         905.94 kWh              Good                0.1s     累计电能
   ENV-01/env01.roomTemp          23.9 ℃                  Good                0.1s     车间温度
   ENV-01/env01.humidity          53 %RH                  Good                0.1s     湿度
   ENV-01/env01.co2               450 ppm                 Good                0.1s     CO2
   ENV-01/env01.highTempAlarm     False                   Good                0.1s     高温报警位
   ENV-01/env01.plantLoad         40.8 %                  Good                0.0s     车间负载率(计算点)
  ── 激活报警：无
  事件计数：值 825  错误 0  写 2  （明细见 CSV）
[T+20.0s] [ops] write IM-01/im01.cavitySetTemp = 400 → Rejected  verifyMismatch=False  readback=-  0ms  user=op01:Operator
[T+20.0s] [审计] Rejected IM-01/im01.cavitySetTemp value=400 user=op01 msg=ss.reason.aboveMax
        error: code=SS.WRITE.REJECTED key=ss.reason.aboveMax source=Policy device=IM-01, unit=1, point=im01.cavitySetTemp, addr@2
══════════════════════════════════════════════════════════════════════════════════════════
  屏 #10   T+20.1s   本地时间 23:44:49   质量非 Good 或超过 5s 未刷新会标 !! / ~
══════════════════════════════════════════════════════════════════════════════════════════
  点位                                值                       质量                  年龄       说明
   IM-01/im01.stage               待机                      Good                0.1s     注塑阶段
   IM-01/im01.statusWord          1                       Good                0.1s     状态字
   IM-01/im01.cycleTime           42.4 s                  Good                0.1s     当前周期
   IM-01/im01.goodParts           4                       Good                0.1s     合格品数
   IM-01/im01.rejectParts         0                       Good                0.1s     次品数
   IM-01/im01.barrel1Temp         192.6 ℃                 Good                0.1s     料筒1段温
   IM-01/im01.moldTemp            84.5 ℃                  Good                0.1s     模具温度
   IM-01/im01.oilTemp             44.6 ℃                  Good                0.1s     液压油温
   IM-01/im01.injectPressure      0 bar                   Good                0.1s     射胶压力
   IM-01/im01.energyTotal         0.930 kWh               Good                0.1s     累计能耗
   IM-01/im01.moldTempDev         -0.5 ℃                  Good                0.0s     模温偏差(计算点)
   IM-01/im01.faultAlarm          False                   Good                0.1s     注塑机报警位
   GW-LINE-B/mtc01.actualTemp     99.5 ℃                  Good                0.1s     模温机温度
   GW-LINE-B/mtc01.pumpFlow       39 L/min                Good                0.1s     模温机流量
   GW-LINE-B/dry01.dryTemp        79.4 ℃                  Good                0.1s     干燥温度
   GW-LINE-B/dry01.dewPoint       -34.0 ℃                 Good                0.1s     露点
   GW-LINE-B/dry01.materialLevel  73 %                    Good                0.1s     料位
   GW-LINE-B/rob01.cycleTime      3.2 s                   Good                0.1s     机械手节拍时间
   GW-LINE-B/rob01.totalPicks     9                       Good                0.1s     累计取件
   EM-01/em01.activePower         123 kW                  Good                0.1s     总有功功率
   EM-01/em01.powerFactor         0.897                   Good                0.1s     功率因数
   EM-01/em01.totalEnergy         911.91 kWh              Good                0.1s     累计电能
   ENV-01/env01.roomTemp          23.9 ℃                  Good                0.1s     车间温度
   ENV-01/env01.humidity          53 %RH                  Good                0.1s     湿度
   ENV-01/env01.co2               450 ppm                 Good                0.1s     CO2
   ENV-01/env01.highTempAlarm     False                   Good                0.1s     高温报警位
   ENV-01/env01.plantLoad         49.2 %                  Good                0.0s     车间负载率(计算点)
  ── 激活报警：无
  事件计数：值 909  错误 0  写 3  （明细见 CSV）
══════════════════════════════════════════════════════════════════════════════════════════
  屏 #11   T+22.1s   本地时间 23:44:51   质量非 Good 或超过 5s 未刷新会标 !! / ~
══════════════════════════════════════════════════════════════════════════════════════════
  点位                                值                       质量                  年龄       说明
   IM-01/im01.stage               待机                      Good                0.1s     注塑阶段
   IM-01/im01.statusWord          1                       Good                0.1s     状态字
   IM-01/im01.cycleTime           42.4 s                  Good                0.1s     当前周期
   IM-01/im01.goodParts           4                       Good                0.1s     合格品数
   IM-01/im01.rejectParts         0                       Good                0.1s     次品数
   IM-01/im01.barrel1Temp         192.6 ℃                 Good                0.1s     料筒1段温
   IM-01/im01.moldTemp            84.5 ℃                  Good                0.1s     模具温度
   IM-01/im01.oilTemp             44.6 ℃                  Good                0.1s     液压油温
   IM-01/im01.injectPressure      0 bar                   Good                0.1s     射胶压力
   IM-01/im01.energyTotal         0.932 kWh               Good                0.1s     累计能耗
   IM-01/im01.moldTempDev         -0.5 ℃                  Good                0.0s     模温偏差(计算点)
   IM-01/im01.faultAlarm          False                   Good                0.1s     注塑机报警位
   GW-LINE-B/mtc01.actualTemp     99.5 ℃                  Good                0.1s     模温机温度
   GW-LINE-B/mtc01.pumpFlow       25 L/min                Good                0.1s     模温机流量
   GW-LINE-B/dry01.dryTemp        79.4 ℃                  Good                0.1s     干燥温度
   GW-LINE-B/dry01.dewPoint       -35.0 ℃                 Good                0.1s     露点
   GW-LINE-B/dry01.materialLevel  73 %                    Good                0.1s     料位
   GW-LINE-B/rob01.cycleTime      2.8 s                   Good                0.1s     机械手节拍时间
   GW-LINE-B/rob01.totalPicks     10                      Good                0.1s     累计取件
   EM-01/em01.activePower         125 kW                  Good                0.1s     总有功功率
   EM-01/em01.powerFactor         0.880                   Good                0.1s     功率因数
   EM-01/em01.totalEnergy         918.09 kWh              Good                0.1s     累计电能
   ENV-01/env01.roomTemp          24.0 ℃                  Good                0.1s     车间温度
   ENV-01/env01.humidity          54 %RH                  Good                0.1s     湿度
   ENV-01/env01.co2               450 ppm                 Good                0.1s     CO2
   ENV-01/env01.highTempAlarm     False                   Good                0.1s     高温报警位
   ENV-01/env01.plantLoad         50.0 %                  Good                0.0s     车间负载率(计算点)
  ── 激活报警：无
  事件计数：值 986  错误 0  写 3  （明细见 CSV）
══════════════════════════════════════════════════════════════════════════════════════════
  屏 #12   T+24.1s   本地时间 23:44:53   质量非 Good 或超过 5s 未刷新会标 !! / ~
══════════════════════════════════════════════════════════════════════════════════════════
  点位                                值                       质量                  年龄       说明
   IM-01/im01.stage               待机                      Good                0.1s     注塑阶段
   IM-01/im01.statusWord          1                       Good                0.1s     状态字
   IM-01/im01.cycleTime           42.4 s                  Good                0.1s     当前周期
   IM-01/im01.goodParts           4                       Good                0.1s     合格品数
   IM-01/im01.rejectParts         0                       Good                0.1s     次品数
   IM-01/im01.barrel1Temp         192.6 ℃                 Good                0.1s     料筒1段温
   IM-01/im01.moldTemp            84.6 ℃                  Good                0.1s     模具温度
   IM-01/im01.oilTemp             44.2 ℃                  Good                0.1s     液压油温
   IM-01/im01.injectPressure      0 bar                   Good                0.1s     射胶压力
   IM-01/im01.energyTotal         0.933 kWh               Good                0.1s     累计能耗
   IM-01/im01.moldTempDev         -0.4 ℃                  Good                0.0s     模温偏差(计算点)
   IM-01/im01.faultAlarm          False                   Good                0.1s     注塑机报警位
   GW-LINE-B/mtc01.actualTemp     99.3 ℃                  Good                0.1s     模温机温度
   GW-LINE-B/mtc01.pumpFlow       16 L/min                Good                0.1s     模温机流量
   GW-LINE-B/dry01.dryTemp        79.4 ℃                  Good                0.1s     干燥温度
   GW-LINE-B/dry01.dewPoint       -34.8 ℃                 Good                0.1s     露点
   GW-LINE-B/dry01.materialLevel  72 %                    Good                0.1s     料位
   GW-LINE-B/rob01.cycleTime      3.1 s                   Good                0.1s     机械手节拍时间
   GW-LINE-B/rob01.totalPicks     10                      Good                0.1s     累计取件
   EM-01/em01.activePower         102 kW                  Good                0.1s     总有功功率
   EM-01/em01.powerFactor         0.910                   Good                0.1s     功率因数
   EM-01/em01.totalEnergy         924.30 kWh              Good                0.1s     累计电能
   ENV-01/env01.roomTemp          23.9 ℃                  Good                0.1s     车间温度
   ENV-01/env01.humidity          54 %RH                  Good                0.1s     湿度
   ENV-01/env01.co2               450 ppm                 Good                0.1s     CO2
   ENV-01/env01.highTempAlarm     False                   Good                0.1s     高温报警位
   ENV-01/env01.plantLoad         40.8 %                  Good                0.0s     车间负载率(计算点)
  ── 激活报警：无
  事件计数：值 1057  错误 0  写 3  （明细见 CSV）
[T+25.0s] [ops] write IM-01/im01.totalMolds = 100 → Rejected  verifyMismatch=False  readback=-  0ms  user=op01:Operator
        error: code=SS.WRITE.REJECTED key=ss.reason.notWritable source=Policy device=IM-01, unit=1, point=im01.totalMolds, addr@3
[T+25.0s] [审计] Rejected IM-01/im01.totalMolds value=100 user=op01 msg=ss.reason.notWritable
══════════════════════════════════════════════════════════════════════════════════════════
  屏 #13   T+26.1s   本地时间 23:44:55   质量非 Good 或超过 5s 未刷新会标 !! / ~
══════════════════════════════════════════════════════════════════════════════════════════
  点位                                值                       质量                  年龄       说明
   IM-01/im01.stage               待机                      Good                0.1s     注塑阶段
   IM-01/im01.statusWord          1                       Good                0.1s     状态字
   IM-01/im01.cycleTime           42.4 s                  Good                0.1s     当前周期
   IM-01/im01.goodParts           4                       Good                0.1s     合格品数
   IM-01/im01.rejectParts         0                       Good                0.1s     次品数
   IM-01/im01.barrel1Temp         192.6 ℃                 Good                0.1s     料筒1段温
   IM-01/im01.moldTemp            84.5 ℃                  Good                0.1s     模具温度
   IM-01/im01.oilTemp             44.3 ℃                  Good                0.1s     液压油温
   IM-01/im01.injectPressure      0 bar                   Good                0.1s     射胶压力
   IM-01/im01.energyTotal         0.935 kWh               Good                0.1s     累计能耗
   IM-01/im01.moldTempDev         -0.5 ℃                  Good                0.0s     模温偏差(计算点)
   IM-01/im01.faultAlarm          False                   Good                0.1s     注塑机报警位
   GW-LINE-B/mtc01.actualTemp     99.3 ℃                  Good                0.1s     模温机温度
   GW-LINE-B/mtc01.pumpFlow       26 L/min                Good                0.1s     模温机流量
   GW-LINE-B/dry01.dryTemp        79.4 ℃                  Good                0.1s     干燥温度
   GW-LINE-B/dry01.dewPoint       -34.6 ℃                 Good                0.1s     露点
   GW-LINE-B/dry01.materialLevel  71 %                    Good                0.1s     料位
   GW-LINE-B/rob01.cycleTime      3.2 s                   Good                0.1s     机械手节拍时间
   GW-LINE-B/rob01.totalPicks     10                      Good                0.1s     累计取件
   EM-01/em01.activePower         93 kW                   Good                0.1s     总有功功率
   EM-01/em01.powerFactor         0.944                   Good                0.1s     功率因数
   EM-01/em01.totalEnergy         930.25 kWh              Good                0.1s     累计电能
   ENV-01/env01.roomTemp          23.9 ℃                  Good                0.1s     车间温度
   ENV-01/env01.humidity          54 %RH                  Good                0.1s     湿度
   ENV-01/env01.co2               450 ppm                 Good                0.1s     CO2
   ENV-01/env01.highTempAlarm     False                   Good                0.1s     高温报警位
   ENV-01/env01.plantLoad         37.2 %                  Good                0.0s     车间负载率(计算点)
  ── 激活报警：无
  事件计数：值 1141  错误 0  写 4  （明细见 CSV）
══════════════════════════════════════════════════════════════════════════════════════════
  屏 #14   T+28.2s   本地时间 23:44:57   质量非 Good 或超过 5s 未刷新会标 !! / ~
══════════════════════════════════════════════════════════════════════════════════════════
  点位                                值                       质量                  年龄       说明
   IM-01/im01.stage               待机                      Good                0.1s     注塑阶段
   IM-01/im01.statusWord          1                       Good                0.1s     状态字
   IM-01/im01.cycleTime           42.4 s                  Good                0.1s     当前周期
   IM-01/im01.goodParts           4                       Good                0.1s     合格品数
   IM-01/im01.rejectParts         0                       Good                0.1s     次品数
   IM-01/im01.barrel1Temp         192.6 ℃                 Good                0.1s     料筒1段温
   IM-01/im01.moldTemp            84.5 ℃                  Good                0.1s     模具温度
   IM-01/im01.oilTemp             44.4 ℃                  Good                0.1s     液压油温
   IM-01/im01.injectPressure      0 bar                   Good                0.1s     射胶压力
   IM-01/im01.energyTotal         0.937 kWh               Good                0.1s     累计能耗
   IM-01/im01.moldTempDev         -0.5 ℃                  Good                0.0s     模温偏差(计算点)
   IM-01/im01.faultAlarm          False                   Good                0.1s     注塑机报警位
   GW-LINE-B/mtc01.actualTemp     99.3 ℃                  Good                0.1s     模温机温度
   GW-LINE-B/mtc01.pumpFlow       40 L/min                Good                0.1s     模温机流量
   GW-LINE-B/dry01.dryTemp        79.4 ℃                  Good                0.1s     干燥温度
   GW-LINE-B/dry01.dewPoint       -34.9 ℃                 Good                0.1s     露点
   GW-LINE-B/dry01.materialLevel  71 %                    Good                0.1s     料位
   GW-LINE-B/rob01.cycleTime      2.8 s                   Good                0.1s     机械手节拍时间
   GW-LINE-B/rob01.totalPicks     10                      Good                0.1s     累计取件
   EM-01/em01.activePower         114 kW                  Good                0.1s     总有功功率
   EM-01/em01.powerFactor         0.944                   Good                0.1s     功率因数
   EM-01/em01.totalEnergy         936.10 kWh              Good                0.1s     累计电能
   ENV-01/env01.roomTemp          24.0 ℃                  Good                0.1s     车间温度
   ENV-01/env01.humidity          53 %RH                  Good                0.1s     湿度
   ENV-01/env01.co2               450 ppm                 Good                0.1s     CO2
   ENV-01/env01.highTempAlarm     False                   Good                0.1s     高温报警位
   ENV-01/env01.plantLoad         45.6 %                  Good                0.0s     车间负载率(计算点)
  ── 激活报警：无
  事件计数：值 1204  错误 0  写 4  （明细见 CSV）
[T+30.0s] [ops] write ENV-01/env01.acSetTemp = 28 → Succeeded  verifyMismatch=False  readback=28 ℃[Good]  3ms  user=op01:Operator
[23:44:59] [资源] T+30.1s  线程 25  句柄 423  GC 后托管堆 1.81 MB
══════════════════════════════════════════════════════════════════════════════════════════
  屏 #15   T+30.2s   本地时间 23:44:59   质量非 Good 或超过 5s 未刷新会标 !! / ~
══════════════════════════════════════════════════════════════════════════════════════════
  点位                                值                       质量                  年龄       说明
   IM-01/im01.stage               待机                      Good                0.1s     注塑阶段
   IM-01/im01.statusWord          1                       Good                0.1s     状态字
   IM-01/im01.cycleTime           42.4 s                  Good                0.1s     当前周期
   IM-01/im01.goodParts           4                       Good                0.1s     合格品数
   IM-01/im01.rejectParts         0                       Good                0.1s     次品数
   IM-01/im01.barrel1Temp         192.6 ℃                 Good                0.1s     料筒1段温
   IM-01/im01.moldTemp            84.6 ℃                  Good                0.1s     模具温度
   IM-01/im01.oilTemp             44.6 ℃                  Good                0.1s     液压油温
   IM-01/im01.injectPressure      0 bar                   Good                0.1s     射胶压力
   IM-01/im01.energyTotal         0.938 kWh               Good                0.1s     累计能耗
   IM-01/im01.moldTempDev         -0.4 ℃                  Good                0.0s     模温偏差(计算点)
   IM-01/im01.faultAlarm          False                   Good                0.1s     注塑机报警位
   GW-LINE-B/mtc01.actualTemp     99.5 ℃                  Good                0.1s     模温机温度
   GW-LINE-B/mtc01.pumpFlow       20 L/min                Good                0.1s     模温机流量
   GW-LINE-B/dry01.dryTemp        79.4 ℃                  Good                0.1s     干燥温度
   GW-LINE-B/dry01.dewPoint       -34.9 ℃                 Good                0.1s     露点
   GW-LINE-B/dry01.materialLevel  70 %                    Good                0.1s     料位
   GW-LINE-B/rob01.cycleTime      3.0 s                   Good                0.1s     机械手节拍时间
   GW-LINE-B/rob01.totalPicks     10                      Good                0.1s     累计取件
   EM-01/em01.activePower         110 kW                  Good                0.1s     总有功功率
   EM-01/em01.powerFactor         0.866                   Good                0.1s     功率因数
   EM-01/em01.totalEnergy         942.83 kWh              Good                0.1s     累计电能
   ENV-01/env01.roomTemp          24.1 ℃                  Good                0.1s     车间温度
   ENV-01/env01.humidity          55 %RH                  Good                0.1s     湿度
   ENV-01/env01.co2               450 ppm                 Good                0.1s     CO2
   ENV-01/env01.highTempAlarm     False                   Good                0.1s     高温报警位
   ENV-01/env01.plantLoad         44.0 %                  Good                0.0s     车间负载率(计算点)
  ── 激活报警：无
  事件计数：值 1287  错误 0  写 5  （明细见 CSV）
══════════════════════════════════════════════════════════════════════════════════════════
  屏 #16   T+32.2s   本地时间 23:45:01   质量非 Good 或超过 5s 未刷新会标 !! / ~
══════════════════════════════════════════════════════════════════════════════════════════
  点位                                值                       质量                  年龄       说明
   IM-01/im01.stage               待机                      Good                0.1s     注塑阶段
   IM-01/im01.statusWord          1                       Good                0.1s     状态字
   IM-01/im01.cycleTime           42.4 s                  Good                0.1s     当前周期
   IM-01/im01.goodParts           4                       Good                0.1s     合格品数
   IM-01/im01.rejectParts         0                       Good                0.1s     次品数
   IM-01/im01.barrel1Temp         192.6 ℃                 Good                0.1s     料筒1段温
   IM-01/im01.moldTemp            84.5 ℃                  Good                0.1s     模具温度
   IM-01/im01.oilTemp             44.9 ℃                  Good                0.1s     液压油温
   IM-01/im01.injectPressure      0 bar                   Good                0.1s     射胶压力
   IM-01/im01.energyTotal         0.940 kWh               Good                0.1s     累计能耗
   IM-01/im01.moldTempDev         -0.5 ℃                  Good                0.0s     模温偏差(计算点)
   IM-01/im01.faultAlarm          False                   Good                0.1s     注塑机报警位
   GW-LINE-B/mtc01.actualTemp     99.6 ℃                  Good                0.1s     模温机温度
   GW-LINE-B/mtc01.pumpFlow       38 L/min                Good                0.1s     模温机流量
   GW-LINE-B/dry01.dryTemp        79.4 ℃                  Good                0.1s     干燥温度
   GW-LINE-B/dry01.dewPoint       -34.9 ℃                 Good                0.1s     露点
   GW-LINE-B/dry01.materialLevel  70 %                    Good                0.1s     料位
   GW-LINE-B/rob01.cycleTime      3.0 s                   Good                0.1s     机械手节拍时间
   GW-LINE-B/rob01.totalPicks     10                      Good                0.1s     累计取件
   EM-01/em01.activePower         113 kW                  Good                0.1s     总有功功率
   EM-01/em01.powerFactor         0.924                   Good                0.1s     功率因数
   EM-01/em01.totalEnergy         948.59 kWh              Good                0.1s     累计电能
   ENV-01/env01.roomTemp          25.3 ℃                  Good                0.1s     车间温度
   ENV-01/env01.humidity          54 %RH                  Good                0.1s     湿度
   ENV-01/env01.co2               450 ppm                 Good                0.1s     CO2
   ENV-01/env01.highTempAlarm     False                   Good                0.1s     高温报警位
   ENV-01/env01.plantLoad         45.2 %                  Good                0.0s     车间负载率(计算点)
  ── 激活报警：无
  事件计数：值 1357  错误 0  写 5  （明细见 CSV）
══════════════════════════════════════════════════════════════════════════════════════════
  屏 #17   T+34.2s   本地时间 23:45:03   质量非 Good 或超过 5s 未刷新会标 !! / ~
══════════════════════════════════════════════════════════════════════════════════════════
  点位                                值                       质量                  年龄       说明
   IM-01/im01.stage               待机                      Good                0.1s     注塑阶段
   IM-01/im01.statusWord          1                       Good                0.1s     状态字
   IM-01/im01.cycleTime           42.4 s                  Good                0.1s     当前周期
   IM-01/im01.goodParts           4                       Good                0.1s     合格品数
   IM-01/im01.rejectParts         0                       Good                0.1s     次品数
   IM-01/im01.barrel1Temp         192.6 ℃                 Good                0.1s     料筒1段温
   IM-01/im01.moldTemp            84.5 ℃                  Good                0.1s     模具温度
   IM-01/im01.oilTemp             44.5 ℃                  Good                0.1s     液压油温
   IM-01/im01.injectPressure      0 bar                   Good                0.1s     射胶压力
   IM-01/im01.energyTotal         0.942 kWh               Good                0.1s     累计能耗
   IM-01/im01.moldTempDev         -0.5 ℃                  Good                0.0s     模温偏差(计算点)
   IM-01/im01.faultAlarm          False                   Good                0.1s     注塑机报警位
   GW-LINE-B/mtc01.actualTemp     99.4 ℃                  Good                0.1s     模温机温度
   GW-LINE-B/mtc01.pumpFlow       33 L/min                Good                0.1s     模温机流量
   GW-LINE-B/dry01.dryTemp        79.4 ℃                  Good                0.1s     干燥温度
   GW-LINE-B/dry01.dewPoint       -33.9 ℃                 Good                0.1s     露点
   GW-LINE-B/dry01.materialLevel  69 %                    Good                0.1s     料位
   GW-LINE-B/rob01.cycleTime      3.2 s                   Good                0.1s     机械手节拍时间
   GW-LINE-B/rob01.totalPicks     10                      Good                0.1s     累计取件
   EM-01/em01.activePower         108 kW                  Good                0.1s     总有功功率
   EM-01/em01.powerFactor         0.915                   Good                0.1s     功率因数
   EM-01/em01.totalEnergy         954.46 kWh              Good                0.1s     累计电能
   ENV-01/env01.roomTemp          26.2 ℃                  Good                0.1s     车间温度
   ENV-01/env01.humidity          53 %RH                  Good                0.1s     湿度
   ENV-01/env01.co2               450 ppm                 Good                0.1s     CO2
   ENV-01/env01.highTempAlarm     False                   Good                0.1s     高温报警位
   ENV-01/env01.plantLoad         43.2 %                  Good                0.0s     车间负载率(计算点)
  ── 激活报警：无
  事件计数：值 1435  错误 0  写 5  （明细见 CSV）
══════════════════════════════════════════════════════════════════════════════════════════
  屏 #18   T+36.2s   本地时间 23:45:05   质量非 Good 或超过 5s 未刷新会标 !! / ~
══════════════════════════════════════════════════════════════════════════════════════════
  点位                                值                       质量                  年龄       说明
   IM-01/im01.stage               待机                      Good                0.1s     注塑阶段
   IM-01/im01.statusWord          1                       Good                0.1s     状态字
   IM-01/im01.cycleTime           42.4 s                  Good                0.1s     当前周期
   IM-01/im01.goodParts           4                       Good                0.1s     合格品数
   IM-01/im01.rejectParts         0                       Good                0.1s     次品数
   IM-01/im01.barrel1Temp         192.6 ℃                 Good                0.1s     料筒1段温
   IM-01/im01.moldTemp            84.6 ℃                  Good                0.1s     模具温度
   IM-01/im01.oilTemp             44.5 ℃                  Good                0.1s     液压油温
   IM-01/im01.injectPressure      0 bar                   Good                0.1s     射胶压力
   IM-01/im01.energyTotal         0.943 kWh               Good                0.1s     累计能耗
   IM-01/im01.moldTempDev         -0.4 ℃                  Good                0.0s     模温偏差(计算点)
   IM-01/im01.faultAlarm          False                   Good                0.1s     注塑机报警位
   GW-LINE-B/mtc01.actualTemp     99.4 ℃                  Good                0.1s     模温机温度
   GW-LINE-B/mtc01.pumpFlow       31 L/min                Good                0.1s     模温机流量
   GW-LINE-B/dry01.dryTemp        79.4 ℃                  Good                0.1s     干燥温度
   GW-LINE-B/dry01.dewPoint       -34.6 ℃                 Good                0.1s     露点
   GW-LINE-B/dry01.materialLevel  69 %                    Good                0.1s     料位
   GW-LINE-B/rob01.cycleTime      3.2 s                   Good                0.1s     机械手节拍时间
   GW-LINE-B/rob01.totalPicks     10                      Good                0.1s     累计取件
   EM-01/em01.activePower         119 kW                  Good                0.1s     总有功功率
   EM-01/em01.powerFactor         0.888                   Good                0.1s     功率因数
   EM-01/em01.totalEnergy         960.79 kWh              Good                0.1s     累计电能
   ENV-01/env01.roomTemp          26.7 ℃                  Good                0.1s     车间温度
   ENV-01/env01.humidity          52 %RH                  Good                0.1s     湿度
   ENV-01/env01.co2               450 ppm                 Good                0.1s     CO2
   ENV-01/env01.highTempAlarm     False                   Good                0.1s     高温报警位
   ENV-01/env01.plantLoad         47.6 %                  Good                0.0s     车间负载率(计算点)
  ── 激活报警：无
  事件计数：值 1516  错误 0  写 5  （明细见 CSV）
══════════════════════════════════════════════════════════════════════════════════════════
  屏 #19   T+38.2s   本地时间 23:45:07   质量非 Good 或超过 5s 未刷新会标 !! / ~
══════════════════════════════════════════════════════════════════════════════════════════
  点位                                值                       质量                  年龄       说明
   IM-01/im01.stage               待机                      Good                0.1s     注塑阶段
   IM-01/im01.statusWord          1                       Good                0.1s     状态字
   IM-01/im01.cycleTime           42.4 s                  Good                0.1s     当前周期
   IM-01/im01.goodParts           4                       Good                0.1s     合格品数
   IM-01/im01.rejectParts         0                       Good                0.1s     次品数
   IM-01/im01.barrel1Temp         192.6 ℃                 Good                0.2s     料筒1段温
   IM-01/im01.moldTemp            84.5 ℃                  Good                0.2s     模具温度
   IM-01/im01.oilTemp             44.6 ℃                  Good                0.2s     液压油温
   IM-01/im01.injectPressure      0 bar                   Good                0.2s     射胶压力
   IM-01/im01.energyTotal         0.945 kWh               Good                0.2s     累计能耗
   IM-01/im01.moldTempDev         -0.5 ℃                  Good                0.0s     模温偏差(计算点)
   IM-01/im01.faultAlarm          False                   Good                0.1s     注塑机报警位
   GW-LINE-B/mtc01.actualTemp     99.5 ℃                  Good                0.1s     模温机温度
   GW-LINE-B/mtc01.pumpFlow       40 L/min                Good                0.1s     模温机流量
   GW-LINE-B/dry01.dryTemp        79.4 ℃                  Good                0.1s     干燥温度
   GW-LINE-B/dry01.dewPoint       -34.6 ℃                 Good                0.1s     露点
   GW-LINE-B/dry01.materialLevel  68 %                    Good                0.1s     料位
   GW-LINE-B/rob01.cycleTime      3.0 s                   Good                0.1s     机械手节拍时间
   GW-LINE-B/rob01.totalPicks     10                      Good                0.1s     累计取件
   EM-01/em01.activePower         123 kW                  Good                0.1s     总有功功率
   EM-01/em01.powerFactor         0.921                   Good                0.1s     功率因数
   EM-01/em01.totalEnergy         967.00 kWh              Good                0.1s     累计电能
   ENV-01/env01.roomTemp          27.2 ℃                  Good                0.1s     车间温度
   ENV-01/env01.humidity          53 %RH                  Good                0.1s     湿度
   ENV-01/env01.co2               450 ppm                 Good                0.1s     CO2
   ENV-01/env01.highTempAlarm     False                   Good                0.1s     高温报警位
   ENV-01/env01.plantLoad         49.2 %                  Good                0.0s     车间负载率(计算点)
  ── 激活报警：无
  事件计数：值 1589  错误 0  写 5  （明细见 CSV）
[T+40.0s] [ops] write IM-01/im01.ratedPower = 45.5 → Succeeded  verifyMismatch=False  readback=-  2ms  user=op01:Operator
[T+40.0s] [ops] write EM-01/em01.demandThreshold = 320 → Succeeded  verifyMismatch=False  readback=320 kW[Good]  3ms  user=op01:Operator
[T+40.1s] [报警] RAISED  env.highTemp ENV-01/env01.roomTemp type=high limit=27 value=27.4 priority=High msg=车间温度超过上限（27.0 ℃）
══════════════════════════════════════════════════════════════════════════════════════════
  屏 #20   T+40.2s   本地时间 23:45:09   质量非 Good 或超过 5s 未刷新会标 !! / ~
══════════════════════════════════════════════════════════════════════════════════════════
  点位                                值                       质量                  年龄       说明
   IM-01/im01.stage               待机                      Good                0.1s     注塑阶段
   IM-01/im01.statusWord          1                       Good                0.1s     状态字
   IM-01/im01.cycleTime           42.4 s                  Good                0.1s     当前周期
   IM-01/im01.goodParts           4                       Good                0.1s     合格品数
   IM-01/im01.rejectParts         0                       Good                0.1s     次品数
   IM-01/im01.barrel1Temp         192.6 ℃                 Good                0.2s     料筒1段温
   IM-01/im01.moldTemp            84.6 ℃                  Good                0.2s     模具温度
   IM-01/im01.oilTemp             44.7 ℃                  Good                0.2s     液压油温
   IM-01/im01.injectPressure      0 bar                   Good                0.2s     射胶压力
   IM-01/im01.energyTotal         0.947 kWh               Good                0.2s     累计能耗
   IM-01/im01.moldTempDev         -0.4 ℃                  Good                0.0s     模温偏差(计算点)
   IM-01/im01.faultAlarm          False                   Good                0.1s     注塑机报警位
   GW-LINE-B/mtc01.actualTemp     99.3 ℃                  Good                0.1s     模温机温度
   GW-LINE-B/mtc01.pumpFlow       26 L/min                Good                0.1s     模温机流量
   GW-LINE-B/dry01.dryTemp        79.4 ℃                  Good                0.1s     干燥温度
   GW-LINE-B/dry01.dewPoint       -35.2 ℃                 Good                0.1s     露点
   GW-LINE-B/dry01.materialLevel  67 %                    Good                0.1s     料位
   GW-LINE-B/rob01.cycleTime      3.1 s                   Good                0.1s     机械手节拍时间
   GW-LINE-B/rob01.totalPicks     10                      Good                0.1s     累计取件
   EM-01/em01.activePower         123 kW                  Good                0.2s     总有功功率
   EM-01/em01.powerFactor         0.927                   Good                0.2s     功率因数
   EM-01/em01.totalEnergy         973.55 kWh              Good                0.2s     累计电能
   ENV-01/env01.roomTemp          27.4 ℃                  Good                0.1s     车间温度
   ENV-01/env01.humidity          54 %RH                  Good                0.1s     湿度
   ENV-01/env01.co2               450 ppm                 Good                0.1s     CO2
   ENV-01/env01.highTempAlarm     False                   Good                0.1s     高温报警位
   ENV-01/env01.plantLoad         49.2 %                  Good                0.0s     车间负载率(计算点)
  ── 激活报警：ENV-01/env01.roomTemp
  事件计数：值 1675  错误 0  写 7  （明细见 CSV）
══════════════════════════════════════════════════════════════════════════════════════════
  屏 #21   T+42.2s   本地时间 23:45:11   质量非 Good 或超过 5s 未刷新会标 !! / ~
══════════════════════════════════════════════════════════════════════════════════════════
  点位                                值                       质量                  年龄       说明
   IM-01/im01.stage               待机                      Good                0.2s     注塑阶段
   IM-01/im01.statusWord          1                       Good                0.2s     状态字
   IM-01/im01.cycleTime           42.4 s                  Good                0.2s     当前周期
   IM-01/im01.goodParts           4                       Good                0.2s     合格品数
   IM-01/im01.rejectParts         0                       Good                0.2s     次品数
   IM-01/im01.barrel1Temp         192.6 ℃                 Good                0.2s     料筒1段温
   IM-01/im01.moldTemp            84.5 ℃                  Good                0.2s     模具温度
   IM-01/im01.oilTemp             44.5 ℃                  Good                0.2s     液压油温
   IM-01/im01.injectPressure      0 bar                   Good                0.2s     射胶压力
   IM-01/im01.energyTotal         0.948 kWh               Good                0.2s     累计能耗
   IM-01/im01.moldTempDev         -0.5 ℃                  Good                0.0s     模温偏差(计算点)
   IM-01/im01.faultAlarm          False                   Good                0.2s     注塑机报警位
   GW-LINE-B/mtc01.actualTemp     99.4 ℃                  Good                0.2s     模温机温度
   GW-LINE-B/mtc01.pumpFlow       33 L/min                Good                0.2s     模温机流量
   GW-LINE-B/dry01.dryTemp        79.4 ℃                  Good                0.1s     干燥温度
   GW-LINE-B/dry01.dewPoint       -34.7 ℃                 Good                0.1s     露点
   GW-LINE-B/dry01.materialLevel  67 %                    Good                0.1s     料位
   GW-LINE-B/rob01.cycleTime      3.0 s                   Good                0.1s     机械手节拍时间
   GW-LINE-B/rob01.totalPicks     10                      Good                0.1s     累计取件
   EM-01/em01.activePower         114 kW                  Good                0.2s     总有功功率
   EM-01/em01.powerFactor         0.907                   Good                0.2s     功率因数
   EM-01/em01.totalEnergy         979.76 kWh              Good                0.2s     累计电能
   ENV-01/env01.roomTemp          27.5 ℃                  Good                0.2s     车间温度
   ENV-01/env01.humidity          54 %RH                  Good                0.2s     湿度
   ENV-01/env01.co2               450 ppm                 Good                0.2s     CO2
   ENV-01/env01.highTempAlarm     False                   Good                0.2s     高温报警位
   ENV-01/env01.plantLoad         45.6 %                  Good                0.0s     车间负载率(计算点)
  ── 激活报警：ENV-01/env01.roomTemp
  事件计数：值 1747  错误 0  写 7  （明细见 CSV）
══════════════════════════════════════════════════════════════════════════════════════════
  屏 #22   T+44.2s   本地时间 23:45:13   质量非 Good 或超过 5s 未刷新会标 !! / ~
══════════════════════════════════════════════════════════════════════════════════════════
  点位                                值                       质量                  年龄       说明
   IM-01/im01.stage               待机                      Good                0.2s     注塑阶段
   IM-01/im01.statusWord          1                       Good                0.2s     状态字
   IM-01/im01.cycleTime           42.4 s                  Good                0.2s     当前周期
   IM-01/im01.goodParts           4                       Good                0.2s     合格品数
   IM-01/im01.rejectParts         0                       Good                0.2s     次品数
   IM-01/im01.barrel1Temp         192.6 ℃                 Good                0.2s     料筒1段温
   IM-01/im01.moldTemp            84.6 ℃                  Good                0.2s     模具温度
   IM-01/im01.oilTemp             44.6 ℃                  Good                0.2s     液压油温
   IM-01/im01.injectPressure      0 bar                   Good                0.2s     射胶压力
   IM-01/im01.energyTotal         0.950 kWh               Good                0.2s     累计能耗
   IM-01/im01.moldTempDev         -0.4 ℃                  Good                0.0s     模温偏差(计算点)
   IM-01/im01.faultAlarm          False                   Good                0.2s     注塑机报警位
   GW-LINE-B/mtc01.actualTemp     99.7 ℃                  Good                0.2s     模温机温度
   GW-LINE-B/mtc01.pumpFlow       27 L/min                Good                0.2s     模温机流量
   GW-LINE-B/dry01.dryTemp        79.4 ℃                  Good                0.2s     干燥温度
   GW-LINE-B/dry01.dewPoint       -33.7 ℃                 Good                0.2s     露点
   GW-LINE-B/dry01.materialLevel  66 %                    Good                0.2s     料位
   GW-LINE-B/rob01.cycleTime      2.8 s                   Good                0.1s     机械手节拍时间
   GW-LINE-B/rob01.totalPicks     10                      Good                0.1s     累计取件
   EM-01/em01.activePower         114 kW                  Good                0.2s     总有功功率
   EM-01/em01.powerFactor         0.875                   Good                0.2s     功率因数
   EM-01/em01.totalEnergy         986.08 kWh              Good                0.2s     累计电能
   ENV-01/env01.roomTemp          27.5 ℃                  Good                0.2s     车间温度
   ENV-01/env01.humidity          54 %RH                  Good                0.2s     湿度
   ENV-01/env01.co2               450 ppm                 Good                0.2s     CO2
   ENV-01/env01.highTempAlarm     False                   Good                0.2s     高温报警位
   ENV-01/env01.plantLoad         45.6 %                  Good                0.0s     车间负载率(计算点)
  ── 激活报警：ENV-01/env01.roomTemp
  事件计数：值 1819  错误 0  写 7  （明细见 CSV）
[T+45.0s] [ops] ack ENV-01/env01.roomTemp alarmId=env.highTemp → Acknowledged （AckPending 已清，报警回到可重触发状态） user=op01
[T+45.0s] [报警] ACKED   env.highTemp ENV-01/env01.roomTemp by op01
══════════════════════════════════════════════════════════════════════════════════════════
  屏 #23   T+46.2s   本地时间 23:45:15   质量非 Good 或超过 5s 未刷新会标 !! / ~
══════════════════════════════════════════════════════════════════════════════════════════
  点位                                值                       质量                  年龄       说明
   IM-01/im01.stage               待机                      Good                0.2s     注塑阶段
   IM-01/im01.statusWord          1                       Good                0.2s     状态字
   IM-01/im01.cycleTime           42.4 s                  Good                0.2s     当前周期
   IM-01/im01.goodParts           4                       Good                0.2s     合格品数
   IM-01/im01.rejectParts         0                       Good                0.2s     次品数
   IM-01/im01.barrel1Temp         192.6 ℃                 Good                0.2s     料筒1段温
   IM-01/im01.moldTemp            84.6 ℃                  Good                0.2s     模具温度
   IM-01/im01.oilTemp             44.7 ℃                  Good                0.2s     液压油温
   IM-01/im01.injectPressure      0 bar                   Good                0.2s     射胶压力
   IM-01/im01.energyTotal         0.952 kWh               Good                0.2s     累计能耗
   IM-01/im01.moldTempDev         -0.4 ℃                  Good                0.0s     模温偏差(计算点)
   IM-01/im01.faultAlarm          False                   Good                0.2s     注塑机报警位
   GW-LINE-B/mtc01.actualTemp     99.5 ℃                  Good                0.2s     模温机温度
   GW-LINE-B/mtc01.pumpFlow       28 L/min                Good                0.2s     模温机流量
   GW-LINE-B/dry01.dryTemp        79.4 ℃                  Good                0.2s     干燥温度
   GW-LINE-B/dry01.dewPoint       -34.1 ℃                 Good                0.2s     露点
   GW-LINE-B/dry01.materialLevel  66 %                    Good                0.2s     料位
   GW-LINE-B/rob01.cycleTime      2.7 s                   Good                0.2s     机械手节拍时间
   GW-LINE-B/rob01.totalPicks     10                      Good                0.2s     累计取件
   EM-01/em01.activePower         122 kW                  Good                0.2s     总有功功率
   EM-01/em01.powerFactor         0.925                   Good                0.2s     功率因数
   EM-01/em01.totalEnergy         992.36 kWh              Good                0.2s     累计电能
   ENV-01/env01.roomTemp          27.6 ℃                  Good                0.2s     车间温度
   ENV-01/env01.humidity          53 %RH                  Good                0.2s     湿度
   ENV-01/env01.co2               450 ppm                 Good                0.2s     CO2
   ENV-01/env01.highTempAlarm     False                   Good                0.2s     高温报警位
   ENV-01/env01.plantLoad         48.8 %                  Good                0.0s     车间负载率(计算点)
  ── 激活报警：ENV-01/env01.roomTemp
  事件计数：值 1904  错误 0  写 7  （明细见 CSV）
══════════════════════════════════════════════════════════════════════════════════════════
  屏 #24   T+48.2s   本地时间 23:45:17   质量非 Good 或超过 5s 未刷新会标 !! / ~
══════════════════════════════════════════════════════════════════════════════════════════
  点位                                值                       质量                  年龄       说明
   IM-01/im01.stage               待机                      Good                0.2s     注塑阶段
   IM-01/im01.statusWord          1                       Good                0.2s     状态字
   IM-01/im01.cycleTime           42.4 s                  Good                0.2s     当前周期
   IM-01/im01.goodParts           4                       Good                0.2s     合格品数
   IM-01/im01.rejectParts         0                       Good                0.2s     次品数
   IM-01/im01.barrel1Temp         192.6 ℃                 Good                0.2s     料筒1段温
   IM-01/im01.moldTemp            84.6 ℃                  Good                0.2s     模具温度
   IM-01/im01.oilTemp             44.5 ℃                  Good                0.2s     液压油温
   IM-01/im01.injectPressure      0 bar                   Good                0.2s     射胶压力
   IM-01/im01.energyTotal         0.953 kWh               Good                0.2s     累计能耗
   IM-01/im01.moldTempDev         -0.4 ℃                  Good                0.0s     模温偏差(计算点)
   IM-01/im01.faultAlarm          False                   Good                0.2s     注塑机报警位
   GW-LINE-B/mtc01.actualTemp     99.6 ℃                  Good                0.2s     模温机温度
   GW-LINE-B/mtc01.pumpFlow       28 L/min                Good                0.2s     模温机流量
   GW-LINE-B/dry01.dryTemp        79.4 ℃                  Good                0.2s     干燥温度
   GW-LINE-B/dry01.dewPoint       -34.6 ℃                 Good                0.2s     露点
   GW-LINE-B/dry01.materialLevel  65 %                    Good                0.2s     料位
   GW-LINE-B/rob01.cycleTime      3.0 s                   Good                0.2s     机械手节拍时间
   GW-LINE-B/rob01.totalPicks     10                      Good                0.2s     累计取件
   EM-01/em01.activePower         117 kW                  Good                0.2s     总有功功率
   EM-01/em01.powerFactor         0.890                   Good                0.2s     功率因数
   EM-01/em01.totalEnergy         998.44 kWh              Good                0.2s     累计电能
   ENV-01/env01.roomTemp          27.8 ℃                  Good                0.2s     车间温度
   ENV-01/env01.humidity          53 %RH                  Good                0.2s     湿度
   ENV-01/env01.co2               450 ppm                 Good                0.2s     CO2
   ENV-01/env01.highTempAlarm     False                   Good                0.2s     高温报警位
   ENV-01/env01.plantLoad         46.8 %                  Good                0.0s     车间负载率(计算点)
  ── 激活报警：ENV-01/env01.roomTemp
  事件计数：值 1982  错误 0  写 7  （明细见 CSV）
[T+50.0s] [ops] show ENV-01/env01.roomTemp = 27.9 ℃  [质量 Good]  原始=27.9  时间戳=23:45:18.058
══════════════════════════════════════════════════════════════════════════════════════════
  屏 #25   T+50.2s   本地时间 23:45:19   质量非 Good 或超过 5s 未刷新会标 !! / ~
══════════════════════════════════════════════════════════════════════════════════════════
  点位                                值                       质量                  年龄       说明
   IM-01/im01.stage               待机                      Good                0.2s     注塑阶段
   IM-01/im01.statusWord          1                       Good                0.2s     状态字
   IM-01/im01.cycleTime           42.4 s                  Good                0.2s     当前周期
   IM-01/im01.goodParts           4                       Good                0.2s     合格品数
   IM-01/im01.rejectParts         0                       Good                0.2s     次品数
   IM-01/im01.barrel1Temp         192.6 ℃                 Good                0.2s     料筒1段温
   IM-01/im01.moldTemp            84.5 ℃                  Good                0.2s     模具温度
   IM-01/im01.oilTemp             45.0 ℃                  Good                0.2s     液压油温
   IM-01/im01.injectPressure      0 bar                   Good                0.2s     射胶压力
   IM-01/im01.energyTotal         0.955 kWh               Good                0.2s     累计能耗
   IM-01/im01.moldTempDev         -0.5 ℃                  Good                0.0s     模温偏差(计算点)
   IM-01/im01.faultAlarm          False                   Good                0.2s     注塑机报警位
   GW-LINE-B/mtc01.actualTemp     99.3 ℃                  Good                0.2s     模温机温度
   GW-LINE-B/mtc01.pumpFlow       20 L/min                Good                0.2s     模温机流量
   GW-LINE-B/dry01.dryTemp        79.4 ℃                  Good                0.2s     干燥温度
   GW-LINE-B/dry01.dewPoint       -35.0 ℃                 Good                0.2s     露点
   GW-LINE-B/dry01.materialLevel  64 %                    Good                0.2s     料位
   GW-LINE-B/rob01.cycleTime      2.9 s                   Good                0.2s     机械手节拍时间
   GW-LINE-B/rob01.totalPicks     10                      Good                0.2s     累计取件
   EM-01/em01.activePower         115 kW                  Good                0.2s     总有功功率
   EM-01/em01.powerFactor         0.907                   Good                0.2s     功率因数
   EM-01/em01.totalEnergy         1004.80 kWh             Good                0.2s     累计电能
   ENV-01/env01.roomTemp          27.9 ℃                  Good                0.2s     车间温度
   ENV-01/env01.humidity          52 %RH                  Good                0.2s     湿度
   ENV-01/env01.co2               450 ppm                 Good                0.2s     CO2
   ENV-01/env01.highTempAlarm     False                   Good                0.2s     高温报警位
   ENV-01/env01.plantLoad         46.0 %                  Good                0.0s     车间负载率(计算点)
  ── 激活报警：ENV-01/env01.roomTemp
  事件计数：值 2067  错误 0  写 7  （明细见 CSV）
══════════════════════════════════════════════════════════════════════════════════════════
  屏 #26   T+52.3s   本地时间 23:45:21   质量非 Good 或超过 5s 未刷新会标 !! / ~
══════════════════════════════════════════════════════════════════════════════════════════
  点位                                值                       质量                  年龄       说明
   IM-01/im01.stage               待机                      Good                0.2s     注塑阶段
   IM-01/im01.statusWord          1                       Good                0.2s     状态字
   IM-01/im01.cycleTime           42.4 s                  Good                0.2s     当前周期
   IM-01/im01.goodParts           4                       Good                0.2s     合格品数
   IM-01/im01.rejectParts         0                       Good                0.2s     次品数
   IM-01/im01.barrel1Temp         192.6 ℃                 Good                0.2s     料筒1段温
   IM-01/im01.moldTemp            84.6 ℃                  Good                0.2s     模具温度
   IM-01/im01.oilTemp             44.7 ℃                  Good                0.2s     液压油温
   IM-01/im01.injectPressure      0 bar                   Good                0.2s     射胶压力
   IM-01/im01.energyTotal         0.957 kWh               Good                0.2s     累计能耗
   IM-01/im01.moldTempDev         -0.4 ℃                  Good                0.0s     模温偏差(计算点)
   IM-01/im01.faultAlarm          False                   Good                0.2s     注塑机报警位
   GW-LINE-B/mtc01.actualTemp     99.5 ℃                  Good                0.2s     模温机温度
   GW-LINE-B/mtc01.pumpFlow       34 L/min                Good                0.2s     模温机流量
   GW-LINE-B/dry01.dryTemp        79.4 ℃                  Good                0.2s     干燥温度
   GW-LINE-B/dry01.dewPoint       -34.9 ℃                 Good                0.2s     露点
   GW-LINE-B/dry01.materialLevel  64 %                    Good                0.2s     料位
   GW-LINE-B/rob01.cycleTime      2.9 s                   Good                0.2s     机械手节拍时间
   GW-LINE-B/rob01.totalPicks     11                      Good                0.2s     累计取件
   EM-01/em01.activePower         117 kW                  Good                0.2s     总有功功率
   EM-01/em01.powerFactor         0.950                   Good                0.2s     功率因数
   EM-01/em01.totalEnergy         1011.40 kWh             Good                0.2s     累计电能
   ENV-01/env01.roomTemp          27.9 ℃                  Good                0.2s     车间温度
   ENV-01/env01.humidity          51 %RH                  Good                0.2s     湿度
   ENV-01/env01.co2               450 ppm                 Good                0.2s     CO2
   ENV-01/env01.highTempAlarm     False                   Good                0.2s     高温报警位
   ENV-01/env01.plantLoad         46.8 %                  Good                0.0s     车间负载率(计算点)
  ── 激活报警：ENV-01/env01.roomTemp
  事件计数：值 2141  错误 0  写 7  （明细见 CSV）
══════════════════════════════════════════════════════════════════════════════════════════
  屏 #27   T+54.3s   本地时间 23:45:23   质量非 Good 或超过 5s 未刷新会标 !! / ~
══════════════════════════════════════════════════════════════════════════════════════════
  点位                                值                       质量                  年龄       说明
   IM-01/im01.stage               待机                      Good                0.2s     注塑阶段
   IM-01/im01.statusWord          1                       Good                0.2s     状态字
   IM-01/im01.cycleTime           42.4 s                  Good                0.2s     当前周期
   IM-01/im01.goodParts           4                       Good                0.2s     合格品数
   IM-01/im01.rejectParts         0                       Good                0.2s     次品数
   IM-01/im01.barrel1Temp         192.6 ℃                 Good                0.2s     料筒1段温
   IM-01/im01.moldTemp            84.5 ℃                  Good                0.2s     模具温度
   IM-01/im01.oilTemp             44.7 ℃                  Good                0.2s     液压油温
   IM-01/im01.injectPressure      0 bar                   Good                0.2s     射胶压力
   IM-01/im01.energyTotal         0.958 kWh               Good                0.2s     累计能耗
   IM-01/im01.moldTempDev         -0.5 ℃                  Good                0.0s     模温偏差(计算点)
   IM-01/im01.faultAlarm          False                   Good                0.2s     注塑机报警位
   GW-LINE-B/mtc01.actualTemp     99.5 ℃                  Good                0.2s     模温机温度
   GW-LINE-B/mtc01.pumpFlow       30 L/min                Good                0.2s     模温机流量
   GW-LINE-B/dry01.dryTemp        79.4 ℃                  Good                0.2s     干燥温度
   GW-LINE-B/dry01.dewPoint       -34.3 ℃                 Good                0.2s     露点
   GW-LINE-B/dry01.materialLevel  63 %                    Good                0.2s     料位
   GW-LINE-B/rob01.cycleTime      3.2 s                   Good                0.2s     机械手节拍时间
   GW-LINE-B/rob01.totalPicks     11                      Good                0.2s     累计取件
   EM-01/em01.activePower         129 kW                  Good                0.2s     总有功功率
   EM-01/em01.powerFactor         0.927                   Good                0.2s     功率因数
   EM-01/em01.totalEnergy         1017.82 kWh             Good                0.2s     累计电能
   ENV-01/env01.roomTemp          27.8 ℃                  Good                0.2s     车间温度
   ENV-01/env01.humidity          53 %RH                  Good                0.2s     湿度
   ENV-01/env01.co2               450 ppm                 Good                0.2s     CO2
   ENV-01/env01.highTempAlarm     False                   Good                0.2s     高温报警位
   ENV-01/env01.plantLoad         51.6 %                  Good                0.0s     车间负载率(计算点)
  ── 激活报警：ENV-01/env01.roomTemp
  事件计数：值 2210  错误 0  写 7  （明细见 CSV）
[T+55.0s] [ops] write PROT-02/prot02.singleWord = 1234 → Succeeded  verifyMismatch=False  readback=-  1ms  user=op01:Operator
══════════════════════════════════════════════════════════════════════════════════════════
  屏 #28   T+56.3s   本地时间 23:45:25   质量非 Good 或超过 5s 未刷新会标 !! / ~
══════════════════════════════════════════════════════════════════════════════════════════
  点位                                值                       质量                  年龄       说明
   IM-01/im01.stage               待机                      Good                0.2s     注塑阶段
   IM-01/im01.statusWord          1                       Good                0.2s     状态字
   IM-01/im01.cycleTime           42.4 s                  Good                0.2s     当前周期
   IM-01/im01.goodParts           4                       Good                0.2s     合格品数
   IM-01/im01.rejectParts         0                       Good                0.2s     次品数
   IM-01/im01.barrel1Temp         192.6 ℃                 Good                0.2s     料筒1段温
   IM-01/im01.moldTemp            84.5 ℃                  Good                0.2s     模具温度
   IM-01/im01.oilTemp             44.5 ℃                  Good                0.2s     液压油温
   IM-01/im01.injectPressure      0 bar                   Good                0.2s     射胶压力
   IM-01/im01.energyTotal         0.960 kWh               Good                0.2s     累计能耗
   IM-01/im01.moldTempDev         -0.5 ℃                  Good                0.0s     模温偏差(计算点)
   IM-01/im01.faultAlarm          False                   Good                0.2s     注塑机报警位
   GW-LINE-B/mtc01.actualTemp     99.4 ℃                  Good                0.2s     模温机温度
   GW-LINE-B/mtc01.pumpFlow       40 L/min                Good                0.2s     模温机流量
   GW-LINE-B/dry01.dryTemp        79.4 ℃                  Good                0.2s     干燥温度
   GW-LINE-B/dry01.dewPoint       -34.8 ℃                 Good                0.2s     露点
   GW-LINE-B/dry01.materialLevel  62 %                    Good                0.2s     料位
   GW-LINE-B/rob01.cycleTime      3.2 s                   Good                0.2s     机械手节拍时间
   GW-LINE-B/rob01.totalPicks     11                      Good                0.2s     累计取件
   EM-01/em01.activePower         118 kW                  Good                0.2s     总有功功率
   EM-01/em01.powerFactor         0.950                   Good                0.2s     功率因数
   EM-01/em01.totalEnergy         1024.22 kWh             Good                0.2s     累计电能
   ENV-01/env01.roomTemp          27.9 ℃                  Good                0.2s     车间温度
   ENV-01/env01.humidity          52 %RH                  Good                0.2s     湿度
   ENV-01/env01.co2               450 ppm                 Good                0.2s     CO2
   ENV-01/env01.highTempAlarm     False                   Good                0.2s     高温报警位
   ENV-01/env01.plantLoad         47.2 %                  Good                0.0s     车间负载率(计算点)
  ── 激活报警：ENV-01/env01.roomTemp
  事件计数：值 2293  错误 0  写 8  （明细见 CSV）
══════════════════════════════════════════════════════════════════════════════════════════
  屏 #29   T+58.3s   本地时间 23:45:27   质量非 Good 或超过 5s 未刷新会标 !! / ~
══════════════════════════════════════════════════════════════════════════════════════════
  点位                                值                       质量                  年龄       说明
   IM-01/im01.stage               待机                      Good                0.2s     注塑阶段
   IM-01/im01.statusWord          1                       Good                0.2s     状态字
   IM-01/im01.cycleTime           42.4 s                  Good                0.2s     当前周期
   IM-01/im01.goodParts           4                       Good                0.2s     合格品数
   IM-01/im01.rejectParts         0                       Good                0.2s     次品数
   IM-01/im01.barrel1Temp         192.6 ℃                 Good                0.2s     料筒1段温
   IM-01/im01.moldTemp            84.5 ℃                  Good                0.2s     模具温度
   IM-01/im01.oilTemp             44.4 ℃                  Good                0.2s     液压油温
   IM-01/im01.injectPressure      0 bar                   Good                0.2s     射胶压力
   IM-01/im01.energyTotal         0.962 kWh               Good                0.2s     累计能耗
   IM-01/im01.moldTempDev         -0.5 ℃                  Good                0.0s     模温偏差(计算点)
   IM-01/im01.faultAlarm          False                   Good                0.2s     注塑机报警位
   GW-LINE-B/mtc01.actualTemp     99.0 ℃                  Good                0.2s     模温机温度
   GW-LINE-B/mtc01.pumpFlow       30 L/min                Good                0.2s     模温机流量
   GW-LINE-B/dry01.dryTemp        79.4 ℃                  Good                0.2s     干燥温度
   GW-LINE-B/dry01.dewPoint       -33.9 ℃                 Good                0.2s     露点
   GW-LINE-B/dry01.materialLevel  62 %                    Good                0.2s     料位
   GW-LINE-B/rob01.cycleTime      2.8 s                   Good                0.2s     机械手节拍时间
   GW-LINE-B/rob01.totalPicks     11                      Good                0.2s     累计取件
   EM-01/em01.activePower         92 kW                   Good                0.2s     总有功功率
   EM-01/em01.powerFactor         0.917                   Good                0.2s     功率因数
   EM-01/em01.totalEnergy         1029.99 kWh             Good                0.2s     累计电能
   ENV-01/env01.roomTemp          27.8 ℃                  Good                0.2s     车间温度
   ENV-01/env01.humidity          54 %RH                  Good                0.2s     湿度
   ENV-01/env01.co2               450 ppm                 Good                0.2s     CO2
   ENV-01/env01.highTempAlarm     False                   Good                0.2s     高温报警位
   ENV-01/env01.plantLoad         36.8 %                  Good                0.0s     车间负载率(计算点)
  ── 激活报警：ENV-01/env01.roomTemp
  事件计数：值 2364  错误 0  写 8  （明细见 CSV）
[T+60.0s] [审计] Failed PROT-02/prot02.twoWordValue value=123456 user=op01 msg=ss.error.writeFailed
[T+60.0s] [ops] write PROT-02/prot02.twoWordValue = 123456 → Failed  verifyMismatch=False  readback=-  3ms  user=op01:Operator
        error: code=MODBUS.EXCEPTION.02 key=ss.error.writeFailed source=Device device=PROT-02, unit=12, point=prot02.twoWordValue, HoldingRegister@2
[23:45:29] [资源] T+60.1s  线程 24  句柄 416  GC 后托管堆 1.81 MB
══════════════════════════════════════════════════════════════════════════════════════════
  屏 #30   T+60.3s   本地时间 23:45:29   质量非 Good 或超过 5s 未刷新会标 !! / ~
══════════════════════════════════════════════════════════════════════════════════════════
  点位                                值                       质量                  年龄       说明
   IM-01/im01.stage               待机                      Good                0.2s     注塑阶段
   IM-01/im01.statusWord          1                       Good                0.2s     状态字
   IM-01/im01.cycleTime           42.4 s                  Good                0.2s     当前周期
   IM-01/im01.goodParts           4                       Good                0.2s     合格品数
   IM-01/im01.rejectParts         0                       Good                0.2s     次品数
   IM-01/im01.barrel1Temp         192.6 ℃                 Good                0.2s     料筒1段温
   IM-01/im01.moldTemp            84.6 ℃                  Good                0.2s     模具温度
   IM-01/im01.oilTemp             44.5 ℃                  Good                0.2s     液压油温
   IM-01/im01.injectPressure      0 bar                   Good                0.2s     射胶压力
   IM-01/im01.energyTotal         0.963 kWh               Good                0.2s     累计能耗
   IM-01/im01.moldTempDev         -0.4 ℃                  Good                0.0s     模温偏差(计算点)
   IM-01/im01.faultAlarm          False                   Good                0.2s     注塑机报警位
   GW-LINE-B/mtc01.actualTemp     99.4 ℃                  Good                0.2s     模温机温度
   GW-LINE-B/mtc01.pumpFlow       37 L/min                Good                0.2s     模温机流量
   GW-LINE-B/dry01.dryTemp        79.4 ℃                  Good                0.2s     干燥温度
   GW-LINE-B/dry01.dewPoint       -34.4 ℃                 Good                0.2s     露点
   GW-LINE-B/dry01.materialLevel  61 %                    Good                0.2s     料位
   GW-LINE-B/rob01.cycleTime      3.2 s                   Good                0.2s     机械手节拍时间
   GW-LINE-B/rob01.totalPicks     11                      Good                0.2s     累计取件
   EM-01/em01.activePower         95 kW                   Good                0.2s     总有功功率
   EM-01/em01.powerFactor         0.904                   Good                0.2s     功率因数
   EM-01/em01.totalEnergy         1035.91 kWh             Good                0.2s     累计电能
   ENV-01/env01.roomTemp          27.8 ℃                  Good                0.2s     车间温度
   ENV-01/env01.humidity          54 %RH                  Good                0.2s     湿度
   ENV-01/env01.co2               450 ppm                 Good                0.2s     CO2
   ENV-01/env01.highTempAlarm     False                   Good                0.2s     高温报警位
   ENV-01/env01.plantLoad         38.0 %                  Good                0.0s     车间负载率(计算点)
  ── 激活报警：ENV-01/env01.roomTemp
  事件计数：值 2446  错误 0  写 9  （明细见 CSV）
══════════════════════════════════════════════════════════════════════════════════════════
  屏 #31   T+62.3s   本地时间 23:45:31   质量非 Good 或超过 5s 未刷新会标 !! / ~
══════════════════════════════════════════════════════════════════════════════════════════
  点位                                值                       质量                  年龄       说明
   IM-01/im01.stage               待机                      Good                0.2s     注塑阶段
   IM-01/im01.statusWord          1                       Good                0.2s     状态字
   IM-01/im01.cycleTime           42.4 s                  Good                0.2s     当前周期
   IM-01/im01.goodParts           4                       Good                0.2s     合格品数
   IM-01/im01.rejectParts         0                       Good                0.2s     次品数
   IM-01/im01.barrel1Temp         192.6 ℃                 Good                0.2s     料筒1段温
   IM-01/im01.moldTemp            84.5 ℃                  Good                0.2s     模具温度
   IM-01/im01.oilTemp             44.8 ℃                  Good                0.2s     液压油温
   IM-01/im01.injectPressure      0 bar                   Good                0.2s     射胶压力
   IM-01/im01.energyTotal         0.965 kWh               Good                0.2s     累计能耗
   IM-01/im01.moldTempDev         -0.5 ℃                  Good                0.0s     模温偏差(计算点)
   IM-01/im01.faultAlarm          False                   Good                0.2s     注塑机报警位
   GW-LINE-B/mtc01.actualTemp     99.5 ℃                  Good                0.2s     模温机温度
   GW-LINE-B/mtc01.pumpFlow       21 L/min                Good                0.2s     模温机流量
   GW-LINE-B/dry01.dryTemp        79.4 ℃                  Good                0.2s     干燥温度
   GW-LINE-B/dry01.dewPoint       -34.6 ℃                 Good                0.2s     露点
   GW-LINE-B/dry01.materialLevel  61 %                    Good                0.2s     料位
   GW-LINE-B/rob01.cycleTime      2.7 s                   Good                0.2s     机械手节拍时间
   GW-LINE-B/rob01.totalPicks     11                      Good                0.2s     累计取件
   EM-01/em01.activePower         104 kW                  Good                0.2s     总有功功率
   EM-01/em01.powerFactor         0.888                   Good                0.2s     功率因数
   EM-01/em01.totalEnergy         1042.14 kWh             Good                0.2s     累计电能
   ENV-01/env01.roomTemp          27.8 ℃                  Good                0.2s     车间温度
   ENV-01/env01.humidity          54 %RH                  Good                0.2s     湿度
   ENV-01/env01.co2               450 ppm                 Good                0.2s     CO2
   ENV-01/env01.highTempAlarm     False                   Good                0.2s     高温报警位
   ENV-01/env01.plantLoad         41.6 %                  Good                0.0s     车间负载率(计算点)
  ── 激活报警：ENV-01/env01.roomTemp
  事件计数：值 2510  错误 0  写 9  （明细见 CSV）
══════════════════════════════════════════════════════════════════════════════════════════
  屏 #32   T+64.3s   本地时间 23:45:33   质量非 Good 或超过 5s 未刷新会标 !! / ~
══════════════════════════════════════════════════════════════════════════════════════════
  点位                                值                       质量                  年龄       说明
   IM-01/im01.stage               待机                      Good                0.2s     注塑阶段
   IM-01/im01.statusWord          1                       Good                0.2s     状态字
   IM-01/im01.cycleTime           42.4 s                  Good                0.2s     当前周期
   IM-01/im01.goodParts           4                       Good                0.2s     合格品数
   IM-01/im01.rejectParts         0                       Good                0.2s     次品数
   IM-01/im01.barrel1Temp         192.6 ℃                 Good                0.2s     料筒1段温
   IM-01/im01.moldTemp            84.6 ℃                  Good                0.2s     模具温度
   IM-01/im01.oilTemp             44.8 ℃                  Good                0.2s     液压油温
   IM-01/im01.injectPressure      0 bar                   Good                0.2s     射胶压力
   IM-01/im01.energyTotal         0.967 kWh               Good                0.2s     累计能耗
   IM-01/im01.moldTempDev         -0.4 ℃                  Good                0.0s     模温偏差(计算点)
   IM-01/im01.faultAlarm          False                   Good                0.2s     注塑机报警位
   GW-LINE-B/mtc01.actualTemp     99.4 ℃                  Good                0.2s     模温机温度
   GW-LINE-B/mtc01.pumpFlow       26 L/min                Good                0.2s     模温机流量
   GW-LINE-B/dry01.dryTemp        79.4 ℃                  Good                0.2s     干燥温度
   GW-LINE-B/dry01.dewPoint       -34.3 ℃                 Good                0.2s     露点
   GW-LINE-B/dry01.materialLevel  60 %                    Good                0.2s     料位
   GW-LINE-B/rob01.cycleTime      2.9 s                   Good                0.2s     机械手节拍时间
   GW-LINE-B/rob01.totalPicks     11                      Good                0.2s     累计取件
   EM-01/em01.activePower         118 kW                  Good                0.2s     总有功功率
   EM-01/em01.powerFactor         0.947                   Good                0.2s     功率因数
   EM-01/em01.totalEnergy         1048.52 kWh             Good                0.2s     累计电能
   ENV-01/env01.roomTemp          27.9 ℃                  Good                0.2s     车间温度
   ENV-01/env01.humidity          56 %RH                  Good                0.2s     湿度
   ENV-01/env01.co2               450 ppm                 Good                0.2s     CO2
   ENV-01/env01.highTempAlarm     False                   Good                0.2s     高温报警位
   ENV-01/env01.plantLoad         47.2 %                  Good                0.0s     车间负载率(计算点)
  ── 激活报警：ENV-01/env01.roomTemp
  事件计数：值 2580  错误 0  写 9  （明细见 CSV）
══════════════════════════════════════════════════════════════════════════════════════════
  屏 #33   T+66.3s   本地时间 23:45:35   质量非 Good 或超过 5s 未刷新会标 !! / ~
══════════════════════════════════════════════════════════════════════════════════════════
  点位                                值                       质量                  年龄       说明
   IM-01/im01.stage               待机                      Good                0.2s     注塑阶段
   IM-01/im01.statusWord          1                       Good                0.2s     状态字
   IM-01/im01.cycleTime           42.4 s                  Good                0.2s     当前周期
   IM-01/im01.goodParts           4                       Good                0.2s     合格品数
   IM-01/im01.rejectParts         0                       Good                0.2s     次品数
   IM-01/im01.barrel1Temp         192.6 ℃                 Good                0.3s     料筒1段温
   IM-01/im01.moldTemp            84.5 ℃                  Good                0.3s     模具温度
   IM-01/im01.oilTemp             44.6 ℃                  Good                0.3s     液压油温
   IM-01/im01.injectPressure      0 bar                   Good                0.3s     射胶压力
   IM-01/im01.energyTotal         0.968 kWh               Good                0.3s     累计能耗
   IM-01/im01.moldTempDev         -0.5 ℃                  Good                0.0s     模温偏差(计算点)
   IM-01/im01.faultAlarm          False                   Good                0.2s     注塑机报警位
   GW-LINE-B/mtc01.actualTemp     99.6 ℃                  Good                0.2s     模温机温度
   GW-LINE-B/mtc01.pumpFlow       36 L/min                Good                0.2s     模温机流量
   GW-LINE-B/dry01.dryTemp        79.4 ℃                  Good                0.2s     干燥温度
   GW-LINE-B/dry01.dewPoint       -34.2 ℃                 Good                0.2s     露点
   GW-LINE-B/dry01.materialLevel  60 %                    Good                0.2s     料位
   GW-LINE-B/rob01.cycleTime      2.8 s                   Good                0.2s     机械手节拍时间
   GW-LINE-B/rob01.totalPicks     11                      Good                0.2s     累计取件
   EM-01/em01.activePower         108 kW                  Good                0.2s     总有功功率
   EM-01/em01.powerFactor         0.915                   Good                0.2s     功率因数
   EM-01/em01.totalEnergy         1054.88 kWh             Good                0.2s     累计电能
   ENV-01/env01.roomTemp          28.0 ℃                  Good                0.2s     车间温度
   ENV-01/env01.humidity          56 %RH                  Good                0.2s     湿度
   ENV-01/env01.co2               450 ppm                 Good                0.2s     CO2
   ENV-01/env01.highTempAlarm     False                   Good                0.2s     高温报警位
   ENV-01/env01.plantLoad         43.2 %                  Good                0.0s     车间负载率(计算点)
  ── 激活报警：ENV-01/env01.roomTemp
  事件计数：值 2655  错误 0  写 9  （明细见 CSV）
══════════════════════════════════════════════════════════════════════════════════════════
  屏 #34   T+68.3s   本地时间 23:45:37   质量非 Good 或超过 5s 未刷新会标 !! / ~
══════════════════════════════════════════════════════════════════════════════════════════
  点位                                值                       质量                  年龄       说明
   IM-01/im01.stage               待机                      Good                0.2s     注塑阶段
   IM-01/im01.statusWord          1                       Good                0.2s     状态字
   IM-01/im01.cycleTime           42.4 s                  Good                0.2s     当前周期
   IM-01/im01.goodParts           4                       Good                0.2s     合格品数
   IM-01/im01.rejectParts         0                       Good                0.2s     次品数
   IM-01/im01.barrel1Temp         192.6 ℃                 Good                0.3s     料筒1段温
   IM-01/im01.moldTemp            84.5 ℃                  Good                0.3s     模具温度
   IM-01/im01.oilTemp             44.4 ℃                  Good                0.3s     液压油温
   IM-01/im01.injectPressure      0 bar                   Good                0.3s     射胶压力
   IM-01/im01.energyTotal         0.970 kWh               Good                0.3s     累计能耗
   IM-01/im01.moldTempDev         -0.5 ℃                  Good                0.0s     模温偏差(计算点)
   IM-01/im01.faultAlarm          False                   Good                0.2s     注塑机报警位
   GW-LINE-B/mtc01.actualTemp     99.3 ℃                  Good                0.2s     模温机温度
   GW-LINE-B/mtc01.pumpFlow       33 L/min                Good                0.2s     模温机流量
   GW-LINE-B/dry01.dryTemp        79.4 ℃                  Good                0.2s     干燥温度
   GW-LINE-B/dry01.dewPoint       -34.0 ℃                 Good                0.2s     露点
   GW-LINE-B/dry01.materialLevel  59 %                    Good                0.2s     料位
   GW-LINE-B/rob01.cycleTime      2.8 s                   Good                0.2s     机械手节拍时间
   GW-LINE-B/rob01.totalPicks     11                      Good                0.2s     累计取件
   EM-01/em01.activePower         112 kW                  Good                0.3s     总有功功率
   EM-01/em01.powerFactor         0.868                   Good                0.3s     功率因数
   EM-01/em01.totalEnergy         1061.10 kWh             Good                0.3s     累计电能
   ENV-01/env01.roomTemp          28.0 ℃                  Good                0.2s     车间温度
   ENV-01/env01.humidity          56 %RH                  Good                0.2s     湿度
   ENV-01/env01.co2               450 ppm                 Good                0.2s     CO2
   ENV-01/env01.highTempAlarm     False                   Good                0.2s     高温报警位
   ENV-01/env01.plantLoad         44.8 %                  Good                0.0s     车间负载率(计算点)
  ── 激活报警：ENV-01/env01.roomTemp
  事件计数：值 2723  错误 0  写 9  （明细见 CSV）
[T+70.0s] [ops] write IM-01/im01.estop = True → Succeeded  verifyMismatch=False  readback=-  1ms  user=op01:Operator
[T+70.1s] [报警] RAISED  im.fault IM-01/im01.faultAlarm type=digital limit= value=True priority=Critical msg=注塑机报警：设备报警位置位
══════════════════════════════════════════════════════════════════════════════════════════
  屏 #35   T+70.3s   本地时间 23:45:39   质量非 Good 或超过 5s 未刷新会标 !! / ~
══════════════════════════════════════════════════════════════════════════════════════════
  点位                                值                       质量                  年龄       说明
   IM-01/im01.stage               待机                      Good                0.2s     注塑阶段
   IM-01/im01.statusWord          1                       Good                0.2s     状态字
   IM-01/im01.cycleTime           42.4 s                  Good                0.2s     当前周期
   IM-01/im01.goodParts           4                       Good                0.2s     合格品数
   IM-01/im01.rejectParts         0                       Good                0.2s     次品数
   IM-01/im01.barrel1Temp         192.6 ℃                 Good                0.3s     料筒1段温
   IM-01/im01.moldTemp            84.6 ℃                  Good                0.3s     模具温度
   IM-01/im01.oilTemp             44.7 ℃                  Good                0.3s     液压油温
   IM-01/im01.injectPressure      0 bar                   Good                0.3s     射胶压力
   IM-01/im01.energyTotal         0.972 kWh               Good                0.3s     累计能耗
   IM-01/im01.moldTempDev         -0.4 ℃                  Good                0.0s     模温偏差(计算点)
   IM-01/im01.faultAlarm          True                    Good                0.2s     注塑机报警位
   GW-LINE-B/mtc01.actualTemp     99.3 ℃                  Good                0.3s     模温机温度
   GW-LINE-B/mtc01.pumpFlow       21 L/min                Good                0.3s     模温机流量
   GW-LINE-B/dry01.dryTemp        79.4 ℃                  Good                0.2s     干燥温度
   GW-LINE-B/dry01.dewPoint       -33.6 ℃                 Good                0.2s     露点
   GW-LINE-B/dry01.materialLevel  58 %                    Good                0.2s     料位
   GW-LINE-B/rob01.cycleTime      3.0 s                   Good                0.2s     机械手节拍时间
   GW-LINE-B/rob01.totalPicks     11                      Good                0.2s     累计取件
   EM-01/em01.activePower         118 kW                  Good                0.3s     总有功功率
   EM-01/em01.powerFactor         0.864                   Good                0.3s     功率因数
   EM-01/em01.totalEnergy         1066.99 kWh             Good                0.3s     累计电能
   ENV-01/env01.roomTemp          27.9 ℃                  Good                0.3s     车间温度
   ENV-01/env01.humidity          55 %RH                  Good                0.3s     湿度
   ENV-01/env01.co2               450 ppm                 Good                0.3s     CO2
   ENV-01/env01.highTempAlarm     False                   Good                0.3s     高温报警位
   ENV-01/env01.plantLoad         47.2 %                  Good                0.0s     车间负载率(计算点)
  ── 激活报警：ENV-01/env01.roomTemp | IM-01/im01.faultAlarm
  事件计数：值 2813  错误 0  写 10  （明细见 CSV）
[T+72.0s] [ops] show IM-01/im01.faultAlarm = True  [质量 Good]  原始=True  时间戳=23:45:40.579
══════════════════════════════════════════════════════════════════════════════════════════
  屏 #36   T+72.3s   本地时间 23:45:41   质量非 Good 或超过 5s 未刷新会标 !! / ~
══════════════════════════════════════════════════════════════════════════════════════════
  点位                                值                       质量                  年龄       说明
   IM-01/im01.stage               待机                      Good                0.2s     注塑阶段
   IM-01/im01.statusWord          1                       Good                0.2s     状态字
   IM-01/im01.cycleTime           42.4 s                  Good                0.2s     当前周期
   IM-01/im01.goodParts           4                       Good                0.2s     合格品数
   IM-01/im01.rejectParts         0                       Good                0.2s     次品数
   IM-01/im01.barrel1Temp         192.6 ℃                 Good                0.3s     料筒1段温
   IM-01/im01.moldTemp            84.5 ℃                  Good                0.3s     模具温度
   IM-01/im01.oilTemp             44.6 ℃                  Good                0.3s     液压油温
   IM-01/im01.injectPressure      0 bar                   Good                0.3s     射胶压力
   IM-01/im01.energyTotal         0.973 kWh               Good                0.3s     累计能耗
   IM-01/im01.moldTempDev         -0.5 ℃                  Good                0.0s     模温偏差(计算点)
   IM-01/im01.faultAlarm          True                    Good                0.2s     注塑机报警位
   GW-LINE-B/mtc01.actualTemp     99.2 ℃                  Good                0.3s     模温机温度
   GW-LINE-B/mtc01.pumpFlow       35 L/min                Good                0.3s     模温机流量
   GW-LINE-B/dry01.dryTemp        79.4 ℃                  Good                0.3s     干燥温度
   GW-LINE-B/dry01.dewPoint       -34.7 ℃                 Good                0.3s     露点
   GW-LINE-B/dry01.materialLevel  58 %                    Good                0.3s     料位
   GW-LINE-B/rob01.cycleTime      3.2 s                   Good                0.2s     机械手节拍时间
   GW-LINE-B/rob01.totalPicks     11                      Good                0.2s     累计取件
   EM-01/em01.activePower         119 kW                  Good                0.3s     总有功功率
   EM-01/em01.powerFactor         0.887                   Good                0.3s     功率因数
   EM-01/em01.totalEnergy         1073.22 kWh             Good                0.3s     累计电能
   ENV-01/env01.roomTemp          27.9 ℃                  Good                0.3s     车间温度
   ENV-01/env01.humidity          55 %RH                  Good                0.3s     湿度
   ENV-01/env01.co2               450 ppm                 Good                0.3s     CO2
   ENV-01/env01.highTempAlarm     False                   Good                0.3s     高温报警位
   ENV-01/env01.plantLoad         47.6 %                  Good                0.0s     车间负载率(计算点)
  ── 激活报警：ENV-01/env01.roomTemp | IM-01/im01.faultAlarm
  事件计数：值 2877  错误 0  写 10  （明细见 CSV）
══════════════════════════════════════════════════════════════════════════════════════════
  屏 #37   T+74.3s   本地时间 23:45:43   质量非 Good 或超过 5s 未刷新会标 !! / ~
══════════════════════════════════════════════════════════════════════════════════════════
  点位                                值                       质量                  年龄       说明
   IM-01/im01.stage               待机                      Good                0.3s     注塑阶段
   IM-01/im01.statusWord          1                       Good                0.3s     状态字
   IM-01/im01.cycleTime           42.4 s                  Good                0.3s     当前周期
   IM-01/im01.goodParts           4                       Good                0.3s     合格品数
   IM-01/im01.rejectParts         0                       Good                0.3s     次品数
   IM-01/im01.barrel1Temp         192.6 ℃                 Good                0.3s     料筒1段温
   IM-01/im01.moldTemp            84.5 ℃                  Good                0.3s     模具温度
   IM-01/im01.oilTemp             44.8 ℃                  Good                0.3s     液压油温
   IM-01/im01.injectPressure      0 bar                   Good                0.3s     射胶压力
   IM-01/im01.energyTotal         0.975 kWh               Good                0.3s     累计能耗
   IM-01/im01.moldTempDev         -0.5 ℃                  Good                0.0s     模温偏差(计算点)
   IM-01/im01.faultAlarm          True                    Good                0.3s     注塑机报警位
   GW-LINE-B/mtc01.actualTemp     99.5 ℃                  Good                0.3s     模温机温度
   GW-LINE-B/mtc01.pumpFlow       15 L/min                Good                0.3s     模温机流量
   GW-LINE-B/dry01.dryTemp        79.4 ℃                  Good                0.3s     干燥温度
   GW-LINE-B/dry01.dewPoint       -34.3 ℃                 Good                0.3s     露点
   GW-LINE-B/dry01.materialLevel  57 %                    Good                0.3s     料位
   GW-LINE-B/rob01.cycleTime      2.8 s                   Good                0.3s     机械手节拍时间
   GW-LINE-B/rob01.totalPicks     11                      Good                0.3s     累计取件
   EM-01/em01.activePower         110 kW                  Good                0.3s     总有功功率
   EM-01/em01.powerFactor         0.862                   Good                0.3s     功率因数
   EM-01/em01.totalEnergy         1079.24 kWh             Good                0.3s     累计电能
   ENV-01/env01.roomTemp          27.9 ℃                  Good                0.3s     车间温度
   ENV-01/env01.humidity          54 %RH                  Good                0.3s     湿度
   ENV-01/env01.co2               450 ppm                 Good                0.3s     CO2
   ENV-01/env01.highTempAlarm     False                   Good                0.3s     高温报警位
   ENV-01/env01.plantLoad         44.0 %                  Good                0.0s     车间负载率(计算点)
  ── 激活报警：ENV-01/env01.roomTemp | IM-01/im01.faultAlarm
  事件计数：值 2949  错误 0  写 10  （明细见 CSV）
══════════════════════════════════════════════════════════════════════════════════════════
  屏 #38   T+76.3s   本地时间 23:45:45   质量非 Good 或超过 5s 未刷新会标 !! / ~
══════════════════════════════════════════════════════════════════════════════════════════
  点位                                值                       质量                  年龄       说明
   IM-01/im01.stage               待机                      Good                0.3s     注塑阶段
   IM-01/im01.statusWord          1                       Good                0.3s     状态字
   IM-01/im01.cycleTime           42.4 s                  Good                0.3s     当前周期
   IM-01/im01.goodParts           4                       Good                0.3s     合格品数
   IM-01/im01.rejectParts         0                       Good                0.3s     次品数
   IM-01/im01.barrel1Temp         192.6 ℃                 Good                0.3s     料筒1段温
   IM-01/im01.moldTemp            84.6 ℃                  Good                0.3s     模具温度
   IM-01/im01.oilTemp             44.7 ℃                  Good                0.3s     液压油温
   IM-01/im01.injectPressure      0 bar                   Good                0.3s     射胶压力
   IM-01/im01.energyTotal         0.977 kWh               Good                0.3s     累计能耗
   IM-01/im01.moldTempDev         -0.4 ℃                  Good                0.0s     模温偏差(计算点)
   IM-01/im01.faultAlarm          True                    Good                0.3s     注塑机报警位
   GW-LINE-B/mtc01.actualTemp     99.2 ℃                  Good                0.3s     模温机温度
   GW-LINE-B/mtc01.pumpFlow       30 L/min                Good                0.3s     模温机流量
   GW-LINE-B/dry01.dryTemp        79.4 ℃                  Good                0.3s     干燥温度
   GW-LINE-B/dry01.dewPoint       -34.5 ℃                 Good                0.3s     露点
   GW-LINE-B/dry01.materialLevel  57 %                    Good                0.3s     料位
   GW-LINE-B/rob01.cycleTime      2.8 s                   Good                0.3s     机械手节拍时间
   GW-LINE-B/rob01.totalPicks     11                      Good                0.3s     累计取件
   EM-01/em01.activePower         115 kW                  Good                0.3s     总有功功率
   EM-01/em01.powerFactor         0.901                   Good                0.3s     功率因数
   EM-01/em01.totalEnergy         1085.00 kWh             Good                0.3s     累计电能
   ENV-01/env01.roomTemp          27.9 ℃                  Good                0.3s     车间温度
   ENV-01/env01.humidity          56 %RH                  Good                0.3s     湿度
   ENV-01/env01.co2               450 ppm                 Good                0.3s     CO2
   ENV-01/env01.highTempAlarm     False                   Good                0.3s     高温报警位
   ENV-01/env01.plantLoad         46.0 %                  Good                0.0s     车间负载率(计算点)
  ── 激活报警：ENV-01/env01.roomTemp | IM-01/im01.faultAlarm
  事件计数：值 3034  错误 0  写 10  （明细见 CSV）
══════════════════════════════════════════════════════════════════════════════════════════
  屏 #39   T+78.4s   本地时间 23:45:47   质量非 Good 或超过 5s 未刷新会标 !! / ~
══════════════════════════════════════════════════════════════════════════════════════════
  点位                                值                       质量                  年龄       说明
   IM-01/im01.stage               待机                      Good                0.3s     注塑阶段
   IM-01/im01.statusWord          1                       Good                0.3s     状态字
   IM-01/im01.cycleTime           42.4 s                  Good                0.3s     当前周期
   IM-01/im01.goodParts           4                       Good                0.3s     合格品数
   IM-01/im01.rejectParts         0                       Good                0.3s     次品数
   IM-01/im01.barrel1Temp         192.6 ℃                 Good                0.3s     料筒1段温
   IM-01/im01.moldTemp            84.5 ℃                  Good                0.3s     模具温度
   IM-01/im01.oilTemp             44.6 ℃                  Good                0.3s     液压油温
   IM-01/im01.injectPressure      0 bar                   Good                0.3s     射胶压力
   IM-01/im01.energyTotal         0.978 kWh               Good                0.3s     累计能耗
   IM-01/im01.moldTempDev         -0.5 ℃                  Good                0.0s     模温偏差(计算点)
   IM-01/im01.faultAlarm          True                    Good                0.3s     注塑机报警位
   GW-LINE-B/mtc01.actualTemp     99.5 ℃                  Good                0.3s     模温机温度
   GW-LINE-B/mtc01.pumpFlow       25 L/min                Good                0.3s     模温机流量
   GW-LINE-B/dry01.dryTemp        79.4 ℃                  Good                0.3s     干燥温度
   GW-LINE-B/dry01.dewPoint       -34.6 ℃                 Good                0.3s     露点
   GW-LINE-B/dry01.materialLevel  56 %                    Good                0.3s     料位
   GW-LINE-B/rob01.cycleTime      2.7 s                   Good                0.3s     机械手节拍时间
   GW-LINE-B/rob01.totalPicks     11                      Good                0.3s     累计取件
   EM-01/em01.activePower         126 kW                  Good                0.3s     总有功功率
   EM-01/em01.powerFactor         0.870                   Good                0.3s     功率因数
   EM-01/em01.totalEnergy         1091.13 kWh             Good                0.3s     累计电能
   ENV-01/env01.roomTemp          28.0 ℃                  Good                0.3s     车间温度
   ENV-01/env01.humidity          57 %RH                  Good                0.3s     湿度
   ENV-01/env01.co2               450 ppm                 Good                0.3s     CO2
   ENV-01/env01.highTempAlarm     False                   Good                0.3s     高温报警位
   ENV-01/env01.plantLoad         50.4 %                  Good                0.0s     车间负载率(计算点)
  ── 激活报警：ENV-01/env01.roomTemp | IM-01/im01.faultAlarm
  事件计数：值 3105  错误 0  写 10  （明细见 CSV）
[T+80.0s] [ops] write IM-01/im01.estop = False → Succeeded  verifyMismatch=False  readback=-  1ms  user=op01:Operator
[T+80.1s] [报警] CLEARED im.fault IM-01/im01.faultAlarm type=digital
══════════════════════════════════════════════════════════════════════════════════════════
  屏 #40   T+80.4s   本地时间 23:45:49   质量非 Good 或超过 5s 未刷新会标 !! / ~
══════════════════════════════════════════════════════════════════════════════════════════
  点位                                值                       质量                  年龄       说明
   IM-01/im01.stage               待机                      Good                0.3s     注塑阶段
   IM-01/im01.statusWord          1                       Good                0.3s     状态字
   IM-01/im01.cycleTime           42.4 s                  Good                0.3s     当前周期
   IM-01/im01.goodParts           4                       Good                0.3s     合格品数
   IM-01/im01.rejectParts         0                       Good                0.3s     次品数
   IM-01/im01.barrel1Temp         192.6 ℃                 Good                0.3s     料筒1段温
   IM-01/im01.moldTemp            84.6 ℃                  Good                0.3s     模具温度
   IM-01/im01.oilTemp             44.7 ℃                  Good                0.3s     液压油温
   IM-01/im01.injectPressure      0 bar                   Good                0.3s     射胶压力
   IM-01/im01.energyTotal         0.980 kWh               Good                0.3s     累计能耗
   IM-01/im01.moldTempDev         -0.4 ℃                  Good                0.0s     模温偏差(计算点)
   IM-01/im01.faultAlarm          False                   Good                0.3s     注塑机报警位
   GW-LINE-B/mtc01.actualTemp     99.3 ℃                  Good                0.3s     模温机温度
   GW-LINE-B/mtc01.pumpFlow       40 L/min                Good                0.3s     模温机流量
   GW-LINE-B/dry01.dryTemp        79.4 ℃                  Good                0.3s     干燥温度
   GW-LINE-B/dry01.dewPoint       -34.1 ℃                 Good                0.3s     露点
   GW-LINE-B/dry01.materialLevel  56 %                    Good                0.3s     料位
   GW-LINE-B/rob01.cycleTime      2.7 s                   Good                0.3s     机械手节拍时间
   GW-LINE-B/rob01.totalPicks     11                      Good                0.3s     累计取件
   EM-01/em01.activePower         114 kW                  Good                0.3s     总有功功率
   EM-01/em01.powerFactor         0.924                   Good                0.3s     功率因数
   EM-01/em01.totalEnergy         1097.47 kWh             Good                0.3s     累计电能
   ENV-01/env01.roomTemp          28.0 ℃                  Good                0.3s     车间温度
   ENV-01/env01.humidity          56 %RH                  Good                0.3s     湿度
   ENV-01/env01.co2               450 ppm                 Good                0.3s     CO2
   ENV-01/env01.highTempAlarm     False                   Good                0.3s     高温报警位
   ENV-01/env01.plantLoad         45.6 %                  Good                0.0s     车间负载率(计算点)
  ── 激活报警：ENV-01/env01.roomTemp
  事件计数：值 3196  错误 0  写 11  （明细见 CSV）
══════════════════════════════════════════════════════════════════════════════════════════
  屏 #41   T+82.4s   本地时间 23:45:51   质量非 Good 或超过 5s 未刷新会标 !! / ~
══════════════════════════════════════════════════════════════════════════════════════════
  点位                                值                       质量                  年龄       说明
   IM-01/im01.stage               待机                      Good                0.3s     注塑阶段
   IM-01/im01.statusWord          1                       Good                0.3s     状态字
   IM-01/im01.cycleTime           42.4 s                  Good                0.3s     当前周期
   IM-01/im01.goodParts           4                       Good                0.3s     合格品数
   IM-01/im01.rejectParts         0                       Good                0.3s     次品数
   IM-01/im01.barrel1Temp         192.6 ℃                 Good                0.3s     料筒1段温
   IM-01/im01.moldTemp            84.5 ℃                  Good                0.3s     模具温度
   IM-01/im01.oilTemp             44.4 ℃                  Good                0.3s     液压油温
   IM-01/im01.injectPressure      0 bar                   Good                0.3s     射胶压力
   IM-01/im01.energyTotal         0.982 kWh               Good                0.3s     累计能耗
   IM-01/im01.moldTempDev         -0.5 ℃                  Good                0.0s     模温偏差(计算点)
   IM-01/im01.faultAlarm          False                   Good                0.3s     注塑机报警位
   GW-LINE-B/mtc01.actualTemp     99.4 ℃                  Good                0.3s     模温机温度
   GW-LINE-B/mtc01.pumpFlow       27 L/min                Good                0.3s     模温机流量
   GW-LINE-B/dry01.dryTemp        79.4 ℃                  Good                0.3s     干燥温度
   GW-LINE-B/dry01.dewPoint       -33.5 ℃                 Good                0.3s     露点
   GW-LINE-B/dry01.materialLevel  55 %                    Good                0.3s     料位
   GW-LINE-B/rob01.cycleTime      2.8 s                   Good                0.3s     机械手节拍时间
   GW-LINE-B/rob01.totalPicks     11                      Good                0.3s     累计取件
   EM-01/em01.activePower         108 kW                  Good                0.3s     总有功功率
   EM-01/em01.powerFactor         0.921                   Good                0.3s     功率因数
   EM-01/em01.totalEnergy         1103.71 kWh             Good                0.3s     累计电能
   ENV-01/env01.roomTemp          28.0 ℃                  Good                0.3s     车间温度
   ENV-01/env01.humidity          56 %RH                  Good                0.3s     湿度
   ENV-01/env01.co2               450 ppm                 Good                0.3s     CO2
   ENV-01/env01.highTempAlarm     False                   Good                0.3s     高温报警位
   ENV-01/env01.plantLoad         43.2 %                  Good                0.0s     车间负载率(计算点)
  ── 激活报警：ENV-01/env01.roomTemp
  事件计数：值 3265  错误 0  写 11  （明细见 CSV）
══════════════════════════════════════════════════════════════════════════════════════════
  屏 #42   T+84.4s   本地时间 23:45:53   质量非 Good 或超过 5s 未刷新会标 !! / ~
══════════════════════════════════════════════════════════════════════════════════════════
  点位                                值                       质量                  年龄       说明
   IM-01/im01.stage               待机                      Good                0.3s     注塑阶段
   IM-01/im01.statusWord          1                       Good                0.3s     状态字
   IM-01/im01.cycleTime           42.4 s                  Good                0.3s     当前周期
   IM-01/im01.goodParts           4                       Good                0.3s     合格品数
   IM-01/im01.rejectParts         0                       Good                0.3s     次品数
   IM-01/im01.barrel1Temp         192.6 ℃                 Good                0.3s     料筒1段温
   IM-01/im01.moldTemp            84.6 ℃                  Good                0.3s     模具温度
   IM-01/im01.oilTemp             44.6 ℃                  Good                0.3s     液压油温
   IM-01/im01.injectPressure      0 bar                   Good                0.3s     射胶压力
   IM-01/im01.energyTotal         0.983 kWh               Good                0.3s     累计能耗
   IM-01/im01.moldTempDev         -0.4 ℃                  Good                0.0s     模温偏差(计算点)
   IM-01/im01.faultAlarm          False                   Good                0.3s     注塑机报警位
   GW-LINE-B/mtc01.actualTemp     99.6 ℃                  Good                0.3s     模温机温度
   GW-LINE-B/mtc01.pumpFlow       16 L/min                Good                0.3s     模温机流量
   GW-LINE-B/dry01.dryTemp        79.4 ℃                  Good                0.3s     干燥温度
   GW-LINE-B/dry01.dewPoint       -34.6 ℃                 Good                0.3s     露点
   GW-LINE-B/dry01.materialLevel  54 %                    Good                0.3s     料位
   GW-LINE-B/rob01.cycleTime      2.8 s                   Good                0.3s     机械手节拍时间
   GW-LINE-B/rob01.totalPicks     12                      Good                0.3s     累计取件
   EM-01/em01.activePower         118 kW                  Good                0.3s     总有功功率
   EM-01/em01.powerFactor         0.878                   Good                0.3s     功率因数
   EM-01/em01.totalEnergy         1109.84 kWh             Good                0.3s     累计电能
   ENV-01/env01.roomTemp          28.0 ℃                  Good                0.3s     车间温度
   ENV-01/env01.humidity          56 %RH                  Good                0.3s     湿度
   ENV-01/env01.co2               450 ppm                 Good                0.3s     CO2
   ENV-01/env01.highTempAlarm     False                   Good                0.3s     高温报警位
   ENV-01/env01.plantLoad         47.2 %                  Good                0.0s     车间负载率(计算点)
  ── 激活报警：ENV-01/env01.roomTemp
  事件计数：值 3337  错误 0  写 11  （明细见 CSV）
[T+85.0s] [报警] ACKED   im.fault IM-01/im01.faultAlarm by op01
[T+85.0s] [ops] ack IM-01/im01.faultAlarm alarmId=im.fault → Acknowledged （AckPending 已清，报警回到可重触发状态） user=op01
══════════════════════════════════════════════════════════════════════════════════════════
  屏 #43   T+86.4s   本地时间 23:45:55   质量非 Good 或超过 5s 未刷新会标 !! / ~
══════════════════════════════════════════════════════════════════════════════════════════
  点位                                值                       质量                  年龄       说明
   IM-01/im01.stage               待机                      Good                0.3s     注塑阶段
   IM-01/im01.statusWord          1                       Good                0.3s     状态字
   IM-01/im01.cycleTime           42.4 s                  Good                0.3s     当前周期
   IM-01/im01.goodParts           4                       Good                0.3s     合格品数
   IM-01/im01.rejectParts         0                       Good                0.3s     次品数
   IM-01/im01.barrel1Temp         192.6 ℃                 Good                0.3s     料筒1段温
   IM-01/im01.moldTemp            84.6 ℃                  Good                0.3s     模具温度
   IM-01/im01.oilTemp             44.5 ℃                  Good                0.3s     液压油温
   IM-01/im01.injectPressure      0 bar                   Good                0.3s     射胶压力
   IM-01/im01.energyTotal         0.985 kWh               Good                0.3s     累计能耗
   IM-01/im01.moldTempDev         -0.4 ℃                  Good                0.0s     模温偏差(计算点)
   IM-01/im01.faultAlarm          False                   Good                0.3s     注塑机报警位
   GW-LINE-B/mtc01.actualTemp     99.5 ℃                  Good                0.3s     模温机温度
   GW-LINE-B/mtc01.pumpFlow       19 L/min                Good                0.3s     模温机流量
   GW-LINE-B/dry01.dryTemp        79.4 ℃                  Good                0.3s     干燥温度
   GW-LINE-B/dry01.dewPoint       -33.8 ℃                 Good                0.3s     露点
   GW-LINE-B/dry01.materialLevel  54 %                    Good                0.3s     料位
   GW-LINE-B/rob01.cycleTime      3.0 s                   Good                0.3s     机械手节拍时间
   GW-LINE-B/rob01.totalPicks     12                      Good                0.3s     累计取件
   EM-01/em01.activePower         113 kW                  Good                0.3s     总有功功率
   EM-01/em01.powerFactor         0.948                   Good                0.3s     功率因数
   EM-01/em01.totalEnergy         1116.03 kWh             Good                0.3s     累计电能
   ENV-01/env01.roomTemp          28.0 ℃                  Good                0.3s     车间温度
   ENV-01/env01.humidity          55 %RH                  Good                0.3s     湿度
   ENV-01/env01.co2               450 ppm                 Good                0.3s     CO2
   ENV-01/env01.highTempAlarm     False                   Good                0.3s     高温报警位
   ENV-01/env01.plantLoad         45.2 %                  Good                0.0s     车间负载率(计算点)
  ── 激活报警：ENV-01/env01.roomTemp
  事件计数：值 3421  错误 0  写 11  （明细见 CSV）
══════════════════════════════════════════════════════════════════════════════════════════
  屏 #44   T+88.4s   本地时间 23:45:57   质量非 Good 或超过 5s 未刷新会标 !! / ~
══════════════════════════════════════════════════════════════════════════════════════════
  点位                                值                       质量                  年龄       说明
   IM-01/im01.stage               待机                      Good                0.3s     注塑阶段
   IM-01/im01.statusWord          1                       Good                0.3s     状态字
   IM-01/im01.cycleTime           42.4 s                  Good                0.3s     当前周期
   IM-01/im01.goodParts           4                       Good                0.3s     合格品数
   IM-01/im01.rejectParts         0                       Good                0.3s     次品数
   IM-01/im01.barrel1Temp         192.6 ℃                 Good                0.3s     料筒1段温
   IM-01/im01.moldTemp            84.6 ℃                  Good                0.3s     模具温度
   IM-01/im01.oilTemp             44.6 ℃                  Good                0.3s     液压油温
   IM-01/im01.injectPressure      0 bar                   Good                0.3s     射胶压力
   IM-01/im01.energyTotal         0.987 kWh               Good                0.3s     累计能耗
   IM-01/im01.moldTempDev         -0.4 ℃                  Good                0.0s     模温偏差(计算点)
   IM-01/im01.faultAlarm          False                   Good                0.3s     注塑机报警位
   GW-LINE-B/mtc01.actualTemp     99.4 ℃                  Good                0.3s     模温机温度
   GW-LINE-B/mtc01.pumpFlow       31 L/min                Good                0.3s     模温机流量
   GW-LINE-B/dry01.dryTemp        79.4 ℃                  Good                0.3s     干燥温度
   GW-LINE-B/dry01.dewPoint       -34.0 ℃                 Good                0.3s     露点
   GW-LINE-B/dry01.materialLevel  53 %                    Good                0.3s     料位
   GW-LINE-B/rob01.cycleTime      3.1 s                   Good                0.3s     机械手节拍时间
   GW-LINE-B/rob01.totalPicks     12                      Good                0.3s     累计取件
   EM-01/em01.activePower         122 kW                  Good                0.3s     总有功功率
   EM-01/em01.powerFactor         0.935                   Good                0.3s     功率因数
   EM-01/em01.totalEnergy         1122.75 kWh             Good                0.3s     累计电能
   ENV-01/env01.roomTemp          28.0 ℃                  Good                0.3s     车间温度
   ENV-01/env01.humidity          55 %RH                  Good                0.3s     湿度
   ENV-01/env01.co2               450 ppm                 Good                0.3s     CO2
   ENV-01/env01.highTempAlarm     False                   Good                0.3s     高温报警位
   ENV-01/env01.plantLoad         48.8 %                  Good                0.0s     车间负载率(计算点)
  ── 激活报警：ENV-01/env01.roomTemp
  事件计数：值 3489  错误 0  写 11  （明细见 CSV）
[T+90.0s] [ops] write ENV-01/env01.acSetTemp = 24 → Succeeded  verifyMismatch=False  readback=24 ℃[Good]  3ms  user=op01:Operator
[23:45:59] [资源] T+90.1s  线程 24  句柄 416  GC 后托管堆 1.82 MB
══════════════════════════════════════════════════════════════════════════════════════════
  屏 #45   T+90.4s   本地时间 23:45:59   质量非 Good 或超过 5s 未刷新会标 !! / ~
══════════════════════════════════════════════════════════════════════════════════════════
  点位                                值                       质量                  年龄       说明
   IM-01/im01.stage               待机                      Good                0.3s     注塑阶段
   IM-01/im01.statusWord          1                       Good                0.3s     状态字
   IM-01/im01.cycleTime           42.4 s                  Good                0.3s     当前周期
   IM-01/im01.goodParts           4                       Good                0.3s     合格品数
   IM-01/im01.rejectParts         0                       Good                0.3s     次品数
   IM-01/im01.barrel1Temp         192.6 ℃                 Good                0.3s     料筒1段温
   IM-01/im01.moldTemp            84.6 ℃                  Good                0.3s     模具温度
   IM-01/im01.oilTemp             44.6 ℃                  Good                0.3s     液压油温
   IM-01/im01.injectPressure      0 bar                   Good                0.3s     射胶压力
   IM-01/im01.energyTotal         0.988 kWh               Good                0.3s     累计能耗
   IM-01/im01.moldTempDev         -0.4 ℃                  Good                0.0s     模温偏差(计算点)
   IM-01/im01.faultAlarm          False                   Good                0.3s     注塑机报警位
   GW-LINE-B/mtc01.actualTemp     99.6 ℃                  Good                0.3s     模温机温度
   GW-LINE-B/mtc01.pumpFlow       16 L/min                Good                0.3s     模温机流量
   GW-LINE-B/dry01.dryTemp        79.4 ℃                  Good                0.3s     干燥温度
   GW-LINE-B/dry01.dewPoint       -34.2 ℃                 Good                0.3s     露点
   GW-LINE-B/dry01.materialLevel  53 %                    Good                0.3s     料位
   GW-LINE-B/rob01.cycleTime      2.7 s                   Good                0.3s     机械手节拍时间
   GW-LINE-B/rob01.totalPicks     12                      Good                0.3s     累计取件
   EM-01/em01.activePower         125 kW                  Good                0.3s     总有功功率
   EM-01/em01.powerFactor         0.861                   Good                0.3s     功率因数
   EM-01/em01.totalEnergy         1129.01 kWh             Good                0.3s     累计电能
   ENV-01/env01.roomTemp          28.0 ℃                  Good                0.3s     车间温度
   ENV-01/env01.humidity          55 %RH                  Good                0.3s     湿度
   ENV-01/env01.co2               450 ppm                 Good                0.3s     CO2
   ENV-01/env01.highTempAlarm     False                   Good                0.3s     高温报警位
   ENV-01/env01.plantLoad         50.0 %                  Good                0.0s     车间负载率(计算点)
  ── 激活报警：ENV-01/env01.roomTemp
  事件计数：值 3579  错误 0  写 12  （明细见 CSV）
══════════════════════════════════════════════════════════════════════════════════════════
  屏 #46   T+92.4s   本地时间 23:46:01   质量非 Good 或超过 5s 未刷新会标 !! / ~
══════════════════════════════════════════════════════════════════════════════════════════
  点位                                值                       质量                  年龄       说明
   IM-01/im01.stage               待机                      Good                0.3s     注塑阶段
   IM-01/im01.statusWord          1                       Good                0.3s     状态字
   IM-01/im01.cycleTime           42.4 s                  Good                0.3s     当前周期
   IM-01/im01.goodParts           4                       Good                0.3s     合格品数
   IM-01/im01.rejectParts         0                       Good                0.3s     次品数
   IM-01/im01.barrel1Temp         192.6 ℃                 Good                0.4s     料筒1段温
   IM-01/im01.moldTemp            84.5 ℃                  Good                0.4s     模具温度
   IM-01/im01.oilTemp             44.6 ℃                  Good                0.4s     液压油温
   IM-01/im01.injectPressure      0 bar                   Good                0.4s     射胶压力
   IM-01/im01.energyTotal         0.990 kWh               Good                0.4s     累计能耗
   IM-01/im01.moldTempDev         -0.5 ℃                  Good                0.0s     模温偏差(计算点)
   IM-01/im01.faultAlarm          False                   Good                0.3s     注塑机报警位
   GW-LINE-B/mtc01.actualTemp     99.2 ℃                  Good                0.3s     模温机温度
   GW-LINE-B/mtc01.pumpFlow       37 L/min                Good                0.3s     模温机流量
   GW-LINE-B/dry01.dryTemp        79.4 ℃                  Good                0.3s     干燥温度
   GW-LINE-B/dry01.dewPoint       -34.6 ℃                 Good                0.3s     露点
   GW-LINE-B/dry01.materialLevel  52 %                    Good                0.3s     料位
   GW-LINE-B/rob01.cycleTime      2.8 s                   Good                0.3s     机械手节拍时间
   GW-LINE-B/rob01.totalPicks     12                      Good                0.3s     累计取件
   EM-01/em01.activePower         109 kW                  Good                0.3s     总有功功率
   EM-01/em01.powerFactor         0.890                   Good                0.3s     功率因数
   EM-01/em01.totalEnergy         1135.29 kWh             Good                0.3s     累计电能
   ENV-01/env01.roomTemp          26.7 ℃                  Good                0.3s     车间温度
   ENV-01/env01.humidity          54 %RH                  Good                0.3s     湿度
   ENV-01/env01.co2               450 ppm                 Good                0.3s     CO2
   ENV-01/env01.highTempAlarm     False                   Good                0.3s     高温报警位
   ENV-01/env01.plantLoad         43.6 %                  Good                0.0s     车间负载率(计算点)
  ── 激活报警：ENV-01/env01.roomTemp
  事件计数：值 3654  错误 0  写 12  （明细见 CSV）
[T+93.1s] [报警] CLEARED env.highTemp ENV-01/env01.roomTemp type=high
══════════════════════════════════════════════════════════════════════════════════════════
  屏 #47   T+94.4s   本地时间 23:46:03   质量非 Good 或超过 5s 未刷新会标 !! / ~
══════════════════════════════════════════════════════════════════════════════════════════
  点位                                值                       质量                  年龄       说明
   IM-01/im01.stage               待机                      Good                0.3s     注塑阶段
   IM-01/im01.statusWord          1                       Good                0.3s     状态字
   IM-01/im01.cycleTime           42.4 s                  Good                0.3s     当前周期
   IM-01/im01.goodParts           4                       Good                0.3s     合格品数
   IM-01/im01.rejectParts         0                       Good                0.3s     次品数
   IM-01/im01.barrel1Temp         192.6 ℃                 Good                0.4s     料筒1段温
   IM-01/im01.moldTemp            84.5 ℃                  Good                0.4s     模具温度
   IM-01/im01.oilTemp             44.3 ℃                  Good                0.4s     液压油温
   IM-01/im01.injectPressure      0 bar                   Good                0.4s     射胶压力
   IM-01/im01.energyTotal         0.992 kWh               Good                0.4s     累计能耗
   IM-01/im01.moldTempDev         -0.5 ℃                  Good                0.0s     模温偏差(计算点)
   IM-01/im01.faultAlarm          False                   Good                0.3s     注塑机报警位
   GW-LINE-B/mtc01.actualTemp     99.3 ℃                  Good                0.3s     模温机温度
   GW-LINE-B/mtc01.pumpFlow       38 L/min                Good                0.3s     模温机流量
   GW-LINE-B/dry01.dryTemp        79.4 ℃                  Good                0.3s     干燥温度
   GW-LINE-B/dry01.dewPoint       -34.2 ℃                 Good                0.3s     露点
   GW-LINE-B/dry01.materialLevel  51 %                    Good                0.3s     料位
   GW-LINE-B/rob01.cycleTime      3.1 s                   Good                0.3s     机械手节拍时间
   GW-LINE-B/rob01.totalPicks     12                      Good                0.3s     累计取件
   EM-01/em01.activePower         115 kW                  Good                0.4s     总有功功率
   EM-01/em01.powerFactor         0.898                   Good                0.4s     功率因数
   EM-01/em01.totalEnergy         1141.40 kWh             Good                0.4s     累计电能
   ENV-01/env01.roomTemp          25.8 ℃                  Good                0.3s     车间温度
   ENV-01/env01.humidity          56 %RH                  Good                0.3s     湿度
   ENV-01/env01.co2               450 ppm                 Good                0.3s     CO2
   ENV-01/env01.highTempAlarm     False                   Good                0.3s     高温报警位
   ENV-01/env01.plantLoad         46.0 %                  Good                0.0s     车间负载率(计算点)
  ── 激活报警：无
  事件计数：值 3727  错误 0  写 12  （明细见 CSV）
══════════════════════════════════════════════════════════════════════════════════════════
  屏 #48   T+96.4s   本地时间 23:46:05   质量非 Good 或超过 5s 未刷新会标 !! / ~
══════════════════════════════════════════════════════════════════════════════════════════
  点位                                值                       质量                  年龄       说明
   IM-01/im01.stage               待机                      Good                0.3s     注塑阶段
   IM-01/im01.statusWord          1                       Good                0.3s     状态字
   IM-01/im01.cycleTime           42.4 s                  Good                0.3s     当前周期
   IM-01/im01.goodParts           4                       Good                0.3s     合格品数
   IM-01/im01.rejectParts         0                       Good                0.3s     次品数
   IM-01/im01.barrel1Temp         192.6 ℃                 Good                0.4s     料筒1段温
   IM-01/im01.moldTemp            84.5 ℃                  Good                0.4s     模具温度
   IM-01/im01.oilTemp             44.7 ℃                  Good                0.4s     液压油温
   IM-01/im01.injectPressure      0 bar                   Good                0.4s     射胶压力
   IM-01/im01.energyTotal         0.993 kWh               Good                0.4s     累计能耗
   IM-01/im01.moldTempDev         -0.5 ℃                  Good                0.0s     模温偏差(计算点)
   IM-01/im01.faultAlarm          False                   Good                0.3s     注塑机报警位
   GW-LINE-B/mtc01.actualTemp     99.4 ℃                  Good                0.3s     模温机温度
   GW-LINE-B/mtc01.pumpFlow       21 L/min                Good                0.3s     模温机流量
   GW-LINE-B/dry01.dryTemp        79.4 ℃                  Good                0.3s     干燥温度
   GW-LINE-B/dry01.dewPoint       -34.5 ℃                 Good                0.3s     露点
   GW-LINE-B/dry01.materialLevel  51 %                    Good                0.3s     料位
   GW-LINE-B/rob01.cycleTime      3.1 s                   Good                0.3s     机械手节拍时间
   GW-LINE-B/rob01.totalPicks     12                      Good                0.3s     累计取件
   EM-01/em01.activePower         110 kW                  Good                0.4s     总有功功率
   EM-01/em01.powerFactor         0.936                   Good                0.4s     功率因数
   EM-01/em01.totalEnergy         1147.39 kWh             Good                0.4s     累计电能
   ENV-01/env01.roomTemp          25.2 ℃                  Good                0.3s     车间温度
   ENV-01/env01.humidity          55 %RH                  Good                0.3s     湿度
   ENV-01/env01.co2               450 ppm                 Good                0.3s     CO2
   ENV-01/env01.highTempAlarm     False                   Good                0.3s     高温报警位
   ENV-01/env01.plantLoad         44.0 %                  Good                0.0s     车间负载率(计算点)
  ── 激活报警：无
  事件计数：值 3812  错误 0  写 12  （明细见 CSV）
══════════════════════════════════════════════════════════════════════════════════════════
  屏 #49   T+98.4s   本地时间 23:46:07   质量非 Good 或超过 5s 未刷新会标 !! / ~
══════════════════════════════════════════════════════════════════════════════════════════
  点位                                值                       质量                  年龄       说明
   IM-01/im01.stage               待机                      Good                0.3s     注塑阶段
   IM-01/im01.statusWord          1                       Good                0.3s     状态字
   IM-01/im01.cycleTime           42.4 s                  Good                0.3s     当前周期
   IM-01/im01.goodParts           4                       Good                0.3s     合格品数
   IM-01/im01.rejectParts         0                       Good                0.3s     次品数
   IM-01/im01.barrel1Temp         192.6 ℃                 Good                0.4s     料筒1段温
   IM-01/im01.moldTemp            84.6 ℃                  Good                0.4s     模具温度
   IM-01/im01.oilTemp             44.6 ℃                  Good                0.4s     液压油温
   IM-01/im01.injectPressure      0 bar                   Good                0.4s     射胶压力
   IM-01/im01.energyTotal         0.995 kWh               Good                0.4s     累计能耗
   IM-01/im01.moldTempDev         -0.4 ℃                  Good                0.0s     模温偏差(计算点)
   IM-01/im01.faultAlarm          False                   Good                0.3s     注塑机报警位
   GW-LINE-B/mtc01.actualTemp     99.3 ℃                  Good                0.4s     模温机温度
   GW-LINE-B/mtc01.pumpFlow       35 L/min                Good                0.4s     模温机流量
   GW-LINE-B/dry01.dryTemp        79.4 ℃                  Good                0.4s     干燥温度
   GW-LINE-B/dry01.dewPoint       -34.6 ℃                 Good                0.4s     露点
   GW-LINE-B/dry01.materialLevel  50 %                    Good                0.4s     料位
   GW-LINE-B/rob01.cycleTime      2.7 s                   Good                0.3s     机械手节拍时间
   GW-LINE-B/rob01.totalPicks     12                      Good                0.3s     累计取件
   EM-01/em01.activePower         113 kW                  Good                0.4s     总有功功率
   EM-01/em01.powerFactor         0.870                   Good                0.4s     功率因数
   EM-01/em01.totalEnergy         1153.80 kWh             Good                0.4s     累计电能
   ENV-01/env01.roomTemp          24.7 ℃                  Good                0.4s     车间温度
   ENV-01/env01.humidity          54 %RH                  Good                0.4s     湿度
   ENV-01/env01.co2               450 ppm                 Good                0.4s     CO2
   ENV-01/env01.highTempAlarm     False                   Good                0.4s     高温报警位
   ENV-01/env01.plantLoad         45.2 %                  Good                0.0s     车间负载率(计算点)
  ── 激活报警：无
  事件计数：值 3886  错误 0  写 12  （明细见 CSV）
══════════════════════════════════════════════════════════════════════════════════════════
  屏 #50   T+100.4s   本地时间 23:46:09   质量非 Good 或超过 5s 未刷新会标 !! / ~
══════════════════════════════════════════════════════════════════════════════════════════
  点位                                值                       质量                  年龄       说明
   IM-01/im01.stage               待机                      Good                0.3s     注塑阶段
   IM-01/im01.statusWord          1                       Good                0.3s     状态字
   IM-01/im01.cycleTime           42.4 s                  Good                0.3s     当前周期
   IM-01/im01.goodParts           4                       Good                0.3s     合格品数
   IM-01/im01.rejectParts         0                       Good                0.3s     次品数
   IM-01/im01.barrel1Temp         192.6 ℃                 Good                0.4s     料筒1段温
   IM-01/im01.moldTemp            84.6 ℃                  Good                0.4s     模具温度
   IM-01/im01.oilTemp             44.4 ℃                  Good                0.4s     液压油温
   IM-01/im01.injectPressure      0 bar                   Good                0.4s     射胶压力
   IM-01/im01.energyTotal         0.997 kWh               Good                0.4s     累计能耗
   IM-01/im01.moldTempDev         -0.4 ℃                  Good                0.0s     模温偏差(计算点)
   IM-01/im01.faultAlarm          False                   Good                0.3s     注塑机报警位
   GW-LINE-B/mtc01.actualTemp     99.4 ℃                  Good                0.4s     模温机温度
   GW-LINE-B/mtc01.pumpFlow       36 L/min                Good                0.4s     模温机流量
   GW-LINE-B/dry01.dryTemp        79.4 ℃                  Good                0.4s     干燥温度
   GW-LINE-B/dry01.dewPoint       -34.5 ℃                 Good                0.4s     露点
   GW-LINE-B/dry01.materialLevel  50 %                    Good                0.4s     料位
   GW-LINE-B/rob01.cycleTime      2.9 s                   Good                0.3s     机械手节拍时间
   GW-LINE-B/rob01.totalPicks     12                      Good                0.3s     累计取件
   EM-01/em01.activePower         118 kW                  Good                0.4s     总有功功率
   EM-01/em01.powerFactor         0.871                   Good                0.4s     功率因数
   EM-01/em01.totalEnergy         1160.25 kWh             Good                0.4s     累计电能
   ENV-01/env01.roomTemp          24.5 ℃                  Good                0.4s     车间温度
   ENV-01/env01.humidity          54 %RH                  Good                0.4s     湿度
   ENV-01/env01.co2               450 ppm                 Good                0.4s     CO2
   ENV-01/env01.highTempAlarm     False                   Good                0.4s     高温报警位
   ENV-01/env01.plantLoad         47.2 %                  Good                0.0s     车间负载率(计算点)
  ── 激活报警：无
  事件计数：值 3962  错误 0  写 12  （明细见 CSV）
══════════════════════════════════════════════════════════════════════════════════════════
  屏 #51   T+102.4s   本地时间 23:46:11   质量非 Good 或超过 5s 未刷新会标 !! / ~
══════════════════════════════════════════════════════════════════════════════════════════
  点位                                值                       质量                  年龄       说明
   IM-01/im01.stage               待机                      Good                0.3s     注塑阶段
   IM-01/im01.statusWord          1                       Good                0.3s     状态字
   IM-01/im01.cycleTime           42.4 s                  Good                0.3s     当前周期
   IM-01/im01.goodParts           4                       Good                0.3s     合格品数
   IM-01/im01.rejectParts         0                       Good                0.3s     次品数
   IM-01/im01.barrel1Temp         192.6 ℃                 Good                0.4s     料筒1段温
   IM-01/im01.moldTemp            84.6 ℃                  Good                0.4s     模具温度
   IM-01/im01.oilTemp             44.3 ℃                  Good                0.4s     液压油温
   IM-01/im01.injectPressure      0 bar                   Good                0.4s     射胶压力
   IM-01/im01.energyTotal         0.998 kWh               Good                0.4s     累计能耗
   IM-01/im01.moldTempDev         -0.4 ℃                  Good                0.0s     模温偏差(计算点)
   IM-01/im01.faultAlarm          False                   Good                0.3s     注塑机报警位
   GW-LINE-B/mtc01.actualTemp     99.4 ℃                  Good                0.4s     模温机温度
   GW-LINE-B/mtc01.pumpFlow       40 L/min                Good                0.4s     模温机流量
   GW-LINE-B/dry01.dryTemp        79.4 ℃                  Good                0.4s     干燥温度
   GW-LINE-B/dry01.dewPoint       -34.5 ℃                 Good                0.4s     露点
   GW-LINE-B/dry01.materialLevel  49 %                    Good                0.4s     料位
   GW-LINE-B/rob01.cycleTime      3.0 s                   Good                0.4s     机械手节拍时间
   GW-LINE-B/rob01.totalPicks     12                      Good                0.4s     累计取件
   EM-01/em01.activePower         112 kW                  Good                0.4s     总有功功率
   EM-01/em01.powerFactor         0.881                   Good                0.4s     功率因数
   EM-01/em01.totalEnergy         1166.43 kWh             Good                0.4s     累计电能
   ENV-01/env01.roomTemp          24.4 ℃                  Good                0.4s     车间温度
   ENV-01/env01.humidity          55 %RH                  Good                0.4s     湿度
   ENV-01/env01.co2               450 ppm                 Good                0.4s     CO2
   ENV-01/env01.highTempAlarm     False                   Good                0.4s     高温报警位
   ENV-01/env01.plantLoad         44.8 %                  Good                0.0s     车间负载率(计算点)
  ── 激活报警：无
  事件计数：值 4027  错误 0  写 12  （明细见 CSV）
══════════════════════════════════════════════════════════════════════════════════════════
  屏 #52   T+104.5s   本地时间 23:46:13   质量非 Good 或超过 5s 未刷新会标 !! / ~
══════════════════════════════════════════════════════════════════════════════════════════
  点位                                值                       质量                  年龄       说明
   IM-01/im01.stage               待机                      Good                0.3s     注塑阶段
   IM-01/im01.statusWord          1                       Good                0.3s     状态字
   IM-01/im01.cycleTime           42.4 s                  Good                0.3s     当前周期
   IM-01/im01.goodParts           4                       Good                0.3s     合格品数
   IM-01/im01.rejectParts         0                       Good                0.3s     次品数
   IM-01/im01.barrel1Temp         192.6 ℃                 Good                0.4s     料筒1段温
   IM-01/im01.moldTemp            84.6 ℃                  Good                0.4s     模具温度
   IM-01/im01.oilTemp             44.9 ℃                  Good                0.4s     液压油温
   IM-01/im01.injectPressure      0 bar                   Good                0.4s     射胶压力
   IM-01/im01.energyTotal         1.000 kWh               Good                0.4s     累计能耗
   IM-01/im01.moldTempDev         -0.4 ℃                  Good                0.0s     模温偏差(计算点)
   IM-01/im01.faultAlarm          False                   Good                0.3s     注塑机报警位
   GW-LINE-B/mtc01.actualTemp     99.5 ℃                  Good                0.4s     模温机温度
   GW-LINE-B/mtc01.pumpFlow       23 L/min                Good                0.4s     模温机流量
   GW-LINE-B/dry01.dryTemp        79.4 ℃                  Good                0.4s     干燥温度
   GW-LINE-B/dry01.dewPoint       -33.8 ℃                 Good                0.4s     露点
   GW-LINE-B/dry01.materialLevel  48 %                    Good                0.4s     料位
   GW-LINE-B/rob01.cycleTime      3.0 s                   Good                0.4s     机械手节拍时间
   GW-LINE-B/rob01.totalPicks     12                      Good                0.4s     累计取件
   EM-01/em01.activePower         114 kW                  Good                0.4s     总有功功率
   EM-01/em01.powerFactor         0.915                   Good                0.4s     功率因数
   EM-01/em01.totalEnergy         1172.82 kWh             Good                0.4s     累计电能
   ENV-01/env01.roomTemp          24.3 ℃                  Good                0.4s     车间温度
   ENV-01/env01.humidity          54 %RH                  Good                0.4s     湿度
   ENV-01/env01.co2               450 ppm                 Good                0.4s     CO2
   ENV-01/env01.highTempAlarm     False                   Good                0.4s     高温报警位
   ENV-01/env01.plantLoad         45.6 %                  Good                0.0s     车间负载率(计算点)
  ── 激活报警：无
  事件计数：值 4095  错误 0  写 12  （明细见 CSV）
══════════════════════════════════════════════════════════════════════════════════════════
  屏 #53   T+106.5s   本地时间 23:46:15   质量非 Good 或超过 5s 未刷新会标 !! / ~
══════════════════════════════════════════════════════════════════════════════════════════
  点位                                值                       质量                  年龄       说明
   IM-01/im01.stage               待机                      Good                0.4s     注塑阶段
   IM-01/im01.statusWord          1                       Good                0.4s     状态字
   IM-01/im01.cycleTime           42.4 s                  Good                0.4s     当前周期
   IM-01/im01.goodParts           4                       Good                0.4s     合格品数
   IM-01/im01.rejectParts         0                       Good                0.4s     次品数
   IM-01/im01.barrel1Temp         192.6 ℃                 Good                0.4s     料筒1段温
   IM-01/im01.moldTemp            84.6 ℃                  Good                0.4s     模具温度
   IM-01/im01.oilTemp             44.7 ℃                  Good                0.4s     液压油温
   IM-01/im01.injectPressure      0 bar                   Good                0.4s     射胶压力
   IM-01/im01.energyTotal         1.002 kWh               Good                0.4s     累计能耗
   IM-01/im01.moldTempDev         -0.4 ℃                  Good                0.0s     模温偏差(计算点)
   IM-01/im01.faultAlarm          False                   Good                0.4s     注塑机报警位
   GW-LINE-B/mtc01.actualTemp     99.6 ℃                  Good                0.4s     模温机温度
   GW-LINE-B/mtc01.pumpFlow       40 L/min                Good                0.4s     模温机流量
   GW-LINE-B/dry01.dryTemp        79.4 ℃                  Good                0.4s     干燥温度
   GW-LINE-B/dry01.dewPoint       -34.9 ℃                 Good                0.4s     露点
   GW-LINE-B/dry01.materialLevel  48 %                    Good                0.4s     料位
   GW-LINE-B/rob01.cycleTime      2.7 s                   Good                0.4s     机械手节拍时间
   GW-LINE-B/rob01.totalPicks     12                      Good                0.4s     累计取件
   EM-01/em01.activePower         115 kW                  Good                0.4s     总有功功率
   EM-01/em01.powerFactor         0.873                   Good                0.4s     功率因数
   EM-01/em01.totalEnergy         1179.26 kWh             Good                0.4s     累计电能
   ENV-01/env01.roomTemp          24.0 ℃                  Good                0.4s     车间温度
   ENV-01/env01.humidity          54 %RH                  Good                0.4s     湿度
   ENV-01/env01.co2               450 ppm                 Good                0.4s     CO2
   ENV-01/env01.highTempAlarm     False                   Good                0.4s     高温报警位
   ENV-01/env01.plantLoad         46.0 %                  Good                0.0s     车间负载率(计算点)
  ── 激活报警：无
  事件计数：值 4179  错误 0  写 12  （明细见 CSV）
══════════════════════════════════════════════════════════════════════════════════════════
  屏 #54   T+108.5s   本地时间 23:46:17   质量非 Good 或超过 5s 未刷新会标 !! / ~
══════════════════════════════════════════════════════════════════════════════════════════
  点位                                值                       质量                  年龄       说明
   IM-01/im01.stage               待机                      Good                0.4s     注塑阶段
   IM-01/im01.statusWord          1                       Good                0.4s     状态字
   IM-01/im01.cycleTime           42.4 s                  Good                0.4s     当前周期
   IM-01/im01.goodParts           4                       Good                0.4s     合格品数
   IM-01/im01.rejectParts         0                       Good                0.4s     次品数
   IM-01/im01.barrel1Temp         192.6 ℃                 Good                0.4s     料筒1段温
   IM-01/im01.moldTemp            84.5 ℃                  Good                0.4s     模具温度
   IM-01/im01.oilTemp             44.6 ℃                  Good                0.4s     液压油温
   IM-01/im01.injectPressure      0 bar                   Good                0.4s     射胶压力
   IM-01/im01.energyTotal         1.003 kWh               Good                0.4s     累计能耗
   IM-01/im01.moldTempDev         -0.5 ℃                  Good                0.0s     模温偏差(计算点)
   IM-01/im01.faultAlarm          False                   Good                0.4s     注塑机报警位
   GW-LINE-B/mtc01.actualTemp     99.3 ℃                  Good                0.4s     模温机温度
   GW-LINE-B/mtc01.pumpFlow       37 L/min                Good                0.4s     模温机流量
   GW-LINE-B/dry01.dryTemp        79.4 ℃                  Good                0.4s     干燥温度
   GW-LINE-B/dry01.dewPoint       -34.8 ℃                 Good                0.4s     露点
   GW-LINE-B/dry01.materialLevel  47 %                    Good                0.4s     料位
   GW-LINE-B/rob01.cycleTime      2.9 s                   Good                0.4s     机械手节拍时间
   GW-LINE-B/rob01.totalPicks     12                      Good                0.4s     累计取件
   EM-01/em01.activePower         101 kW                  Good                0.4s     总有功功率
   EM-01/em01.powerFactor         0.864                   Good                0.4s     功率因数
   EM-01/em01.totalEnergy         1185.21 kWh             Good                0.4s     累计电能
   ENV-01/env01.roomTemp          24.1 ℃                  Good                0.4s     车间温度
   ENV-01/env01.humidity          55 %RH                  Good                0.4s     湿度
   ENV-01/env01.co2               450 ppm                 Good                0.4s     CO2
   ENV-01/env01.highTempAlarm     False                   Good                0.4s     高温报警位
   ENV-01/env01.plantLoad         40.4 %                  Good                0.0s     车间负载率(计算点)
  ── 激活报警：无
  事件计数：值 4248  错误 0  写 12  （明细见 CSV）
[T+110.0s] [ops] write GW-LINE-B/dry01.materialBatch = BATCH-2026W38 → Succeeded  verifyMismatch=False  readback=-  2ms  user=op01:Operator
══════════════════════════════════════════════════════════════════════════════════════════
  屏 #55   T+110.5s   本地时间 23:46:19   质量非 Good 或超过 5s 未刷新会标 !! / ~
══════════════════════════════════════════════════════════════════════════════════════════
  点位                                值                       质量                  年龄       说明
   IM-01/im01.stage               待机                      Good                0.4s     注塑阶段
   IM-01/im01.statusWord          1                       Good                0.4s     状态字
   IM-01/im01.cycleTime           42.4 s                  Good                0.4s     当前周期
   IM-01/im01.goodParts           4                       Good                0.4s     合格品数
   IM-01/im01.rejectParts         0                       Good                0.4s     次品数
   IM-01/im01.barrel1Temp         192.6 ℃                 Good                0.4s     料筒1段温
   IM-01/im01.moldTemp            84.5 ℃                  Good                0.4s     模具温度
   IM-01/im01.oilTemp             44.4 ℃                  Good                0.4s     液压油温
   IM-01/im01.injectPressure      0 bar                   Good                0.4s     射胶压力
   IM-01/im01.energyTotal         1.005 kWh               Good                0.4s     累计能耗
   IM-01/im01.moldTempDev         -0.5 ℃                  Good                0.0s     模温偏差(计算点)
   IM-01/im01.faultAlarm          False                   Good                0.4s     注塑机报警位
   GW-LINE-B/mtc01.actualTemp     99.4 ℃                  Good                0.4s     模温机温度
   GW-LINE-B/mtc01.pumpFlow       39 L/min                Good                0.4s     模温机流量
   GW-LINE-B/dry01.dryTemp        79.4 ℃                  Good                0.4s     干燥温度
   GW-LINE-B/dry01.dewPoint       -34.6 ℃                 Good                0.4s     露点
   GW-LINE-B/dry01.materialLevel  47 %                    Good                0.4s     料位
   GW-LINE-B/rob01.cycleTime      2.8 s                   Good                0.4s     机械手节拍时间
   GW-LINE-B/rob01.totalPicks     12                      Good                0.4s     累计取件
   EM-01/em01.activePower         113 kW                  Good                0.4s     总有功功率
   EM-01/em01.powerFactor         0.934                   Good                0.4s     功率因数
   EM-01/em01.totalEnergy         1191.53 kWh             Good                0.4s     累计电能
   ENV-01/env01.roomTemp          24.0 ℃                  Good                0.4s     车间温度
   ENV-01/env01.humidity          55 %RH                  Good                0.4s     湿度
   ENV-01/env01.co2               450 ppm                 Good                0.4s     CO2
   ENV-01/env01.highTempAlarm     False                   Good                0.4s     高温报警位
   ENV-01/env01.plantLoad         45.2 %                  Good                0.0s     车间负载率(计算点)
  ── 激活报警：无
  事件计数：值 4334  错误 0  写 13  （明细见 CSV）
══════════════════════════════════════════════════════════════════════════════════════════
  屏 #56   T+112.5s   本地时间 23:46:21   质量非 Good 或超过 5s 未刷新会标 !! / ~
══════════════════════════════════════════════════════════════════════════════════════════
  点位                                值                       质量                  年龄       说明
   IM-01/im01.stage               待机                      Good                0.4s     注塑阶段
   IM-01/im01.statusWord          1                       Good                0.4s     状态字
   IM-01/im01.cycleTime           42.4 s                  Good                0.4s     当前周期
   IM-01/im01.goodParts           4                       Good                0.4s     合格品数
   IM-01/im01.rejectParts         0                       Good                0.4s     次品数
   IM-01/im01.barrel1Temp         192.6 ℃                 Good                0.4s     料筒1段温
   IM-01/im01.moldTemp            84.6 ℃                  Good                0.4s     模具温度
   IM-01/im01.oilTemp             44.3 ℃                  Good                0.4s     液压油温
   IM-01/im01.injectPressure      0 bar                   Good                0.4s     射胶压力
   IM-01/im01.energyTotal         1.007 kWh               Good                0.4s     累计能耗
   IM-01/im01.moldTempDev         -0.4 ℃                  Good                0.0s     模温偏差(计算点)
   IM-01/im01.faultAlarm          False                   Good                0.4s     注塑机报警位
   GW-LINE-B/mtc01.actualTemp     99.5 ℃                  Good                0.4s     模温机温度
   GW-LINE-B/mtc01.pumpFlow       35 L/min                Good                0.4s     模温机流量
   GW-LINE-B/dry01.dryTemp        79.4 ℃                  Good                0.4s     干燥温度
   GW-LINE-B/dry01.dewPoint       -34.9 ℃                 Good                0.4s     露点
   GW-LINE-B/dry01.materialLevel  46 %                    Good                0.4s     料位
   GW-LINE-B/rob01.cycleTime      3.0 s                   Good                0.4s     机械手节拍时间
   GW-LINE-B/rob01.totalPicks     12                      Good                0.4s     累计取件
   EM-01/em01.activePower         137 kW                  Good                0.4s     总有功功率
   EM-01/em01.powerFactor         0.934                   Good                0.4s     功率因数
   EM-01/em01.totalEnergy         1197.93 kWh             Good                0.4s     累计电能
   ENV-01/env01.roomTemp          24.0 ℃                  Good                0.4s     车间温度
   ENV-01/env01.humidity          54 %RH                  Good                0.4s     湿度
   ENV-01/env01.co2               450 ppm                 Good                0.4s     CO2
   ENV-01/env01.highTempAlarm     False                   Good                0.4s     高温报警位
   ENV-01/env01.plantLoad         54.8 %                  Good                0.0s     车间负载率(计算点)
  ── 激活报警：无
  事件计数：值 4407  错误 0  写 13  （明细见 CSV）
══════════════════════════════════════════════════════════════════════════════════════════
  屏 #57   T+114.5s   本地时间 23:46:23   质量非 Good 或超过 5s 未刷新会标 !! / ~
══════════════════════════════════════════════════════════════════════════════════════════
  点位                                值                       质量                  年龄       说明
   IM-01/im01.stage               待机                      Good                0.4s     注塑阶段
   IM-01/im01.statusWord          1                       Good                0.4s     状态字
   IM-01/im01.cycleTime           42.4 s                  Good                0.4s     当前周期
   IM-01/im01.goodParts           4                       Good                0.4s     合格品数
   IM-01/im01.rejectParts         0                       Good                0.4s     次品数
   IM-01/im01.barrel1Temp         192.6 ℃                 Good                0.4s     料筒1段温
   IM-01/im01.moldTemp            84.6 ℃                  Good                0.4s     模具温度
   IM-01/im01.oilTemp             44.4 ℃                  Good                0.4s     液压油温
   IM-01/im01.injectPressure      0 bar                   Good                0.4s     射胶压力
   IM-01/im01.energyTotal         1.008 kWh               Good                0.4s     累计能耗
   IM-01/im01.moldTempDev         -0.4 ℃                  Good                0.0s     模温偏差(计算点)
   IM-01/im01.faultAlarm          False                   Good                0.4s     注塑机报警位
   GW-LINE-B/mtc01.actualTemp     99.4 ℃                  Good                0.4s     模温机温度
   GW-LINE-B/mtc01.pumpFlow       21 L/min                Good                0.4s     模温机流量
   GW-LINE-B/dry01.dryTemp        79.4 ℃                  Good                0.4s     干燥温度
   GW-LINE-B/dry01.dewPoint       -34.6 ℃                 Good                0.4s     露点
   GW-LINE-B/dry01.materialLevel  46 %                    Good                0.4s     料位
   GW-LINE-B/rob01.cycleTime      3.0 s                   Good                0.4s     机械手节拍时间
   GW-LINE-B/rob01.totalPicks     13                      Good                0.4s     累计取件
   EM-01/em01.activePower         112 kW                  Good                0.4s     总有功功率
   EM-01/em01.powerFactor         0.879                   Good                0.4s     功率因数
   EM-01/em01.totalEnergy         1204.72 kWh             Good                0.4s     累计电能
   ENV-01/env01.roomTemp          23.9 ℃                  Good                0.4s     车间温度
   ENV-01/env01.humidity          55 %RH                  Good                0.4s     湿度
   ENV-01/env01.co2               450 ppm                 Good                0.4s     CO2
   ENV-01/env01.highTempAlarm     False                   Good                0.4s     高温报警位
   ENV-01/env01.plantLoad         44.8 %                  Good                0.0s     车间负载率(计算点)
  ── 激活报警：无
  事件计数：值 4486  错误 0  写 13  （明细见 CSV）
══════════════════════════════════════════════════════════════════════════════════════════
  屏 #58   T+116.5s   本地时间 23:46:25   质量非 Good 或超过 5s 未刷新会标 !! / ~
══════════════════════════════════════════════════════════════════════════════════════════
  点位                                值                       质量                  年龄       说明
   IM-01/im01.stage               待机                      Good                0.4s     注塑阶段
   IM-01/im01.statusWord          1                       Good                0.4s     状态字
   IM-01/im01.cycleTime           42.4 s                  Good                0.4s     当前周期
   IM-01/im01.goodParts           4                       Good                0.4s     合格品数
   IM-01/im01.rejectParts         0                       Good                0.4s     次品数
   IM-01/im01.barrel1Temp         192.6 ℃                 Good                0.4s     料筒1段温
   IM-01/im01.moldTemp            84.5 ℃                  Good                0.4s     模具温度
   IM-01/im01.oilTemp             44.3 ℃                  Good                0.4s     液压油温
   IM-01/im01.injectPressure      0 bar                   Good                0.4s     射胶压力
   IM-01/im01.energyTotal         1.010 kWh               Good                0.4s     累计能耗
   IM-01/im01.moldTempDev         -0.5 ℃                  Good                0.0s     模温偏差(计算点)
   IM-01/im01.faultAlarm          False                   Good                0.4s     注塑机报警位
   GW-LINE-B/mtc01.actualTemp     99.5 ℃                  Good                0.4s     模温机温度
   GW-LINE-B/mtc01.pumpFlow       25 L/min                Good                0.4s     模温机流量
   GW-LINE-B/dry01.dryTemp        79.4 ℃                  Good                0.4s     干燥温度
   GW-LINE-B/dry01.dewPoint       -34.4 ℃                 Good                0.4s     露点
   GW-LINE-B/dry01.materialLevel  45 %                    Good                0.4s     料位
   GW-LINE-B/rob01.cycleTime      3.0 s                   Good                0.4s     机械手节拍时间
   GW-LINE-B/rob01.totalPicks     13                      Good                0.4s     累计取件
   EM-01/em01.activePower         128 kW                  Good                0.4s     总有功功率
   EM-01/em01.powerFactor         0.932                   Good                0.4s     功率因数
   EM-01/em01.totalEnergy         1210.95 kWh             Good                0.4s     累计电能
   ENV-01/env01.roomTemp          23.9 ℃                  Good                0.4s     车间温度
   ENV-01/env01.humidity          54 %RH                  Good                0.4s     湿度
   ENV-01/env01.co2               450 ppm                 Good                0.4s     CO2
   ENV-01/env01.highTempAlarm     False                   Good                0.4s     高温报警位
   ENV-01/env01.plantLoad         51.2 %                  Good                0.0s     车间负载率(计算点)
  ── 激活报警：无
  事件计数：值 4567  错误 0  写 13  （明细见 CSV）
══════════════════════════════════════════════════════════════════════════════════════════
  屏 #59   T+118.5s   本地时间 23:46:27   质量非 Good 或超过 5s 未刷新会标 !! / ~
══════════════════════════════════════════════════════════════════════════════════════════
  点位                                值                       质量                  年龄       说明
   IM-01/im01.stage               待机                      Good                0.4s     注塑阶段
   IM-01/im01.statusWord          1                       Good                0.4s     状态字
   IM-01/im01.cycleTime           42.4 s                  Good                0.4s     当前周期
   IM-01/im01.goodParts           4                       Good                0.4s     合格品数
   IM-01/im01.rejectParts         0                       Good                0.4s     次品数
   IM-01/im01.barrel1Temp         192.6 ℃                 Good                0.4s     料筒1段温
   IM-01/im01.moldTemp            84.6 ℃                  Good                0.4s     模具温度
   IM-01/im01.oilTemp             44.4 ℃                  Good                0.4s     液压油温
   IM-01/im01.injectPressure      0 bar                   Good                0.4s     射胶压力
   IM-01/im01.energyTotal         1.012 kWh               Good                0.4s     累计能耗
   IM-01/im01.moldTempDev         -0.4 ℃                  Good                0.0s     模温偏差(计算点)
   IM-01/im01.faultAlarm          False                   Good                0.4s     注塑机报警位
   GW-LINE-B/mtc01.actualTemp     99.4 ℃                  Good                0.4s     模温机温度
   GW-LINE-B/mtc01.pumpFlow       18 L/min                Good                0.4s     模温机流量
   GW-LINE-B/dry01.dryTemp        79.4 ℃                  Good                0.4s     干燥温度
   GW-LINE-B/dry01.dewPoint       -34.7 ℃                 Good                0.4s     露点
   GW-LINE-B/dry01.materialLevel  44 %                    Good                0.4s     料位
   GW-LINE-B/rob01.cycleTime      2.7 s                   Good                0.4s     机械手节拍时间
   GW-LINE-B/rob01.totalPicks     13                      Good                0.4s     累计取件
   EM-01/em01.activePower         112 kW                  Good                0.4s     总有功功率
   EM-01/em01.powerFactor         0.911                   Good                0.4s     功率因数
   EM-01/em01.totalEnergy         1217.26 kWh             Good                0.4s     累计电能
   ENV-01/env01.roomTemp          23.9 ℃                  Good                0.4s     车间温度
   ENV-01/env01.humidity          56 %RH                  Good                0.4s     湿度
   ENV-01/env01.co2               450 ppm                 Good                0.4s     CO2
   ENV-01/env01.highTempAlarm     False                   Good                0.4s     高温报警位
   ENV-01/env01.plantLoad         44.8 %                  Good                0.0s     车间负载率(计算点)
  ── 激活报警：无
  事件计数：值 4628  错误 0  写 13  （明细见 CSV）
[T+120.0s] [ops] show GW-LINE-B/dry01.materialBatch = BATCH-2026W38  [质量 Good]  原始=BATCH-2026W38  时间戳=23:46:24.039
[23:46:29] [资源] T+120.1s  线程 22  句柄 415  GC 后托管堆 1.81 MB
══════════════════════════════════════════════════════════════════════════════════════════
  屏 #60   T+120.5s   本地时间 23:46:29   质量非 Good 或超过 5s 未刷新会标 !! / ~
══════════════════════════════════════════════════════════════════════════════════════════
  点位                                值                       质量                  年龄       说明
   IM-01/im01.stage               待机                      Good                0.4s     注塑阶段
   IM-01/im01.statusWord          1                       Good                0.4s     状态字
   IM-01/im01.cycleTime           42.4 s                  Good                0.4s     当前周期
   IM-01/im01.goodParts           4                       Good                0.4s     合格品数
   IM-01/im01.rejectParts         0                       Good                0.4s     次品数
   IM-01/im01.barrel1Temp         192.6 ℃                 Good                0.4s     料筒1段温
   IM-01/im01.moldTemp            84.6 ℃                  Good                0.4s     模具温度
   IM-01/im01.oilTemp             44.6 ℃                  Good                0.4s     液压油温
   IM-01/im01.injectPressure      0 bar                   Good                0.4s     射胶压力
   IM-01/im01.energyTotal         1.013 kWh               Good                0.4s     累计能耗
   IM-01/im01.moldTempDev         -0.4 ℃                  Good                0.0s     模温偏差(计算点)
   IM-01/im01.faultAlarm          False                   Good                0.4s     注塑机报警位
   GW-LINE-B/mtc01.actualTemp     99.5 ℃                  Good                0.4s     模温机温度
   GW-LINE-B/mtc01.pumpFlow       28 L/min                Good                0.4s     模温机流量
   GW-LINE-B/dry01.dryTemp        79.4 ℃                  Good                0.4s     干燥温度
   GW-LINE-B/dry01.dewPoint       -35.1 ℃                 Good                0.4s     露点
   GW-LINE-B/dry01.materialLevel  44 %                    Good                0.4s     料位
   GW-LINE-B/rob01.cycleTime      2.8 s                   Good                0.4s     机械手节拍时间
   GW-LINE-B/rob01.totalPicks     13                      Good                0.4s     累计取件
   EM-01/em01.activePower         112 kW                  Good                0.4s     总有功功率
   EM-01/em01.powerFactor         0.911                   Good                0.4s     功率因数
   EM-01/em01.totalEnergy         1223.55 kWh             Good                0.4s     累计电能
   ENV-01/env01.roomTemp          23.9 ℃                  Good                0.4s     车间温度
   ENV-01/env01.humidity          56 %RH                  Good                0.4s     湿度
   ENV-01/env01.co2               450 ppm                 Good                0.4s     CO2
   ENV-01/env01.highTempAlarm     False                   Good                0.4s     高温报警位
   ENV-01/env01.plantLoad         44.8 %                  Good                0.0s     车间负载率(计算点)
  ── 激活报警：无
  事件计数：值 4708  错误 0  写 13  （明细见 CSV）
══════════════════════════════════════════════════════════════════════════════════════════
  屏 #61   T+122.5s   本地时间 23:46:31   质量非 Good 或超过 5s 未刷新会标 !! / ~
══════════════════════════════════════════════════════════════════════════════════════════
  点位                                值                       质量                  年龄       说明
   IM-01/im01.stage               待机                      Good                0.4s     注塑阶段
   IM-01/im01.statusWord          1                       Good                0.4s     状态字
   IM-01/im01.cycleTime           42.4 s                  Good                0.4s     当前周期
   IM-01/im01.goodParts           4                       Good                0.4s     合格品数
   IM-01/im01.rejectParts         0                       Good                0.4s     次品数
   IM-01/im01.barrel1Temp         192.6 ℃                 Good                0.5s     料筒1段温
   IM-01/im01.moldTemp            84.6 ℃                  Good                0.5s     模具温度
   IM-01/im01.oilTemp             44.7 ℃                  Good                0.5s     液压油温
   IM-01/im01.injectPressure      0 bar                   Good                0.5s     射胶压力
   IM-01/im01.energyTotal         1.015 kWh               Good                0.5s     累计能耗
   IM-01/im01.moldTempDev         -0.4 ℃                  Good                0.0s     模温偏差(计算点)
   IM-01/im01.faultAlarm          False                   Good                0.4s     注塑机报警位
   GW-LINE-B/mtc01.actualTemp     99.4 ℃                  Good                0.4s     模温机温度
   GW-LINE-B/mtc01.pumpFlow       39 L/min                Good                0.4s     模温机流量
   GW-LINE-B/dry01.dryTemp        79.4 ℃                  Good                0.4s     干燥温度
   GW-LINE-B/dry01.dewPoint       -35.1 ℃                 Good                0.4s     露点
   GW-LINE-B/dry01.materialLevel  43 %                    Good                0.4s     料位
   GW-LINE-B/rob01.cycleTime      3.2 s                   Good                0.4s     机械手节拍时间
   GW-LINE-B/rob01.totalPicks     13                      Good                0.4s     累计取件
   EM-01/em01.activePower         114 kW                  Good                0.4s     总有功功率
   EM-01/em01.powerFactor         0.897                   Good                0.4s     功率因数
   EM-01/em01.totalEnergy         1229.75 kWh             Good                0.4s     累计电能
   ENV-01/env01.roomTemp          23.9 ℃                  Good                0.4s     车间温度
   ENV-01/env01.humidity          56 %RH                  Good                0.4s     湿度
   ENV-01/env01.co2               450 ppm                 Good                0.4s     CO2
   ENV-01/env01.highTempAlarm     False                   Good                0.4s     高温报警位
   ENV-01/env01.plantLoad         45.6 %                  Good                0.0s     车间负载率(计算点)
  ── 激活报警：无
  事件计数：值 4783  错误 0  写 13  （明细见 CSV）
══════════════════════════════════════════════════════════════════════════════════════════
  屏 #62   T+124.5s   本地时间 23:46:33   质量非 Good 或超过 5s 未刷新会标 !! / ~
══════════════════════════════════════════════════════════════════════════════════════════
  点位                                值                       质量                  年龄       说明
   IM-01/im01.stage               待机                      Good                0.4s     注塑阶段
   IM-01/im01.statusWord          1                       Good                0.4s     状态字
   IM-01/im01.cycleTime           42.4 s                  Good                0.4s     当前周期
   IM-01/im01.goodParts           4                       Good                0.4s     合格品数
   IM-01/im01.rejectParts         0                       Good                0.4s     次品数
   IM-01/im01.barrel1Temp         192.6 ℃                 Good                0.5s     料筒1段温
   IM-01/im01.moldTemp            84.5 ℃                  Good                0.5s     模具温度
   IM-01/im01.oilTemp             44.5 ℃                  Good                0.5s     液压油温
   IM-01/im01.injectPressure      0 bar                   Good                0.5s     射胶压力
   IM-01/im01.energyTotal         1.017 kWh               Good                0.5s     累计能耗
   IM-01/im01.moldTempDev         -0.5 ℃                  Good                0.0s     模温偏差(计算点)
   IM-01/im01.faultAlarm          False                   Good                0.4s     注塑机报警位
   GW-LINE-B/mtc01.actualTemp     99.5 ℃                  Good                0.4s     模温机温度
   GW-LINE-B/mtc01.pumpFlow       35 L/min                Good                0.4s     模温机流量
   GW-LINE-B/dry01.dryTemp        79.4 ℃                  Good                0.4s     干燥温度
   GW-LINE-B/dry01.dewPoint       -34.3 ℃                 Good                0.4s     露点
   GW-LINE-B/dry01.materialLevel  42 %                    Good                0.4s     料位
   GW-LINE-B/rob01.cycleTime      2.9 s                   Good                0.4s     机械手节拍时间
   GW-LINE-B/rob01.totalPicks     13                      Good                0.4s     累计取件
   EM-01/em01.activePower         122 kW                  Good                0.5s     总有功功率
   EM-01/em01.powerFactor         0.874                   Good                0.5s     功率因数
   EM-01/em01.totalEnergy         1236.42 kWh             Good                0.5s     累计电能
   ENV-01/env01.roomTemp          23.9 ℃                  Good                0.4s     车间温度
   ENV-01/env01.humidity          54 %RH                  Good                0.4s     湿度
   ENV-01/env01.co2               450 ppm                 Good                0.4s     CO2
   ENV-01/env01.highTempAlarm     False                   Good                0.4s     高温报警位
   ENV-01/env01.plantLoad         48.8 %                  Good                0.0s     车间负载率(计算点)
  ── 激活报警：无
  事件计数：值 4855  错误 0  写 13  （明细见 CSV）
══════════════════════════════════════════════════════════════════════════════════════════
  屏 #63   T+126.5s   本地时间 23:46:35   质量非 Good 或超过 5s 未刷新会标 !! / ~
══════════════════════════════════════════════════════════════════════════════════════════
  点位                                值                       质量                  年龄       说明
   IM-01/im01.stage               待机                      Good                0.4s     注塑阶段
   IM-01/im01.statusWord          1                       Good                0.4s     状态字
   IM-01/im01.cycleTime           42.4 s                  Good                0.4s     当前周期
   IM-01/im01.goodParts           4                       Good                0.4s     合格品数
   IM-01/im01.rejectParts         0                       Good                0.4s     次品数
   IM-01/im01.barrel1Temp         192.6 ℃                 Good                0.5s     料筒1段温
   IM-01/im01.moldTemp            84.5 ℃                  Good                0.5s     模具温度
   IM-01/im01.oilTemp             44.4 ℃                  Good                0.5s     液压油温
   IM-01/im01.injectPressure      0 bar                   Good                0.5s     射胶压力
   IM-01/im01.energyTotal         1.018 kWh               Good                0.5s     累计能耗
   IM-01/im01.moldTempDev         -0.5 ℃                  Good                0.0s     模温偏差(计算点)
   IM-01/im01.faultAlarm          False                   Good                0.4s     注塑机报警位
   GW-LINE-B/mtc01.actualTemp     99.3 ℃                  Good                0.5s     模温机温度
   GW-LINE-B/mtc01.pumpFlow       37 L/min                Good                0.5s     模温机流量
   GW-LINE-B/dry01.dryTemp        79.4 ℃                  Good                0.4s     干燥温度
   GW-LINE-B/dry01.dewPoint       -34.0 ℃                 Good                0.4s     露点
   GW-LINE-B/dry01.materialLevel  42 %                    Good                0.4s     料位
   GW-LINE-B/rob01.cycleTime      2.7 s                   Good                0.4s     机械手节拍时间
   GW-LINE-B/rob01.totalPicks     13                      Good                0.4s     累计取件
   EM-01/em01.activePower         124 kW                  Good                0.5s     总有功功率
   EM-01/em01.powerFactor         0.868                   Good                0.5s     功率因数
   EM-01/em01.totalEnergy         1242.65 kWh             Good                0.5s     累计电能
   ENV-01/env01.roomTemp          24.0 ℃                  Good                0.5s     车间温度
   ENV-01/env01.humidity          54 %RH                  Good                0.5s     湿度
   ENV-01/env01.co2               450 ppm                 Good                0.5s     CO2
   ENV-01/env01.highTempAlarm     False                   Good                0.5s     高温报警位
   ENV-01/env01.plantLoad         49.6 %                  Good                0.0s     车间负载率(计算点)
  ── 激活报警：无
  事件计数：值 4939  错误 0  写 13  （明细见 CSV）
══════════════════════════════════════════════════════════════════════════════════════════
  屏 #64   T+128.5s   本地时间 23:46:37   质量非 Good 或超过 5s 未刷新会标 !! / ~
══════════════════════════════════════════════════════════════════════════════════════════
  点位                                值                       质量                  年龄       说明
   IM-01/im01.stage               待机                      Good                0.4s     注塑阶段
   IM-01/im01.statusWord          1                       Good                0.4s     状态字
   IM-01/im01.cycleTime           42.4 s                  Good                0.4s     当前周期
   IM-01/im01.goodParts           4                       Good                0.4s     合格品数
   IM-01/im01.rejectParts         0                       Good                0.4s     次品数
   IM-01/im01.barrel1Temp         192.6 ℃                 Good                0.5s     料筒1段温
   IM-01/im01.moldTemp            84.5 ℃                  Good                0.5s     模具温度
   IM-01/im01.oilTemp             44.8 ℃                  Good                0.5s     液压油温
   IM-01/im01.injectPressure      0 bar                   Good                0.5s     射胶压力
   IM-01/im01.energyTotal         1.020 kWh               Good                0.5s     累计能耗
   IM-01/im01.moldTempDev         -0.5 ℃                  Good                0.0s     模温偏差(计算点)
   IM-01/im01.faultAlarm          False                   Good                0.4s     注塑机报警位
   GW-LINE-B/mtc01.actualTemp     99.3 ℃                  Good                0.5s     模温机温度
   GW-LINE-B/mtc01.pumpFlow       18 L/min                Good                0.5s     模温机流量
   GW-LINE-B/dry01.dryTemp        79.4 ℃                  Good                0.5s     干燥温度
   GW-LINE-B/dry01.dewPoint       -34.4 ℃                 Good                0.5s     露点
   GW-LINE-B/dry01.materialLevel  41 %                    Good                0.5s     料位
   GW-LINE-B/rob01.cycleTime      3.2 s                   Good                0.4s     机械手节拍时间
   GW-LINE-B/rob01.totalPicks     13                      Good                0.4s     累计取件
   EM-01/em01.activePower         107 kW                  Good                0.5s     总有功功率
   EM-01/em01.powerFactor         0.891                   Good                0.5s     功率因数
   EM-01/em01.totalEnergy         1248.86 kWh             Good                0.5s     累计电能
   ENV-01/env01.roomTemp          24.1 ℃                  Good                0.5s     车间温度
   ENV-01/env01.humidity          55 %RH                  Good                0.5s     湿度
   ENV-01/env01.co2               450 ppm                 Good                0.5s     CO2
   ENV-01/env01.highTempAlarm     False                   Good                0.5s     高温报警位
   ENV-01/env01.plantLoad         42.8 %                  Good                0.0s     车间负载率(计算点)
  ── 激活报警：无
  事件计数：值 5010  错误 0  写 13  （明细见 CSV）
══════════════════════════════════════════════════════════════════════════════════════════
  屏 #65   T+130.6s   本地时间 23:46:39   质量非 Good 或超过 5s 未刷新会标 !! / ~
══════════════════════════════════════════════════════════════════════════════════════════
  点位                                值                       质量                  年龄       说明
   IM-01/im01.stage               待机                      Good                0.4s     注塑阶段
   IM-01/im01.statusWord          1                       Good                0.4s     状态字
   IM-01/im01.cycleTime           42.4 s                  Good                0.4s     当前周期
   IM-01/im01.goodParts           4                       Good                0.4s     合格品数
   IM-01/im01.rejectParts         0                       Good                0.4s     次品数
   IM-01/im01.barrel1Temp         192.6 ℃                 Good                0.5s     料筒1段温
   IM-01/im01.moldTemp            84.5 ℃                  Good                0.5s     模具温度
   IM-01/im01.oilTemp             44.6 ℃                  Good                0.5s     液压油温
   IM-01/im01.injectPressure      0 bar                   Good                0.5s     射胶压力
   IM-01/im01.energyTotal         1.022 kWh               Good                0.5s     累计能耗
   IM-01/im01.moldTempDev         -0.5 ℃                  Good                0.0s     模温偏差(计算点)
   IM-01/im01.faultAlarm          False                   Good                0.4s     注塑机报警位
   GW-LINE-B/mtc01.actualTemp     99.3 ℃                  Good                0.5s     模温机温度
   GW-LINE-B/mtc01.pumpFlow       15 L/min                Good                0.5s     模温机流量
   GW-LINE-B/dry01.dryTemp        79.4 ℃                  Good                0.5s     干燥温度
   GW-LINE-B/dry01.dewPoint       -34.9 ℃                 Good                0.5s     露点
   GW-LINE-B/dry01.materialLevel  41 %                    Good                0.5s     料位
   GW-LINE-B/rob01.cycleTime      2.7 s                   Good                0.5s     机械手节拍时间
   GW-LINE-B/rob01.totalPicks     13                      Good                0.5s     累计取件
   EM-01/em01.activePower         108 kW                  Good                0.5s     总有功功率
   EM-01/em01.powerFactor         0.935                   Good                0.5s     功率因数
   EM-01/em01.totalEnergy         1255.19 kWh             Good                0.5s     累计电能
   ENV-01/env01.roomTemp          24.1 ℃                  Good                0.5s     车间温度
   ENV-01/env01.humidity          54 %RH                  Good                0.5s     湿度
   ENV-01/env01.co2               450 ppm                 Good                0.5s     CO2
   ENV-01/env01.highTempAlarm     False                   Good                0.5s     高温报警位
   ENV-01/env01.plantLoad         43.2 %                  Good                0.0s     车间负载率(计算点)
  ── 激活报警：无
  事件计数：值 5092  错误 0  写 13  （明细见 CSV）
══════════════════════════════════════════════════════════════════════════════════════════
  屏 #66   T+132.6s   本地时间 23:46:41   质量非 Good 或超过 5s 未刷新会标 !! / ~
══════════════════════════════════════════════════════════════════════════════════════════
  点位                                值                       质量                  年龄       说明
   IM-01/im01.stage               待机                      Good                0.4s     注塑阶段
   IM-01/im01.statusWord          1                       Good                0.4s     状态字
   IM-01/im01.cycleTime           42.4 s                  Good                0.4s     当前周期
   IM-01/im01.goodParts           4                       Good                0.4s     合格品数
   IM-01/im01.rejectParts         0                       Good                0.4s     次品数
   IM-01/im01.barrel1Temp         192.6 ℃                 Good                0.5s     料筒1段温
   IM-01/im01.moldTemp            84.6 ℃                  Good                0.5s     模具温度
   IM-01/im01.oilTemp             44.7 ℃                  Good                0.5s     液压油温
   IM-01/im01.injectPressure      0 bar                   Good                0.5s     射胶压力
   IM-01/im01.energyTotal         1.023 kWh               Good                0.5s     累计能耗
   IM-01/im01.moldTempDev         -0.4 ℃                  Good                0.0s     模温偏差(计算点)
   IM-01/im01.faultAlarm          False                   Good                0.4s     注塑机报警位
   GW-LINE-B/mtc01.actualTemp     99.3 ℃                  Good                0.5s     模温机温度
   GW-LINE-B/mtc01.pumpFlow       39 L/min                Good                0.5s     模温机流量
   GW-LINE-B/dry01.dryTemp        79.4 ℃                  Good                0.5s     干燥温度
   GW-LINE-B/dry01.dewPoint       -34.1 ℃                 Good                0.5s     露点
   GW-LINE-B/dry01.materialLevel  40 %                    Good                0.5s     料位
   GW-LINE-B/rob01.cycleTime      2.8 s                   Good                0.5s     机械手节拍时间
   GW-LINE-B/rob01.totalPicks     13                      Good                0.5s     累计取件
   EM-01/em01.activePower         106 kW                  Good                0.5s     总有功功率
   EM-01/em01.powerFactor         0.927                   Good                0.5s     功率因数
   EM-01/em01.totalEnergy         1261.11 kWh             Good                0.5s     累计电能
   ENV-01/env01.roomTemp          24.0 ℃                  Good                0.5s     车间温度
   ENV-01/env01.humidity          53 %RH                  Good                0.5s     湿度
   ENV-01/env01.co2               450 ppm                 Good                0.5s     CO2
   ENV-01/env01.highTempAlarm     False                   Good                0.5s     高温报警位
   ENV-01/env01.plantLoad         42.4 %                  Good                0.0s     车间负载率(计算点)
  ── 激活报警：无
  事件计数：值 5160  错误 0  写 13  （明细见 CSV）
══════════════════════════════════════════════════════════════════════════════════════════
  屏 #67   T+134.6s   本地时间 23:46:43   质量非 Good 或超过 5s 未刷新会标 !! / ~
══════════════════════════════════════════════════════════════════════════════════════════
  点位                                值                       质量                  年龄       说明
   IM-01/im01.stage               待机                      Good                0.4s     注塑阶段
   IM-01/im01.statusWord          1                       Good                0.4s     状态字
   IM-01/im01.cycleTime           42.4 s                  Good                0.4s     当前周期
   IM-01/im01.goodParts           4                       Good                0.4s     合格品数
   IM-01/im01.rejectParts         0                       Good                0.4s     次品数
   IM-01/im01.barrel1Temp         192.6 ℃                 Good                0.5s     料筒1段温
   IM-01/im01.moldTemp            84.6 ℃                  Good                0.5s     模具温度
   IM-01/im01.oilTemp             44.7 ℃                  Good                0.5s     液压油温
   IM-01/im01.injectPressure      0 bar                   Good                0.5s     射胶压力
   IM-01/im01.energyTotal         1.025 kWh               Good                0.5s     累计能耗
   IM-01/im01.moldTempDev         -0.4 ℃                  Good                0.0s     模温偏差(计算点)
   IM-01/im01.faultAlarm          False                   Good                0.4s     注塑机报警位
   GW-LINE-B/mtc01.actualTemp     99.2 ℃                  Good                0.5s     模温机温度
   GW-LINE-B/mtc01.pumpFlow       38 L/min                Good                0.5s     模温机流量
   GW-LINE-B/dry01.dryTemp        79.4 ℃                  Good                0.5s     干燥温度
   GW-LINE-B/dry01.dewPoint       -34.6 ℃                 Good                0.5s     露点
   GW-LINE-B/dry01.materialLevel  39 %                    Good                0.5s     料位
   GW-LINE-B/rob01.cycleTime      3.1 s                   Good                0.5s     机械手节拍时间
   GW-LINE-B/rob01.totalPicks     13                      Good                0.5s     累计取件
   EM-01/em01.activePower         121 kW                  Good                0.5s     总有功功率
   EM-01/em01.powerFactor         0.865                   Good                0.5s     功率因数
   EM-01/em01.totalEnergy         1267.70 kWh             Good                0.5s     累计电能
   ENV-01/env01.roomTemp          24.0 ℃                  Good                0.5s     车间温度
   ENV-01/env01.humidity          55 %RH                  Good                0.5s     湿度
   ENV-01/env01.co2               450 ppm                 Good                0.5s     CO2
   ENV-01/env01.highTempAlarm     False                   Good                0.5s     高温报警位
   ENV-01/env01.plantLoad         48.4 %                  Good                0.0s     车间负载率(计算点)
  ── 激活报警：无
  事件计数：值 5230  错误 0  写 13  （明细见 CSV）
══════════════════════════════════════════════════════════════════════════════════════════
  屏 #68   T+136.6s   本地时间 23:46:45   质量非 Good 或超过 5s 未刷新会标 !! / ~
══════════════════════════════════════════════════════════════════════════════════════════
  点位                                值                       质量                  年龄       说明
   IM-01/im01.stage               待机                      Good                0.4s     注塑阶段
   IM-01/im01.statusWord          1                       Good                0.4s     状态字
   IM-01/im01.cycleTime           42.4 s                  Good                0.4s     当前周期
   IM-01/im01.goodParts           4                       Good                0.4s     合格品数
   IM-01/im01.rejectParts         0                       Good                0.4s     次品数
   IM-01/im01.barrel1Temp         192.6 ℃                 Good                0.5s     料筒1段温
   IM-01/im01.moldTemp            84.5 ℃                  Good                0.5s     模具温度
   IM-01/im01.oilTemp             44.5 ℃                  Good                0.5s     液压油温
   IM-01/im01.injectPressure      0 bar                   Good                0.5s     射胶压力
   IM-01/im01.energyTotal         1.027 kWh               Good                0.5s     累计能耗
   IM-01/im01.moldTempDev         -0.5 ℃                  Good                0.0s     模温偏差(计算点)
   IM-01/im01.faultAlarm          False                   Good                0.4s     注塑机报警位
   GW-LINE-B/mtc01.actualTemp     99.3 ℃                  Good                0.5s     模温机温度
   GW-LINE-B/mtc01.pumpFlow       36 L/min                Good                0.5s     模温机流量
   GW-LINE-B/dry01.dryTemp        79.4 ℃                  Good                0.5s     干燥温度
   GW-LINE-B/dry01.dewPoint       -34.8 ℃                 Good                0.5s     露点
   GW-LINE-B/dry01.materialLevel  39 %                    Good                0.5s     料位
   GW-LINE-B/rob01.cycleTime      2.9 s                   Good                0.5s     机械手节拍时间
   GW-LINE-B/rob01.totalPicks     13                      Good                0.5s     累计取件
   EM-01/em01.activePower         110 kW                  Good                0.5s     总有功功率
   EM-01/em01.powerFactor         0.948                   Good                0.5s     功率因数
   EM-01/em01.totalEnergy         1274.03 kWh             Good                0.5s     累计电能
   ENV-01/env01.roomTemp          23.8 ℃                  Good                0.5s     车间温度
   ENV-01/env01.humidity          55 %RH                  Good                0.5s     湿度
   ENV-01/env01.co2               450 ppm                 Good                0.5s     CO2
   ENV-01/env01.highTempAlarm     False                   Good                0.5s     高温报警位
   ENV-01/env01.plantLoad         44.0 %                  Good                0.0s     车间负载率(计算点)
  ── 激活报警：无
  事件计数：值 5310  错误 0  写 13  （明细见 CSV）
══════════════════════════════════════════════════════════════════════════════════════════
  屏 #69   T+138.6s   本地时间 23:46:47   质量非 Good 或超过 5s 未刷新会标 !! / ~
══════════════════════════════════════════════════════════════════════════════════════════
  点位                                值                       质量                  年龄       说明
   IM-01/im01.stage               待机                      Good                0.5s     注塑阶段
   IM-01/im01.statusWord          1                       Good                0.5s     状态字
   IM-01/im01.cycleTime           42.4 s                  Good                0.5s     当前周期
   IM-01/im01.goodParts           4                       Good                0.5s     合格品数
   IM-01/im01.rejectParts         0                       Good                0.5s     次品数
   IM-01/im01.barrel1Temp         192.6 ℃                 Good                0.5s     料筒1段温
   IM-01/im01.moldTemp            84.5 ℃                  Good                0.5s     模具温度
   IM-01/im01.oilTemp             44.1 ℃                  Good                0.5s     液压油温
   IM-01/im01.injectPressure      0 bar                   Good                0.5s     射胶压力
   IM-01/im01.energyTotal         1.028 kWh               Good                0.5s     累计能耗
   IM-01/im01.moldTempDev         -0.5 ℃                  Good                0.0s     模温偏差(计算点)
   IM-01/im01.faultAlarm          False                   Good                0.5s     注塑机报警位
   GW-LINE-B/mtc01.actualTemp     99.4 ℃                  Good                0.5s     模温机温度
   GW-LINE-B/mtc01.pumpFlow       26 L/min                Good                0.5s     模温机流量
   GW-LINE-B/dry01.dryTemp        79.4 ℃                  Good                0.5s     干燥温度
   GW-LINE-B/dry01.dewPoint       -34.9 ℃                 Good                0.5s     露点
   GW-LINE-B/dry01.materialLevel  38 %                    Good                0.5s     料位
   GW-LINE-B/rob01.cycleTime      2.9 s                   Good                0.5s     机械手节拍时间
   GW-LINE-B/rob01.totalPicks     13                      Good                0.5s     累计取件
   EM-01/em01.activePower         118 kW                  Good                0.5s     总有功功率
   EM-01/em01.powerFactor         0.886                   Good                0.5s     功率因数
   EM-01/em01.totalEnergy         1280.62 kWh             Good                0.5s     累计电能
   ENV-01/env01.roomTemp          23.9 ℃                  Good                0.5s     车间温度
   ENV-01/env01.humidity          54 %RH                  Good                0.5s     湿度
   ENV-01/env01.co2               450 ppm                 Good                0.5s     CO2
   ENV-01/env01.highTempAlarm     False                   Good                0.5s     高温报警位
   ENV-01/env01.plantLoad         47.2 %                  Good                0.0s     车间负载率(计算点)
  ── 激活报警：无
  事件计数：值 5383  错误 0  写 13  （明细见 CSV）
══════════════════════════════════════════════════════════════════════════════════════════
  屏 #70   T+140.6s   本地时间 23:46:49   质量非 Good 或超过 5s 未刷新会标 !! / ~
══════════════════════════════════════════════════════════════════════════════════════════
  点位                                值                       质量                  年龄       说明
   IM-01/im01.stage               待机                      Good                0.5s     注塑阶段
   IM-01/im01.statusWord          1                       Good                0.5s     状态字
   IM-01/im01.cycleTime           42.4 s                  Good                0.5s     当前周期
   IM-01/im01.goodParts           4                       Good                0.5s     合格品数
   IM-01/im01.rejectParts         0                       Good                0.5s     次品数
   IM-01/im01.barrel1Temp         192.6 ℃                 Good                0.5s     料筒1段温
   IM-01/im01.moldTemp            84.6 ℃                  Good                0.5s     模具温度
   IM-01/im01.oilTemp             44.6 ℃                  Good                0.5s     液压油温
   IM-01/im01.injectPressure      0 bar                   Good                0.5s     射胶压力
   IM-01/im01.energyTotal         1.030 kWh               Good                0.5s     累计能耗
   IM-01/im01.moldTempDev         -0.4 ℃                  Good                0.0s     模温偏差(计算点)
   IM-01/im01.faultAlarm          False                   Good                0.5s     注塑机报警位
   GW-LINE-B/mtc01.actualTemp     99.4 ℃                  Good                0.5s     模温机温度
   GW-LINE-B/mtc01.pumpFlow       24 L/min                Good                0.5s     模温机流量
   GW-LINE-B/dry01.dryTemp        79.4 ℃                  Good                0.5s     干燥温度
   GW-LINE-B/dry01.dewPoint       -34.6 ℃                 Good                0.5s     露点
   GW-LINE-B/dry01.materialLevel  38 %                    Good                0.5s     料位
   GW-LINE-B/rob01.cycleTime      3.1 s                   Good                0.5s     机械手节拍时间
   GW-LINE-B/rob01.totalPicks     13                      Good                0.5s     累计取件
   EM-01/em01.activePower         96 kW                   Good                0.5s     总有功功率
   EM-01/em01.powerFactor         0.935                   Good                0.5s     功率因数
   EM-01/em01.totalEnergy         1286.79 kWh             Good                0.5s     累计电能
   ENV-01/env01.roomTemp          23.9 ℃                  Good                0.5s     车间温度
   ENV-01/env01.humidity          54 %RH                  Good                0.5s     湿度
   ENV-01/env01.co2               450 ppm                 Good                0.5s     CO2
   ENV-01/env01.highTempAlarm     False                   Good                0.5s     高温报警位
   ENV-01/env01.plantLoad         38.4 %                  Good                0.0s     车间负载率(计算点)
  ── 激活报警：无
  事件计数：值 5465  错误 0  写 13  （明细见 CSV）
══════════════════════════════════════════════════════════════════════════════════════════
  屏 #71   T+142.6s   本地时间 23:46:51   质量非 Good 或超过 5s 未刷新会标 !! / ~
══════════════════════════════════════════════════════════════════════════════════════════
  点位                                值                       质量                  年龄       说明
   IM-01/im01.stage               待机                      Good                0.5s     注塑阶段
   IM-01/im01.statusWord          1                       Good                0.5s     状态字
   IM-01/im01.cycleTime           42.4 s                  Good                0.5s     当前周期
   IM-01/im01.goodParts           4                       Good                0.5s     合格品数
   IM-01/im01.rejectParts         0                       Good                0.5s     次品数
   IM-01/im01.barrel1Temp         192.6 ℃                 Good                0.5s     料筒1段温
   IM-01/im01.moldTemp            84.5 ℃                  Good                0.5s     模具温度
   IM-01/im01.oilTemp             44.8 ℃                  Good                0.5s     液压油温
   IM-01/im01.injectPressure      0 bar                   Good                0.5s     射胶压力
   IM-01/im01.energyTotal         1.032 kWh               Good                0.5s     累计能耗
   IM-01/im01.moldTempDev         -0.5 ℃                  Good                0.0s     模温偏差(计算点)
   IM-01/im01.faultAlarm          False                   Good                0.5s     注塑机报警位
   GW-LINE-B/mtc01.actualTemp     99.6 ℃                  Good                0.5s     模温机温度
   GW-LINE-B/mtc01.pumpFlow       20 L/min                Good                0.5s     模温机流量
   GW-LINE-B/dry01.dryTemp        79.4 ℃                  Good                0.5s     干燥温度
   GW-LINE-B/dry01.dewPoint       -33.5 ℃                 Good                0.5s     露点
   GW-LINE-B/dry01.materialLevel  37 %                    Good                0.5s     料位
   GW-LINE-B/rob01.cycleTime      2.9 s                   Good                0.5s     机械手节拍时间
   GW-LINE-B/rob01.totalPicks     13                      Good                0.5s     累计取件
   EM-01/em01.activePower         116 kW                  Good                0.5s     总有功功率
   EM-01/em01.powerFactor         0.928                   Good                0.5s     功率因数
   EM-01/em01.totalEnergy         1293.04 kWh             Good                0.5s     累计电能
   ENV-01/env01.roomTemp          23.9 ℃                  Good                0.5s     车间温度
   ENV-01/env01.humidity          53 %RH                  Good                0.5s     湿度
   ENV-01/env01.co2               450 ppm                 Good                0.5s     CO2
   ENV-01/env01.highTempAlarm     False                   Good                0.5s     高温报警位
   ENV-01/env01.plantLoad         46.4 %                  Good                0.0s     车间负载率(计算点)
  ── 激活报警：无
  事件计数：值 5542  错误 0  写 13  （明细见 CSV）
══════════════════════════════════════════════════════════════════════════════════════════
  屏 #72   T+144.6s   本地时间 23:46:53   质量非 Good 或超过 5s 未刷新会标 !! / ~
══════════════════════════════════════════════════════════════════════════════════════════
  点位                                值                       质量                  年龄       说明
   IM-01/im01.stage               待机                      Good                0.5s     注塑阶段
   IM-01/im01.statusWord          1                       Good                0.5s     状态字
   IM-01/im01.cycleTime           42.4 s                  Good                0.5s     当前周期
   IM-01/im01.goodParts           4                       Good                0.5s     合格品数
   IM-01/im01.rejectParts         0                       Good                0.5s     次品数
   IM-01/im01.barrel1Temp         192.6 ℃                 Good                0.5s     料筒1段温
   IM-01/im01.moldTemp            84.5 ℃                  Good                0.5s     模具温度
   IM-01/im01.oilTemp             44.5 ℃                  Good                0.5s     液压油温
   IM-01/im01.injectPressure      0 bar                   Good                0.5s     射胶压力
   IM-01/im01.energyTotal         1.033 kWh               Good                0.5s     累计能耗
   IM-01/im01.moldTempDev         -0.5 ℃                  Good                0.0s     模温偏差(计算点)
   IM-01/im01.faultAlarm          False                   Good                0.5s     注塑机报警位
   GW-LINE-B/mtc01.actualTemp     99.6 ℃                  Good                0.5s     模温机温度
   GW-LINE-B/mtc01.pumpFlow       37 L/min                Good                0.5s     模温机流量
   GW-LINE-B/dry01.dryTemp        79.4 ℃                  Good                0.5s     干燥温度
   GW-LINE-B/dry01.dewPoint       -34.4 ℃                 Good                0.5s     露点
   GW-LINE-B/dry01.materialLevel  36 %                    Good                0.5s     料位
   GW-LINE-B/rob01.cycleTime      2.7 s                   Good                0.5s     机械手节拍时间
   GW-LINE-B/rob01.totalPicks     13                      Good                0.5s     累计取件
   EM-01/em01.activePower         116 kW                  Good                0.5s     总有功功率
   EM-01/em01.powerFactor         0.921                   Good                0.5s     功率因数
   EM-01/em01.totalEnergy         1299.29 kWh             Good                0.5s     累计电能
   ENV-01/env01.roomTemp          24.0 ℃                  Good                0.5s     车间温度
   ENV-01/env01.humidity          53 %RH                  Good                0.5s     湿度
   ENV-01/env01.co2               450 ppm                 Good                0.5s     CO2
   ENV-01/env01.highTempAlarm     False                   Good                0.5s     高温报警位
   ENV-01/env01.plantLoad         46.4 %                  Good                0.0s     车间负载率(计算点)
  ── 激活报警：无
  事件计数：值 5613  错误 0  写 13  （明细见 CSV）
══════════════════════════════════════════════════════════════════════════════════════════
  屏 #73   T+146.6s   本地时间 23:46:55   质量非 Good 或超过 5s 未刷新会标 !! / ~
══════════════════════════════════════════════════════════════════════════════════════════
  点位                                值                       质量                  年龄       说明
   IM-01/im01.stage               待机                      Good                0.5s     注塑阶段
   IM-01/im01.statusWord          1                       Good                0.5s     状态字
   IM-01/im01.cycleTime           42.4 s                  Good                0.5s     当前周期
   IM-01/im01.goodParts           4                       Good                0.5s     合格品数
   IM-01/im01.rejectParts         0                       Good                0.5s     次品数
   IM-01/im01.barrel1Temp         192.6 ℃                 Good                0.5s     料筒1段温
   IM-01/im01.moldTemp            84.5 ℃                  Good                0.5s     模具温度
   IM-01/im01.oilTemp             44.4 ℃                  Good                0.5s     液压油温
   IM-01/im01.injectPressure      0 bar                   Good                0.5s     射胶压力
   IM-01/im01.energyTotal         1.035 kWh               Good                0.5s     累计能耗
   IM-01/im01.moldTempDev         -0.5 ℃                  Good                0.0s     模温偏差(计算点)
   IM-01/im01.faultAlarm          False                   Good                0.5s     注塑机报警位
   GW-LINE-B/mtc01.actualTemp     99.3 ℃                  Good                0.5s     模温机温度
   GW-LINE-B/mtc01.pumpFlow       35 L/min                Good                0.5s     模温机流量
   GW-LINE-B/dry01.dryTemp        79.4 ℃                  Good                0.5s     干燥温度
   GW-LINE-B/dry01.dewPoint       -34.3 ℃                 Good                0.5s     露点
   GW-LINE-B/dry01.materialLevel  36 %                    Good                0.5s     料位
   GW-LINE-B/rob01.cycleTime      2.9 s                   Good                0.5s     机械手节拍时间
   GW-LINE-B/rob01.totalPicks     14                      Good                0.5s     累计取件
   EM-01/em01.activePower         113 kW                  Good                0.5s     总有功功率
   EM-01/em01.powerFactor         0.914                   Good                0.5s     功率因数
   EM-01/em01.totalEnergy         1305.43 kWh             Good                0.5s     累计电能
   ENV-01/env01.roomTemp          24.0 ℃                  Good                0.5s     车间温度
   ENV-01/env01.humidity          55 %RH                  Good                0.5s     湿度
   ENV-01/env01.co2               450 ppm                 Good                0.5s     CO2
   ENV-01/env01.highTempAlarm     False                   Good                0.5s     高温报警位
   ENV-01/env01.plantLoad         45.2 %                  Good                0.0s     车间负载率(计算点)
  ── 激活报警：无
  事件计数：值 5697  错误 0  写 13  （明细见 CSV）
══════════════════════════════════════════════════════════════════════════════════════════
  屏 #74   T+148.6s   本地时间 23:46:57   质量非 Good 或超过 5s 未刷新会标 !! / ~
══════════════════════════════════════════════════════════════════════════════════════════
  点位                                值                       质量                  年龄       说明
   IM-01/im01.stage               待机                      Good                0.5s     注塑阶段
   IM-01/im01.statusWord          1                       Good                0.5s     状态字
   IM-01/im01.cycleTime           42.4 s                  Good                0.5s     当前周期
   IM-01/im01.goodParts           4                       Good                0.5s     合格品数
   IM-01/im01.rejectParts         0                       Good                0.5s     次品数
   IM-01/im01.barrel1Temp         192.6 ℃                 Good                0.5s     料筒1段温
   IM-01/im01.moldTemp            84.5 ℃                  Good                0.5s     模具温度
   IM-01/im01.oilTemp             44.7 ℃                  Good                0.5s     液压油温
   IM-01/im01.injectPressure      0 bar                   Good                0.5s     射胶压力
   IM-01/im01.energyTotal         1.037 kWh               Good                0.5s     累计能耗
   IM-01/im01.moldTempDev         -0.5 ℃                  Good                0.0s     模温偏差(计算点)
   IM-01/im01.faultAlarm          False                   Good                0.5s     注塑机报警位
   GW-LINE-B/mtc01.actualTemp     99.3 ℃                  Good                0.5s     模温机温度
   GW-LINE-B/mtc01.pumpFlow       25 L/min                Good                0.5s     模温机流量
   GW-LINE-B/dry01.dryTemp        79.4 ℃                  Good                0.5s     干燥温度
   GW-LINE-B/dry01.dewPoint       -34.5 ℃                 Good                0.5s     露点
   GW-LINE-B/dry01.materialLevel  35 %                    Good                0.5s     料位
   GW-LINE-B/rob01.cycleTime      2.9 s                   Good                0.5s     机械手节拍时间
   GW-LINE-B/rob01.totalPicks     14                      Good                0.5s     累计取件
   EM-01/em01.activePower         115 kW                  Good                0.5s     总有功功率
   EM-01/em01.powerFactor         0.945                   Good                0.5s     功率因数
   EM-01/em01.totalEnergy         1311.61 kWh             Good                0.5s     累计电能
   ENV-01/env01.roomTemp          24.2 ℃                  Good                0.5s     车间温度
   ENV-01/env01.humidity          54 %RH                  Good                0.5s     湿度
   ENV-01/env01.co2               450 ppm                 Good                0.5s     CO2
   ENV-01/env01.highTempAlarm     False                   Good                0.5s     高温报警位
   ENV-01/env01.plantLoad         46.0 %                  Good                0.0s     车间负载率(计算点)
  ── 激活报警：无
  事件计数：值 5767  错误 0  写 13  （明细见 CSV）
[23:46:59] [资源] T+150.1s  线程 17  句柄 405  GC 后托管堆 1.81 MB
══════════════════════════════════════════════════════════════════════════════════════════
  屏 #75   T+150.6s   本地时间 23:46:59   质量非 Good 或超过 5s 未刷新会标 !! / ~
══════════════════════════════════════════════════════════════════════════════════════════
  点位                                值                       质量                  年龄       说明
   IM-01/im01.stage               待机                      Good                0.5s     注塑阶段
   IM-01/im01.statusWord          1                       Good                0.5s     状态字
   IM-01/im01.cycleTime           42.4 s                  Good                0.5s     当前周期
   IM-01/im01.goodParts           4                       Good                0.5s     合格品数
   IM-01/im01.rejectParts         0                       Good                0.5s     次品数
   IM-01/im01.barrel1Temp         192.6 ℃                 Good                0.6s     料筒1段温
   IM-01/im01.moldTemp            84.6 ℃                  Good                0.6s     模具温度
   IM-01/im01.oilTemp             44.5 ℃                  Good                0.6s     液压油温
   IM-01/im01.injectPressure      0 bar                   Good                0.6s     射胶压力
   IM-01/im01.energyTotal         1.038 kWh               Good                0.6s     累计能耗
   IM-01/im01.moldTempDev         -0.4 ℃                  Good                0.0s     模温偏差(计算点)
   IM-01/im01.faultAlarm          False                   Good                0.5s     注塑机报警位
   GW-LINE-B/mtc01.actualTemp     99.2 ℃                  Good                0.5s     模温机温度
   GW-LINE-B/mtc01.pumpFlow       35 L/min                Good                0.5s     模温机流量
   GW-LINE-B/dry01.dryTemp        79.4 ℃                  Good                0.5s     干燥温度
   GW-LINE-B/dry01.dewPoint       -34.1 ℃                 Good                0.5s     露点
   GW-LINE-B/dry01.materialLevel  35 %                    Good                0.5s     料位
   GW-LINE-B/rob01.cycleTime      3.0 s                   Good                0.5s     机械手节拍时间
   GW-LINE-B/rob01.totalPicks     14                      Good                0.5s     累计取件
   EM-01/em01.activePower         121 kW                  Good                0.5s     总有功功率
   EM-01/em01.powerFactor         0.934                   Good                0.5s     功率因数
   EM-01/em01.totalEnergy         1317.76 kWh             Good                0.5s     累计电能
   ENV-01/env01.roomTemp          24.2 ℃                  Good                0.5s     车间温度
   ENV-01/env01.humidity          53 %RH                  Good                0.5s     湿度
   ENV-01/env01.co2               450 ppm                 Good                0.5s     CO2
   ENV-01/env01.highTempAlarm     False                   Good                0.5s     高温报警位
   ENV-01/env01.plantLoad         48.4 %                  Good                0.0s     车间负载率(计算点)
  ── 激活报警：无
  事件计数：值 5842  错误 0  写 13  （明细见 CSV）
══════════════════════════════════════════════════════════════════════════════════════════
  屏 #76   T+152.6s   本地时间 23:47:01   质量非 Good 或超过 5s 未刷新会标 !! / ~
══════════════════════════════════════════════════════════════════════════════════════════
  点位                                值                       质量                  年龄       说明
   IM-01/im01.stage               待机                      Good                0.0s     注塑阶段
   IM-01/im01.statusWord          1                       Good                0.0s     状态字
   IM-01/im01.cycleTime           42.4 s                  Good                0.0s     当前周期
   IM-01/im01.goodParts           4                       Good                0.0s     合格品数
   IM-01/im01.rejectParts         0                       Good                0.0s     次品数
   IM-01/im01.barrel1Temp         192.6 ℃                 Good                0.6s     料筒1段温
   IM-01/im01.moldTemp            84.5 ℃                  Good                0.6s     模具温度
   IM-01/im01.oilTemp             44.7 ℃                  Good                0.6s     液压油温
   IM-01/im01.injectPressure      0 bar                   Good                0.6s     射胶压力
   IM-01/im01.energyTotal         1.040 kWh               Good                0.6s     累计能耗
   IM-01/im01.moldTempDev         -0.5 ℃                  Good                0.0s     模温偏差(计算点)
   IM-01/im01.faultAlarm          False                   Good                0.0s     注塑机报警位
   GW-LINE-B/mtc01.actualTemp     99.2 ℃                  Good                0.5s     模温机温度
   GW-LINE-B/mtc01.pumpFlow       37 L/min                Good                0.5s     模温机流量
   GW-LINE-B/dry01.dryTemp        79.4 ℃                  Good                0.5s     干燥温度
   GW-LINE-B/dry01.dewPoint       -34.5 ℃                 Good                0.5s     露点
   GW-LINE-B/dry01.materialLevel  34 %                    Good                0.5s     料位
   GW-LINE-B/rob01.cycleTime      2.7 s                   Good                0.5s     机械手节拍时间
   GW-LINE-B/rob01.totalPicks     14                      Good                0.5s     累计取件
   EM-01/em01.activePower         114 kW                  Good                0.6s     总有功功率
   EM-01/em01.powerFactor         0.883                   Good                0.6s     功率因数
   EM-01/em01.totalEnergy         1323.93 kWh             Good                0.6s     累计电能
   ENV-01/env01.roomTemp          24.1 ℃                  Good                0.5s     车间温度
   ENV-01/env01.humidity          53 %RH                  Good                0.5s     湿度
   ENV-01/env01.co2               450 ppm                 Good                0.5s     CO2
   ENV-01/env01.highTempAlarm     False                   Good                0.5s     高温报警位
   ENV-01/env01.plantLoad         45.6 %                  Good                0.0s     车间负载率(计算点)
  ── 激活报警：无
  事件计数：值 5915  错误 0  写 13  （明细见 CSV）
══════════════════════════════════════════════════════════════════════════════════════════
  屏 #77   T+154.6s   本地时间 23:47:03   质量非 Good 或超过 5s 未刷新会标 !! / ~
══════════════════════════════════════════════════════════════════════════════════════════
  点位                                值                       质量                  年龄       说明
   IM-01/im01.stage               待机                      Good                0.0s     注塑阶段
   IM-01/im01.statusWord          1                       Good                0.0s     状态字
   IM-01/im01.cycleTime           42.4 s                  Good                0.0s     当前周期
   IM-01/im01.goodParts           4                       Good                0.0s     合格品数
   IM-01/im01.rejectParts         0                       Good                0.0s     次品数
   IM-01/im01.barrel1Temp         192.6 ℃                 Good                0.6s     料筒1段温
   IM-01/im01.moldTemp            84.6 ℃                  Good                0.6s     模具温度
   IM-01/im01.oilTemp             44.3 ℃                  Good                0.6s     液压油温
   IM-01/im01.injectPressure      0 bar                   Good                0.6s     射胶压力
   IM-01/im01.energyTotal         1.042 kWh               Good                0.6s     累计能耗
   IM-01/im01.moldTempDev         -0.4 ℃                  Good                0.0s     模温偏差(计算点)
   IM-01/im01.faultAlarm          False                   Good                0.0s     注塑机报警位
   GW-LINE-B/mtc01.actualTemp     99.4 ℃                  Good                0.6s     模温机温度
   GW-LINE-B/mtc01.pumpFlow       29 L/min                Good                0.6s     模温机流量
   GW-LINE-B/dry01.dryTemp        79.4 ℃                  Good                0.5s     干燥温度
   GW-LINE-B/dry01.dewPoint       -34.0 ℃                 Good                0.5s     露点
   GW-LINE-B/dry01.materialLevel  33 %                    Good                0.5s     料位
   GW-LINE-B/rob01.cycleTime      2.8 s                   Good                0.5s     机械手节拍时间
   GW-LINE-B/rob01.totalPicks     14                      Good                0.5s     累计取件
   EM-01/em01.activePower         100 kW                  Good                0.6s     总有功功率
   EM-01/em01.powerFactor         0.873                   Good                0.6s     功率因数
   EM-01/em01.totalEnergy         1330.22 kWh             Good                0.6s     累计电能
   ENV-01/env01.roomTemp          24.2 ℃                  Good                0.6s     车间温度
   ENV-01/env01.humidity          55 %RH                  Good                0.6s     湿度
   ENV-01/env01.co2               450 ppm                 Good                0.6s     CO2
   ENV-01/env01.highTempAlarm     False                   Good                0.6s     高温报警位
   ENV-01/env01.plantLoad         40.0 %                  Good                0.0s     车间负载率(计算点)
  ── 激活报警：无
  事件计数：值 5984  错误 0  写 13  （明细见 CSV）
══════════════════════════════════════════════════════════════════════════════════════════
  屏 #78   T+156.7s   本地时间 23:47:05   质量非 Good 或超过 5s 未刷新会标 !! / ~
══════════════════════════════════════════════════════════════════════════════════════════
  点位                                值                       质量                  年龄       说明
   IM-01/im01.stage               待机                      Good                0.0s     注塑阶段
   IM-01/im01.statusWord          1                       Good                0.0s     状态字
   IM-01/im01.cycleTime           42.4 s                  Good                0.0s     当前周期
   IM-01/im01.goodParts           4                       Good                0.0s     合格品数
   IM-01/im01.rejectParts         0                       Good                0.0s     次品数
   IM-01/im01.barrel1Temp         192.6 ℃                 Good                0.6s     料筒1段温
   IM-01/im01.moldTemp            84.6 ℃                  Good                0.6s     模具温度
   IM-01/im01.oilTemp             44.3 ℃                  Good                0.6s     液压油温
   IM-01/im01.injectPressure      0 bar                   Good                0.6s     射胶压力
   IM-01/im01.energyTotal         1.043 kWh               Good                0.6s     累计能耗
   IM-01/im01.moldTempDev         -0.4 ℃                  Good                0.0s     模温偏差(计算点)
   IM-01/im01.faultAlarm          False                   Good                0.0s     注塑机报警位
   GW-LINE-B/mtc01.actualTemp     99.3 ℃                  Good                0.6s     模温机温度
   GW-LINE-B/mtc01.pumpFlow       32 L/min                Good                0.6s     模温机流量
   GW-LINE-B/dry01.dryTemp        79.4 ℃                  Good                0.6s     干燥温度
   GW-LINE-B/dry01.dewPoint       -35.1 ℃                 Good                0.6s     露点
   GW-LINE-B/dry01.materialLevel  33 %                    Good                0.6s     料位
   GW-LINE-B/rob01.cycleTime      3.2 s                   Good                0.5s     机械手节拍时间
   GW-LINE-B/rob01.totalPicks     14                      Good                0.5s     累计取件
   EM-01/em01.activePower         110 kW                  Good                0.6s     总有功功率
   EM-01/em01.powerFactor         0.909                   Good                0.6s     功率因数
   EM-01/em01.totalEnergy         1336.41 kWh             Good                0.6s     累计电能
   ENV-01/env01.roomTemp          24.2 ℃                  Good                0.6s     车间温度
   ENV-01/env01.humidity          56 %RH                  Good                0.6s     湿度
   ENV-01/env01.co2               450 ppm                 Good                0.6s     CO2
   ENV-01/env01.highTempAlarm     False                   Good                0.6s     高温报警位
   ENV-01/env01.plantLoad         44.0 %                  Good                0.0s     车间负载率(计算点)
  ── 激活报警：无
  事件计数：值 6062  错误 0  写 13  （明细见 CSV）
══════════════════════════════════════════════════════════════════════════════════════════
  屏 #79   T+158.7s   本地时间 23:47:07   质量非 Good 或超过 5s 未刷新会标 !! / ~
══════════════════════════════════════════════════════════════════════════════════════════
  点位                                值                       质量                  年龄       说明
   IM-01/im01.stage               待机                      Good                0.0s     注塑阶段
   IM-01/im01.statusWord          1                       Good                0.0s     状态字
   IM-01/im01.cycleTime           42.4 s                  Good                0.0s     当前周期
   IM-01/im01.goodParts           4                       Good                0.0s     合格品数
   IM-01/im01.rejectParts         0                       Good                0.0s     次品数
   IM-01/im01.barrel1Temp         192.6 ℃                 Good                0.6s     料筒1段温
   IM-01/im01.moldTemp            84.6 ℃                  Good                0.6s     模具温度
   IM-01/im01.oilTemp             44.9 ℃                  Good                0.6s     液压油温
   IM-01/im01.injectPressure      0 bar                   Good                0.6s     射胶压力
   IM-01/im01.energyTotal         1.045 kWh               Good                0.6s     累计能耗
   IM-01/im01.moldTempDev         -0.4 ℃                  Good                0.0s     模温偏差(计算点)
   IM-01/im01.faultAlarm          False                   Good                0.0s     注塑机报警位
   GW-LINE-B/mtc01.actualTemp     99.3 ℃                  Good                0.6s     模温机温度
   GW-LINE-B/mtc01.pumpFlow       25 L/min                Good                0.6s     模温机流量
   GW-LINE-B/dry01.dryTemp        79.4 ℃                  Good                0.6s     干燥温度
   GW-LINE-B/dry01.dewPoint       -35.3 ℃                 Good                0.6s     露点
   GW-LINE-B/dry01.materialLevel  32 %                    Good                0.6s     料位
   GW-LINE-B/rob01.cycleTime      3.2 s                   Good                0.6s     机械手节拍时间
   GW-LINE-B/rob01.totalPicks     14                      Good                0.6s     累计取件
   EM-01/em01.activePower         106 kW                  Good                0.6s     总有功功率
   EM-01/em01.powerFactor         0.901                   Good                0.6s     功率因数
   EM-01/em01.totalEnergy         1342.39 kWh             Good                0.6s     累计电能
   ENV-01/env01.roomTemp          24.2 ℃                  Good                0.6s     车间温度
   ENV-01/env01.humidity          54 %RH                  Good                0.6s     湿度
   ENV-01/env01.co2               450 ppm                 Good                0.6s     CO2
   ENV-01/env01.highTempAlarm     False                   Good                0.6s     高温报警位
   ENV-01/env01.plantLoad         42.4 %                  Good                0.0s     车间负载率(计算点)
  ── 激活报警：无
  事件计数：值 6129  错误 0  写 13  （明细见 CSV）

[23:47:09] 停机：达到 --duration，正在优雅停止（先停操作脚本，再停引擎轮询）…
╔══════════════════════════════════════════════════════════════════════════════════════╗
║ 运行汇总（退出原因：达到 --duration                                                     ）║
╚══════════════════════════════════════════════════════════════════════════════════════╝
  配置     : D:\IT\SuperModbus\SuperSampler\samples\InjectionLineMonitor\line.xml
  操作脚本 : ops.txt
  运行时长 : 160.2s

── 宿主操作动作（脚本侧统计）───────────────────────────────────────────────
  普通写 12 次  点动写 1 次  报警确认 2 次（其中 NotPending 0）  查看 4 次
  VerifyMismatch 次数：0（写成功但回读值与写入值不同的次数；框架不自动重试，须人工判断）  宿主侧动作异常 0 次

── 事件计数 ────────────────────────────────────────────────────────────────
  值变化事件 : 6213（Good 6213 / Uncertain 0 / Bad 0 / Offline 0）
  报警事件   : 激活 2  清除 2  确认 2（结束时仍在激活：无）
  写审计事件 : 13（Succeeded 10 / Failed 1 / Indeterminate 0 / Rejected 2）
  错误事件   : 0（无）
  错误码     : 无
  事件总线 : 发出 6232  丢弃 0  订阅者异常 0  活跃订阅 6
             · 值变化 PointValueChanged              投递 6213 丢弃 0 异常 0
             · 报警激活 AlarmRaised                   投递 2 丢弃 0 异常 0
             · 报警清除 AlarmCleared                  投递 2 丢弃 0 异常 0
             · 报警确认 AlarmAcknowledged             投递 2 丢弃 0 异常 0
             · 写审计 PointWritten                   投递 13 丢弃 0 异常 0
             · 错误族 IErrorEvent（基接口）               投递 0 丢弃 0 异常 0

── 质量分布（每显示周期采样一次，全部点位）──────────────────────────────────
  全部点位合计：采样 11455 点次  Good 100.0%  Uncertain 0.0%  Bad 0.0%  Offline 0.0%
  运行期间所有点位始终 Good

── 质量跃迁（断线/恢复证据，共 0 条）────────────
  运行期间无质量跃迁

── 报警三态流水（共 6 条）──────────────────────────────
  T+40.1s RAISED   env.highTemp @ENV-01/env01.roomTemp type=high limit=27 value=27.4 priority=High msg=车间温度超过上限（27.0 ℃）
  T+45.0s ACKED    env.highTemp @ENV-01/env01.roomTemp by op01
  T+70.1s RAISED   im.fault @IM-01/im01.faultAlarm type=digital limit= value=True priority=Critical msg=注塑机报警：设备报警位置位
  T+80.1s CLEARED  im.fault @IM-01/im01.faultAlarm type=digital
  T+85.0s ACKED    im.fault @IM-01/im01.faultAlarm by op01
  T+93.1s CLEARED  env.highTemp @ENV-01/env01.roomTemp type=high
  结束时仍在激活：无

── 进程资源（每 30s 采样，长稳判据）────────────────────────────────────────
  时间     运行(s)  线程  句柄   GC后托管堆   值事件   错误事件
  23:44:29     0.0    18   339     1.71 MB        0         0
  23:44:59    30.1    25   423     1.81 MB     1287         0
  23:45:29    60.1    24   416     1.81 MB     2446         0
  23:45:59    90.1    24   416     1.82 MB     3579         0
  23:46:29   120.1    22   415     1.81 MB     4708         0
  23:46:59   150.1    17   405     1.81 MB     5841         0
  首末差：线程 -1  句柄 +66  托管堆 +0.11 MB

── 落盘文件 ────────────────────────────────────────────────────────────────
  values.csv    值变化事件（每点每次变化一行）
  alarms.csv    报警三态（Raised/Cleared/Acknowledged）
  writes.csv    写审计事件（框架发出，含四态）
  errors.csv    错误族事件（含分类/错误码/结构化上下文）
  ops.csv       宿主操作脚本结果（含 WriteResult 的 VerifyMismatch 与 Readback）
  resources.csv 每 30s 的进程资源采样

